set,family,n_genes,n_dropped,ic_raw,ic_corrected,null_raw,null_corrected,p_raw,p_corrected,q_raw,q_corrected,pass_raw,pass_corrected
complex|Multisubunit ACTR coactivator complex (human),complex,4,0,0.3068580542264752,0.6407289067543731,0.04737182729551148,0.10106740341795792,0.03948025987006497,0.041979010494752625,0.1137316223996185,0.11367719008813716,False,False
complex|NCOR complex (human),complex,5,0,-0.03653451811346549,-0.10205300748972963,0.06397835611756664,0.1404729443733391,0.8585707146426786,0.8780609695152424,0.9010871017245293,0.9155284305638346,False,False
complex|9S-cytosolic aryl hydrocarbon (Ah) receptor non-ligand activated complex (mouse),complex,3,0,-0.21191615402141714,-0.42527679996702794,0.029665094554568238,0.06083033458781649,0.9685157421289355,0.9425287356321839,0.9746158897295538,0.9582144806206784,False,False
complex|PA700 complex (human),complex,18,0,0.25428544623591065,0.7777338852787231,0.045002489735926264,0.10005915424568736,0.0004997501249375312,0.0004997501249375312,0.003264091224827838,0.003233585699362157,True,True
complex|AP1 adaptor complex (human),complex,5,0,0.010806561859193398,-0.020110164066273927,0.04612268284347232,0.10421887913489652,0.6071964017991005,0.6811594202898551,0.7169681219651687,0.7686243740236288,False,False
complex|immunoproteasome (mouse),complex,11,0,0.3280519480519481,0.822491820383349,0.051448378176847075,0.11143928093046529,0.0004997501249375312,0.0004997501249375312,0.003264091224827838,0.003233585699362157,True,True
complex|Mi-2/NuRD-MTA2 complex (human),complex,5,0,-0.05652768284347236,-0.1667940645092174,0.02422780929596719,0.052651954918479404,0.8235882058970515,0.88055972013993,0.8772270275118852,0.9172129080895861,False,False
"complex|Gamma-secretase complex (APH1A, PSEN1, PSENEN, NCSTN variant) (human)",complex,4,0,0.5214855320118478,0.8603281560814765,0.057403622693096346,0.1263513081852828,0.0024987506246876563,0.015992003998001,0.013172347836234168,0.05563717303827148,True,False
complex|DNA polymerase alpha-primase complex (mouse),complex,3,0,0.4459557985873775,1.1075329853334586,0.016843791296422876,0.040797886312039185,0.013493253373313344,0.014492753623188406,0.050770810247050394,0.0514554688467732,False,False
complex|CCT complex (chaperonin containing TCP1 complex) (mouse),complex,8,0,0.21114149008885855,0.4882170837967484,0.052971034322820035,0.11724011876918046,0.018490754622688656,0.019490254872563718,0.0641156883995398,0.06466654851487995,False,False
complex|SMRT complex (human),complex,5,0,0.0692617908407382,0.13233597066004413,0.06343534176349966,0.13779889535631332,0.42978510744627685,0.456271864067966,0.5830592215322776,0.5897178977406131,False,False
complex|AP3 adapter complex (human),complex,5,0,-0.022474367737525647,-0.041471975028047135,0.06719932672590567,0.1525952062445285,0.8040979510244878,0.7916041979010495,0.862660869978234,0.8527810783404979,False,False
complex|Interferon-stimulated gene factor 3 transcription complex ISGF3 (human),complex,3,0,0.651834130781499,1.3286022106387843,0.04976293005240374,0.10721391001030134,0.0024987506246876563,0.005497251374312844,0.013172347836234168,0.024449231487040205,True,True
complex|Mi2/NuRD complex (human),complex,7,0,0.1496859030693617,0.3487363678235095,0.03770099274159423,0.07925863628284364,0.06446776611694154,0.05347326336831584,0.16309324022519803,0.13544386343413659,False,False
"complex|Ubiquitin E3 ligase (SKP1A, FBXW8, CUL7, RBX1) (human)",complex,3,0,-0.083025746183641,-0.15010526653384457,0.042955297334244705,0.09873577192025168,0.7616191904047976,0.7401299350324838,0.8316945628132306,0.8176861037566323,False,False
complex|NUMAC complex (nucleosomal methylation activator complex) (human),complex,10,0,0.1868383078909395,0.47176841381934076,0.05927612364243943,0.13167033246483828,0.02148925537231384,0.01199400299850075,0.07152753751329463,0.044966686331924285,False,True
complex|Nup 107-160 subcomplex (human),complex,9,0,0.36971595655806183,1.000427089918384,0.05138818732437152,0.11211795768430613,0.0004997501249375312,0.0004997501249375312,0.003264091224827838,0.003233585699362157,True,True
complex|Ku antigen-NARG1 complex (human),complex,3,0,0.19799498746867158,0.645602497361231,0.061992105263157904,0.13915512813393144,0.20689655172413793,0.10494752623688156,0.3590009506524933,0.21907136883819395,False,False
complex|Anaphase-promoting complex (human),complex,7,0,0.28068547993360016,0.7264688338385767,0.06197998730592714,0.13782949639160644,0.010494752623688156,0.004497751124437781,0.041598475571374624,0.020441639136667987,True,True
complex|Anaphase-promoting complex (mouse),complex,6,0,0.22542720437457284,0.6415655469419808,0.05269627022100705,0.11674931166863192,0.04397801099450275,0.020989505247376312,0.12310286905064988,0.0684383083183683,False,False
complex|p300-MDM2-p53 protein complex (human),complex,3,0,0.040350877192982505,0.1101716814113578,0.06521196172248804,0.14714122523093187,0.5147426286856571,0.4862568715642179,0.6475593214900726,0.6154512627902989,False,False
complex|hNURF complex (human),complex,3,0,0.21421736158578245,0.505513122474631,0.053663533834586476,0.11072396875156951,0.17541229385307347,0.13493253373313344,0.32675455993976105,0.26564442897034896,False,False
complex|RNA polymerase II holoenzyme complex (human),complex,21,0,0.10093447905477977,0.316322785622286,0.04737401474465384,0.10530994789570036,0.06096951524237881,0.010494752623688156,0.15653112874959307,0.04051598735948011,False,True
complex|RNA polymerase II core complex (human),complex,11,0,0.14375318461442863,0.4978893054947414,0.06059009320822717,0.1350159166122606,0.05647176411794103,0.0069965017491254375,0.14922627744651848,0.030148826001936795,False,True
complex|Prefoldin complex (human),complex,4,0,0.48843700159489617,1.1790465499211378,0.08128160742766004,0.18218232986427624,0.004497751124437781,0.005997001499250375,0.02108765030577262,0.026278000240386137,True,True
complex|SNAPc (small nuclear RNA-activating protein) complex (human),complex,3,1,-0.10471633629528365,-0.19524874768636247,0.033448006379585324,0.06635682072320566,0.8010994502748626,0.7551224387806097,0.8607778366378116,0.8289584066317792,False,False
"complex|Polycomb repressive complex 1 (PRC1, hPRC-H) (human)",complex,8,1,0.012384044526901672,0.03373642889191242,0.04430554999511766,0.09761623195508215,0.6476761619190404,0.6271864067966016,0.7502640202486598,0.7285604960383343,False,False
complex|GPR56-CD81-Galphaq/11-Gbeta complex (human),complex,5,0,0.18846206425153786,0.5538264277674823,0.0472944941900205,0.09840435255696298,0.09895052473763119,0.031984007996002,0.22242450203469694,0.09150245813732252,False,False
complex|Lymphotoxin beta receptor complex (human),complex,3,0,0.021143768512189503,0.07221798383303153,0.022885156071998175,0.051182806239210205,0.4522738630684658,0.4362818590704648,0.6017763059533654,0.5746083838233071,False,False
complex|Telosome complex (human),complex,5,0,0.11850991114149005,0.3762003704842501,0.03115358851674641,0.07068006557969944,0.17341329335332334,0.09745127436281859,0.3250716699412027,0.20780933968334106,False,False
"complex|CD147-gamma-secretase complex (APH-1a, PS-1, PEN-2, NCT variant) (human)",complex,5,0,0.42664388243335605,0.7106119687693291,0.056854900888585094,0.12565675390725425,0.001999000499750125,0.012993503248375811,0.010868911094191124,0.047513215223374226,True,True
complex|APP-FE65-LRP complex (human),complex,3,0,-0.15058099794941904,-0.2598141353927583,0.010315265436318067,0.017149996278682272,0.8575712143928036,0.7976011994002998,0.9004931305833432,0.8577424466061543,False,False
complex|Gamma-BAR-AP1 complex (human),complex,6,0,0.015119617224880392,0.01821137803066642,0.025738389154704926,0.0544350142314557,0.4832583708145927,0.5047476261869065,0.6269379364034411,0.629646137892015,False,False
complex|PBAF complex (Polybromo- and BAF containing complex) (human),complex,11,0,0.060642515379357484,0.17462904890168943,0.047650603367923934,0.10596907037175086,0.344327836081959,0.23638180909545228,0.5022253620380821,0.380888299062261,False,False
complex|Retrotranslocation complex (human),complex,3,0,-0.07760309865573034,-0.15129228022588861,0.005515265436318062,0.0076064736905386695,0.6901549225387307,0.6601699150424788,0.7803221415965943,0.7533917107380377,False,False
complex|SWAP complex (mouse),complex,3,0,0.18058783321941219,0.48057015617667176,0.04575342902711324,0.10497574920039164,0.19740129935032483,0.15242378810594703,0.3507292547054103,0.28495428253470023,False,False
complex|Conserved oligomeric Golgi (COG) complex (human),complex,7,0,0.2891221560394493,0.9132992649953791,0.023646374052013145,0.05211750670274942,0.0014992503748125937,0.0004997501249375312,0.008461801707841731,0.003233585699362157,True,True
complex|Cohesin-SA1 complex (human),complex,4,0,0.40267714741398947,1.047446570592915,0.07263076441102755,0.1692195174769039,0.021989005497251374,0.015492253873063468,0.07284077259615807,0.054262076381707956,False,False
complex|Cohesin-SA2 complex (human),complex,4,0,0.43583959899749375,1.621646063069499,0.07012893028024604,0.15564551397806906,0.012993503248375811,0.0004997501249375312,0.049247274173132405,0.003233585699362157,True,True
"complex|Protein-sorting complex (Stam2, Hgs, Eps15) (mouse)",complex,3,0,0.014354066985645897,0.001319709596193282,0.047629756208703584,0.1048811065910613,0.5432283858070964,0.5722138930534733,0.6680197497462045,0.6850076402720829,False,False
complex|MRN complex (MRE11-RAD50-NBN complex) (human),complex,3,0,0.4534745955798587,1.7205511555771589,0.05320079744816588,0.11940079720741748,0.02148925537231384,0.0014992503748125937,0.07152753751329463,0.008194586917067781,False,True
complex|OGT-TRAK1-TRAK2 complex (human),complex,3,0,0.0803599908863067,0.33694287104620574,0.04771175666438825,0.10468930825839586,0.38130934532733635,0.239880059970015,0.5358454061196737,0.38384505744046316,False,False
complex|26S proteasome (human),complex,19,0,0.3399839311196652,0.8379096597042438,0.044552238450991904,0.09834930987149916,0.0004997501249375312,0.0004997501249375312,0.003264091224827838,0.003233585699362157,True,True
complex|Wave-2 complex (human),complex,3,0,-0.1432444748234222,-0.3295254658229954,0.04536517429938483,0.10152354599335633,0.8620689655172413,0.8760619690154923,0.9033891227948084,0.9155284305638346,False,False
complex|Wave-2 complex (Rac-activated) (mouse),complex,4,0,0.07546138072453856,0.11932555178777138,0.034338812941444495,0.07400386101077466,0.32233883058470764,0.3808095952023988,0.48165305836290484,0.5244824677608286,False,False
complex|Wave-2 complex (mouse),complex,3,0,-0.1432444748234222,-0.3295254658229954,0.041004773296878565,0.09280744683681807,0.8615692153923038,0.8700649675162418,0.9033211814082862,0.9117683842236298,False,False
complex|BAF complex (human),complex,12,0,0.10793409142691437,0.27379776594597166,0.04993272178379834,0.1092817241123796,0.10444777611194403,0.06996501749125437,0.22932138581871855,0.16346157629846494,False,False
complex|20S proteasome (human),complex,13,0,0.3882520987784145,0.893210684072655,0.04482451013898381,0.0979069395114852,0.0004997501249375312,0.0004997501249375312,0.003264091224827838,0.003233585699362157,True,True
complex|PA28-20S proteasome (human),complex,15,0,0.3816105198060085,0.9591727843835789,0.04606907203072616,0.09931378841680136,0.0004997501249375312,0.0004997501249375312,0.003264091224827838,0.003233585699362157,True,True
complex|PA700-20S-PA28 complex (human),complex,33,0,0.30591160235298986,0.8477246320399452,0.04394776371455498,0.09668374982172502,0.0004997501249375312,0.0004997501249375312,0.003264091224827838,0.003233585699362157,True,True
complex|PA28gamma-20S proteasome (human),complex,14,0,0.38843262001156736,0.8864928027859327,0.04470059188931368,0.09612460397313283,0.0004997501249375312,0.0004997501249375312,0.003264091224827838,0.003233585699362157,True,True
"complex|Ubiquitin E3 ligase (ASB2, TCEB1, TCEB2, CUL5, RNF7) (human)",complex,4,0,0.008475734791524228,0.07943446859852828,0.07248329346092501,0.15988233040808703,0.6591704147926037,0.5687156421789106,0.7594982996306725,0.682393061123973,False,False
"complex|Ubiquitin E3 ligase (ASB1, TCEB1, TCEB2, CUL5, RNF7) (human)",complex,5,0,0.01583732057416265,0.06406054738207478,0.06653528366370472,0.14489547071755227,0.657671164417791,0.6051974012993503,0.7584580835623276,0.7085653903600623,False,False
"complex|Ubiquitin E3 ligase (ASB6, TCEB1, TCEB2, CUL5, RNF7) (human)",complex,5,0,-0.030088858509911144,-0.059579213711943614,0.06837561517429937,0.15476257388926956,0.84007996001999,0.8200899550224887,0.8888670794505955,0.8748468600830556,False,False
"complex|Ubiquitin E3 ligase (ASB7, TCEB1, TCEB2, CUL5, RNF7) (human)",complex,5,0,0.025003417634996562,0.12061654454364934,0.07292364319890635,0.15993184500175722,0.63968015992004,0.5147426286856571,0.7449040185789458,0.6394261003469557,False,False
"complex|Ubiquitin E3 ligase (ASB12, TCEB1, TCEB2, CUL5, RNF7) (human)",complex,4,0,0.008475734791524228,0.07943446859852828,0.07116739576213257,0.15575669743653434,0.6636681659170415,0.5697151424287856,0.7619893756825291,0.682803433828383,False,False
"complex|Ubiquitin E3 ligase (WSB1, TCEB1, TCEB2, CUL5, RBX1) (human)",complex,5,0,-0.01714285714285717,0.037763680048885015,0.04364897812713602,0.09554395147049749,0.711144427786107,0.55872063968016,0.7915578652260151,0.675291133503016,False,False
complex|CAND1-CUL1-RBX1 complex (human),complex,3,0,0.10097972203235354,0.3703571305821205,0.04366248575985418,0.09476796039676526,0.33383308345827084,0.2028985507246377,0.4917527052076798,0.347419859732129,False,False
complex|CAND1-CUL2-RBX1 complex (human),complex,3,0,0.19209387104123943,0.5287141795057556,0.057254682159945315,0.12949025559868493,0.20839580209895053,0.13343328335832083,0.3603980690753707,0.264700028209391,False,False
complex|CAND1-CUL3-RBX1 complex (human),complex,3,0,0.19801777170198212,0.7537604655252957,0.04540017088174983,0.10098642958080754,0.18140929535232383,0.049475262368815595,0.3322637622987448,0.1281298253616334,False,False
complex|CAND1-CUL4A-RBX1 complex (human),complex,3,0,0.1735930735930736,0.5646750468783462,0.04178005240373662,0.09344225616263319,0.19740129935032483,0.09645177411294353,0.3507292547054103,0.20652611838410692,False,False
complex|CAND1-CUL4B-RBX1 complex (human),complex,3,0,0.2518569150148096,0.7586314119988051,0.04598921166552746,0.10193934923787795,0.1184407796101949,0.057971014492753624,0.24898937171090568,0.1435110811697846,False,False
"complex|Ubiquitin E3 ligase (SKP1A, BTRC, CUL1) (human)",complex,3,0,-0.04012303485987697,-0.01962879915731645,0.04505085440874915,0.0966842582543891,0.6691654172913544,0.5857071464267866,0.7650685108490859,0.6935654179751628,False,False
complex|NAT complex (human),complex,6,0,0.3241695146958305,0.6675702382531178,0.07201280929596718,0.16029171408523968,0.0079960019990005,0.01899050474762619,0.034032164245745976,0.0634136308051762,True,False
complex|Mediator complex (human),complex,27,0,0.0628015259594207,0.14358976670612278,0.043222182593235216,0.09606874969121887,0.21489255372313842,0.2028985507246377,0.3676538995741009,0.347419859732129,False,False
complex|ARC complex (human),complex,17,0,0.11335842949620038,0.2448299452231062,0.04425000326685697,0.0970549288822778,0.04397801099450275,0.05697151424287856,0.12310286905064988,0.141712377344262,False,False
complex|HuCHRAC complex (human),complex,3,1,0.06580086580086575,0.1477416969473276,0.0564643654591023,0.12928405569786705,0.43428285857071464,0.43478260869565216,0.5876257311083872,0.5729971308761863,False,False
complex|SWI-SNF chromatin remodeling-related-BRCA1 complex (human),complex,9,0,0.15261069340016709,0.3526692675408613,0.050997001025290485,0.11132923689036948,0.05647176411794103,0.0544727636181909,0.14922627744651848,0.13697328091402242,False,False
complex|BLM complex III (human),complex,3,0,0.41371610845295076,0.7631166706284368,0.017107894736842107,0.03879867800670229,0.018490754622688656,0.04897551224387806,0.0641156883995398,0.12747135204327661,False,False
complex|RalBP1-CCNB1-AP2A-NUMB-EPN1 complex (human),complex,4,0,0.3073593073593073,0.550180521990078,0.05604419002050578,0.12462711520039932,0.037481259370314844,0.08245877061469266,0.10964588128470976,0.18415792103948025,False,False
complex|RAD17-RFC complex (human),complex,5,0,0.2677785372522215,0.7305699798239568,0.03368990430622009,0.07344328980738231,0.02348825587206397,0.012993503248375811,0.0765857259753169,0.047513215223374226,False,True
complex|RAD17-RFC-9-1-1 checkpoint supercomplex (human),complex,8,0,0.1730910067376233,0.4922707860718881,0.03646521701982228,0.0816375210850124,0.03648175912043978,0.017991004497751123,0.1074788846711396,0.06125789564234276,False,False
complex|SNF2h-cohesin-NuRD complex (human),complex,16,0,0.15882490316700842,0.4224038469163073,0.0483429573934837,0.1062720613063543,0.005997001499250375,0.0029985007496251873,0.026960545701175384,0.014585213248176847,True,True
complex|CRSP complex (human),complex,11,0,0.09159261790840742,0.18746341408578304,0.04836792891319206,0.10727264003969042,0.17791104447776113,0.21539230384807595,0.32875555105009774,0.3599113556656908,False,False
complex|PCNA-MLH1-PMS1 complex (human),complex,3,0,0.55892002734108,1.0446329926596458,0.0479005354294828,0.10921249616514567,0.004497751124437781,0.02048975512243878,0.02108765030577262,0.06712495487272137,True,False
complex|PCNA-MSH2-MSH6 complex (human),complex,3,0,0.5164046479835953,0.9089548799004651,0.015900763271815898,0.04742027028979564,0.011494252873563218,0.04247876061969016,0.04487511883156166,0.11428547384338919,True,False
complex|ARC-L complex (human),complex,13,0,0.1526158052473842,0.319157184575789,0.05266072567783092,0.11771255436400943,0.026986506746626688,0.044977511244377814,0.08609980723923752,0.11855113052610752,False,False
complex|DNA polymerase delta complex (mouse),complex,3,0,0.08778765094554568,0.26598975762448324,0.047248313966735025,0.1055977916782065,0.36881559220389803,0.3118440779610195,0.5253977949296956,0.45709255464011117,False,False
complex|PCNA-DNA ligase complex (mouse),complex,3,0,-0.15089997721576673,-0.2857984939039045,0.03196262246525404,0.07448872896681089,0.8615692153923038,0.8095952023988006,0.9033211814082862,0.8654293542883731,False,False
complex|PCNA-DNA polymerase delta complex (human),complex,4,0,0.1476076555023924,0.3158771275231416,0.04301294714057869,0.09365434378626847,0.19390304847576212,0.20089955022488756,0.3471867514518603,0.3459936698317508,False,False
complex|VEGF transcriptional complex (human),complex,5,0,-0.03846889952153112,-0.066141730427778,0.034407050580997946,0.06742352345694046,0.767616191904048,0.7256371814092953,0.8356073535559264,0.805961725019843,False,False
complex|IRF3-CBP complex (human),complex,3,0,0.05427204374572795,0.08941008321725426,0.0012081339712918633,0.0018572603964793926,0.3353323338330835,0.36431784107946025,0.4929124255989486,0.5078443999476772,False,False
complex|PC2 complex (human),complex,11,0,0.07063195178027713,0.20340891087860535,0.053049192816752626,0.11780227533711658,0.32233883058470764,0.22488755622188905,0.48165305836290484,0.3712968634919424,False,False
complex|SMCC complex (human),complex,15,0,0.11878852976597336,0.30383560070330057,0.05236936562184681,0.1163891523743025,0.06046976511744128,0.04247876061969016,0.15582593318725252,0.11428547384338919,False,False
complex|INO80 chromatin remodeling complex (human),complex,10,0,0.14744740639477483,0.4223523944673136,0.04207565048986101,0.09584460058986553,0.050474762618690654,0.025987006496751622,0.13794221310397434,0.07914224705828903,False,False
complex|SRCAP-associated chromatin remodeling complex (human),complex,7,0,0.28351072486410833,0.7405488753880275,0.04113635712658268,0.09247789163543692,0.005997001499250375,0.0024987506246876563,0.026960545701175384,0.012475733287202553,True,True
complex|Cell cycle kinase complex CDK2 (human),complex,3,0,-0.05267714741398947,-0.4398981263578155,0.04043565732513101,0.0920098002754283,0.6756621689155422,0.9130434782608695,0.7685379654094092,0.9388075764098148,False,False
complex|Cell cycle kinase complex CDK4 (human),complex,3,0,-0.029824561403508865,-0.28493333566244505,0.03635988835725678,0.07688582209424706,0.6196901549225388,0.8100949525237381,0.7279957306414666,0.8655181154278827,False,False
complex|Cell cycle kinase complex CDK5 (human),complex,4,0,0.05935292777398038,0.09898275268727492,0.02932809865573021,0.06434350740250719,0.36031984007996004,0.39730134932533734,0.5193506647092831,0.5386389703320664,False,False
"complex|28S ribosomal subunit, mitochondrial (human)",complex,17,1,0.18995416348357524,0.5761489124165223,0.04976931089421414,0.1103935328800504,0.0014992503748125937,0.0004997501249375312,0.008461801707841731,0.003233585699362157,True,True
"complex|55S ribosome, mitochondrial (human)",complex,58,1,0.1646414336451589,0.4898045560041044,0.043298364476609764,0.09646384687360288,0.0004997501249375312,0.0004997501249375312,0.003264091224827838,0.003233585699362157,True,True
"complex|39S ribosomal subunit, mitochondrial (human)",complex,41,0,0.1493149725755631,0.43782577763361813,0.04115404001967224,0.09152778178610396,0.0004997501249375312,0.0004997501249375312,0.003264091224827838,0.003233585699362157,True,True
complex|p54(nrb)-PSF-matrin3 complex (human),complex,3,0,0.46167691957165635,1.2828046487321945,0.053610378218272955,0.11417926561955717,0.014992503748125937,0.0029985007496251873,0.0547265910102945,0.014585213248176847,False,True
complex|DNA ligase IV-XRCC4-AHNK complex (human),complex,3,0,0.234768740031898,0.35636653782219724,0.011722237411711092,0.022690461370476818,0.08445777111444278,0.1549225387306347,0.1993395347780655,0.28755506071807707,False,False
complex|DNA ligase IV-XRCC4-PNK complex (human),complex,3,0,0.08211437685121885,0.10321255499001225,0.03457801321485532,0.0746003662895054,0.3743128435782109,0.440279860069965,0.5288760381713905,0.5773114074275993,False,False
complex|Spliceosome (human),complex,102,7,0.11630832256157946,0.27161940531997697,0.05039345093288629,0.11158143297789319,0.0004997501249375312,0.0004997501249375312,0.003264091224827838,0.003233585699362157,True,True
complex|DNA ligase IV-Xrcc4-DNA-protein kinase complex (mouse),complex,3,0,0.4833219412166782,0.9274485933641957,0.03315730234677604,0.0752349623533957,0.006496751624187906,0.028985507246376812,0.028832805819312562,0.08612717961477058,True,False
complex|DNA ligase IV-XRCC4-XLF complex (human),complex,3,0,0.4832535885167462,0.8994009926063119,0.03616135794030531,0.08123858528550892,0.0069965017491254375,0.030984507746126936,0.030657666947117163,0.08988103713506375,True,False
complex|DNA ligase III-XRCC1-PNK-DNA-pol III multiprotein complex (human),complex,4,0,0.12532467532467537,0.2806130427096079,0.08556682046024149,0.18654168368953186,0.344327836081959,0.33983008495752126,0.5022253620380821,0.48543816124949907,False,False
complex|ERCC1-ERCC4-MSH2 complex (human),complex,3,0,0.12200956937799035,0.5593974372053246,0.009240783777625878,0.028393823901575493,0.23438280859570215,0.10594702648675662,0.3875900425583387,0.22027224625925276,False,False
complex|MSH2-MSH6-PMS1-MLH1 complex (human),complex,4,0,0.5637388926862611,1.1122960133979523,0.008381288448393687,0.017712115997349655,0.0009995002498750624,0.0029985007496251873,0.00584778033518452,0.014585213248176847,True,True
complex|PCNA-MutS-alpha-MutL-alpha-DNA complex (human),complex,5,0,0.5736910457963089,1.0376601969624355,0.014370287081339712,0.031720308578511346,0.0004997501249375312,0.001999000499750125,0.003264091224827838,0.010431969944675903,True,True
"complex|Respiratory chain complex I, mitochondrial (mouse)",complex,25,2,0.2645828206880838,0.6087028067932543,0.04702476987924355,0.10420147577362002,0.0004997501249375312,0.0004997501249375312,0.003264091224827838,0.003233585699362157,True,True
complex|MCM complex (human),complex,3,1,0.20432900432900425,0.36970517789940516,0.044562656641604005,0.09655346773279783,0.18940529735132433,0.2413793103448276,0.34119236999020003,0.3859467494889969,False,False
"complex|Ubiquitin E3 ligase (SKP1A, FBXW2, CUL1) (human)",complex,3,0,0.28118022328548636,0.6325083611908756,0.05883856231487811,0.12943643320004258,0.10194902548725637,0.09495252373813093,0.22622663027460627,0.20458131929885678,False,False
"complex|Ubiquitin E3 ligase (DDB1, CUL4A, RBX1) (human)",complex,3,0,0.05295055821371605,0.31350104518420024,0.04631097060833903,0.09839020798980502,0.44877561219390305,0.25537231384307846,0.5990404540660261,0.400308147812886,False,False
"complex|(ER)-localized multiprotein complex, Ig heavy chains associated (mouse)",complex,9,0,0.3235266195792511,0.9732166806077633,0.03630359041543252,0.07654515712029443,0.0004997501249375312,0.0004997501249375312,0.003264091224827838,0.003233585699362157,True,True
complex|18S U11/U12 snRNP (human),complex,17,1,0.07361686301314785,0.1585174801976435,0.047662224076233356,0.10547643543124759,0.2193903048475762,0.22938530734632684,0.3719785005456456,0.37662710146902834,False,False
complex|BASC complex (BRCA1-associated genome surveillance complex) (human),complex,11,0,0.34881874106754485,0.8837884170409432,0.020785250730131103,0.04566114518168036,0.0004997501249375312,0.0004997501249375312,0.003264091224827838,0.003233585699362157,True,True
complex|GCN5-TRRAP histone acetyltransferase complex (human),complex,8,0,0.10055414510301729,0.16652166006613753,0.023391776926081426,0.05314607032515414,0.12193903048475763,0.20189905047476261,0.2543053473263368,0.3468522149181819,False,False
"complex|Succinate dehydrogenase complex II (EC 1.3.5.1), mitochondrial (mouse)",complex,4,0,0.15954659375712002,0.3621673978002775,0.05513777625882887,0.11895246426241954,0.19640179910044978,0.1744127936031984,0.35015153367522245,0.3141850583814771,False,False
complex|TFTC-type histone acetyl transferase complex (human),complex,10,0,0.17761525024682917,0.35290977984451627,0.0548429156223893,0.12333543710188448,0.030484757621189407,0.0544727636181909,0.09550051520242896,0.13697328091402242,False,False
complex|BP-SMAD complex (human),complex,6,0,0.08149008885850992,0.23781843620406218,0.050347459557985856,0.11007655923228982,0.30834582708645675,0.21889055472263869,0.4681537155398908,0.36429141198631454,False,False
"complex|Gamma-secretase complex (APH1A, PSEN1, PSENEN, NCSTN) (human)",complex,4,0,0.5214855320118478,0.8603281560814765,0.05079239576213257,0.11199705032419101,0.0014992503748125937,0.012993503248375811,0.008461801707841731,0.047513215223374226,True,True
"complex|Gamma-secretase complex (APH1B, PSEN2, PSENEN, NCSTN) (human)",complex,3,0,0.23830029619503298,0.4037585602089133,0.020604545454545455,0.04113428593136163,0.09945027486256872,0.14942528735632185,0.22282440225410488,0.2808654496281271,False,False
"complex|Gamma-secretase complex (APH1A, PSEN2, PSENEN, NCSTN) (human)",complex,3,0,0.5935064935064934,0.9580478274093585,0.05404867851446799,0.1158244459323731,0.0009995002498750624,0.025987006496751622,0.00584778033518452,0.07914224705828903,True,False
complex|TFIID-beta complex (human),complex,10,0,0.06642667274246222,0.1575524916737927,0.04977715424925951,0.11187341036487473,0.33383308345827084,0.3103448275862069,0.4917527052076798,0.4558601180315076,False,False
complex|TFTC complex (TATA-binding protein-free TAF-II-containing complex) (human),complex,13,1,0.09122894649210438,0.18318563330191684,0.038433380216274945,0.08610950262876886,0.1184407796101949,0.15742128935532235,0.24898937171090568,0.29063468265867065,False,False
complex|STAGA complex (SPT3-TAF9-GCN5 acetyltransferase complex) (human),complex,11,1,0.09900329335736034,0.19241046481610038,0.032184920773006886,0.07000351183159842,0.10144927536231885,0.13693153423288357,0.22559972690314373,0.26805541621272305,False,False
complex|PCAF complex (human),complex,9,0,0.0725563909774436,0.14826493343969224,0.02870595333029543,0.06321730446056688,0.20789605197401298,0.22988505747126436,0.35983341662502083,0.3771494979208658,False,False
complex|TIF-IB complex (mouse),complex,3,0,0.2701070858965595,0.9941669359969657,0.046465857826384155,0.10278306009978982,0.09545227386306847,0.01999000499750125,0.21714608194259935,0.06590355615842872,False,False
complex|cRET-Shc-Grb2-Gab2-P85PI3K-Shp2 complex (mouse),complex,4,0,0.12593984962406016,0.24382415879043565,0.0500150318979266,0.11159225892649757,0.24587706146926536,0.27936031984008,0.4008529487218714,0.424456023634123,False,False
"complex|TFIID complex, B-cell specific (human)",complex,8,0,0.029792012498779417,0.06324216105210086,0.046959139732447995,0.10491680006108753,0.551224387806097,0.5592203898050975,0.6738628919795546,0.675291133503016,False,False
complex|WIP-WASp-actin-myosin-IIa complex (human),complex,6,0,0.04806561859193437,0.0831852034244274,0.032196511733880134,0.06562542767430986,0.3633183408295852,0.40879560219890054,0.5218539006358889,0.5495588775191692,False,False
complex|DA complex (human),complex,12,0,0.09316783694774121,0.2418967636411019,0.057272740218314376,0.1273106289315859,0.2098950524737631,0.15742128935532235,0.3611864324672792,0.29063468265867065,False,False
complex|DAB complex (human),complex,13,0,0.0946877683719789,0.23797936446808932,0.056028992060571,0.12489026385553524,0.18040979510244878,0.14342828585707146,0.33160278267945675,0.27430989845776926,False,False
"complex|Cytochrome bc1-complex (EC 1.10.2.2), mitochondrial (mouse)",complex,8,0,0.2932282003710575,0.7978939330873577,0.040048969827165305,0.0888643536217406,0.0029985007496251873,0.0014992503748125937,0.01518996599261345,0.008194586917067781,True,True
complex|TFIID complex (mouse),complex,8,0,0.11565520945220194,0.30695991757599067,0.06079480397422126,0.13692188693062143,0.19940029985007496,0.14792603698150925,0.3524718491817921,0.27931125346417696,False,False
complex|Ryk-Wny1-Fzd8 complex (mouse),complex,3,0,-0.108339029391661,-0.03926121027985922,0.02078222829801777,0.05050938124921379,0.7651174412793603,0.55872063968016,0.8337612411003313,0.675291133503016,False,False
complex|TFIID complex (human),complex,9,0,0.046278575225943634,0.102394579197737,0.04529335554796081,0.10029772089387914,0.44377811094452774,0.43928035982008995,0.5969735339584095,0.5763646919433524,False,False
complex|KCNQ1 macromolecular complex (human),complex,9,0,0.039162299688615496,0.13402301986807735,0.04368879300524035,0.09589530847242651,0.4782608695652174,0.32083958020989506,0.6235705122956413,0.4666553277982857,False,False
complex|Polycystin-1-E-cadherin-beta-catenin-Flotillin-2 complex (human),complex,3,0,-0.16958304853041695,-0.31069977726476505,-0.003512770562770566,-0.012162982137250776,0.887056471764118,0.8265867066466767,0.9184527875643435,0.8790684023067831,False,False
complex|TIP60 histone acetylase complex (human),complex,4,0,0.15006835269993166,0.7431669408790792,0.022647647527910663,0.04837717324952155,0.15592203898050974,0.02948525737131434,0.30013908708296455,0.08736216770359471,False,False
complex|NuA4/Tip60 HAT complex (human),complex,12,0,0.1712152281530272,0.5082265708077218,0.04772726288862651,0.10745222764635957,0.020989505247376312,0.005497251374312844,0.07054239870356084,0.024449231487040205,False,True
complex|XPA-ERCC1-ERCC4 complex (human),complex,3,0,-0.0698108908635225,-0.015690323198024696,0.00601226930963773,0.017151783859078812,0.6521739130434783,0.4832583708145927,0.7533733133433284,0.6142763991321353,False,False
complex|IMP3-IMP4-MPP10 complex (human),complex,3,0,0.043084985190248316,0.08356942804452776,0.0294697653223969,0.06481519536362643,0.4357821089455272,0.4512743628185907,0.5885041874381405,0.585810532233883,False,False
complex|TRAP complex (human),complex,15,0,0.13144094001236858,0.31101722182957886,0.06004754255769292,0.133690286978124,0.05697151424287856,0.047476261869065464,0.14978460137020097,0.12403546654345782,False,False
complex|Mediator complex (mouse),complex,12,0,0.09187431388388326,0.20392172280868107,0.06276012241347169,0.13954494857718708,0.2513743128435782,0.24987506246876562,0.405991016933213,0.3949699427303091,False,False
complex|DRIP complex (human),complex,14,0,0.07796188773632381,0.17402855082771745,0.04275494129930219,0.09425146437519302,0.18840579710144928,0.18940529735132433,0.3399816164897569,0.33338542593110226,False,False
complex|Decapping complex (human),complex,5,0,-0.02954203691045798,-0.06140323270326897,0.043683017771701985,0.09689257772730345,0.7781109445277361,0.7631184407796102,0.8452596400544498,0.8337701217776173,False,False
complex|LSm1-7 complex (human),complex,6,0,0.18327181590339486,0.647186425047877,0.033749557985873764,0.0779758614282862,0.063968015992004,0.015492253873063468,0.16222413823613224,0.054262076381707956,False,False
complex|LSm2-8 complex (human),complex,6,0,0.19500113921166548,0.8466324085149755,0.03388979266347686,0.07915485688143005,0.046476761619190406,0.00399800099950025,0.1287096451774113,0.018494093710383113,False,True
"complex|F1F0-ATP synthase (EC 3.6.3.14), mitochondrial (human)",complex,13,0,0.2722917433443749,0.5001700797876947,0.032571055698687276,0.06931008265821116,0.0004997501249375312,0.0014992503748125937,0.003264091224827838,0.008194586917067781,True,True
complex|p300-CBP-p270-SWI/SNF complex (human),complex,7,0,0.2812550857663639,0.5803335456233425,0.05770120593692022,0.12816653493438757,0.0079960019990005,0.01199400299850075,0.034032164245745976,0.044966686331924285,True,True
complex|p300-CBP-p270 complex (human),complex,3,0,0.5390066074276599,0.983146809483055,0.05562057416267943,0.12929253345678154,0.008995502248875561,0.030484757621189407,0.037442200743315716,0.08892814828540786,True,False
complex|PYR complex (mouse),complex,9,0,0.08180868838763576,0.22652299611260387,0.043463785410495934,0.09503072270485484,0.22638680659670166,0.14442778610694654,0.3795039526241722,0.27470376533345053,False,False
complex|ABIN2-NFKB1-MAP3K8 complex (human),complex,3,0,-0.002848029163818729,-0.006634536836171249,0.03513597630439736,0.07389427695513166,0.5642178910544727,0.551224387806097,0.6841100757268768,0.66991986745071,False,False
complex|Ikaros complex (mouse),complex,9,0,0.029672666514771788,0.07442041954690953,0.04459567004632793,0.0990270117537095,0.553223388305847,0.5172413793103449,0.6747181312455927,0.6417624521072798,False,False
complex|Ikaros-NuRD complex (mouse),complex,5,0,0.14345864661654129,0.2705204877897838,0.04785637730690362,0.1042128029908886,0.15242378810594703,0.19540229885057472,0.2958730914916374,0.3393399454119094,False,False
complex|Mi2/NuRD-BCL6-MTA3 complex (human),complex,5,0,-0.10306903622693098,-0.2822993452229742,0.03662756322624743,0.07910343410556897,0.9545227386306847,0.9690154922538731,0.9642722413112511,0.9789130240327307,False,False
complex|NuRD.1 complex (human),complex,8,0,0.11757396738599746,0.25364676774180417,0.03852602162874719,0.0830784510978036,0.1024487756121939,0.11144427786106946,0.22685086028414364,0.22940511904602703,False,False
"complex|TIM (TIMM17ab, TIMM23, TIMM44) complex, mitochondrial (human)",complex,3,0,-0.04123946229209389,-0.026458690124092854,0.04003361813624971,0.08930808305880039,0.6446776611694153,0.5872063968015993,0.7480421800273048,0.6945487962169258,False,False
complex|CTF18-CTF8-DCC1-RFC3 complex (human),complex,3,0,-0.27425381635907947,-0.6848926658981888,0.014995796308954201,0.0298452279293186,0.9870064967516242,0.9815092453773113,0.9898660037436617,0.985304351207673,False,False
complex|NRD complex (Nucleosome remodeling and deacetylation complex) (human),complex,7,0,0.23187188751098528,0.5230524401041968,0.05718086775380008,0.1268573570860435,0.01999000499750125,0.022488755622188907,0.06817609257768488,0.0718602237342867,False,False
"complex|Ubiquitin E3 ligase (SKP1A, SKP2, CUL1) (human)",complex,3,0,-0.0736842105263158,-0.2328226814630563,0.06162634996582365,0.13794155419156676,0.777111444277861,0.84007996001999,0.8446156304370055,0.888414499471242,False,False
complex|CoREST-HDAC complex (human),complex,7,0,0.09396217817270451,0.21853868817362007,0.06448628063665657,0.1446297286289124,0.3028485757121439,0.2893553223388306,0.46285245898022287,0.43518537617505515,False,False
complex|AKAP250-PKA-PDE4D complex (human),complex,3,0,-0.2283435862383231,-0.4320996897597209,0.017470528594212806,0.038226128141272325,0.9640179910044977,0.9330334832583708,0.9710307309972559,0.9536961342163564,False,False
"complex|Ubiquitin E3 ligase (VHL, TCEB1, TCEB2, CUL2) (human)",complex,4,0,0.02392344497607657,0.051738654020973364,0.08349136477557528,0.18686768140753954,0.6331834082958521,0.6241879060469765,0.7409137684678787,0.7267030722307007,False,False
complex|LSD1 complex (human),complex,12,0,0.005487893286936346,0.045742021009648456,0.050499472855692944,0.11257793740859807,0.8285857071464268,0.6996501749125438,0.8802928459044136,0.784364290346736,False,False
complex|MRN-TRRAP complex (MRE11A-RAD50-NBN-TRRAP complex) (human),complex,4,0,0.30198222829801774,1.0564146217458912,0.05934200273410797,0.13093733057689594,0.04547726136931534,0.009495252373813094,0.1267869420994201,0.03742246523796925,False,True
complex|BLM-TRF2 complex (human),complex,3,0,0.4813852813852814,0.965954305662556,0.024092617908407384,0.053484425947410895,0.0079960019990005,0.0239880059970015,0.034032164245745976,0.07537532292855084,True,False
complex|Anti-HDAC2 complex (human),complex,17,0,0.10907432350930803,0.2506301540713745,0.05584149059145188,0.12356566422877015,0.07946026986506746,0.06896551724137931,0.1921291973338127,0.16222126762213457,False,False
complex|anti-BHC110 complex (human),complex,10,0,0.08803523961418694,0.21154829776670755,0.060901079972658916,0.13330551009831842,0.26786606696651677,0.23388305847076463,0.4234077786068914,0.3804033770115725,False,False
complex|XFIM complex (human),complex,5,0,0.23336978810663017,0.4569253400303821,0.056601097060833896,0.12406149773862907,0.050474762618690654,0.07846076961519241,0.13794221310397434,0.17849180557585392,False,False
complex|BHC complex (human),complex,6,0,0.06269765322396902,0.10501993175088575,0.060533966735019346,0.13614057142597868,0.4452773613193403,0.5322338830584707,0.598215445963952,0.6544995708184984,False,False
complex|RANBPM-Muskelin-TWA1-HSMpp8 complex (human),complex,3,0,0.36147186147186156,0.9076019664312356,0.0701849737981317,0.15663587283160266,0.05697151424287856,0.04597701149425287,0.14978460137020097,0.12087880110577622,False,False
complex|CtBP complex (human),complex,16,1,0.09612155388471179,0.2530824709931353,0.052176664103440414,0.11535712875205302,0.12893553223388307,0.06846576711644178,0.26410167697216486,0.16141134880913688,False,False
complex|HDAC1-associated protein complex (human),complex,9,0,0.032537783853573296,0.07881509485532782,0.04049238437001594,0.08626437805519088,0.49375312343828087,0.46926536731634183,0.6330402699884626,0.6022852771145292,False,False
complex|HDAC1-associated core complex cI (human),complex,3,0,0.04625199362041473,0.09405524125264675,0.043975541125541126,0.09422413253920192,0.4452773613193403,0.45327336331834084,0.598215445963952,0.5880379610319763,False,False
complex|HDAC1-associated core complex cII (human),complex,10,0,0.0197220323536113,0.05401881000346699,0.04361865193286245,0.09185521593320765,0.6356821589205397,0.5767116441779111,0.7425825894701693,0.6876177295967402,False,False
complex|HDAC2-asscociated core complex (human),complex,8,0,0.03182306415389121,0.06796786473468971,0.03770377160433551,0.07898213171432356,0.47926036981509246,0.46976511744127936,0.6240901492827254,0.6022852771145292,False,False
complex|AP3-BLOC1 complex (human),complex,9,0,-0.00017278043593833066,0.018472196431134316,0.07311176900584794,0.16400797409322684,0.896551724137931,0.8470764617691154,0.9245967880012328,0.8935387562694022,False,False
complex|BLOC1-BLOC2 complex (human),complex,6,1,0.04172704488493961,0.1302582272513667,0.05284081339712917,0.11861309698044416,0.4992503748125937,0.431784107946027,0.6369428921902686,0.5704933792645662,False,False
"complex|Retromer complex (SNX1, SNX2, VPS35, VPS29, VPS26A) (human)",complex,4,0,0.34266347687400306,0.7370851068582641,0.04745444292549553,0.10729007838040291,0.022988505747126436,0.029985007496251874,0.07554925069111014,0.08833880931874488,False,False
complex|Presenilin-TMP21 complex (mouse),complex,4,0,0.5214855320118478,0.8603281560814765,0.05765085440874912,0.12689694667036538,0.0029985007496251873,0.01699150424787606,0.01518996599261345,0.058429394574236064,True,False
complex|Metallothionein-3 complex (mouse),complex,4,0,0.01859193438140805,0.054807299619293204,0.031708481430849825,0.06338409626813711,0.49525237381309345,0.47626186906546725,0.6333985101045536,0.6083615633757536,False,False
complex|Tis7-Sin3-Hdac1-Ncor1-Sap30 complex (mouse),complex,4,0,0.12683982683982684,0.3245922311242893,0.047097408293460895,0.10581529026656342,0.2383808095952024,0.20539730134932535,0.3923272119883006,0.34996734610545427,False,False
complex|MeCP1 complex (human),complex,9,0,0.11048644338118023,0.25374773864642575,0.04196077409432672,0.0877011139871376,0.111944027986007,0.09845077461269365,0.24069124857860924,0.209296068444795,False,False
complex|Apg16L-Apg12-Apg5 complex (mouse),complex,3,0,0.19266347687400312,0.37956717951012786,0.04712723855092277,0.10473339587072567,0.19740129935032483,0.23138430784607697,0.3507292547054103,0.3787117473572119,False,False
complex|BRMS1-SIN3-HDAC complex (human),complex,8,0,0.06640220681574063,0.11903832089456141,0.037212048383946865,0.08126684612222326,0.2773613193403298,0.34132933533233384,0.4331424513307256,0.4872446938043006,False,False
complex|BRG1-SIN3A complex (human),complex,13,0,0.08005415636994581,0.20673898405818975,0.04588242371663424,0.10080455346619176,0.19940029985007496,0.13843078460769614,0.3524718491817921,0.26871097161699525,False,False
complex|BRM-SIN3A complex (human),complex,14,0,0.076301142466556,0.2046911223260463,0.04839301788437126,0.10620542339626693,0.22288855572213892,0.14842578710644677,0.3756902925055691,0.28000032681207077,False,False
complex|PU.1-SIN3A-HDAC complex (human),complex,3,0,-0.1381635907951698,-0.24401186060814442,0.05310923900660744,0.1173624980106275,0.8715642178910544,0.8395802098950524,0.9092108892816273,0.888414499471242,False,False
complex|P2X7 receptor signalling complex (human),complex,8,0,0.10944243726198606,0.23221978619956024,0.043603575090323206,0.09005225003097811,0.1374312843578211,0.13693153423288357,0.2747302960646722,0.26805541621272305,False,False
complex|DDB2 complex (human),complex,13,0,0.15495557074504446,0.33886519774650087,0.03951114850062218,0.08661015064095995,0.01199400299850075,0.013993003498250875,0.04604721668740491,0.05010942804459839,True,False
complex|CSA complex (human),complex,12,0,0.18841111042067984,0.4198723128316064,0.037161336709542456,0.08107201223345088,0.005497251374312844,0.00849575212393803,0.024821285009669077,0.034531657850135594,True,True
complex|CSA-POLIIa complex (human),complex,13,0,0.16307552097025785,0.3592037935551117,0.04186555944055943,0.09179524342558798,0.00849575212393803,0.010494752623688156,0.035792448603284566,0.04051598735948011,True,True
"complex|Ubiquitin E3 ligase (FBXO31, SKP1A, CUL1, RBX1) (human)",complex,4,0,-0.09490772385509232,-0.33257858651158784,0.028298057644110253,0.05884408787097901,0.8660669665167416,0.9625187406296851,0.9052949619805095,0.9737707863067979,False,False
"complex|SNARE complex (STX4, SNAP23, VAMP1) (human)",complex,3,0,0.054066985645932965,0.21970051131193133,0.0419245272271588,0.08824305274205747,0.4272863568215892,0.3103448275862069,0.5804275756170313,0.4558601180315076,False,False
"complex|SNARE complex (STX4, SNAP23, VAMP2) (human)",complex,3,0,0.06707678286625655,0.23536669493254112,0.04360986557302347,0.09891844909218364,0.41379310344827586,0.328335832083958,0.5680424823939649,0.4739079383171514,False,False
complex|SIN3 complex (human),complex,7,0,0.12309995768642386,0.1922026085921919,0.05411993132181101,0.1190121879915449,0.15742128935532235,0.2863568215892054,0.3016273228699304,0.4316132934983887,False,False
"complex|SNARE complex (STX4, VAMP1, VAMP7) (human)",complex,3,0,-0.06363636363636364,-0.0267409663649311,0.036841683754841655,0.0839022587448239,0.7051474262868566,0.5857071464267866,0.7878381949423352,0.6935654179751628,False,False
"complex|SNARE complex (Vti1b, Stx6, Stx7) (mouse)",complex,3,0,0.46003645477329674,1.1765516134053142,0.064372009569378,0.13875012355182356,0.014992503748125937,0.008995502248875561,0.0547265910102945,0.03593011186714335,False,True
complex|SIN3-ING1b complex I (human),complex,9,0,0.08664464190779977,0.1324860388284565,0.044739395838080044,0.09792229025020592,0.21339330334832585,0.3468265867066467,0.36569132925286535,0.4927214915114262,False,False
complex|SIN3-ING1b complex II (human),complex,16,0,0.08660742766005922,0.1901080850947562,0.04580757974481658,0.10001804335631559,0.13193403298350825,0.1409295352323838,0.2676044790104948,0.2712795594788333,False,False
complex|NCOR-HDAC3 complex (human),complex,5,0,-0.03653451811346549,-0.10205300748972963,0.06225694805194804,0.13935001129361285,0.8570714642678661,0.8855572213893054,0.9004235868914304,0.9196511744127936,False,False
complex|SIN3-SAP25 complex (human),complex,10,0,0.10709197235513024,0.18345511370544124,0.056414701906280854,0.1255332932255083,0.1584207896051974,0.2673663168415792,0.30298340700736187,0.41441779110444776,False,False
complex|NCOR-SIN3-RPD3 complex (human),complex,4,0,0.03857370699475959,0.08321510609925031,0.07582271018455226,0.16937963920791466,0.5817091454272864,0.5872063968015993,0.6971782429616121,0.6945487962169258,False,False
complex|NCOR-SIN3-HDAC1 complex (human),complex,3,0,0.03713830029619499,0.06627386547138518,0.041760116199589886,0.09721498307144842,0.4682658670664668,0.47976011994003,0.6158293402318449,0.6115878296290236,False,False
complex|MeCP2-SIN3A-HDAC complex (human),complex,4,0,0.13400546821599457,0.2812426978235177,0.05465884028252446,0.11975149514863219,0.22338830584707647,0.23338330834582707,0.3756902925055691,0.3801859854386532,False,False
complex|TREX complex (human),complex,5,0,0.050102529049897496,0.23517519946088541,0.06933086124401913,0.1573177660028989,0.5247376311844077,0.33483258370814595,0.6561589765021161,0.4806131833875737,False,False
complex|THO complex (human),complex,5,0,0.050102529049897496,0.23517519946088541,0.07165554682159944,0.16268111567076166,0.5467266366816592,0.3333333333333333,0.6695467124928103,0.47879207007837715,False,False
complex|LARC complex (LCR-associated remodeling complex) (human),complex,16,1,0.07232570061517428,0.19173417252441344,0.04140795710868078,0.08972577017405885,0.1724137931034483,0.10294852573713144,0.3243690654672664,0.21554847576211894,False,False
complex|URI complex (Unconventional prefoldin RPB5 Interactor) (human),complex,7,0,0.03535136542655341,0.12184837179164243,0.03008490219054128,0.06505936277919402,0.4057971014492754,0.30334832583708143,0.5603993216157879,0.448756746982634,False,False
complex|SMG-1-Upf1-eRF1-eRF3 complex (SURF) (human),complex,5,0,-0.05171565276828436,-0.12753445843403668,0.04611361585782638,0.10192915316125314,0.8495752123938031,0.8590704647676162,0.8957918301123411,0.9034376482644753,False,False
complex|MR-UBC9-SRC1 complex (human),complex,3,0,0.03688767372977897,0.16699482536316687,0.052518204602415124,0.1142825937303784,0.48825587206396803,0.3953023488255872,0.6298804014141998,0.536629397719441,False,False
complex|NuA4/Tip60-HAT complex B (human),complex,5,0,0.15665071770334923,0.6315785319390054,0.032488585099111414,0.07309956583065036,0.12243878060969515,0.028985507246376812,0.2543053473263368,0.08612717961477058,False,False
complex|Exosome (human),complex,10,1,0.0656899825320878,0.06634845737767113,0.0663349669628617,0.14641773990690976,0.4687656171914043,0.7041479260369815,0.6158293402318449,0.7867214859487954,False,False
"complex|SNARE complex (STX11, VAMP2, SNAP23) (human)",complex,3,0,-0.0977899293688768,-0.15787510897431792,0.054646593757120075,0.11374942661140264,0.7881059470264867,0.7586206896551724,0.8512199958263198,0.8297288954259047,False,False
complex|NuA4/Tip60-HAT complex A (human),complex,11,0,0.09736655688808801,0.2912229459139888,0.04305937364071335,0.09628585037398525,0.14792603698150925,0.08045977011494253,0.2890332820419518,0.18204242105526758,False,False
complex|DMAP1-associated complex (human),complex,8,0,0.23950541939263742,0.6654100635259753,0.03504710355434039,0.07646554261364827,0.006496751624187906,0.0034982508745627187,0.028832805819312562,0.01666483272125405,True,True
complex|BRM-SIN3A-HDAC complex (human),complex,11,0,0.12678183060958184,0.32023296674412643,0.05317615547132293,0.11774245978883534,0.0769615192403798,0.0544727636181909,0.18783675142452275,0.13697328091402242,False,False
complex|eRF1-eRF3-GTP-Mg(2+) complex (human),complex,3,0,0.18174982911825,0.4766652207189515,0.03186828434723172,0.07094500640265171,0.18690654672663667,0.14942528735632185,0.33874772910229006,0.2808654496281271,False,False
complex|FCP1-associated protein complex (human),complex,7,0,0.03795527780490185,0.0852136115248507,0.04648746541678871,0.10149235516037679,0.4947526236881559,0.4947526236881559,0.6331492294518175,0.6216583178465214,False,False
"complex|Upf complex (UPF1, UPF2, UPF3a) (human)",complex,3,0,-0.07892458418774202,-0.16633166309957156,0.061554579630895424,0.14198478132498796,0.7876061969015492,0.7766116941529235,0.8511228256839322,0.842309393606069,False,False
complex|Postsplicing complex (human),complex,5,1,-0.007163362952836661,-0.013173794531432036,0.05142564593301435,0.1151126812825721,0.7066466766616691,0.7001499250374813,0.7890887889388638,0.784364290346736,False,False
complex|MRIP-MBS-RHOA complex (human),complex,3,0,-0.0350649350649351,0.08864568272653361,0.05500862383230805,0.12198384337201168,0.6816591704147926,0.49975012493753124,0.772819921916771,0.6252897647561761,False,False
complex|20S methylosome-SmD complex (human),complex,3,0,0.24960127591706538,0.5334189690663523,0.06052424242424243,0.13678476137797416,0.13943028485757122,0.15542228885557222,0.2779238979358689,0.2879679696280317,False,False
"complex|mRNA decay complex (UPF1, UPF2, UPF3B, DCP2, XRN1, XRN2, EXOSC2, EXOSC4, EXOSC10, PARN) (human)",complex,8,1,0.10964505419392638,0.22307589939074793,0.06034592935260227,0.1369093693567982,0.20439780109945027,0.2543728135932034,0.357051499481546,0.3990425482122987,False,False
complex|JBP1-pICln complex (human),complex,3,0,0.28796992481203015,0.6949180247223664,0.040279824561403506,0.08816654517290562,0.08595702148925537,0.06596701649175413,0.20150421403293836,0.1571255656575382,False,False
complex|Anti-Sm protein complex (human),complex,5,0,0.11144907723855094,0.29677600069942106,0.0186473000683527,0.03952351907932983,0.1549225387306347,0.12093953023488256,0.2990465733675913,0.24506478468083032,False,False
complex|20S methylosome and RG-containing Sm protein complex (human),complex,5,0,0.19805878332194116,0.4679379889895869,0.045652036910457966,0.09649094204237357,0.07146426786606697,0.06196901549225387,0.17670390994978702,0.15053759669872666,False,False
complex|6S methyltransferase and RG-containing Sm proteins complex (human),complex,5,0,0.18714969241285032,0.4061665367846379,0.04190379357484621,0.0908825336954538,0.07446276861569215,0.08445777111444278,0.18259642315796057,0.18761367979112048,False,False
"complex|RICH1/AMOT polarity complex, Flag-Rich1 precipitated (human)",complex,6,0,0.16483937115516062,0.35469540135374267,0.05045937343358394,0.10831527021773732,0.08945527236381809,0.09195402298850575,0.20644288966627797,0.1989463601532567,False,False
"complex|SNARE complex (Stx4, Stx6, Stx7, Vamp3, Vamp7, Vamp8, Vti1b) (mouse)",complex,5,0,0.3696240601503759,0.8558552585935597,0.04647036568694463,0.10338717254327785,0.00399800099950025,0.006496751624187906,0.019311274595260507,0.028348220847559412,True,True
complex|DNMT1-G9a-PCNA complex (human),complex,3,0,0.20170881749829114,0.6634612406020413,0.04205146958304853,0.0965971093407378,0.18290854572713644,0.10094952523738131,0.3344199379183648,0.21286514103354415,False,False
complex|TRAP-SMCC mediator complex (human),complex,7,0,0.12240666601568857,0.4827560607547903,0.03623478501448425,0.0807261788867384,0.12743628185907047,0.02348825587206397,0.2620645122983063,0.07425434923329811,False,False
complex|BRAF53-BRCA2 complex (human),complex,6,0,0.06269765322396902,0.10501993175088575,0.05798606971975391,0.1291090238770644,0.4207896051974013,0.4877561219390305,0.5738542416250837,0.6165973616965102,False,False
"complex|SNARE complex (VAMP3, VAMP4, VAMP8, STX6) (human)",complex,4,0,0.2400888585099111,0.5569917121469521,0.04091505468215992,0.08895893882137879,0.06096951524237881,0.05297351324337831,0.15653112874959307,0.13434186447679702,False,False
"complex|SNARE complex (VAMP3, STX6, VTI1A) (human)",complex,3,0,0.2852130325814537,0.5334895398071487,0.05331030986557303,0.12056101062475864,0.09395302348825588,0.13843078460769614,0.2149123676047439,0.26871097161699525,False,False
"complex|SNARE complex (VAMP4, STX6, STX16, VTI1a, VTI1b) (human)",complex,4,0,0.184028252449305,0.477773419067979,0.0690945659603554,0.15637103516932013,0.17691154422788605,0.1424287856071964,0.32807614050117795,0.2729009111680322,False,False
complex|PRKAC-AKAP5-ADRB1 complex (human),complex,3,0,-0.2774891774891775,-0.6128260776555476,0.013624709501025288,0.025791865217962787,0.991504247876062,0.9790104947526237,0.9929384391700004,0.9846996598553024,False,False
complex|MTA1 complex (human),complex,6,0,0.045062656641604006,0.07601002448736634,0.03287318751424013,0.0654103986667422,0.39280359820089955,0.431784107946027,0.5468184138493756,0.5704933792645662,False,False
complex|MTA2 complex (human),complex,9,0,0.09923103212576898,0.22046281633006368,0.04041059846586161,0.08709983730407792,0.14742628685657172,0.14442778610694654,0.2883280581931257,0.27470376533345053,False,False
complex|MTA1-HDAC core complex (human),complex,5,0,0.18736158578263842,0.3616887834047791,0.049692006151743,0.10222038939322417,0.08445777111444278,0.10594702648675662,0.1993395347780655,0.22027224625925276,False,False
complex|ARC92-Mediator complex (human),complex,12,0,0.09129124464052692,0.19159692564720268,0.044827198678514465,0.09899802030572402,0.16141929035482258,0.1889055472263868,0.308150612193903,0.33278780457099694,False,False
complex|CRSP-Mediator 2 complex (human),complex,9,0,0.061228829649882265,0.15685886661064513,0.049315807511202236,0.1085645741365633,0.3743128435782109,0.3148425787106447,0.5288760381713905,0.46083723465962584,False,False
complex|CEN complex (human),complex,23,1,0.1576280802617395,0.3392621602366002,0.039403139361158905,0.08641297009542555,0.001999000499750125,0.0029985007496251873,0.010868911094191124,0.014585213248176847,True,True
complex|FACT-NEK9 complex (human),complex,3,0,0.28129414445203915,0.7265721604741392,0.0669705285942128,0.1510884215371169,0.11094452773613193,0.079960019990005,0.23903712044392741,0.18150487597731188,False,False
"complex|FACT complex, UV-activated (human)",complex,4,0,0.18249031670084293,0.5204261659607444,0.043368694463431286,0.09370923088856468,0.13243378310844578,0.08095952023988005,0.2683560658695043,0.1825764642108913,False,False
"complex|Class C Vps complex (VPS11, VPS18, STX7) (human)",complex,3,0,0.06940077466393253,0.391713325723825,0.050249270904534064,0.11024933091971141,0.431784107946027,0.2193903048475762,0.5850069094611207,0.36483079517086936,False,False
complex|Kif13a-AP1 complex (mouse),complex,5,0,0.02946684894053315,0.039232961244483985,0.06016292891319206,0.13261399804281096,0.5677161419290355,0.6156921539230384,0.6863483275824254,0.7184228110663768,False,False
complex|LLGL2-PAR-6B-PRKCI complex (human),complex,3,0,-0.09881521986785143,-0.2221060483201637,0.011685805422647523,0.027155491239949547,0.7136431784107946,0.7021489255372314,0.7934886946248503,0.7857560982439815,False,False
complex|LLGL1-PAR-6B-PRKCI complex (human),complex,3,0,-0.23522442469810892,-0.5299378735243894,0.009837252221462749,0.026753590939916465,0.9570214892553723,0.9400299850074962,0.9658569646177884,0.9575489351940017,False,False
complex|BRCA1-RAD50-MRE11-NBS1 complex (human),complex,3,0,0.4534745955798587,1.7205511555771589,0.04360219867851447,0.09877147968356603,0.017991004497751123,0.001999000499750125,0.06290793996940923,0.010431969944675903,False,True
complex|EED-EZH2 complex (human),complex,5,0,0.3234996582365004,0.769366257819961,0.047751999316473,0.10474649457714894,0.008995502248875561,0.008995502248875561,0.037442200743315716,0.03593011186714335,True,True
complex|Agap11-AP3 complex (mouse),complex,4,0,0.09923672818409661,0.2098240416589343,0.04278177261335153,0.09774825604317845,0.28735632183908044,0.30884557721139433,0.4457349368631591,0.4546224407286081,False,False
complex|GAA1-GPI8-PIGT-PIG-PIGS complex (human),complex,4,0,0.16122123490544546,0.526796673367239,0.06470093415356572,0.14479124965038415,0.2143928035982009,0.10144927536231885,0.3671012803573481,0.2134854558536335,False,False
complex|Polycomb repressive complex 2 (PRC2) (human),complex,5,0,0.2871018455228982,0.660207653882916,0.04233226589200273,0.08995693948220031,0.01899050474762619,0.015492253873063468,0.0655203959482053,0.054262076381707956,False,False
complex|KIN17-PCNA-RPA70 complex (human),complex,3,0,0.2504898610161767,0.47375459595849073,0.021250034176349963,0.046280199041716166,0.11244377811094453,0.15292353823088456,0.24126624704176836,0.285631464843118,False,False
complex|DNA synthesome complex (mouse),complex,9,0,0.11484582668793195,0.2928675227665414,0.03876387654742916,0.08669594181006704,0.11544227886056972,0.0879560219890055,0.24466695223816665,0.1916942892666993,False,False
complex|RC complex (Replication competent complex) (human),complex,8,0,0.31613856068743285,0.9107277100192833,0.03069279611366077,0.0704004589435824,0.0014992503748125937,0.0004997501249375312,0.008461801707841731,0.003233585699362157,True,True
complex|RC complex during S-phase of cell cycle (human),complex,10,0,0.1763955342902711,0.5172475499580533,0.031158203842940678,0.06927420123719885,0.015492253873063468,0.004997501249375313,0.05605820782988297,0.022564804554244616,False,True
complex|RC complex during G2/M-phase of cell cycle (human),complex,8,0,0.19093594375549264,0.522931005310256,0.02658734986817693,0.05939562083238873,0.014992503748125937,0.010494752623688156,0.0547265910102945,0.04051598735948011,False,True
complex|TFIIH transcription factor complex (human),complex,7,0,0.11041239462292098,0.27133775279424505,0.035082822315529075,0.07680762497879622,0.1584207896051974,0.1329335332333833,0.30298340700736187,0.264700028209391,False,False
complex|CAK-ERCC2 complex (human),complex,3,0,-0.18350421508316242,-0.4870091744579003,0.002640305308726355,0.00795203752430763,0.8775612193903048,0.9135432283858071,0.912716400938239,0.9388566478759631,False,False
complex|OAP-1-OSP/claudin-11-ITGB1 complex (mouse),complex,3,0,-0.06855775803144226,-0.13313867507302404,0.026423650034176353,0.05360667984600301,0.6941529235382309,0.670664667666167,0.7822873696087388,0.7616022497225964,False,False
complex|TFIIH transcription factor core complex (human),complex,3,0,0.3050125313283208,0.833438224031517,0.08164708361813626,0.18414678300751125,0.11044477761119441,0.06696651674162919,0.23870322903064597,0.15877791697758428,False,False
complex|Snurportin-CRM1-RanGTP complex (human),complex,3,0,0.45459102301207555,0.7923928403075647,0.04762387787650945,0.10467455400868704,0.015492253873063468,0.04997501249375312,0.05605820782988297,0.12894174030996924,False,False
"complex|Ubiquitin E3 ligase (SKP1A, SKP2, CUL1, RBX1) (human)",complex,4,0,-0.03603326498063342,-0.08851482483605928,0.05243354978354976,0.11455822194163878,0.7546226886556722,0.7716141929035483,0.8270983241888291,0.8399594751890302,False,False
"complex|Ubiquitin E3 ligase (FBXW11, SKP1A, CUL1, RBX1) (human)",complex,4,0,0.02731829573934837,0.08035902673732546,0.048366883116883086,0.10584382237476052,0.5302348825587206,0.495752123938031,0.6594597910625526,0.6225375824784101,False,False
complex|ESR1-RELA-BCL3-NCOA3 complex (human),complex,3,0,-0.13185235816814767,-0.42986291951176386,0.05494767600820232,0.12173793141029483,0.8665667166416792,0.9490254872563718,0.9053617054651748,0.9643473273148161,False,False
"complex|Retromer complex (SNX1, SNX2, VPS35, VPS29, VPS26B) (human)",complex,4,0,0.11222374117110963,0.2271240399286604,0.05009414445203916,0.1139016422156927,0.27386306846576713,0.29185407296351823,0.43026746838381114,0.4364153416452321,False,False
complex|BAR-BCL2-CASP8 complex (human),complex,3,0,-0.03403964456596039,-0.06785580878620505,0.060646058327637274,0.14025151538686725,0.6841579210394803,0.6756621689155422,0.7748069803702293,0.7647685693937771,False,False
complex|12S U11 snRNP (human),complex,9,0,0.10799536720589353,0.270637776922148,0.044947029505582124,0.10085177838881933,0.13043478260869565,0.10094952523738131,0.26612283249338003,0.21286514103354415,False,False
"complex|SNX complex (SNX1a, SNX2, SNX4) (human)",complex,3,0,0.578377762588289,1.342008519842267,0.023340988835725683,0.05357790734284287,0.0029985007496251873,0.00399800099950025,0.01518996599261345,0.018494093710383113,True,True
complex|DNA repair complex NEIL2-PNK-Pol(beta)-LigIII(alpha)-XRCC1 (human),complex,4,0,0.22661198450672146,0.46733423266992985,0.0763512645249487,0.17203883927756017,0.11644177911044477,0.15892053973013492,0.2460321212740527,0.2926223058683424,False,False
complex|DNA repair complex NEIL1-PNK-Pol(beta)-LigIII(alpha)-XRCC1 (human),complex,4,0,0.22661198450672146,0.46733423266992985,0.06948789017999542,0.15332132892982314,0.11094452773613193,0.13543228385807096,0.23903712044392741,0.26587226235653444,False,False
complex|BIRC5-AURKB-INCENP-EVI5 complex (human),complex,3,0,0.052358168147641715,0.24177641981264664,0.011190259740259738,0.03684664496779388,0.3543228385807096,0.280359820089955,0.5142757063117638,0.42562513353665477,False,False
"complex|SNX complex (SNX1a, SNX2, SNX4, LEPR) (human)",complex,3,0,0.578377762588289,1.342008519842267,0.016920836181362496,0.036420419466141524,0.0009995002498750624,0.0024987506246876563,0.00584778033518452,0.012475733287202553,True,True
complex|PCNA-KU antigen complex (human),complex,3,0,0.30872636135794024,0.8143237375852497,0.035285007974481655,0.07525507891731797,0.059470264867566215,0.03648175912043978,0.15401463856600378,0.10157186822138528,False,False
"complex|SNX complex (SNX1a, SNX2, SNX4, INSR) (human)",complex,4,0,0.3983481430849851,0.9086065177167092,0.020565897698792412,0.04560009563296664,0.0029985007496251873,0.00849575212393803,0.01518996599261345,0.034531657850135594,True,True
"complex|SNX complex (SNX1a, SNX2, SNX4, EGFR) (human)",complex,3,0,0.578377762588289,1.342008519842267,0.02871111870585555,0.061206096652703774,0.0014992503748125937,0.001999000499750125,0.008461801707841731,0.010431969944675903,True,True
"complex|SNX complex (SNX1,1a,2,4, PDGF receptor) (human)",complex,3,0,0.578377762588289,1.342008519842267,0.025399601275917064,0.05598347667823205,0.001999000499750125,0.0004997501249375312,0.010868911094191124,0.003233585699362157,True,True
"complex|eIF3 complex (EIF3S6, EIF3S5, EIF3S4, EIF3S3, EIF3S6IP, EIF3S2, EIF3S9, EIF3S12,  EIF3S10, EIF3S8,  EIF3S1, EIF3S7, PCID1) (human)",complex,12,0,0.19743884504650056,0.3727885968600891,0.05051962343876218,0.10609373968656777,0.0074962518740629685,0.018490754622688656,0.03243690654672664,0.062144494095994075,True,False
complex|DNA polymerase alpha-primase complex (human),complex,3,0,0.4459557985873775,1.1075329853334586,0.024540772385509228,0.05655833564512471,0.01199400299850075,0.013493253373313344,0.04604721668740491,0.04882489069054323,True,True
"complex|SNX complex (SNX1a, SNX2, SNX4, TFRC) (human)",complex,4,0,0.3390179995443153,0.7640866392694594,0.04230046138072451,0.09351383430903437,0.02348825587206397,0.02148925537231384,0.0765857259753169,0.06941397108599666,False,False
complex|TFIIIC containing complex (human),complex,5,0,0.10734107997265889,0.5162272477221794,0.04323116883116883,0.09543333978826825,0.24037981009495252,0.063968015992004,0.39467894511242396,0.15341982588382483,False,False
complex|TFIIIC containing-TOP1-SUB1 complex (human),complex,7,0,0.10148423005565863,0.38510247841304723,0.045508635224424686,0.10207422018903099,0.21139430284857572,0.07296351824087956,0.3631645715603737,0.16913529842221744,False,False
complex|DNA synthesome complex (17 subunits) (human),complex,13,1,0.1384431358115569,0.32504573346646587,0.04016293268135373,0.08888434246234816,0.033483258370814596,0.031984007996002,0.1028768160298549,0.09150245813732252,False,False
complex|5S-DNA-TFIIIA-TFIIIC2 subcomplex (human),complex,6,0,0.135475051264525,0.5486487015942132,0.04462844155844154,0.09966158361498229,0.1454272863568216,0.031484257871064465,0.2860345395484076,0.09094965729930583,False,False
complex|5S-DNA-TFIIIA-TFIIIC2-TFIIIB subcomplex (human),complex,9,0,0.12576517050201255,0.4606591276154115,0.04582279182805498,0.10254199701835741,0.10994502748625687,0.021989005497251374,0.23870322903064597,0.07069839693156517,False,False
complex|RFC2-RIalpha complex (human),complex,3,0,0.44069264069264075,1.3494997058093585,0.02278077010708589,0.04567671851338398,0.015992003998001,0.0079960019990005,0.05746607665025619,0.033215392303848075,False,True
complex|ATR-HDAC2-CHD4 complex (human),complex,3,0,0.48965595807701073,1.101151961195916,0.06872489177489177,0.15258800578600848,0.014992503748125937,0.021989005497251374,0.0547265910102945,0.07069839693156517,False,False
complex|CF IIAm complex (Cleavage factor IIAm complex) (human),complex,13,1,0.14283874020716128,0.3429546992169635,0.04347147633068684,0.09286540491570838,0.02048975512243878,0.010994502748625687,0.06908639835926193,0.04197717317811682,False,True
complex|Cleavage and polyadenylation factor (CPSF) (human),complex,5,0,0.13023923444976077,0.38312912377216135,0.06087246069719754,0.1365000219985476,0.223888055972014,0.14192903548225888,0.37622612641899117,0.27219446601722225,False,False
complex|Cleavage stimulation factor (human),complex,3,0,0.2893597630439735,1.202111110230588,0.016387912964228753,0.036660802337900575,0.06746626686656672,0.008995502248875561,0.16822021162288003,0.03593011186714335,False,True
"complex|Polyadenylation complex (CSTF1, CSTF2, CSTF3, SYMPK CPSF1, CPSF2, CPSF3) (human)",complex,7,0,0.12715555121570166,0.41506788086844526,0.04072775282361748,0.08966427208958606,0.12693653173413294,0.05297351324337831,0.2612955167609456,0.13434186447679702,False,False
complex|snRNP-free U1A (SF-A) complex (human),complex,4,0,0.07289815447710184,0.26760409629542997,0.04815494417862836,0.09659762502352832,0.3803098450774613,0.23588205897051473,0.5355278293056862,0.380888299062261,False,False
complex|Histone H3.1 complex (human),complex,7,1,0.1017023077173453,0.18906235871088775,0.02606251993620414,0.05744314660241019,0.14292853573213393,0.20189905047476261,0.2824572490158346,0.3468522149181819,False,False
complex|Histone H3.3 complex (human),complex,8,0,0.07743872668684694,0.14352193499382235,0.029635977931842587,0.06429102295752569,0.21339330334832585,0.25287356321839083,0.36569132925286535,0.39759151461362435,False,False
complex|Integrator complex (human),complex,12,0,0.06481803682760622,0.28132757544060616,0.039704301041860846,0.08764237477403686,0.27586206896551724,0.06996501749125437,0.4321006917355802,0.16346157629846494,False,False
complex|DSS1 complex (human),complex,12,0,0.030231570662192665,0.13983572431617436,0.04409886752003976,0.09728932377155143,0.567216391804098,0.30334832583708143,0.686143532776419,0.448756746982634,False,False
complex|Integrator-RNAPII complex (human),complex,14,0,0.06988049544440521,0.2911736299877225,0.03937101958192184,0.08714884473442902,0.2193903048475762,0.04297851074462768,0.3719785005456456,0.11503397785643261,False,False
complex|ING1-p300-PCNA complex (human),complex,3,0,0.11020733652312598,0.3125997961666469,0.02159619503303714,0.053946883353467714,0.27886056971514245,0.23338330834582707,0.43482988235611925,0.3801859854386532,False,False
complex|Smrt-Sin3A-Hdac7 complex (mouse),complex,3,0,0.14005468215994532,0.2643199359585752,0.06636666666666667,0.1497691910773331,0.30884557721139433,0.3468265867066467,0.46856995169325494,0.4927214915114262,False,False
"complex|Ubiquitin E3 ligase (DDB1, DDB2, CUL4A, CUL4B, RBX1) (human)",complex,5,0,0.07273410799726591,0.1823239649603586,0.052450522898154474,0.1161435134445568,0.3708145927036482,0.3313343328335832,0.5260805389654899,0.4765799233347316,False,False
complex|ActRIIA-ActRIB-Smad3-Arip1 complex (mouse),complex,3,0,-0.16778309409888362,-0.2967444674977277,0.010285782638414216,0.01821264500102566,0.8525737131434283,0.7711144427786107,0.8970595755820165,0.8399594751890302,False,False
complex|RNF20-RNF40-UbE2E1 complex (human),complex,3,0,0.10802005012531331,0.3219542564231537,0.039923832308042834,0.08717702200599192,0.3183408295852074,0.25787106446776614,0.4787790753428499,0.4024028556720889,False,False
complex|p400-associated complex (human),complex,5,0,0.08298017771701978,0.17737693453991862,0.022730755297334242,0.05292275874659829,0.23488255872063968,0.23888055972013994,0.3881074578064985,0.38334071206493897,False,False
complex|Paf complex (human),complex,5,0,0.2261722488038278,0.6013062487727724,0.018204371155160624,0.03729727510342879,0.026486756621689155,0.018490754622688656,0.08463537462038212,0.062144494095994075,False,False
complex|SKI complex (human),complex,3,0,0.18598769651401229,0.35784728512224123,0.029502984734563677,0.06179843737995624,0.17791104447776113,0.2108945527236382,0.32875555105009774,0.35612031382682646,False,False
"complex|SNARE complex (STX4, VAMP8, VAMP3, SNAP23) (human)",complex,4,0,0.16782866256550463,0.3994711567896858,0.04221838118022326,0.08997049016453562,0.14142928535732133,0.12293853073463268,0.2805622021844856,0.2481470634944918,False,False
complex|cMYC-ATPase-helicase complex (human),complex,4,0,0.04694691273638633,0.1363799097120316,0.01596183071314648,0.03639483570808891,0.3588205897051474,0.3173413293353323,0.5182686820706476,0.4635147264623665,False,False
complex|PHAX-CBC complex (cap binding complex) (human),complex,3,0,0.536021872863978,1.271995483946158,0.03744121667805879,0.08377769796629042,0.00399800099950025,0.0074962518740629685,0.019311274595260507,0.031774928862099566,True,True
complex|CRM1-RAN-PHAX-CBC complex (cap binding complex) (human),complex,5,0,0.5508407382091592,1.1371530676399844,0.042170926179084064,0.09274281487736452,0.0004997501249375312,0.0004997501249375312,0.003264091224827838,0.003233585699362157,True,True
complex|Polycomb repressive complex 4 (PRC4) (human),complex,3,0,0.36714513556618805,0.78623129071143,0.08035588972431079,0.17314366900998515,0.06046976511744128,0.0704647676161919,0.15582593318725252,0.16444418240318043,False,False
complex|BCOR complex (human),complex,7,0,0.12269960615825279,0.3384664653009145,0.04784967613839793,0.1053157197641357,0.14192903548225888,0.09645177411294353,0.2810167842675421,0.20652611838410692,False,False
complex|C complex spliceosome (human),complex,58,4,0.12319951834709691,0.2882092899462506,0.04451552737229974,0.09841273095204493,0.0014992503748125937,0.0004997501249375312,0.008461801707841731,0.003233585699362157,True,True
complex|CDC5L core complex (human),complex,5,0,0.16835269993164728,0.3552723189351166,0.05653677717019822,0.1269431415206993,0.12243878060969515,0.14492753623188406,0.2543053473263368,0.2754020976702865,False,False
complex|CDC5L complex (human),complex,21,0,0.031487484946131565,0.04957291242839992,0.0535573716759431,0.11817656135618504,0.7561219390304847,0.8445777111444278,0.8274316477167106,0.8922624140625517,False,False
complex|ESCRT-III complex (human),complex,7,0,0.295703544575725,0.7169137542196617,0.044152522540116514,0.09866511781685665,0.00399800099950025,0.0024987506246876563,0.019311274595260507,0.012475733287202553,True,True
complex|ESCRT-II complex (human),complex,3,0,0.041421736158578325,0.061640725116798745,0.08237011847801322,0.18090044871552927,0.5527236381809095,0.5792103948025987,0.6745046982971499,0.6896093762969604,False,False
complex|DNA double-strand break end-joining complex (human),complex,7,0,0.3478664192949906,0.9648626344921364,0.03778070012694072,0.08094557618462947,0.0029985007496251873,0.0009995002498750624,0.01518996599261345,0.005782624008330097,True,True
complex|RNA pol II containing coactivator complex Tat-SF (human),complex,5,0,0.07978127136021876,0.14289038562495682,0.03684042378673958,0.08242376636393257,0.296351824087956,0.35332333833083457,0.45493180977877656,0.50024033654611,False,False
complex|ESCRT-I complex (human),complex,3,0,0.046639325586693925,0.0811438251529683,0.029529505582137162,0.06271681778547196,0.4257871064467766,0.456271864067966,0.5791485396790799,0.5897178977406131,False,False
complex|Rap1 complex (human),complex,10,0,0.20197615250246828,0.7427728523872096,0.042492904230272646,0.09429703582044326,0.0074962518740629685,0.0004997501249375312,0.03243690654672664,0.003233585699362157,True,True
complex|E2F-6 complex (human),complex,11,0,0.10137078232772012,0.30231889661973993,0.03192525880817746,0.07149972906550894,0.09695152423788106,0.043478260869565216,0.2193554638802603,0.1156265657184212,False,False
complex|TIN2 complex (human),complex,4,0,0.18432444748234222,0.5466465075666344,0.027310811118705834,0.0627131775515535,0.10744627686156921,0.06146926536731634,0.23515902744096867,0.1494984357938127,False,False
complex|Oligosaccharyltransferase complex (Stt3A variant) (human),complex,6,0,0.2750831624515835,0.8073742523204696,0.05145733652312598,0.11252241921561339,0.014992503748125937,0.00399800099950025,0.0547265910102945,0.018494093710383113,False,True
complex|Oligosaccharyltransferase complex (Stt3B variant) (human),complex,6,0,0.17377079061289594,0.5265777404060883,0.05302536796536795,0.11315476609613324,0.08345827086456771,0.02498750624687656,0.19855994110619374,0.0771159739595284,False,False
complex|TRF1-TIN2 complex (human),complex,3,0,0.08266119845067206,0.1350926614013952,0.019433526999316473,0.046354905898865206,0.32083958020989506,0.3633183408295852,0.4807963983376277,0.5071318507412961,False,False
"complex|TRF-Rap1 complex I, 2MD (human)",complex,5,0,0.0895693779904306,0.3243086711432849,0.047063530416951466,0.1047349971594157,0.30634682658670664,0.16991504247876063,0.46648266775703057,0.3079524810020819,False,False
"complex|Ubiquitin E3 ligase (AHR, ARNT, DDB1, TBL3, CUL4B, RBX1) (human)",complex,5,0,0.03796992481203008,0.19171099074595768,0.04555712918660287,0.09738874776843001,0.48575712143928035,0.27786106946526734,0.6278267213624052,0.4231066285039298,False,False
"complex|Ubiquitin E3 ligase (DET1, DDB1, CUL4A, RBX1, COP1) (human)",complex,5,0,0.15198222829801775,0.3763158373172438,0.02345572453861927,0.05086647763287337,0.10044977511244378,0.08545727136431784,0.22433783108445776,0.1886235415767143,False,False
complex|TRF2-Ku complex (human),complex,3,0,0.308225108225108,0.9683612951150687,0.055186169970380505,0.12306078919547252,0.08195902048975512,0.031984007996002,0.19589054724651483,0.09150245813732252,False,False
complex|TFIIA-TRF2 complex (human),complex,3,0,0.48815219867851445,1.3293565474467979,0.08176511733880155,0.1817684000414297,0.022988505747126436,0.010994502748625687,0.07554925069111014,0.04197717317811682,False,True
"complex|H2AX complex, isolated from cells without IR exposure (human)",complex,9,0,0.15128920786815525,0.3112192144785546,0.04762999354446722,0.10206946137866522,0.05297351324337831,0.059470264867566215,0.14307670612028187,0.14617720725436098,False,False
"complex|Ubiquitin E3 ligase (H2AFY, SPOP, CUL3) (human)",complex,3,0,0.11521986785144674,0.7134358187270055,0.04718542948279791,0.10102937251164974,0.3233383308345827,0.063968015992004,0.4821060395860935,0.15341982588382483,False,False
complex|H2AX complex I (human),complex,5,0,0.10121667805878327,0.35413464591049715,0.04655902597402597,0.1007568354161564,0.2593703148425787,0.11794102948525736,0.41471296684221404,0.23969033095976472,False,False
complex|WINAC complex (human),complex,13,1,0.12329600224337064,0.32798495341698164,0.0471563537339853,0.10299201530309543,0.054972513743128434,0.026986506746626688,0.1465698472971473,0.08158802694722508,False,False
complex|FIB-associated protein complex (human),complex,6,0,0.29528366370471637,0.7971284045253278,0.04900214171793117,0.1069472057114095,0.00849575212393803,0.0034982508745627187,0.035792448603284566,0.01666483272125405,True,True
complex|REST-CoREST-mSIN3A complex (human),complex,3,0,-0.0010480747322851869,0.12463703499575789,0.0777422077922078,0.17988173007343353,0.6506746626686657,0.511744127936032,0.7528976458845786,0.6364626070198434,False,False
complex|EBAFb complex (human),complex,9,0,0.15934153565732512,0.39038148707854786,0.054612299688615466,0.12011693723398997,0.05747126436781609,0.04697651174412794,0.1505268803177226,0.1230393630423124,False,False
"complex|Ubiquitin E3 ligase (SPOP, DAXX, CUL3) (human)",complex,3,0,0.21881977671451347,1.1277770415543245,0.023974025974025974,0.05117561083611369,0.127936031984008,0.00849575212393803,0.26283198657842194,0.034531657850135594,False,True
complex|EBAFa complex (human),complex,9,0,0.17733538391433123,0.4089676210161327,0.05309126509455456,0.11713228293111928,0.03298350824587706,0.031484257871064465,0.1017930856265775,0.09094965729930583,False,False
"complex|Ubiquitin E3 ligase (FBXW7, CUL1, SKP1A, RBX1) (human)",complex,4,0,0.04744816586921844,0.08773047824548803,0.047936602870813375,0.10415734102791638,0.45177411294352826,0.47626186906546725,0.601496687553659,0.6083615633757536,False,False
complex|Menin-associated histone methyltransferase complex (human),complex,5,1,0.1805058099794942,0.44691396044172416,0.052647720437457274,0.11686231065321698,0.09995002498750624,0.08095952023988005,0.2237028037705285,0.1825764642108913,False,False
complex|MLL-HCF complex (human),complex,5,0,0.17163362952836633,0.38721788873271124,0.05872927204374572,0.12683043888562626,0.13193403298350825,0.12993503248375812,0.2676044790104948,0.2599952432261711,False,False
complex|ALL-1 supercomplex (human),complex,26,0,0.1013662127346338,0.23466588917045675,0.05213472664177927,0.1153307947975197,0.0559720139930035,0.0384807596201899,0.14866224176914103,0.10614148437069644,False,False
"complex|Ubiquitin E3 ligase (GLMN, FBXW8, SKP1A, RBX1) (human)",complex,3,0,-0.083025746183641,-0.15010526653384457,0.03924739120528594,0.08996625379531203,0.7521239380309845,0.7266366816591704,0.8256667120984962,0.8066405065772833,False,False
"complex|Neddylin ligase (FBXO11, SKP1, CUL1, RBX1) (human)",complex,4,0,0.05354294827979037,0.07469012527393544,0.05224080656185916,0.11263547948312055,0.45027486256871563,0.5057471264367817,0.5998851119661465,0.6305142746753875,False,False
complex|SRm160/300 complex (human),complex,3,1,0.372909546593757,0.8843421025003949,0.06537432216905902,0.14700505088360738,0.054972513743128434,0.04247876061969016,0.1465698472971473,0.11428547384338919,False,False
complex|MKK4-ARRB2-ASK1 complex (human),complex,3,0,0.02820688083845983,0.0489595420295205,0.04473072453861929,0.0986052622214543,0.5017491254372813,0.5107446276861569,0.6380250241851552,0.6356001148616824,False,False
complex|Large Drosha complex (human),complex,18,0,0.17596174035802517,0.4681478861238347,0.05139135047958576,0.11090005511106633,0.001999000499750125,0.0004997501249375312,0.010868911094191124,0.003233585699362157,True,True
complex|Septin complex (human),complex,4,0,-0.013237639553429048,-0.09416876197183462,0.05705871496924125,0.1259520982726222,0.671664167916042,0.7736131934032984,0.7656676601326121,0.8403737461813027,False,False
complex|Rb-tal-1-E2A-Lmo2-Ldb1 complex (human),complex,4,0,-0.1428115743905218,-0.3838138265424916,0.0140407097288676,0.03148037475650722,0.9465267366316842,0.9725137431284357,0.9575918324325416,0.981492247073742,False,False
complex|Ldb1-Lmo2-Gata-1-Tal1-E47 complex (mouse),complex,3,0,0.05762132604237865,0.0671511586225666,0.00020942128047391173,0.002315814811439659,0.32533733133433285,0.39730134932533734,0.4836976644104577,0.5386389703320664,False,False
complex|hASC-1 complex (human),complex,4,0,0.1582365003417634,0.2776468367473866,0.03920235816814762,0.08628558740580516,0.16991504247876063,0.23438280859570215,0.32112242331973234,0.380888299062261,False,False
complex|GALNS-lysosomal hydrolase 1.27 MDa complex (human),complex,4,0,0.3989405331510594,0.7583062223318269,0.05544896901344267,0.1248435119296181,0.009995002498750625,0.025987006496751622,0.04007648685309855,0.07914224705828903,True,False
complex|Elongator holo complex (human),complex,4,0,0.46821599453178403,1.1623067267787317,0.07131547619047618,0.1619051236619278,0.006496751624187906,0.00399800099950025,0.028832805819312562,0.018494093710383113,True,True
complex|ASCOM complex (human),complex,5,0,0.14028708133971293,0.3238188489232584,0.04984333219412166,0.10728730517684508,0.175912043978011,0.16141929035482258,0.32680618545825474,0.29643489484258756,False,False
complex|NCOR1 complex (human),complex,9,1,0.22862649046859568,0.47025268300529394,0.06885474196855773,0.15346358064961613,0.017491254372813594,0.026486756621689155,0.061575144631074295,0.08031093942080056,False,False
complex|SMAD3/4-E2F4/5-p107-DP1 complex (human),complex,6,0,0.1524265208475734,0.2950019754792223,0.04354662337662336,0.09907588337123187,0.10994502748625687,0.14792603698150925,0.23870322903064597,0.27931125346417696,False,False
complex|NCOR2 complex (human),complex,7,0,0.056576506200566326,0.08603635594672276,0.05641272173941345,0.12383420071152852,0.45027486256871563,0.5487256371814093,0.5998851119661465,0.6692326179834335,False,False
complex|Vigilin-DNA-PK-Ku antigen complex (human),complex,3,0,0.3066757803599908,0.9529376924108668,0.06572614490772387,0.14062596677419362,0.09695152423788106,0.031984007996002,0.2193554638802603,0.09150245813732252,False,False
complex|SF3A1-SF3A2-SF3A3 complex (human),complex,3,0,0.0870585554796081,0.18722443861263724,0.05700855547960811,0.12739892969569014,0.392303848075962,0.38980509745127434,0.5464889956095057,0.5322979535873089,False,False
complex|SF3b complex (human),complex,6,1,0.2010298473456368,0.3962561194373979,0.0591041604010025,0.1265403933253716,0.06096951524237881,0.08395802098950525,0.15653112874959307,0.18670322226467068,False,False
complex|SMN containing complex (human),complex,5,0,0.2188995215311004,0.5376971967593785,0.02120812713602187,0.0460496782384556,0.031984007996002,0.02498750624687656,0.09929863170059215,0.0771159739595284,False,False
complex|SMN-PolII-RHA complex (human),complex,8,0,0.08462796601894344,0.22930864715682972,0.03631057513914657,0.07932451409018511,0.20339830084957522,0.1469265367316342,0.357051499481546,0.2779293413402588,False,False
complex|PPP4C-PPP4R2-Gemin3-Gemin4 complex (human),complex,4,0,0.025780359990886348,0.06992009120156961,0.03312866256550464,0.07438053813878429,0.4832583708145927,0.4592703648175912,0.6269379364034411,0.5928555299727389,False,False
complex|ITGA4-PXN-GIT1 complex (human),complex,3,0,0.018751424014581852,-0.02421498302583928,0.050422488038277515,0.11205970574388249,0.5337331334332833,0.6011994002998501,0.6626202738439506,0.7064607888254855,False,False
complex|PML-SMAD2/3-SARA complex (human),complex,3,0,-0.1743221690590112,-0.3941701058685439,0.04390986557302347,0.09896149483149838,0.9060469765117442,0.9035482258870565,0.9306921712239824,0.9322750447925566,False,False
complex|TGF-beta receptor I-Axin-SMAD3 complex (human),complex,3,0,0.06814764183185236,0.19881132133984428,0.048266757803599916,0.10882475579428506,0.4102948525737131,0.3638180909545227,0.5651076981403197,0.5074883646155431,False,False
complex|PIAS3-SMAD3-P300 complex (human),complex,3,0,0.12560947824105706,0.21677514927575162,0.049582695374800645,0.11733972219022643,0.3078460769615192,0.36931534232883556,0.4677368704089798,0.512745966588898,False,False
"complex|SNARE complex (SNAP25, VAMP3, VAMP2, NAPB, STX13) (human)",complex,4,0,0.05413533834586456,0.11142489830371279,0.030383002961950303,0.06601362830220828,0.3728135932033983,0.39480259870064965,0.5281949748181843,0.536301502616906,False,False
complex|RICTOR-mTOR complex (human),complex,3,0,-0.018910913647755805,-0.053618012699655125,0.07190197083618136,0.15894231243452814,0.6796601699150425,0.6986506746626686,0.7713957229035755,0.784364290346736,False,False
complex|ITGAM-ITGB2-CD11 complex (human),complex,3,0,0.6789017999544313,1.1792395121052803,0.029598598769651402,0.0597716734590917,0.0004997501249375312,0.0074962518740629685,0.003264091224827838,0.031774928862099566,True,True
"complex|Ubiquitin E3 ligase (CDC34, CUL1, RBX1) (human)",complex,3,0,-0.16457051720209623,-0.42662635002193383,0.038263192071086805,0.08332723214646184,0.9105447276361819,0.9400299850074962,0.9330051303899111,0.9575489351940017,False,False
"complex|Ubiquitin E3 ligase (CDT1, DDB1, CUL4A, RBX1) (human)",complex,3,0,0.05295055821371605,0.31350104518420024,0.04964293688767373,0.108012557619863,0.44877561219390305,0.26436781609195403,0.5990404540660261,0.4103826263251036,False,False
complex|COP9 signalosome complex (human),complex,9,0,0.21042188805346695,0.37671658810765213,0.03158930944786207,0.07015805960559252,0.005497251374312844,0.029985007496251874,0.024821285009669077,0.08833880931874488,True,False
complex|Kaiso-NCOR complex (human),complex,8,0,0.04717800995996486,0.09518192224355822,0.059387172883507464,0.13140167710727632,0.5367316341829086,0.5502248875562219,0.663394521526395,0.6694886300259362,False,False
"complex|Ubiquitin E3 ligase (NFKBIA, FBXW11, BTRC, CUL1, SKP1A) (human)",complex,4,1,0.07604237867395762,0.2876872650525996,0.054246189336978785,0.11901494862671355,0.3953023488255872,0.2563718140929535,0.5495602265801502,0.4009670616498979,False,False
"complex|Ubiquitin E3 ligase (CDC34, NEDD8, BTRC, CUL1, SKP1A, RBX1) (human)",complex,4,0,-0.043335611756664415,-0.10687477687075993,0.04198533834586463,0.08956764157257294,0.7596201899050474,0.7796101949025487,0.829947992863116,0.844238985825127,False,False
"complex|Ubiquitin E3 ligase (SMAD3, BTRC, CUL1, SKP1A, RBX1) (human)",complex,5,0,-0.04991114149008884,-0.12712408358275865,0.047098092959671906,0.10429192657504738,0.856071964017991,0.8780609695152424,0.8998286787780199,0.9155284305638346,False,False
"complex|Ubiquitin E3 ligase (FBXO18, SKP1A, CUL1, RBX1) (human)",complex,4,0,-0.02208931419457738,-0.075912142772301,0.05031255980861242,0.11142193798508479,0.697151424287856,0.743128435782109,0.7843897661136928,0.8196907918849922,False,False
"complex|Ubiquitin E3 ligase (NIPA, SKP1A, CUL1, RBX1) (human)",complex,4,0,0.03712690817953971,0.08345286564812919,0.01810700615174297,0.03618950928264,0.3843078460769615,0.37181409295352325,0.5386014819850533,0.5151820353999118,False,False
"complex|Ubiquitin E3 ligase (Fbxo32, Skp1a, Cul1, Rbx1) (mouse)",complex,3,0,-0.1542492595124174,-0.45680848152978476,0.04689268626110731,0.10159293069880353,0.9020489755122438,0.9645177411294353,0.9279622199796586,0.9753180858451008,False,False
"complex|Ubiquitin E3 ligase (Fbxo2, Skp1a, Cul1, Rbx1) (mouse)",complex,3,0,-0.18127136021872867,-0.5754969045635172,0.0107183640920483,0.020322832326697265,0.9160419790104948,0.9770114942528736,0.9363283417346445,0.9836417225221612,False,False
complex|LIG1-9-1-1 complex (human),complex,4,0,-0.017281840966051527,-0.06826581675258003,0.040337354750512616,0.09277524716021728,0.6291854072963519,0.6736631684157921,0.7370660411475031,0.7637545855893014,False,False
complex|FEN1-9-1-1 complex (human),complex,4,0,-0.06635907951697428,-0.18822906797515163,0.01914391091364773,0.04146600089063569,0.7411294352823589,0.775112443778111,0.8166184812103232,0.841562229862591,False,False
complex|RAD9-RAD1-HUS1-POLB complex (human),complex,4,0,0.01835269993164723,0.06332757803852163,0.05297721576668943,0.1204518529549159,0.5552223888055972,0.5232383808095952,0.6759653584696514,0.646884593417577,False,False
complex|BRD4-RFC complex (human),complex,6,0,0.17814080656185916,0.48519676626551156,0.04146395306447937,0.09123887832972671,0.07396301849075462,0.046476761619190406,0.18180022414828087,0.12188413369073041,False,False
complex|BARD1-BRCA1-CSTF complex (human),complex,3,0,0.2893597630439735,1.202111110230588,0.01508741171109592,0.03313173652175841,0.06296851574212893,0.0079960019990005,0.16067027911105872,0.033215392303848075,False,True
complex|MDC1-MRN-ATM-FANCD2 complex (human),complex,5,0,0.32385509227614484,1.0089869273919567,0.027087993848257,0.05826222314898737,0.00399800099950025,0.0004997501249375312,0.019311274595260507,0.003233585699362157,True,True
complex|MDC1-MRE11-RAD50-NBS1 complex (human),complex,4,0,0.2808498519024834,0.999513875070604,0.034592988152198655,0.07629480407021105,0.04247876061969016,0.0074962518740629685,0.11987552419442453,0.031774928862099566,False,True
complex|RAD52-ERCC4-ERCC1 complex (human),complex,3,0,0.1251765778081567,0.5732581656701058,0.008689610389610384,0.02300891893751715,0.24237881059470265,0.10144927536231885,0.39670668999621544,0.2134854558536335,False,False
complex|RPA-MSH4-BLM complex (mouse),complex,3,0,0.240874914559125,0.6194765777660981,-0.003441774891774898,-0.004686217876333463,0.08695652173913043,0.07396301849075462,0.203159387685235,0.1706902104503304,False,False
complex|MSH2/6-BLM-p53-RAD51 complex (human),complex,4,0,0.39192298929141023,0.7521184258701369,0.004063026885395284,0.011385703744858155,0.0034982508745627187,0.018490754622688656,0.01729968349158754,0.062144494095994075,True,False
complex|MutS-alpha-PK-zeta complex (human),complex,3,0,0.20394167236272498,0.3911818336445725,0.012309284575074046,0.03411138801154284,0.13993003498250875,0.18240879560219891,0.27838571135887996,0.3238145884322796,False,False
complex|ASF1-interacting protein complex (human),complex,4,1,0.08015493278651165,0.1581509619242462,0.03384872977899291,0.0758545585656315,0.3188405797101449,0.33983008495752126,0.4788372263615119,0.48543816124949907,False,False
complex|MBD1-MCAF1-SETDB1 complex (human),complex,3,0,0.17322852586010487,0.5128317896501905,0.043757871952608794,0.09663370408254324,0.20589705147426288,0.12693653173413294,0.3581643014338727,0.2549779268972864,False,False
complex|Cofilin-actin-CAP1 complex (human),complex,3,0,0.22627022100706298,0.39438417980302826,0.062316154021417186,0.11908877816258928,0.16891554222888555,0.20739630184907545,0.3198154796803968,0.35164254607390183,False,False
complex|ITGAV-ITGB5-PLAUR complex (human),complex,3,0,-0.08760537707906131,-0.16798576503916415,0.008260401002506267,0.015650198184469066,0.6921539230384808,0.6656671664167916,0.7808819653182643,0.7575839477521513,False,False
complex|ITGAV-ITGB5-ADAM9 complex (human),complex,3,0,0.10303030303030296,0.22901556010671667,0.012424105718842561,0.031632849366549164,0.272863568215892,0.2768615692153923,0.4290216738716183,0.4218939686429712,False,False
complex|ITGAV-ITGB3-CD47-FCER2 complex (human),complex,4,0,0.04576213260423782,0.07406331048952379,0.03072521645021643,0.06973979501049955,0.4047976011994003,0.44177911044477763,0.5593909632010342,0.5781077365659525,False,False
complex|ITGB3-ITGAV-CD47 complex (human),complex,3,0,0.08122579175210747,0.14217516907497263,0.023716438824333566,0.054960950283503056,0.3263368315842079,0.3618190904547726,0.4844900637601142,0.5064004385947188,False,False
complex|ITGAV-ITGB3-ADAM15 complex (human),complex,3,0,0.05267714741398947,0.10483102493079184,0.02617835497835498,0.05797208955052798,0.40879560219890054,0.4217891054472764,0.5637904819170759,0.5612145880935253,False,False
complex|Itgav-Itgb3-Gsn complex (mouse),complex,3,0,0.11118705855547957,0.14724103774918218,0.04380125313283209,0.09604626877225214,0.32733633183408295,0.4122938530734633,0.4852802007276162,0.5524737631184408,False,False
complex|ITGAV-ITGB3-PXN-PTK2b complex (human),complex,4,0,0.04880382775119618,0.11325986949805238,0.04503315105946683,0.09832759507719266,0.43428285857071464,0.4207896051974013,0.5876257311083872,0.5606029570205275,False,False
complex|ITGA2b-ITGB3-CD9 complex (human),complex,3,0,0.3593757120072909,0.4357326175276312,0.06100963773069036,0.1283075352491678,0.05247376311844078,0.19390304847576212,0.14191146614192904,0.3378663017484546,False,False
complex|ITGA2b-ITGB3-CD47-SRC complex (human),complex,4,0,0.12751196172248802,0.10572436966875338,0.020405718842560924,0.04759515349503467,0.1729135432283858,0.36281859070464767,0.3244276687311268,0.5067748573594844,False,False
complex|ITGA2b-ITGB3-TLN1 complex (human),complex,3,0,0.658168147641832,0.9146443097848441,0.03503700159489634,0.08235225828468033,0.0004997501249375312,0.022988505747126436,0.003264091224827838,0.07289637623936124,True,False
complex|ITGA2B-ITGB3-CIB1 complex (human),complex,3,0,0.29384825700615175,0.34852425468713283,0.06421208703577126,0.14114938990277506,0.09945027486256872,0.2688655672163918,0.22282440225410488,0.4164308598869842,False,False
complex|ITGA5-ITGB1-ADAM15 complex (human),complex,3,0,0.07377534745955794,0.1515033619019189,0.04531511733880156,0.09840802923978874,0.39030484757621187,0.3918040979510245,0.5448005164084624,0.5339548443340584,False,False
complex|CD98-LAT2-ITGB1 complex (human),complex,3,0,0.05472772841193888,0.19566570073826148,0.049911540214171796,0.11008701604499271,0.44677661169415295,0.3613193403298351,0.5982946631133177,0.5064004385947188,False,False
complex|ITGA6-ITGB1-CD151 complex (human),complex,3,0,-0.21547049441786284,-0.29263177084695985,0.056074880382775125,0.12176729822887125,0.975512243878061,0.879560219890055,0.9807061619238783,0.9166314986009253,False,False
complex|ITGA4-ITGB1-CD81 complex (human),complex,3,0,0.15561631351105035,0.2959839503917358,0.050534894053315106,0.10621625831436292,0.26186906546726635,0.2733633183408296,0.4171027982941044,0.41995237588306444,False,False
complex|ITGA4-ITGB1-CD53 complex (human),complex,3,0,0.25094554568238775,0.62106726372606,0.04811617680565049,0.09720244835595142,0.12393803098450774,0.0814592703648176,0.2566493423278391,0.18350423486738193,False,False
complex|ITGA4-ITGB1-CD47 complex (human),complex,3,0,0.4993620414673046,0.9610326947300631,0.05526409204830258,0.11180924572151392,0.010494752623688156,0.01899050474762619,0.041598475571374624,0.0634136308051762,True,False
complex|ITGA4-ITGB1-THBS1 complex (human),complex,3,0,0.17204374572795622,0.3458484335454231,0.04986089086352245,0.10706285353912753,0.22588705647176413,0.23938030984507747,0.37897206485610185,0.38334071206493897,False,False
"complex|LAT-PLC-gamma-1-p85-GRB2-CBL-VAV-SLP-76 signaling complex, C305 activated (human)",complex,7,0,-0.03537740455033688,-0.09096829769133785,0.05351893369788106,0.11592007351539899,0.9190404797601199,0.9400299850074962,0.9380083913817047,0.9575489351940017,False,False
"complex|Cbl-SLP-76-Grb2 complex, Fc receptor gamma-R1 stimulated (human)",complex,3,0,0.03834586466165405,0.084088963624394,0.05199379129642288,0.11719512876015148,0.4912543728135932,0.4947526236881559,0.6306151621346311,0.6216583178465214,False,False
"complex|SLP-76-Cbl-Grb2-Shc complex, Fc receptor gamma-R1 stimulated (human)",complex,4,0,0.058976987924356385,0.1033278953770201,0.05477628730918202,0.12040072647097025,0.44127936031984005,0.47126436781609193,0.5939969095167257,0.6034624488002608,False,False
complex|PLC-gamma-2-SLP-76-Lyn-Grb2 complex (human),complex,4,0,0.08656869446343134,0.12872819737214516,0.05563839712918658,0.11257957047792996,0.3663168415792104,0.42778610694652675,0.5239876622899005,0.5673148757254026,False,False
"complex|PKC-alpha-PLD1-PLC-gamma-2 signaling complex, lacritin stimulated (human)",complex,3,0,-0.11569833675096845,-0.18292905435529896,-0.0007401572112098452,-0.005885279750412646,0.7546226886556722,0.6831584207896052,0.8270983241888291,0.7698969289093923,False,False
complex|PLC-gamma-1-SLP-76-SOS1-LAT complex (human),complex,4,0,0.23239917976760083,0.6382905344952355,0.05232838915470492,0.112994045400256,0.08195902048975512,0.043478260869565216,0.19589054724651483,0.1156265657184212,False,False
complex|FGFR2-c-Cbl-Lyn-Fyn complex (human),complex,3,0,-0.007906128958760528,0.021544878146226114,0.05315036454773297,0.10612961685652775,0.5907046476761619,0.552223888055972,0.704301695306193,0.670350096722533,False,False
"complex|p21(ras)GAP-Fyn-Lyn-Yes complex, thrombin stimulated (human)",complex,4,0,0.13473456368193207,0.39079544638997216,0.01651224082934607,0.03224774921286481,0.15092453773113443,0.08195902048975512,0.2940621621646962,0.1838324898026149,False,False
"complex|CD20-LCK-LYN-FYN-p75/80 complex, (Raji human B cell line) (human)",complex,4,0,-0.06945773524720895,-0.12452417698361214,0.05074630325814533,0.10325761753306086,0.8325837081459271,0.7981009495252374,0.8828134402186663,0.8577424466061543,False,False
complex|Slam-SAP-FynT complex (mouse),complex,3,0,0.4537252221462748,0.7798988009338964,0.019497869674185462,0.04350874702044478,0.004997501249375313,0.025987006496751622,0.022964181626001157,0.07914224705828903,True,False
complex|Slam-SAP-SHIP complex (mouse),complex,3,0,0.08730918204602427,0.15780685039128203,0.021148929141034407,0.045392751802819375,0.303848075962019,0.3308345827086457,0.4640385689508188,0.47619087199297094,False,False
complex|Class C VPS/HOPS complex (human),complex,5,0,0.050150375939849653,0.1822903110555762,0.048341431989063564,0.10642096787689152,0.44877561219390305,0.3193403298350825,0.5990404540660261,0.46577939962602977,False,False
complex|CD19-Vav-PI 3-kinase (p85 subunit) complex (human),complex,3,0,-0.16762360446570976,-0.5068453272520134,0.025519571656413755,0.053424800839311816,0.8950524737631185,0.95952023988006,0.9239681848936366,0.9721578235272608,False,False
complex|Sam68-p85 P13K-IRS-1-IR signaling complex (human),complex,3,0,-0.04978354978354985,-0.12413166238869477,0.011632980177717016,0.02829102837703451,0.6116941529235382,0.638680659670165,0.7206402470914288,0.7357402829367347,False,False
complex|POLR2A-CCNT1-CDK9-NCL-LEM6-CPSF2 complex (human),complex,5,0,-0.06202323991797678,-0.19273086372720255,0.062437050580997945,0.13895612143706954,0.9185407296351824,0.9585207396301849,0.9379592406353362,0.972093543072214,False,False
complex|BRD4 complex (human),complex,8,0,0.0800800703056342,0.15394229893388203,0.061097763890245085,0.13596545299487892,0.3493253373313343,0.4047976011994003,0.5073767312148121,0.5455967668339743,False,False
complex|P-TEFb-BRD4-TRAP220 complex (human),complex,4,0,-0.04775575301891096,-0.1482742324781768,0.06477065960355431,0.14413605755594308,0.8195902048975512,0.8610694652673663,0.8752127792145058,0.9041664708596157,False,False
complex|P-TEFb-SKP2 complex (human),complex,3,0,-0.14246981089086352,-0.538990287946454,0.07422642971064025,0.16438493067519006,0.9115442278860569,0.9780109945027486,0.9331086058744901,0.9841709474720004,False,False
complex|HES1 promoter corepressor complex (human),complex,6,0,0.14762816131237186,0.2723416783673546,0.032716365914786945,0.07075169990159137,0.09095452273863068,0.14142928535732133,0.20943740989815512,0.27173785910005216,False,False
complex|HES1 promoter-Notch enhancer complex (human),complex,11,0,0.04064624370844466,0.07457096477953691,0.052260426893680476,0.1166933516529474,0.5337331334332833,0.591704147926037,0.6626202738439506,0.6978816100183867,False,False
complex|ESR1-CDK7-CCNH-MNAT1-MTA1-HDAC2 complex (human),complex,4,0,0.13807245386192757,0.2495926067512202,0.03718137958532692,0.07763649803289106,0.2098950524737631,0.25337331334332835,0.3611864324672792,0.39777503538480197,False,False
complex|RNA polymerase II (RNAPII) (human),complex,16,0,0.08312087035771247,0.27504297675912265,0.04989664359763043,0.11117591614284067,0.1809095452273863,0.05247376311844078,0.3322273434458721,0.1338918992592156,False,False
complex|BRCA1-core RNA polymerase II complex (human),complex,11,0,0.14375318461442863,0.4978893054947414,0.060232370595911265,0.13392676040536514,0.06496751624187906,0.009495252373813094,0.16415758057710803,0.03742246523796925,False,True
complex|SMAD3-SMAD4-cJun-cFos complex (human),complex,3,1,-0.16028708133971295,-0.48797684654916756,0.053601298701298705,0.11725966563354749,0.9160419790104948,0.974512743628186,0.9363283417346445,0.9830320391042944,False,False
complex|SMAD3-SMAD4-CTCF protein-DNA complex (human),complex,3,0,0.22023239917976753,0.4354457388252955,0.07926550467076784,0.17798928674481385,0.2098950524737631,0.24237881059470265,0.3611864324672792,0.3866519121391685,False,False
complex|SMAD3-SMAD4-SP1 complex (human),complex,3,0,0.023422191843244528,0.046980136642524574,0.0519841307814992,0.11567405868678991,0.5132433783108445,0.5252373813093453,0.6468486023978303,0.6481984794887167,False,False
complex|SMAD3-SMAD4-FOXO3-FOXG1 complex (human),complex,3,0,-0.10606060606060604,-0.21143287681235323,0.03532866256550467,0.08002862575017321,0.7961019490254873,0.7721139430284858,0.8562940176726758,0.840063205694167,False,False
"complex|Ubiquitin E3 ligase (CSN1, CSN8, HRT1, SKP1, SKP2, CUL1, CUL2, CUL3) (human)",complex,8,0,0.05082023239917973,0.07705996715723915,0.044348490137681856,0.09802185557723124,0.4047976011994003,0.5022488755622189,0.5593909632010342,0.6272825703804742,False,False
complex|HCF-1 complex (human),complex,19,0,0.08630507688679437,0.16610662337812196,0.049155029919295844,0.10569054090143601,0.12493753123438281,0.17191404297851073,0.25769141248640826,0.3110326369916087,False,False
complex|PXN-ITGB5-PTK2 complex (human),complex,3,0,0.04041922989291417,0.0674626812488947,0.00981676919571656,0.01775970201313187,0.40379810094952523,0.42328835582208896,0.5591257704481093,0.5628488572615101,False,False
complex|SRC-3 complex (human),complex,6,0,0.19421736158578268,0.5085034891625557,0.050735705172020945,0.11306444070431829,0.05347326336831584,0.031984007996002,0.1438652435440311,0.09150245813732252,False,False
complex|SRC-1 complex (human),complex,4,0,0.2180906812485759,0.532149947746218,0.04912162793347002,0.10858266335113288,0.10044977511244378,0.06696651674162919,0.22433783108445776,0.15877791697758428,False,False
complex|Set1B complex (human),complex,6,0,0.121535657325131,0.29050730961822996,0.04667300296195031,0.10277368445659973,0.1664167916041979,0.1374312843578211,0.3162375811179497,0.26871097161699525,False,False
complex|Set1A complex (human),complex,6,0,0.07162907268170422,0.15798173926214892,0.04843537024379128,0.10659913054822107,0.33983008495752126,0.3498250874562719,0.497762402296736,0.4966416313374414,False,False
complex|BLM complex II (human),complex,4,0,0.14769879243563447,0.3593602509714646,0.011109119389382525,0.02290359280349348,0.1329335332333833,0.11344327836081959,0.2688441563054889,0.23236852973907524,False,False
complex|Gata2-Tal1-Tcf3-Lmo2 complex (mouse),complex,3,0,0.06142629300524035,0.1519141439796976,0.01752673729778993,0.038850095181112175,0.36731634182908546,0.3543228385807096,0.524340922322344,0.5009724545487637,False,False
"complex|Ubiquitin ligase complex (TRAF6, TAB2, MALT1, UEV1A, BCL10) (human)",complex,4,0,0.31089086352244233,0.600150768501485,0.059288898382319405,0.12722858475214247,0.033483258370814596,0.05297351324337831,0.1028768160298549,0.13434186447679702,False,False
complex|Gata1-Fog1-MeCP1 complex (mouse),complex,11,0,0.03664574659789968,0.08576740669050632,0.03725884856770023,0.07961365419575213,0.4587706146926537,0.41579210394802596,0.6064237429918226,0.5557272843629665,False,False
complex|FYB-CARMA1-BCL-10-MALT1 complex (human),complex,3,0,0.20248348143084982,0.4619535050202736,0.04261164274322169,0.09377181438274823,0.16491754122938532,0.15542228885557222,0.3139630917813321,0.2879679696280317,False,False
complex|JUND-FOSB-SMAD3-SMAD4 complex (human),complex,4,0,0.07493734335839604,0.23893644159652982,0.058979420141262215,0.12681708168949524,0.4002998500749625,0.30334832583708143,0.5550218882548045,0.448756746982634,False,False
complex|17S U2 snRNP (human),complex,25,1,0.08001799954431534,0.17260910533447738,0.05592703804966962,0.12350143994400582,0.175912043978011,0.20889555222388806,0.32680618545825474,0.3538956459779898,False,False
complex|SMAD3-SMAD4-FOXO3 complex (human),complex,3,0,-0.10606060606060604,-0.21143287681235323,0.03845118478013215,0.08187738471891373,0.8025987006496752,0.769615192403798,0.8614974166663439,0.8395434635623363,False,False
complex|SMAD3-SMAD4-FOXO1 complex (human),complex,3,0,0.09722032353611303,0.17876941070386967,0.07106845522898154,0.1586173131896656,0.39430284857571213,0.431784107946027,0.5485378543146378,0.5704933792645662,False,False
complex|SMAD3-SMAD4-FOXO4 complex (human),complex,3,0,0.05156071998177262,0.0966758726425665,0.052522055137844616,0.11748126948749052,0.46276861569215394,0.48425787106446777,0.609879704817642,0.6144188138062917,False,False
complex|MBD1-Suv39h1-HP1 complex (human),complex,3,0,0.2841649578491685,0.8315693813400301,0.007018945089997719,0.018742192133741616,0.04547726136931534,0.02448775612193903,0.1267869420994201,0.07636797217007112,False,False
complex|TERF2-RAP1 complex (human),complex,7,0,0.13691371285356244,0.46561152609665496,0.05363065944080981,0.11806468250203656,0.12843578210894552,0.038980509745127435,0.26333772896375107,0.10737734580985368,False,False
complex|RAD50-MRE11-NBN-p200-p350 complex (human),complex,3,0,0.4534745955798587,1.7205511555771589,0.05277710184552291,0.11965146890967103,0.015992003998001,0.0014992503748125937,0.05746607665025619,0.008194586917067781,False,True
"complex|Ubiquitin E3 ligase (CRY1, SKP1A, CUL1, FBXL3) (human)",complex,4,0,0.22615629984051036,0.438411110421048,0.031079414445203894,0.06732591994281253,0.06696651674162919,0.09645177411294353,0.16777980129356312,0.20652611838410692,False,False
"complex|Ubiquitin E3 ligase (CRY2, SKP1A, CUL1, FBXL3) (human)",complex,4,0,0.03421052631578947,-0.03717203000630883,0.055226281613123686,0.12433617515437416,0.5197401299350325,0.6941529235382309,0.6514787265389634,0.7810160466895479,False,False
complex|MDC1-H2AFX-TP53BP1 complex (human),complex,3,0,0.028913192071086707,-0.24118401741870224,0.023344736842105262,0.05243922950208457,0.4592703648175912,0.7511244377811095,0.6064237429918226,0.8254420408843198,False,False
complex|MDC1-p53BP1-SMC1 complex (human),complex,3,0,0.3610161768056506,0.629796299784814,0.018064205969469123,0.043222045027441425,0.03498250874562719,0.08595702148925537,0.10469549087127905,0.18912365850972818,False,False
complex|Ecsit complex (Smad1-Smad4-Ecsit2) (mouse),complex,3,0,0.02100706311232618,0.007060062456286875,0.003797345636819317,0.0013498933198642007,0.4197901049475262,0.45977011494252873,0.5735492963111085,0.5931320054258585,False,False
complex|PCNA-CHL12-RFC2-5 complex (human),complex,6,0,0.09129186602870813,0.1402077842391653,0.025162827523353824,0.05841762670673801,0.19740129935032483,0.2978510744627686,0.3507292547054103,0.4431494854292051,False,False
complex|RFC complex (human),complex,5,0,0.2759740259740259,0.7447219267421149,0.03146458304853041,0.07153382659812119,0.02148925537231384,0.01199400299850075,0.07152753751329463,0.044966686331924285,False,True
complex|RAD9-RAD1-HUS1-APE1 complex (human),complex,4,0,-0.017691957165641387,-0.057674084313983055,0.03360724538619273,0.07851693905514077,0.6406796601699151,0.6691654172913544,0.7450681154383615,0.7611481772804726,False,False
complex|9-1-1 complex (human),complex,3,0,-0.08252449305080889,-0.2411871845328147,0.042186785144679884,0.09615800737939638,0.7406296851574213,0.7896051974012993,0.8166184812103232,0.8519532441571421,False,False
complex|RPAP1-RPB2-RPB3 complex (human),complex,3,0,-0.09068124857598543,-0.41738788422146617,0.01949098883572568,0.04199132473399069,0.7221389305347327,0.9005497251374313,0.8020762346099678,0.9301053103483067,False,False
complex|BRCA1-BARD1-BACH1-DNA damage complex II (human),complex,6,0,0.39130097972203237,1.0694793844266022,0.03793058783321939,0.08295867589003268,0.0009995002498750624,0.0009995002498750624,0.00584778033518452,0.005782624008330097,True,True
complex|BRCA1-BARD1-BACH1-DNA damage complex I (human),complex,4,0,0.4145933014354067,0.7025496106233625,0.026151566416040075,0.05625424825937855,0.00399800099950025,0.035982008995502246,0.019311274595260507,0.10058496996454665,True,False
complex|BRCA1-RNA polymerase II complex (human),complex,22,0,0.09296470219231666,0.2921595060886363,0.04931860584164069,0.1087350016302501,0.09245377311344327,0.018490754622688656,0.2124186800405107,0.062144494095994075,False,False
complex|RSmad complex (human),complex,10,0,0.14559276980329605,0.3261381872572124,0.05663333485228222,0.12417102882890008,0.063968015992004,0.063968015992004,0.16222413823613224,0.15341982588382483,False,False
complex|TIF1gamma-SMAD2-SMAD3 complex (human),complex,3,0,0.10387331966279338,0.2535933838274806,0.07571687172476646,0.17334372523077832,0.39980009995002497,0.3828085957021489,0.5546992702713439,0.5255079003789579,False,False
complex|SMAD4-SMAD2-SMAD3 complex (human),complex,3,0,0.15666438824333553,0.2249827935007113,0.07257500569605832,0.16815112934228205,0.2978510744627686,0.38580709645177413,0.4565584366488342,0.5282276462296209,False,False
complex|Profilin 1 complex (human),complex,5,0,0.16070403280929596,0.32909170436300367,0.05356586466165413,0.11108963587386408,0.1424287856071964,0.15342328835582209,0.2817377025772828,0.2860504218267886,False,False
complex|AR coactivator complex (human),complex,3,0,0.2997038049669629,0.7628146535027849,0.05297477785372523,0.11926817846679247,0.07946026986506746,0.063968015992004,0.1921291973338127,0.15341982588382483,False,False
complex|DAXX-Axin-p53-HIPK2 complex (human),complex,4,0,0.23340168603326497,0.567541175604167,0.022472994987468645,0.04907699240547651,0.053973013493253376,0.05147426286856572,0.1448345594644538,0.13199017775063088,False,False
complex|BAX-BAK-IRE1alpha complex (mouse),complex,3,0,0.11970836181362499,0.31400772536677496,0.06687583732057416,0.14910449361479403,0.3553223388305847,0.3073463268365817,0.5146474879714955,0.45305771528713995,False,False
complex|ITGAV-ITGB3-THBS1 complex (human),complex,3,0,-0.033105491000227825,-0.07276200850544538,0.03339609250398724,0.07354860803631348,0.6261869065467266,0.6281859070464768,0.7343818209472338,0.7289062172824203,False,False
complex|ING2 complex (human),complex,10,0,0.09960507328928381,0.17435954783616964,0.04275472924736082,0.08990163112716688,0.13343328335832083,0.20739630184907545,0.2693303494025582,0.35164254607390183,False,False
complex|ITGA5-ITGB1-CAL4A3 complex (human),complex,3,0,-0.22039188881294147,-0.4494932466310389,0.036412303485987695,0.07988689119762757,0.9760119940029985,0.9540229885057471,0.9807338710905795,0.9684778822709857,False,False
complex|ITGA2b-ITGB3-CD9-GP1b-CD47 complex (human),complex,5,0,0.31503759398496245,0.4188802700960744,0.02948345522898154,0.0672468829008948,0.005497251374312844,0.07096451774112944,0.024821285009669077,0.1654245828825206,True,False
complex|BRD4-P-TEFb complex (human),complex,3,0,0.07600820232399186,0.21760788203220974,0.05873209159261791,0.13422358790997457,0.42028985507246375,0.37181409295352325,0.5735492963111085,0.5151820353999118,False,False
complex|P-TEFb-7SKRNA-HEXIM1 complex (human),complex,3,0,0.007518796992481258,-0.021482175454779078,0.06811719070403283,0.14903337542550973,0.5957021489255372,0.638680659670165,0.7078222902278838,0.7357402829367347,False,False
"complex|SCF subcomplex (WEE1, SKP2, BTRC) (human)",complex,3,0,0.3027568922305764,0.6841063620853877,0.035256220095693784,0.07725518774711827,0.07446276861569215,0.08595702148925537,0.18259642315796057,0.18912365850972818,False,False
"complex|Ubiquitin E3 ligase (CUL1, RBX1, SKP1A) (human)",complex,3,0,-0.033675096832991525,-0.17453928140796338,0.04978154477101846,0.10712633581574801,0.6416791604197901,0.7646176911544228,0.7453957584965907,0.8349689508558024,False,False
complex|ITGA2b-ITGB3-CD47-FAK complex (human),complex,4,0,0.36789701526543633,0.4965686617344945,0.03219590453406241,0.07245788172108733,0.011494252873563218,0.06996501749125437,0.04487511883156166,0.16346157629846494,True,False
"complex|PLC-gamma-1-Lab-Blnk complex, BCR stimulated (mouse)",complex,3,0,-0.10760993392572334,-0.17115132997342042,0.059420551378446124,0.12580191772723284,0.8330834582708646,0.7856071964017991,0.8828134402186663,0.8489626154664603,False,False
"complex|PLC-gamma-2-Lab-Blnk complex, BCR stimulated (mouse)",complex,3,0,0.018478013214855354,0.023493893456595288,0.03511664388243336,0.07583602796027258,0.5027486256871564,0.5252373813093453,0.6382694960588164,0.6481984794887167,False,False
"complex|Grb2-Lab-Blnk complex, BCR stimulated (mouse)",complex,3,0,0.1952836637047164,0.320224984707653,0.05947016404647984,0.1251364994197117,0.20539730134932535,0.2813593203398301,0.3575944634556151,0.42562513353665477,False,False
complex|PLC-gamma-2-Syk-LAT-FcR-gamma complex (human),complex,3,0,-0.175393028024607,-0.3205224506689781,0.047911836409204836,0.10932337813489491,0.9225387306346826,0.8935532233883059,0.9401928084044336,0.9256409201882849,False,False
complex|SMRT-SKIP-CBF1 complex (human),complex,3,0,-0.07012987012987011,-0.11966029182687639,0.0728607769423559,0.16486229860562993,0.7821089455272364,0.7531234382808596,0.8478289560856316,0.8272011535216,False,False
complex|Ku antigen-YY1-alphaMyHC promoter complex (human),complex,3,0,0.05279106858054224,0.22102453820689405,0.06693941672362726,0.15075217180958897,0.4942528735632184,0.3853073463268366,0.6331492294518175,0.5278913973092609,False,False
complex|SHARP-CtBP complex (human),complex,3,0,0.002893597630439763,-0.06637080415195262,0.0702609250398724,0.1567454015545008,0.6271864067966016,0.7136431784107946,0.7351389203817955,0.7939137019599466,False,False
"complex|LAT-PLC-gamma-1-p85-GRB2-SOS signaling complex, C305 activated (human)",complex,5,0,-0.09498291182501706,-0.2381419725150855,0.059889829118250165,0.13185022950793043,0.9685157421289355,0.9810094952523738,0.9746158897295538,0.9852788789357739,False,False
complex|SHARP-CtBP1-CtIP complex (human),complex,3,0,-0.10758714969241286,-0.25556968463063007,0.008006858054226473,0.006515381781574026,0.7496251874062968,0.7571214392803598,0.8233588123970801,0.8296191735533708,False,False
complex|SHARP-CtIP-RBP-Jkappa complex (human),complex,3,0,0.16010480747322844,0.3174190280004338,0.009666860332649805,0.017192521902871877,0.1924037981009495,0.2028985507246377,0.3459936698317508,0.347419859732129,False,False
complex|SHARP-CtBP1-CtIP-RBP-Jkappa corepressor complex (human),complex,4,0,0.0026657552973342233,-0.01933367560014994,0.027175313283208,0.05863600959875848,0.527736131934033,0.5637181409295352,0.6577613471441737,0.6787493209916781,False,False
complex|Notch1-p56lck-PI3K complex (human),complex,3,0,-0.15511506037821823,-0.3562014754764786,0.03718307131465026,0.08404799952601925,0.8900549725137431,0.9045477261369316,0.9197234715975345,0.9328429132007979,False,False
complex|RBP-Jkappa-RING1-KyoT2 complex (human),complex,3,0,-0.19737981316928688,-0.4350042312375038,0.03947328548644338,0.09044697573387928,0.9330334832583708,0.92103948025987,0.947633518204223,0.9442245807007651,False,False
complex|YY1-Notch1-RBP-Jkappa complex (human),complex,3,0,0.022100706311232548,0.06891973028885816,0.07181099339257234,0.1667998986539766,0.5702148925537232,0.5562218890554723,0.6885676347872576,0.6732359344803124,False,False
complex|Smad1-Notch1-p300-Pcaf complex (mouse),complex,4,0,0.14792663476874002,0.27380002029758765,0.019683640920483,0.043580669193699344,0.1359320339830085,0.18590704647676162,0.27325825997319564,0.3280619673171061,False,False
"complex|LCK-SLP76-PLC-gamma-1-LAT complex, pervanadate-activated (human)",complex,4,0,0.43069036226930973,0.8164282031523841,0.054647311460469326,0.12168074869546078,0.0069965017491254375,0.019490254872563718,0.030657666947117163,0.06466654851487995,True,False
"complex|PLC-gamma-1-LAT-c-CBL complex, OKT3 stimulated (human)",complex,3,0,0.02804739120528595,-0.07945551641482362,0.06013307131465027,0.13010955509337646,0.5222388805597201,0.6796601699150425,0.6538216726477026,0.7680381789518734,False,False
"complex|SLP-76-PLC-gamma-1-ITK complex, alpha-TCR stimulated (human)",complex,3,0,0.3784916837548417,0.7108172470944786,0.04425823650034177,0.0938606655282891,0.035982008995502246,0.054972513743128434,0.10691649883212899,0.13789602783149488,False,False
"complex|SLP-76-PLC-gamma-1-VAV complex, alpha-TCR stimulated (human)",complex,3,0,0.14814308498519022,0.3903592375313763,0.04765002278423331,0.10499010637347478,0.25787106446776614,0.19940029985007496,0.4132702167434802,0.3439820787280778,False,False
"complex|mTORC2 complex (mTOR/FRAP1, LST8, mAVO3/RICTOR) (human)",complex,3,0,-0.018910913647755805,-0.053618012699655125,0.061882706766917296,0.1306273716339849,0.6621689155422289,0.672663668165917,0.7611094839962421,0.7634548845795681,False,False
complex|SMAD3-E2F4/5-p107-DP1 complex (human),complex,5,0,0.12500341763499656,0.2647293786909186,0.040342218045112774,0.08738315413550048,0.1839080459770115,0.20539730134932535,0.3356564248631396,0.34996734610545427,False,False
complex|Axin-PP2A A-PP2A C-GSK3-beta-beta-catenin complex (human),complex,4,0,0.21189336978810655,0.3914547861533751,0.03365797448165867,0.07049594818185013,0.08745627186406797,0.127936031984008,0.20363977204223002,0.2564895158598307,False,False
complex|APC-Axin-1-beta-catenin complex (human),complex,3,0,-0.04317612212349061,-0.10353760774422671,0.008404534062428796,0.027908541412747085,0.5907046476761619,0.6096951524237881,0.704301695306193,0.7122254395861687,False,False
complex|60S APC containing complex (human),complex,7,0,0.04470917553624317,0.0998423541969523,0.034695869543989837,0.07731125386632985,0.39030484757621187,0.391304347826087,0.5448005164084624,0.5336435524850838,False,False
"complex|p27-cyclinE-Cdk2 - Ubiquitin E3 ligase (SKP1A, SKP2, CUL1, CKS1B, RBX1) complex (human)",complex,7,0,0.0884483937115516,0.3151295941188098,0.04442834521368356,0.09559754889344878,0.23088455772113944,0.08045977011494253,0.383853999517813,0.18204242105526758,False,False
complex|TGF-beta receptor II-TGF-beta receptor I-TGF-beta1 complex (human),complex,3,0,-0.10435178856231486,-0.17900992009164232,0.046957416267942594,0.10269159126831545,0.816591704147926,0.777111444277861,0.8733578627781887,0.8424115186665541,False,False
complex|Drosha complex (mouse),complex,6,0,0.454563681932103,1.1934254891844842,0.04464194121667804,0.09469235313674955,0.0004997501249375312,0.0004997501249375312,0.003264091224827838,0.003233585699362157,True,True
"complex|RNA-induced silencing complex, RISC (human)",complex,3,0,-0.21075415812257917,-0.4890822500102378,0.026356630211893366,0.054317393097583336,0.9565217391304348,0.9625187406296851,0.965821901883283,0.9737707863067979,False,False
"complex|Ubiquitin E3 ligase (SKP1A, SKP2, CUL1, CKS1B, RBX1) (human)",complex,5,0,0.04660970608339028,0.21902813077653463,0.04800536226930963,0.10387944917711761,0.4482758620689655,0.25087456271864067,0.5990404540660261,0.3956465199442799,False,False
complex|Multisynthetase complex (human),complex,9,0,0.221943115364168,0.6206640244305927,0.04949009930128351,0.10747508593301353,0.009495252373813094,0.0024987506246876563,0.038594205832504495,0.012475733287202553,True,True
complex|SKI-NCOR1-SIN3A-HDAC1 complex (human),complex,4,0,0.00524037366142623,-0.003351602325748789,0.055971582365003394,0.12330608119516913,0.6106946526736632,0.6366816591704147,0.7202798373669498,0.7346598922760842,False,False
complex|hs4 enhancer complex (faster migrating complex) (human),complex,5,0,-0.03775803144224201,-0.10511110785911049,0.07114825017088174,0.1612049833591428,0.8755622188905547,0.8905547226386806,0.9115502399176352,0.9234558956168446,False,False
complex|MAD1-mSin3A-HDAC2 complex (human),complex,3,0,-0.07413989519252688,-0.14582711452243435,0.06449006607427661,0.1483946227837041,0.7861069465267366,0.7666166916541729,0.85038756663335,0.8367119645642234,False,False
"complex|RNA polymerase II complex, chromatin structure modifying (human)",complex,23,0,0.07222205711908229,0.1958055100705557,0.044645081577461436,0.0986927916986444,0.16541729135432284,0.08195902048975512,0.31462611185249867,0.1838324898026149,False,False
"complex|RNA polymerase II complex, incomplete (CDK8 complex), chromatin structure modifying (human)",complex,7,0,0.018298994238843846,0.047442418932544354,0.06752093871041237,0.14907390014496333,0.7306346826586707,0.7116441779110445,0.8084860073958758,0.7925388512178227,False,False
complex|CTF18-cohesion-RFC-POLH complex (human),complex,6,1,0.0456596035543404,0.17686280487034658,0.02847312599681019,0.0655732621428757,0.35732133933033483,0.24687656171914044,0.5168220207445025,0.39142184632874405,False,False
complex|CTLH complex (human),complex,5,0,0.24663021189336973,0.4647517726480081,0.07205233082706766,0.16372860343279041,0.06296851574212893,0.11494252873563218,0.16067027911105872,0.23520751939301285,False,False
complex|UTX-MLL2/3 complex (human),complex,8,0,0.10352260521433451,0.24626534298176342,0.04611769114344302,0.10422089817068458,0.18590704647676162,0.17641179410294852,0.33752529329740727,0.3172357544171637,False,False
complex|DGCR8 multiprotein complex (human),complex,11,0,0.21760144162058032,0.5896912272616956,0.04788886720934567,0.10016103337427866,0.00399800099950025,0.0014992503748125937,0.019311274595260507,0.008194586917067781,True,True
complex|ITGA6-ITGB4-SHC1-GRB2 complex (human),complex,3,0,-0.2554568238778765,-0.382540968461679,0.054564604693552066,0.11492243139742046,0.9865067466266867,0.9245377311344328,0.9898427597795306,0.9464094960898064,False,False
complex|DHX9-ADAR-vigilin-DNA-PK-Ku antigen complex (human),complex,5,0,0.17887901572112092,0.5828405132747072,0.061471473000683514,0.13510847303852141,0.11894052973513243,0.04247876061969016,0.24953482854532327,0.11428547384338919,False,False
complex|ITGAV-ITGB3-SLC3A2 complex (human),complex,3,0,-0.08081567555251772,-0.18512384066406096,0.03362554112554113,0.07525732982961858,0.7321339330334833,0.7381309345327336,0.8097136202931549,0.8167810074717569,False,False
complex|ITGAV-P2RY2-GNA12 complex (human),complex,3,0,0.12412850307587149,0.21038255956530616,0.055765208475734795,0.12346535555207004,0.3248375812093953,0.38980509745127434,0.4836976644104577,0.5322979535873089,False,False
complex|OCT1-OBF1-DNA-TLE1 complex (human),complex,3,0,0.17812713602187266,0.36291357530292984,0.03407517657780817,0.07603003184751253,0.20089955022488756,0.22338830584707647,0.35391718898820307,0.3697031962106596,False,False
complex|TLE-Histone H3 complex (human),complex,5,0,0.03798359535201641,0.06517055244765366,0.031240772385509225,0.06872522293542291,0.4172913543228386,0.45527236381809094,0.5713343064789294,0.5895266207295354,False,False
"complex|Gamma-secretase complex (APH1B, PSEN1, PSENEN, NCSTN) (human)",complex,4,0,0.3392686261107312,0.5873091821859541,0.028260469355206173,0.0597279914047837,0.013993003498250875,0.0399800099950025,0.05227242493860984,0.1092611588942371,False,False
complex|STAT6-p100-RHA complex (human),complex,3,0,0.017247664616085734,0.02895232552714792,0.04787836637047164,0.1031646214328745,0.5262368815592204,0.5412293853073463,0.6572423349359596,0.6624239441858328,False,False
complex|NK-3-Groucho-HIPK2-SIN3A-RbpA48-HDAC1 complex (human),complex,8,0,0.030241187384044528,0.05592231884923958,0.02775259007909383,0.05906420378283632,0.4102948525737131,0.4447776111944028,0.5651076981403197,0.5806430537088464,False,False
complex|CBF1-HDAC1-SMRT complex (human),complex,3,0,-0.17771701982228302,-0.3737891432438228,0.03983161312371839,0.08822616088269461,0.9230384807596201,0.9110444777611194,0.9402407673063908,0.9381454537976425,False,False
complex|AXIN-APC-betaCatenin-GSK3B complex (human),complex,4,0,0.09604693552061978,0.20816691980786825,0.018319195716564114,0.040679233505604144,0.23138430784607697,0.23338330834582707,0.383853999517813,0.3801859854386532,False,False
complex|NCOR-SIN3-HDAC-HESX1 complex (human),complex,5,0,0.03390293916609708,0.05693827247819074,0.05486251879699248,0.12490916185225251,0.5362318840579711,0.5692153923038481,0.663394521526395,0.6825983659440488,False,False
complex|Daxx-Axin-p53 complex (human),complex,3,0,0.2749145591250854,0.7004987859509578,0.016081465026201867,0.033393698645517916,0.08545727136431784,0.0769615192403798,0.20124121612663054,0.17623933347548937,False,False
complex|NUMB-TP53-MDM2 complex (human),complex,3,0,0.0671679197994987,0.11102569279122203,0.06307682843472318,0.1377981987925384,0.4497751124437781,0.4912543728135932,0.5998851119661465,0.6191355171928599,False,False
"complex|G protein complex (Hdac4, Gnb1, Gng2) (mouse)",complex,3,0,0.16185919343814067,0.45288682317247925,0.02315208475734791,0.05226911685003762,0.18140929535232383,0.12543728135932034,0.3322637622987448,0.2524546835109577,False,False
"complex|G protein complex (Hdac5, Gnb1, Gng2) (mouse)",complex,3,0,0.25716564137616765,0.7400596942995957,0.038037947140578725,0.08545087505950016,0.09845077461269365,0.051974012993503245,0.2217811918335843,0.13294338052648552,False,False
"complex|G protein complex (Btk, Gng2, Gnb1) (mouse)",complex,3,0,0.18124857598541796,0.5404229452035191,0.05284044201412622,0.11373611543884732,0.21639180409795103,0.13143428285857073,0.3693063082263306,0.26248942836274175,False,False
complex|SMAD2-SKI-NCOR complex (human),complex,3,0,-0.19510138983823191,-0.2744820859841944,0.0668271018455229,0.15518539572620155,0.9580209895052474,0.8705647176411794,0.9659269879623296,0.9118320315384415,False,False
complex|SMAD3-SKI-NCOR complex (human),complex,3,0,0.2249715197083617,0.3523036187655812,0.070879346092504,0.15649340512512225,0.18840579710144928,0.2753623188405797,0.3399816164897569,0.4217754691975546,False,False
complex|SMAD4-SKI-NCOR complex (human),complex,3,0,-0.08395989974937342,-0.11290664306663507,0.061787753474595586,0.13962500682178733,0.7871064467766117,0.7271364317841079,0.851025554375337,0.806764085905765,False,False
"complex|PTF1 complex (Ptf1a, Tcf12, Rbpj) (mouse)",complex,3,0,-0.1732740943267259,-0.6217668664420962,0.004083925723399402,0.007139898453481071,0.8950524737631185,0.9800099950024987,0.9239681848936366,0.9852278604163551,False,False
complex|SCAMP1-SCAMP2-SCAMP3 complex (human),complex,3,0,0.08771929824561402,0.38764935530989586,0.04586361357940306,0.102367958031524,0.36481759120439783,0.2063968015992004,0.5222096050527459,0.350807002390785,False,False
complex|HERP1/HEY2-NCOR-SIN3A complex (human),complex,3,0,0.03713830029619499,0.06627386547138518,0.04287682843472318,0.09832211374848358,0.4832583708145927,0.49725137431284355,0.6269379364034411,0.6236661258742608,False,False
complex|RB1-HDAC1-BRG1 complex (human),complex,3,0,-0.0033948507632718763,0.003916068764448906,0.046932273866484395,0.10254581889527796,0.5687156421789106,0.5562218890554723,0.6871567125105278,0.6732359344803124,False,False
complex|Gamma-secretase-Delta1 complex (human),complex,4,0,0.5214855320118478,0.8603281560814765,0.05052368421052629,0.1103883452541331,0.0014992503748125937,0.010494752623688156,0.008461801707841731,0.04051598735948011,True,True
complex|Tetrameric COG subcomplex (human),complex,3,0,0.46101617680565043,1.2707264367542639,0.006789621781727044,0.017499941060362068,0.0034982508745627187,0.001999000499750125,0.01729968349158754,0.010431969944675903,True,True
complex|Limd1-p62-Traf6-Prkcz complex (mouse),complex,4,0,-0.09349510138983826,-0.2145143637310487,0.0379721405787195,0.08240858780055811,0.8645677161419291,0.8470764617691154,0.9046383609202955,0.8935387562694022,False,False
complex|COG2-COG3-COG4 subcomplex (human),complex,3,0,0.2991341991341991,1.0543873606677285,0.016197949419002048,0.030358657986217466,0.06446776611694154,0.014492753623188406,0.16309324022519803,0.0514554688467732,False,False
complex|COG5-COG6-COG7 subcomplex (human),complex,3,0,0.46101617680565043,1.2707264367542639,0.0014563568010936428,0.00513081404879426,0.0069965017491254375,0.005997001499250375,0.030657666947117163,0.026278000240386137,True,True
complex|COG1-COG8-COG2-COG3-COG4 subcomplex (human),complex,4,0,0.22500569605832763,0.7375078747323406,0.03881348826611982,0.08001500724877687,0.08845577211394302,0.030984507746126936,0.20504758781323623,0.08988103713506375,False,False
complex|COG1-COG8-COG5-COG6-COG7 subcomplex (human),complex,4,0,0.2623376623376623,0.7571310132922888,0.015986933242196372,0.03293476384314657,0.034482758620689655,0.009495252373813094,0.10394875131374805,0.03742246523796925,False,True
"complex|Traf6-p62-aPKC complex, RANK-L stimulated (mouse)",complex,3,0,0.01271360218728638,0.031961890500673405,0.05530252904989747,0.12231171878693727,0.5732133933033483,0.5622188905547226,0.6905824929762497,0.6777299104365403,False,False
complex|GammaH2AFX-NDHII-Ku70-DNA complex (human),complex,3,0,0.016154021417179292,0.05191409035217406,0.05713845978582822,0.12862163726962852,0.5372313843078461,0.5247376311844077,0.663394521526395,0.6481984794887167,False,False
complex|NR3C2-UBC9-SRC-1 complex (human),complex,3,0,-0.060446570972886825,-0.06018918842720744,0.04603915470494418,0.10511438326382869,0.7106446776611695,0.6456771614192903,0.7915578652260151,0.7427279719299177,False,False
complex|Pericentrin-GCP complex (human),complex,3,0,-0.012075643654591017,-0.0005296238254233939,0.04577587149692413,0.1013375276840402,0.6066966516741629,0.5817091454272864,0.7167855207777226,0.6904056543156993,False,False
complex|Pericentrin-GCP complex (mouse),complex,3,0,-0.012075643654591017,-0.0005296238254233939,0.05251785144679882,0.12101515588881025,0.5957021489255372,0.5667166416791605,0.7078222902278838,0.6811750374812594,False,False
complex|SKI-SMAD2-SMAD4  pentameric complex (human),complex,3,0,-0.10713146502620186,-0.17377347145383185,0.06656471861471863,0.14708823556990983,0.8450774612693653,0.7906046976511744,0.8927903799880325,0.8521463191600878,False,False
complex|SKI-SMAD3-SMAD4  pentameric complex (human),complex,3,0,-0.02731829573934837,-0.048356693994517475,0.06657846889952154,0.14669881232986676,0.6781609195402298,0.6636681659170415,0.7701149425287356,0.7561375647886424,False,False
complex|CREBBP-SMAD2-SMAD4 pentameric complex (human),complex,3,0,0.012007290954659355,-0.005338008981638165,0.048981180223285486,0.10808541965157317,0.5402298850574713,0.5797101449275363,0.6659094784951738,0.6896093762969604,False,False
complex|CREBBP-SMAD3-SMAD4 pentameric complex (human),complex,3,0,0.029984051036682596,0.04047843094944792,0.04674718614718614,0.09923128825153679,0.49825087456271866,0.5262368815592204,0.6368412716718564,0.6490463200703687,False,False
complex|SMAD3-cSKI-SIN3A-HDAC1 complex (human),complex,4,0,0.11364775575301889,0.16899105634795553,0.05917936318067895,0.13448397506598883,0.28735632183908044,0.3893053473263368,0.4457349368631591,0.5322979535873089,False,False
"complex|mTORC2 complex (mTOR/FRAP1, LST8, mAVO3/RICTOR, SIN1) (human)",complex,4,0,0.05226703121439965,0.2183085928574743,0.06984756778309406,0.15286409789823904,0.5177411294352824,0.36081959020489757,0.6497572965782971,0.5064004385947188,False,False
complex|mTOR-RAPTOR complex (human),complex,3,0,0.27507404875825925,0.5043429658274253,0.08260017088174984,0.1838997985268955,0.14392803598200898,0.21139430284857572,0.2841621014587763,0.3566224163585144,False,False
complex|Axin-Dvl-Gsk complex (mouse),complex,3,0,0.009614946457051632,0.11065199422185963,0.039756652996126685,0.08736602826245662,0.5432283858070964,0.43778110944527737,0.6680197497462045,0.5754882052644564,False,False
complex|Axin-Dvl-Gsk-Frat1 complex (mouse),complex,4,0,0.12934609250398718,0.38633289639407825,0.05308488266119842,0.11862083078916946,0.25737131434282856,0.17991004497751126,0.412787814586915,0.32047441116491504,False,False
complex|HSP90-FKBP38-CAM-Ca(2+) complex (human),complex,4,0,0.1135794030530873,0.24802950330755932,0.054308606744133035,0.11251495306063757,0.29235382308845576,0.2613693153423288,0.4511284476632411,0.40724986344037284,False,False
"complex|EIF3 core complex (EIF3A, EIF3B, EIF3G, EIF3I) (human)",complex,4,0,0.19204830257461833,0.5439281419544492,0.04362790498974707,0.09110068390509045,0.11544227886056972,0.06346826586706647,0.24466695223816665,0.15310521278269112,False,False
"complex|EIF3 complex (EIF3A, EIF3B, EIF3G, EIF3I, EIF3C) (human)",complex,4,0,0.19204830257461833,0.5439281419544492,0.04702130895420366,0.09995675041000784,0.12393803098450774,0.06896551724137931,0.2566493423278391,0.16222126762213457,False,False
"complex|EIF3 complex (EIF3B, EIF3G, EIF3I) (human)",complex,3,0,0.5114376851218957,1.4601804262976694,0.050019480519480526,0.11565825698920955,0.0079960019990005,0.001999000499750125,0.034032164245745976,0.010431969944675903,True,True
"complex|EIF3 complex (EIF3B, EIF3J, EIF3I) (human)",complex,3,0,-0.15178856231487817,-0.3836457224668816,0.06819715197083619,0.14970039457657047,0.9195402298850575,0.9335332333833083,0.938057493846397,0.9537375925908171,False,False
"complex|EIF3 complex (EIF3A, EIF3B, EIF3G, EIF3I, EIF3J) (human)",complex,5,0,0.02394395078605598,0.08415447359669467,0.04687905331510595,0.1024451200138795,0.5487256371814093,0.4802598700649675,0.6712032676241385,0.6115878296290236,False,False
complex|p32-CBF-DNA complex (human),complex,3,0,0.1742082478924584,0.39401518837444804,0.07825796308954204,0.17466024837269561,0.2768615692153923,0.25787106446776614,0.4326873433110382,0.4024028556720889,False,False
complex|beta(1)-AR receptosome (ADRB1-SAP97-AKAP79-PRKAR2A) (human),complex,3,0,-0.18304853041695146,-0.5121837403624198,0.025914080656185917,0.05815909306523122,0.9110444777611194,0.9535232383808095,0.9330568936439078,0.9684438954117073,False,False
complex|SVIP-p97/VCP-DERL1 complex (human),complex,3,0,0.07174755069491907,0.12728140471475755,0.05148632946001367,0.11245755824234945,0.41829085457271364,0.44177911044477763,0.5719487195177921,0.5781077365659525,False,False
complex|gp78-p97/VCP-DERL1 complex (human),complex,3,0,0.2782638414217362,0.7164394556295842,0.050605377079061285,0.1071957188583367,0.09945027486256872,0.062468765617191405,0.22282440225410488,0.15139746346196797,False,False
complex|p97/VCP-VIMP-DERL1-DERL2-HRD1-SEL1L complex (human),complex,5,0,0.15223513328776486,0.34194789639663536,0.055131319207108676,0.1227493816473177,0.15342328835582209,0.1489255372313843,0.2969805870596854,0.28043367255628754,False,False
complex|CyclinD3-CDK4-CDK6 complex (human),complex,3,0,0.19136477557530185,0.5751067691172685,0.06367036910457964,0.13894755234278067,0.21739130434782608,0.1199400299850075,0.37009978617248757,0.24351460633319705,False,False
complex|CyclinD3-CDK4-CDK6-p21 complex (human),complex,4,0,0.06479835953520167,0.12231114514581669,0.04968643198906354,0.10836504747242726,0.41679160419790107,0.45377311344327836,0.5713343064789294,0.5883188243581081,False,False
"complex|pRb2/p130-multimolecular complex (DNMT1, E2F4, SuV39H1, HDAC1, RBL2) (human)",complex,5,0,0.21092276144907718,0.5788113033924971,0.026184555707450444,0.0550237241527295,0.0384807596201899,0.019490254872563718,0.11147076392068958,0.06466654851487995,False,False
"complex|pRb2/p130-multimolecular complex (RB2, E2F4, HDAC1, SUV39H1, P300) (human)",complex,5,0,0.016103896103896086,0.09382977279834534,0.025189634313055365,0.05240266624712293,0.4892553723138431,0.37681159420289856,0.630386729712067,0.521063702502943,False,False
"complex|DCS complex (Ptbp1, Ptbp2, Hnrph1, Hnrpf) (mouse)",complex,3,0,0.15219867851446792,0.4197701314155893,0.044863260423786744,0.09307818747114406,0.25037481259370314,0.1794102948525737,0.4050066088451102,0.32013331822061475,False,False
complex|p19-Cdk4-cyclinD2 complex (mouse),complex,3,0,0.03745727956254282,0.20536247416981426,0.024231396673501937,0.05192953798678469,0.42028985507246375,0.3008495752123938,0.5735492963111085,0.4466508704189721,False,False
complex|SMARCA2/BRM-BAF57-MECP2 complex (human),complex,3,0,0.1147641831852358,0.33412503909790586,0.06902935748462065,0.15941832690536858,0.36281859070464767,0.29185407296351823,0.5215046456010749,0.4364153416452321,False,False
complex|ELK1-SRF-ELK3 complex (human),complex,3,0,0.2735247208931419,0.6889299698709305,0.0704897357028936,0.15541962798343867,0.12993503248375812,0.09745127436281859,0.26562506148500553,0.20780933968334106,False,False
complex|AP1G1-PACS1-FURIN complex (human),complex,3,0,-0.10442014126224668,-0.2861894151925834,0.056332615629984054,0.12317612598619129,0.8300849575212393,0.8765617191404298,0.8814347938505185,0.9155284305638346,False,False
complex|Smarcb1/Ini1-Smarca2-Mecp2 complex (mouse),complex,3,0,0.1670312143996354,0.4391970663092364,0.07375221007063112,0.15899416174127237,0.271864067966017,0.20589705147426288,0.42809830869250737,0.3502442063161703,False,False
complex|SWI/SNF-related complex (mouse),complex,5,0,0.09451811346548182,0.23836247508802605,0.0761951059466849,0.17002086522376098,0.3743128435782109,0.33683158420789605,0.5288760381713905,0.4828151831606626,False,False
complex|MGC1-DNA-PKcs-Ku complex (human),complex,3,0,0.10667578035999085,0.3530005249006125,0.02160927318295739,0.051326297580405134,0.2753623188405797,0.1904047976011994,0.4319694382416043,0.3340124701162932,False,False
"complex|Polycystin-1 multiprotein complex (ACTN1, CDH1, SRC, JUP, VCL, CTNNB1, PXN, BCAR1, PKD1, PTK2, TLN1) (human)",complex,9,0,0.04124705703653069,0.07197644507044003,0.021244435900356944,0.04527287674795384,0.3003498250874563,0.34332833583208394,0.4593715660579136,0.48976164390332305,False,False
complex|NCOA6-DNA-PK-Ku-PARP1 complex (human),complex,4,0,0.15053542948279786,0.5705492703902837,0.06471978810663019,0.14244733882323796,0.22788605697151423,0.08545727136431784,0.380787884416601,0.1886235415767143,False,False
complex|DNA-PK-Ku-eIF2-NF90-NF45 complex (human),complex,7,0,0.13643849884451387,0.3740140994022777,0.05327035771246297,0.11612694432538877,0.12693653173413294,0.06696651674162919,0.2612955167609456,0.15877791697758428,False,False
complex|SWI/SNF chromatin-remodeling complex (human),complex,5,0,0.17885167464114832,0.4390236950690534,0.05715911483253588,0.12158552501470168,0.11544227886056972,0.08095952023988005,0.24466695223816665,0.1825764642108913,False,False
"complex|SWI/SNF chromatin-remodeling complex (Mecp2, Smarc) (mouse)",complex,5,0,0.09451811346548182,0.23836247508802605,0.07650056049213944,0.1673798850668178,0.3803098450774613,0.3308345827086457,0.5355278293056862,0.47619087199297094,False,False
complex|YWHAQ-CALM1-CABIN1 complex (human),complex,3,0,0.07760309865573019,0.16750624135455228,0.03582907268170426,0.07545384744695308,0.3743128435782109,0.3618190904547726,0.5288760381713905,0.5064004385947188,False,False
"complex|TNF-alpha/NF-kappa B signaling complex (CHUK, KPNA3, NFKB2, NFKBIB, REL, IKBKG,  NFKB1, NFKBIE, RELB,  NFKBIA, RELA, TNIP2) (human)",complex,10,1,0.04583276372750055,0.11886891000305731,0.048275988455988454,0.10908774610935743,0.47226386806596704,0.4207896051974013,0.6188593400460654,0.5606029570205275,False,False
"complex|TNF-alpha/NF-kappa B signaling complex (SEC16A, CHUK, IKBKB, NFKB2, REL, IKBKG, MAP3K14, RELA, FBXW7, USP2) (human)",complex,8,0,0.16950981349477592,0.3699621340576554,0.06186222536861634,0.13878920612111245,0.07646176911544228,0.08995502248875563,0.1868365817091454,0.19523153783609762,False,False
complex|PTIP-HMT complex (human),complex,6,1,0.13178400546821595,0.33064890085660453,0.05851037593984961,0.12900948125324443,0.17641179410294852,0.14442778610694654,0.32744173043058455,0.27470376533345053,False,False
"complex|TNF-alpha/NF-kappa B signaling complex (CHUK, BTRC, NFKB2, PPP6C, REL, CUL1, IKBKE, SAPS2, SAPS1, ANKRD28, RELA, SKP1) (human)",complex,10,0,0.05794638110427584,0.0893755359674564,0.056176827675248724,0.1256287759815664,0.4407796101949025,0.5747126436781609,0.593708982084833,0.6872067708229938,False,False
complex|PTIP-DNA damage response complex (human),complex,6,0,0.34554568238778754,1.0597145892946742,0.02652860332649804,0.05988013716529263,0.004497751124437781,0.0009995002498750624,0.02108765030577262,0.005782624008330097,True,True
complex|Kinase maturation complex 1 (human),complex,15,0,0.11536894183510725,0.2575001646274808,0.046980235979559276,0.10168343485212697,0.050474762618690654,0.05247376311844078,0.13794221310397434,0.1338918992592156,False,False
complex|TBP-TAF complex (human),complex,3,0,0.2701070858965595,0.9941669359969657,0.044947083618136256,0.096892095202154,0.09495252373813093,0.015492253873063468,0.216483415811304,0.054262076381707956,False,False
complex|Ubiquilin-proteasome complex (human),complex,5,0,-0.0006561859193438213,0.0007880681613133156,0.04928506151742994,0.10619836338594683,0.6636681659170415,0.6606696651674163,0.7619893756825291,0.753547992615444,False,False
complex|TANK-TRAF2-TRAF3 complex (human),complex,3,0,-0.10009113693324223,-0.23438475974814818,0.014513841421736156,0.03471730310136019,0.7331334332833583,0.7346326836581709,0.8103875151301412,0.8137771114442779,False,False
complex|RAF1-PPP2-PIN1 complex (human),complex,4,0,0.13654591023012075,0.4775246313005998,0.06285564479380266,0.14234275136954602,0.24287856071964017,0.11644177911044477,0.3972116304052698,0.2373401130641745,False,False
complex|Kinase maturation complex 2 (human),complex,7,0,0.08009959964847183,0.18102802815655394,0.03690797285421345,0.07982069055361088,0.22588705647176413,0.22438780609695153,0.37897206485610185,0.3710616825345289,False,False
complex|Pex26-Pex6-Pex1 complex (human),complex,3,0,-0.032011847801321526,-0.07975735265763924,0.024379403053087258,0.05666719830926404,0.6006996501749126,0.6091954022988506,0.7131302994990226,0.7122254395861687,False,False
complex|CHUK-IQGAP2-AKAP8L-RELA-TNIP2 complex (human),complex,4,1,-0.11945773524720897,-0.2317484934989411,0.037122470950102494,0.08432525341554853,0.920039980009995,0.8850574712643678,0.9381065481005202,0.919591979897995,False,False
complex|REL-MAP3K8-RELA-TNIP2-PAPOLA complex (human),complex,5,0,0.04348598769651395,0.1336498052128426,0.039798995215311,0.08944222813419381,0.42978510744627685,0.36731634182908546,0.5830592215322776,0.5109953395706701,False,False
complex|CHUK-NFKB2-REL-IKBKG-SPAG9-NFKB1-NFKBIE-COPB2-TNIP1-NFKBIA-RELA-TNIP2 complex (human),complex,10,1,0.028109668109668088,0.04341398371037499,0.055909309637730685,0.12504435997700325,0.6416791604197901,0.7001499250374813,0.7453957584965907,0.784364290346736,False,False
complex|53BP1-containing complex (human),complex,4,0,0.3084871269081795,0.9269164661448018,0.03294788676236043,0.07570612262578055,0.02848575712143928,0.01249375312343828,0.09005314694251047,0.04658801658416752,False,True
"complex|TNF-alpha/Nf-kappa B signaling complex (RPL6, RPL30, RPS13, CHUK, DDX3X, NFKB2, NFKBIB, REL, IKBKG, NFKB1, MAP3K8, RELB, GLG1, NFKBIA, RELA, TNIP2,  GTF2I) (human)",complex,12,1,-0.012063215890967099,-0.03559510174662113,0.048045949066882074,0.10542639914103183,0.9295352323838081,0.9345327336331835,0.9445424059007678,0.9542893253471593,False,False
complex|TNF-alpha/NF-kappa B signaling complex 5 (human),complex,20,0,0.06375544123466562,0.14615645047217135,0.05786944076698924,0.1285566597777713,0.383808095952024,0.3618190904547726,0.5382642912169843,0.5064004385947188,False,False
complex|IKBKB-CDC37-KIAA1967-HSP90AB1-HSP90AA1 complex (human),complex,4,0,-0.018045112781954937,-0.13457040130642728,0.05365872636135791,0.1170852748965756,0.6811594202898551,0.8310844577711144,0.7726751042829214,0.8821248211440754,False,False
complex|WRN-Ku70-Ku80-PARP1 complex (human),complex,3,0,0.34228753702437914,1.2681345923185765,0.0657192071086808,0.14051799355830133,0.06346826586706647,0.0079960019990005,0.16135078115776874,0.033215392303848075,False,True
complex|XRCC1-LIG3-PNK-TDP1 complex (human),complex,4,0,0.21189336978810655,0.4758149047490458,0.09091855206197309,0.2016673580745509,0.16891554222888555,0.16891554222888555,0.3198154796803968,0.3074825426900923,False,False
complex|Dolichol-phosphate mannose (DPM) synthase (human),complex,3,0,-0.008589655958077072,0.015265150196151675,0.019305320118478016,0.043420362261996207,0.5352323838080959,0.49375312343828087,0.6628966375488463,0.6215304468977633,False,False
complex|MNK1-eIF4F complex (human),complex,3,1,0.042447026657552955,0.13955391716870302,0.04127858282068808,0.09009116835248782,0.4577711144427786,0.4062968515742129,0.6055991112723893,0.5469076867917305,False,False
complex|TCF4-CTNNB1-SUMO1-EP300-HADAC6 complex (human),complex,5,0,-0.02991114149008891,-0.0800900997055276,0.03813934381408065,0.08427644254030042,0.7386306846576711,0.7566216891554223,0.8155959234630425,0.8296191735533708,False,False
complex|TCF4-CTNNB1-EP300 complex (human),complex,3,0,-0.11029847345636819,-0.20725505816393172,0.05014864433811803,0.11424630289496641,0.8120939530234883,0.7991004497751124,0.8694428558916418,0.8577424466061543,False,False
complex|TCF4-CTNNB1-CREBBP complex (human),complex,3,0,-0.1838004101161996,-0.33259218526703677,0.04298631806789702,0.091406707018117,0.9260369815092454,0.8875562218890555,0.941909309791725,0.9208063301016824,False,False
complex|VHL-VDU1-TCEB1-TCEB2 complex (human),complex,4,0,0.00877192982456143,0.02101232594687315,0.08463852244246978,0.18832170345062385,0.7026486756621689,0.6976511744127936,0.7871635918825917,0.7841025374758508,False,False
complex|TNF-alpha/NF-kappa B signaling complex 7 (human),complex,6,0,0.21076782866256552,0.4453540639201434,0.053620984278879,0.11756484222443578,0.04597701149425287,0.06046976511744128,0.1280083818680472,0.14828300135646463,False,False
complex|TNF-alpha/NF-kappa B signaling complex 8 (human),complex,5,0,0.09933697881066297,0.3226307192767857,0.04381552631578947,0.0956170616790669,0.25287356321839083,0.13943028485757122,0.40777825373027776,0.26964311140519126,False,False
complex|VHL-TCEB1-TCEB2 complex (human),complex,3,0,0.03415356573251308,0.06649437622955512,0.08151281613123719,0.18269099980197598,0.5887056471764118,0.5887056471764118,0.7031291714694695,0.6955299369655332,False,False
complex|Kif3-cadherin-catenin complex (mouse),complex,3,0,0.27058555479608115,0.6097316753427471,0.030381043517885623,0.07120078603730762,0.08745627186406797,0.09095452273863068,0.20363977204223002,0.19719472205442165,False,False
complex|VHL-TBP1-HIF1A complex (human),complex,3,0,-0.09751651856915015,-0.27187264431123914,0.04266386420596947,0.0997675422827441,0.7851074462768616,0.8450774612693653,0.8501919530328684,0.8923364957074081,False,False
complex|HIF1A-OS9-EGLN1 complex (human),complex,3,0,0.18464342674868992,0.9096600388083521,0.045590795169742536,0.09322650783374,0.19140429785107446,0.025487256371814093,0.34449456380994947,0.07842523182853019,False,False
complex|HIF1A-OS9-EGLN3 complex (human),complex,3,0,-0.01048074732285261,-0.01925939511371662,0.01553900660742766,0.025679795051751747,0.527736131934033,0.526736631684158,0.6577613471441737,0.649277141844508,False,False
complex|RAB9-TIP47-MPRI complex (human),complex,3,0,0.500091136933242,1.245545407442039,0.043222146274777856,0.0961051248760356,0.00849575212393803,0.00849575212393803,0.035792448603284566,0.034531657850135594,True,True
complex|tRNA splicing endonuclease (human),complex,4,1,-0.19183185235816813,-0.34904674987824896,0.01486024151287307,0.036751693091407744,0.9895052473763118,0.9390304847576212,0.991893049614189,0.9575489351940017,False,False
complex|TNF-alpha/NF-kappa B signaling complex 9 (human),complex,4,0,-0.07613351560719983,-0.1748459740705602,0.058056926406926376,0.13121288184714838,0.8700649675162418,0.8780609695152424,0.9081029836840373,0.9155284305638346,False,False
complex|TNF-alpha/NF-kappa B signaling complex 10 (human),complex,9,0,0.036963621174147455,0.04203751022277312,0.05359997151970835,0.120379644045048,0.5557221389305347,0.6996501749125438,0.6761774355938609,0.784364290346736,False,False
complex|Cd3e-Nck1-Mink1 complex (mouse),complex,3,0,0.24183185235816795,0.3803418460729618,0.056040385053542946,0.12243954676372154,0.14042978510744628,0.22288855572213892,0.279112596811642,0.36917027929416474,False,False
complex|Ets2-Ini1-Smarce1-Smarca4 complex (mouse),complex,3,0,0.2071542492595125,0.39162773152351704,0.07664497607655503,0.16771598579119723,0.21639180409795103,0.26186906546726635,0.3693063082263306,0.40772267539393714,False,False
complex|ETS2-SMARCA4-INI1 complex (human),complex,3,0,0.2071542492595125,0.39162773152351704,0.07955036454773297,0.1799068757219721,0.21889055472263869,0.25987006496751625,0.37173808843738393,0.4052178115146631,False,False
complex|Cd3d-Cd3g-Cd3e-Cd247 complex (mouse),complex,4,0,0.4763043973570289,0.8983677171984047,0.050454488493962155,0.10306133886585275,0.0029985007496251873,0.005997001499250375,0.01518996599261345,0.026278000240386137,True,True
complex|Cd3g-Cd3e-Cd247-Canx complex (mouse),complex,4,0,0.2042834358623832,0.31497126540782255,0.05622594554568237,0.11589645347101629,0.13143428285857073,0.21239380309845077,0.2671125298407548,0.3566224163585144,False,False
complex|LATS1-HTRA2-BIRC4 complex (human),complex,3,0,0.029004329004328994,0.18157541003661523,0.03819094326725906,0.08293784891469293,0.48575712143928035,0.36931534232883556,0.6278267213624052,0.512745966588898,False,False
complex|YY1-MDM2-p53 complex (human),complex,3,0,-0.09747095010252904,-0.2169499611235898,0.0720117680565049,0.15997573249353675,0.8330834582708646,0.8350824587706147,0.8828134402186663,0.8850098153371045,False,False
complex|Lef1-Tle1-Ctnnb1 complex (mouse),complex,3,0,0.12346776030986566,0.1940327468063058,0.019848336750968327,0.03689384583849421,0.23638180909545228,0.2933533233383308,0.3893457712063873,0.4380264935828275,False,False
"complex|Cell division cycle complex (CDC27, CDC16, ANAPC7) (human)",complex,3,0,0.5357940305308727,1.4335728855890428,0.08677566643882434,0.18919544077690104,0.009495252373813094,0.0079960019990005,0.038594205832504495,0.033215392303848075,True,True
"complex|Actin-ribonucleoprotein complex (POLR2A, GTF2F1, HNRNPU) (human)",complex,3,0,-0.17680565048986097,-0.47354367121035007,0.06276250854408749,0.1418974232806121,0.9430284857571214,0.9685157421289355,0.9549830155619411,0.9788842804874935,False,False
"complex|TRBP containing complex (DICER, TRBP, AGO2, RPL7A, EIF6, MOV10) (human)",complex,4,0,0.1093073593073594,0.25720069812747354,0.03724445203918886,0.08180923343570189,0.25487256371814093,0.2353823088455772,0.40972934585338905,0.380888299062261,False,False
complex|GAIT complex (human),complex,3,0,0.12820688083845985,0.41632926419990746,0.04631811346548188,0.0985180384854847,0.28385807096451776,0.1714142928535732,0.4409672501071828,0.31039885462674066,False,False
complex|MLL1-WDR5 complex (human),complex,18,0,0.15190918472652215,0.33511832558218185,0.05632807508968499,0.12544982470388755,0.02148925537231384,0.02848575712143928,0.07152753751329463,0.08500706543280084,False,False
complex|Cdk5-Cdk5r1-Pctk1 complex (mouse),complex,3,0,0.13299156983367513,0.23804619484873882,0.02797531328320802,0.06206572390522743,0.2593703148425787,0.303848075962019,0.41471296684221404,0.44917612368193127,False,False
complex|Splicing-associated factors complex (human),complex,3,1,-0.09829118250170883,-0.24266849994823034,0.06943766233766234,0.15262868293937237,0.8490754622688655,0.8735632183908046,0.8957918301123411,0.9140507831726454,False,False
complex|Axin2-Ctnnb1-Apc complex (mouse),complex,3,0,-0.028252449305080935,-0.024798328796152774,0.002923125996810203,0.0056008163264184,0.544727636181909,0.4912543728135932,0.6688938460480331,0.6191355171928599,False,False
complex|p50-p65 NF(kappa)B-SRC1 complex (human),complex,3,0,-0.11428571428571432,-0.21619130317085666,0.05934487354750513,0.1332985887598064,0.841079460269865,0.8220889555222389,0.8894715066092208,0.8760794051409391,False,False
complex|IKB(epsilon)-RELA-cREL complex (human),complex,3,0,-0.022282980177716977,0.007624673013579238,0.03918483709273182,0.0872399025587378,0.6011994002998501,0.5432283858070964,0.7131302994990226,0.664087908958999,False,False
complex|IKB(beta)-RELA-cREL complex (human),complex,3,0,0.15279106858054226,0.2469274625033746,0.07133850535429483,0.15872394001932605,0.3053473263368316,0.37631184407796103,0.46564346314361177,0.5207193205529147,False,False
"complex|TFIIH transcription factor complex (ERCC2, ERCC3, GTF2H1, CDK7, CCNH, GTF2H2) (human)",complex,5,0,0.004025974025974,-0.013421278322458452,0.02612862952836637,0.0536942769948465,0.5282358820589705,0.5632183908045977,0.6577613471441737,0.6785409499426621,False,False
complex|ILK-PARVB-ARHGEF6 complex (human),complex,3,0,0.26176805650489837,0.5732253444453684,0.0693588630667578,0.14637355501996996,0.13493253373313344,0.14192903548225888,0.2718281984129177,0.27219446601722225,False,False
complex|EED-EZH-YY1 polycomb complex (human),complex,3,0,-0.09687856003645479,-0.21990603109696924,0.064515664160401,0.14162586147319164,0.823088455772114,0.8295852073963018,0.877144547274849,0.8818057706049738,False,False
complex|CALM1-FKBP38-BCL2 complex (human),complex,3,0,-0.06322624743677374,-0.15618765301314275,0.04843034859876966,0.11020184348103704,0.7236381809095452,0.7456271864067966,0.8033118662475284,0.8215743587092396,False,False
complex|Tumor necrosis factor receptor 1 signaling complex (human),complex,4,0,-0.17263613579403056,-0.35053695992402517,0.03671696286169967,0.0752640312286831,0.9835082458770614,0.95952023988006,0.9873110810471999,0.9721578235272608,False,False
"complex|Ternary complex (TRAF2, FADD, TRADD) (human)",complex,3,0,0.12665755297334239,0.3000602772876177,0.024610925039872413,0.052278352022675036,0.26036981509245377,0.24187906046976512,0.415351847885581,0.3861512748621846,False,False
complex|LMO4-gp130 complex (human),complex,4,0,0.029949874686716838,0.029995390691746948,0.02852834928229663,0.06037062087568396,0.4567716141929036,0.5007496251874063,0.6054337221944229,0.6261631375763052,False,False
complex|Vps29-Vps35-Vps26a complex (mouse),complex,3,0,0.3140123034859876,0.5502827793385666,0.054708931419457735,0.11811294464922241,0.08445777111444278,0.13793103448275862,0.1993395347780655,0.26871097161699525,False,False
"complex|LINC complex, S-phase (human)",complex,5,0,0.1529665071770335,0.31439970885960233,0.05270147300068352,0.12004809968462096,0.1539230384807596,0.17991004497751126,0.29767053158709283,0.32047441116491504,False,False
complex|LINC core complex (human),complex,4,0,0.00876053770790608,0.016097676020824903,0.04525290498974707,0.10455766732004945,0.5732133933033483,0.5802098950524738,0.6905824929762497,0.6896134551363541,False,False
"complex|LINC complex, quiescent cells (human)",complex,6,0,0.021098200045568453,0.0319132698814256,0.048924992025518324,0.11095250822816466,0.5912043978010995,0.632183908045977,0.7044931349586251,0.7315019370537573,False,False
complex|Emerin complex 1 (human),complex,6,0,0.004957849168375509,-0.008169860504170028,0.03238545454545453,0.07074279961713344,0.6091954022988506,0.6461769115442278,0.7189198014629049,0.7427279719299177,False,False
complex|Emerin-actin-NMI-(alphaII)spectrin complex (human),complex,4,0,-0.03377762588288905,-0.05901466516101439,0.043916119845067186,0.09933853654302992,0.7256371814092953,0.7016491754122939,0.8042414225117964,0.7856201279414201,False,False
complex|Emerin-actin-NMI complex (human),complex,3,0,0.03264980633401682,0.033664741134724764,0.04579644565960356,0.10667201855169549,0.4877561219390305,0.5402298850574713,0.6296267652376422,0.6623715887038771,False,False
complex|Emerin architectural complex (human),complex,6,0,0.009883800410116184,0.029791391306553134,0.016774980633401673,0.03599149377349973,0.47176411794102946,0.44577711144427784,0.6185947430325242,0.5815037901375536,False,False
complex|Emerin regulatory complex (human),complex,7,0,0.12105914135989325,0.21443639829225314,0.05061843732708393,0.11146098137631229,0.15342328835582209,0.23238380809595202,0.2969805870596854,0.38004816489393095,False,False
complex|Emerin complex 24 (human),complex,11,0,0.04359038091095506,0.08659732817776583,0.028461032747157142,0.06103527486974531,0.312343828085957,0.33883058470764615,0.4729083784163231,0.4846770829461302,False,False
complex|Emerin complex 25 (human),complex,15,0,0.05532467532467532,0.12632456707066103,0.033410211893369776,0.07098397512687865,0.22788605697151423,0.2098950524737631,0.380787884416601,0.35472093082832057,False,False
complex|Emerin complex 32 (human),complex,19,1,0.09348650733692283,0.18876994489242194,0.04835614374852601,0.10660227180906856,0.08345827086456771,0.12743628185907047,0.19855994110619374,0.2557344516147723,False,False
complex|Emerin complex 52 (human),complex,18,0,0.06463931665170054,0.13331382977828332,0.04169884582222043,0.08889653027142902,0.21689155422288856,0.23288355822088955,0.3698553022339405,0.3801859854386532,False,False
"complex|Membrane protein complex (VCP, UFD1L, SEC61B) (human)",complex,3,0,0.10653907496012767,0.3023925351060018,0.06416115288220552,0.1411952839997553,0.37031484257871067,0.2913543228385807,0.5260805389654899,0.43629627147493305,False,False
complex|TIP5-DNMT-HDAC1 complex (human),complex,3,0,0.0024379129642287576,0.06361953368551736,0.045371929824561404,0.09724994473562301,0.5517241379310345,0.49025487256371814,0.674077079107505,0.6190026567263481,False,False
complex|TGF-beta receptor-SMAD3 complex (human),complex,3,0,-0.0957393483709273,-0.14198769956595073,0.05476801093643199,0.12416675073029981,0.809095452273863,0.7496251874062968,0.8675742149575703,0.8246671155947449,False,False
complex|Pre-initiation complex (PIC) (human),complex,3,0,-0.12665755297334247,-0.3470249605456967,0.04730602642971064,0.1073782426772583,0.8500749625187406,0.9130434782608695,0.8957918301123411,0.9388075764098148,False,False
complex|MRIT complex (human),complex,3,0,0.1795625427204374,0.29529664906745606,0.05539972658920027,0.11900887042884929,0.23588205897051473,0.3003498250874563,0.38883098133472943,0.4462278874868717,False,False
complex|SUMO1-SUA1-UBA2 complex (human),complex,3,0,0.21781727044884938,0.609981864331336,0.04677889040783778,0.10999334605189347,0.13943028485757122,0.09545227386306847,0.2779238979358689,0.20523226999336772,False,False
"complex|Death induced signaling complex II (FADD, CASP8, CFLAR), cytosolic, CD95L induced (human)",complex,3,0,0.027887901572112073,-0.0008419670448267524,0.049106083390293924,0.11329142047526315,0.511744127936032,0.5767116441779111,0.6457427422376296,0.6876177295967402,False,False
"complex|Death induced signaling complex DISC (FAS, FADD, CASP8, CFLAR), membrane-associated, CD95L induced (human)",complex,4,0,0.12000455684666204,0.16070807252850638,0.05689574504442923,0.12685751052038663,0.2683658170914543,0.4057971014492754,0.4235530411086251,0.5465892216019099,False,False
"complex|Death-inducing signaling complex DISC (type I cells associated), stimulated (human)",complex,3,0,-0.024379129642287573,-0.08460938706020693,0.062114194577352476,0.142640115004082,0.6696651674162919,0.7066466766616691,0.7650685108490859,0.7886647756186388,False,False
complex|PGAM5-KEAP1-NRF2 complex (human),complex,3,0,0.11111870585554784,0.41873744280735775,0.046722317156527686,0.09882834717319312,0.33233383308345826,0.19990004997501248,0.4909369639504572,0.3445580114507062,False,False
complex|Keap1-Nrf2-Cul3 complex (mouse),complex,3,0,-0.1885395306447938,-0.837743834088959,0.03255607199817727,0.07175145754911959,0.9270364817591205,0.999000499750125,0.9424644016709218,0.999000499750125,False,False
complex|Apoptosome-procaspase 9 complex (human),complex,3,0,-0.09250398724082938,-0.5994648830303232,0.06753397129186604,0.15385398910857329,0.8205897051474262,0.9770114942528736,0.8753799782183895,0.9836417225221612,False,False
complex|MAP2K1-BRAF-RAF1-YWHAE-KSR1 complex (human),complex,3,0,0.4361357940305308,0.8819466371616637,0.04908913192071087,0.10873337382317533,0.01649175412293853,0.03548225887056472,0.05875364204690109,0.09972483311794712,False,False
complex|PINK1-MIRO2-Milton complex (human),complex,3,0,0.23242196400091122,0.7469076123438402,0.03270287081339713,0.06604756450957715,0.13143428285857073,0.05997001499250375,0.2671125298407548,0.1472313488645748,False,False
complex|HSP90-CDC37-LRRK2 complex (human),complex,3,0,-0.11724766461608567,-0.26970316852271486,0.0505261335156072,0.10809872447834787,0.8440779610194903,0.8620689655172413,0.8921882570165299,0.9047585858409855,False,False
complex|FAS-FADD-CASP8-CASP10 complex (human),complex,4,0,0.07108680792891316,0.1720094464809431,0.046874897470950076,0.10280508186863492,0.39030484757621187,0.3613193403298351,0.5448005164084624,0.5064004385947188,False,False
complex|FAS-FADD-CASP10 complex (human),complex,3,0,0.06721348826611988,0.20780247945452235,0.05472128047391206,0.11910816849755805,0.4542728635682159,0.3818090954522739,0.6028912061541114,0.5244824677608286,False,False
complex|FE65-TSHZ3-HDAC1 complex (human),complex,3,0,-0.18947368421052632,-0.3416672596441607,0.0032539074960127555,0.009442769936537929,0.9080459770114943,0.8425787106446777,0.9318238607968743,0.8906035531852395,False,False
"complex|Gamma-secretase complex (Aph1a, Psen1, Psenen, Ncstn) (mouse)",complex,4,0,0.5214855320118478,0.8603281560814765,0.05345115060378215,0.11907938778703929,0.0004997501249375312,0.01649175412293853,0.003264091224827838,0.05708895552223889,True,False
complex|BRAF-MAP2K1-MAP2K2-YWHAE complex (human),complex,3,0,0.10494417862838905,0.2181520633292807,0.037213374344953296,0.08440173383623469,0.31584207896051975,0.3233383308345827,0.47605515094412154,0.4683219756927673,False,False
complex|PPP2R1A-PPP2R1B-PPP2CA-PPME1-EIF4A1 complex (human),complex,4,1,-0.028263841421736175,-0.013222210788829791,0.04595592959671904,0.10120721407697417,0.711144427786107,0.6316841579210395,0.7915578652260151,0.7315019370537573,False,False
"complex|Ksr1-PP2A holoenzyme complex (Ppp2r1a, Ppp2r2b, Ppp2ca), PDGF stimulated (mouse)",complex,4,0,-0.03511050353155613,-0.0707580046809481,0.03243190362269307,0.0698641180851408,0.6911544227886057,0.6771614192903548,0.7806023578748962,0.766048076179775,False,False
"complex|Ksr1-PP2A core enzyme complex (Ppp2r1a, Ppp2ca), untreated (mouse)",complex,3,0,-0.05780359990886308,-0.11659047936123113,0.046296286169970384,0.10195926714161727,0.704647676161919,0.7101449275362319,0.7878381949423352,0.7917182042365828,False,False
"complex|Raf1-PP2A holoenzyme complex (Ppp2r1a, Ppp2r2b, Ppp2ca), PDGF stimulated (mouse)",complex,3,0,-0.09430394167236278,-0.18061572184154503,0.02061009341535657,0.042105848848782886,0.7446276861569215,0.7231384307846077,0.8187356824499343,0.8036161159655593,False,False
"complex|Ksr1 complex (Ksr1, Mek, 14-3-3), unstimulated (mouse)",complex,7,0,0.1812583406568369,0.3346688490571756,0.045793996354522665,0.1007404377160076,0.03798100949525238,0.07246376811594203,0.11033084856173313,0.1683526245825633,False,False
"complex|Ksr1 complex (Ksr1, Mek, 14-3-3, Mapk), EGF stimulated (mouse)",complex,8,0,0.1895054193926374,0.3413494165579968,0.0469410750903232,0.10057804289944879,0.030484757621189407,0.05297351324337831,0.09550051520242896,0.13434186447679702,False,False
complex|BRAF-RAF1-14-3-3 complex (human),complex,6,0,0.1597174755069492,0.25794270309134215,0.04691615857826382,0.09773373765327732,0.10144927536231885,0.16491754122938532,0.22559972690314373,0.300468186959152,False,False
complex|KSR1-RAF1-MEK complex (human),complex,3,0,0.0637047163362953,0.10315964955571506,0.07227272727272728,0.15972490891558272,0.4947526236881559,0.5292353823088456,0.6331492294518175,0.6511978015731471,False,False
complex|KSR1-BRAF-MEK complex (human),complex,3,0,0.0637047163362953,0.10315964955571506,0.06879095465937572,0.15215091998325914,0.47876061969015493,0.5087456271864068,0.6238304937869836,0.6334920069941049,False,False
"complex|RAF1-RAS complex, EGF induced (human)",complex,3,0,-0.1574390521758943,-0.389909225733974,0.03559358623832309,0.0787842766786728,0.8855572213893054,0.9035482258870565,0.9173577799628864,0.9322750447925566,False,False
"complex|Ksr1-CK2-MEK-14-3-3 complex, PDGF treated (mouse)",complex,8,0,0.1600917879113368,0.28386913474609515,0.049864415096182,0.10677908265294195,0.05697151424287856,0.10294852573713144,0.14978460137020097,0.21554847576211894,False,False
complex|B-Ksr1-MEK-MAPK-14-3-3 complex (mouse),complex,8,0,0.1895054193926374,0.3413494165579968,0.04563887071575041,0.0987527158208309,0.02048975512243878,0.05147426286856572,0.06908639835926193,0.13199017775063088,False,False
"complex|Ksr1-Mek-Braf complex, EGF induced (mouse)",complex,3,0,0.0637047163362953,0.10315964955571506,0.06234683299156984,0.13679957629725772,0.4572713643178411,0.48825587206396803,0.6055991112723893,0.616853677783979,False,False
"complex|Ksr1-Mek-Braf-Erk complex, EGF induced (mouse)",complex,5,0,0.09765550239234448,0.17764211207125308,0.05032055707450443,0.11071679254285605,0.2893553223388306,0.3453273363318341,0.4478323431428846,0.491600327320918,False,False
pathway|ABC Transporter Disorders,pathway,45,0,0.2296882702624329,0.6036590884088283,0.04799027168472143,0.10562566861707214,0.0004997501249375312,0.0004997501249375312,0.003264091224827838,0.003233585699362157,True,True
pathway|ABC-family Proteins Mediated Transport,pathway,65,0,0.12615082286134915,0.31680204544245283,0.04198142597534044,0.092409581857543,0.0004997501249375312,0.0004997501249375312,0.003264091224827838,0.003233585699362157,True,True
pathway|AKT Phosphorylates Targets in the Cytosol,pathway,14,0,0.0635049161364951,0.15485328046020788,0.04019033560424538,0.08906390859095895,0.2433783108445777,0.21489255372313842,0.39771577625821236,0.35936540586389576,False,False
pathway|AKT Phosphorylates Targets in the Nucleus,pathway,9,0,0.10079744816586918,0.2283035815756886,0.048985040252145506,0.1074368300349889,0.1724137931034483,0.16491754122938532,0.3243690654672664,0.300468186959152,False,False
pathway|ALK Mutants Bind TKIs,pathway,9,0,0.16268702058175746,0.3536046709941372,0.05847266746411482,0.13104417152251316,0.053973013493253376,0.06096951524237881,0.1448345594644538,0.14898080371578917,False,False
pathway|AMPK Inhibits chREBP Transcriptional Activation Activity,pathway,5,0,0.034135338345864685,0.11551517216502764,0.04619717703349282,0.10588470950411552,0.5067466266866567,0.42828585707146427,0.6413849747886569,0.5673148757254026,False,False
pathway|APC Truncation Mutants Have Impaired AXIN Binding,pathway,13,0,0.13581506213085162,0.3435549449325296,0.045597061272061264,0.10037535611028409,0.03948025987006497,0.02498750624687656,0.1137316223996185,0.0771159739595284,False,False
pathway|APC-Cdc20 Mediated Degradation of Nek2A,pathway,18,0,0.0881664946680426,0.20492838968996563,0.049821561479456204,0.10989046318947404,0.12343828085957022,0.10594702648675662,0.2561251841611662,0.22027224625925276,False,False
pathway|APC C-mediated Degradation of Cell Cycle Proteins,pathway,58,0,0.14522517314570035,0.3719806129041807,0.04877403945435275,0.10740476896948882,0.0004997501249375312,0.0004997501249375312,0.003264091224827838,0.003233585699362157,True,True
pathway|APC C Cdc20 Mediated Degradation of Cyclin B,pathway,17,0,0.07629468055164648,0.18858791930210717,0.05062053998632945,0.11170537396726572,0.21139430284857572,0.16241879060469766,0.3631645715603737,0.2972192317937947,False,False
pathway|APC C Cdc20 Mediated Degradation of Securin,pathway,47,0,0.1920844917777582,0.49916556266992734,0.050991239630908056,0.11287239717564355,0.0004997501249375312,0.0004997501249375312,0.003264091224827838,0.003233585699362157,True,True
pathway|APC C Cdc20 Mediated Degradation of Mitotic Proteins,pathway,48,0,0.19399865718454742,0.4962624990703861,0.05117066472394719,0.11346000362408423,0.0004997501249375312,0.0004997501249375312,0.003264091224827838,0.003233585699362157,True,True
pathway|APC C Cdh1 Mediated Degradation of Cdc20 and Other APC C Cdh1 Targets in Late Mitosis Early G1,pathway,51,0,0.16851728251109052,0.44608108084907133,0.04897656601396539,0.10793021977122376,0.0004997501249375312,0.0004997501249375312,0.003264091224827838,0.003233585699362157,True,True
pathway|APC Cdc20 Mediated Degradation of Cell Cycle Proteins Prior to Satisfation of the Checkpoint,pathway,48,0,0.19399865718454742,0.4962624990703861,0.050873481636877486,0.1125027810390275,0.0004997501249375312,0.0004997501249375312,0.003264091224827838,0.003233585699362157,True,True
pathway|APEX1-Independent Resolution of AP Sites via the Single Nucleotide Replacement Pathway,pathway,5,0,0.20974709501025285,0.4760448785681268,0.05595813055365686,0.11976950755152281,0.08195902048975512,0.08245877061469266,0.19589054724651483,0.18415792103948025,False,False
pathway|ARMS-mediated Activation,pathway,5,0,0.0972658920027341,0.20278584767902802,0.030154272043745725,0.06715891689430117,0.20889555222388806,0.2303848075962019,0.3606617306475607,0.37737322190639694,False,False
pathway|ATF4 Activates Genes in Response to Endoplasmic Reticulum Stress,pathway,21,3,0.010458614067636613,0.013256214687376706,0.05018608859811866,0.11211757935823681,0.9090454772613693,0.9225387306346826,0.9323888672947477,0.9452949894071218,False,False
pathway|ATF6 (ATF6-alpha) Activates Chaperone Genes,pathway,7,2,0.2262018683071315,0.6431857553453751,0.05492813364580281,0.11486848208168116,0.02348825587206397,0.005497251374312844,0.0765857259753169,0.024449231487040205,False,True
pathway|ATF6 (ATF6-alpha) Activates Chaperones,pathway,8,2,0.11461283077824426,0.33285427393726064,0.05563101259642612,0.11644700465596843,0.16441779110444776,0.07796101949025487,0.3132988551595762,0.17774427824507066,False,False
pathway|AUF1 (hnRNP D0) Binds and Destabilizes mRNA,pathway,39,0,0.2254107849675717,0.6103065164567341,0.047554386702863154,0.10316519540582504,0.0004997501249375312,0.0004997501249375312,0.003264091224827838,0.003233585699362157,True,True
pathway|AURKA Activation by TPX2,pathway,49,0,0.10979280297217997,0.28024484715550185,0.05050701899693574,0.11216252796937955,0.006496751624187906,0.0004997501249375312,0.028832805819312562,0.003233585699362157,True,True
pathway|AXIN Missense Mutants Destabilize the Destruction Complex,pathway,13,0,0.13581506213085162,0.3435549449325296,0.045734686804423635,0.10096494220550352,0.04247876061969016,0.02848575712143928,0.11987552419442453,0.08500706543280084,False,False
pathway|Aberrant Regulation of Mitotic G1 S Transition in Cancer Due to RB1 Defects,pathway,12,0,0.07313428198595662,0.1963865080852217,0.042940995567430966,0.09458998788961978,0.22938530734632684,0.15792103948025987,0.38237021136301835,0.2912984005333035,False,False
pathway|Aberrant Regulation of Mitotic Cell Cycle Due to RB1 Defects,pathway,27,0,0.08523231154810101,0.22767194124296086,0.05296431064062642,0.1173424391977627,0.12493753123438281,0.057971014492753624,0.25769141248640826,0.1435110811697846,False,False
pathway|Aberrant Regulation of Mitotic Exit in Cancer Due to RB1 Defects,pathway,16,0,0.1151725905673274,0.3233287488954242,0.0630057547277284,0.1401635656335266,0.10344827586206896,0.043478260869565216,0.2276081239041496,0.1156265657184212,False,False
pathway|Abortive Elongation of HIV-1 Transcript in the Absence of Tat,pathway,22,0,0.11727991762168115,0.3456355082549731,0.059766729693182176,0.13233631745853142,0.05247376311844078,0.009495252373813094,0.14191146614192904,0.03742246523796925,False,True
pathway|Acetylcholine Regulates Insulin Secretion,pathway,7,0,0.0904208573381506,0.2547833731415916,0.036362482504963704,0.08144757671714352,0.2048975512243878,0.14392803598200898,0.3573234373577275,0.27450737441196754,False,False
pathway|Activated NOTCH1 Transmits Signal to the Nucleus,pathway,20,0,0.08624563801849121,0.15839924794549093,0.028862554232471128,0.05992813601005883,0.03498250874562719,0.06996501749125437,0.10469549087127905,0.16346157629846494,False,False
pathway|Activated NTRK2 Signals Through CDK5,pathway,4,0,0.16514012303485984,0.2886979322564615,0.021424925951241715,0.04667356373716571,0.12443778110944528,0.1774112943528236,0.2574275611198385,0.3173843741350686,False,False
pathway|Activated NTRK2 Signals Through FRS2 and FRS3,pathway,8,0,0.048252123816033575,0.22344014246151042,0.04398516380236304,0.09854509019074273,0.41179410294852575,0.1969015492253873,0.5664214250490649,0.34108800478826473,False,False
pathway|Activated NTRK2 Signals Through RAS,pathway,6,0,0.018979266347687408,0.11371937294399312,0.04880664388243333,0.10643383438935651,0.5922038980509745,0.43728135932033985,0.7050661381794784,0.5751953029185218,False,False
pathway|Activated NTRK3 Signals Through RAS,pathway,6,0,0.018979266347687408,0.11371937294399312,0.04598696514012302,0.10049032356641541,0.5802098950524738,0.41179410294852575,0.6969814746206573,0.5524737631184408,False,False
pathway|Activation of APC C and APC C Cdc20 Mediated Degradation of Mitotic Proteins,pathway,48,0,0.19399865718454742,0.4962624990703861,0.051160226545570876,0.11336217257386971,0.0004997501249375312,0.0004997501249375312,0.003264091224827838,0.003233585699362157,True,True
pathway|Activation of BAD and Translocation to Mitochondria,pathway,14,0,0.029747695913109433,0.05679422562569515,0.04485615211855813,0.09749840134370884,0.6031984007996002,0.6336831584207896,0.7138706999776465,0.7324206566722203,False,False
pathway|Activation of BH3-only Proteins,pathway,25,1,0.048877420824789235,0.11235797029264831,0.044282526999316466,0.09678761719480665,0.383808095952024,0.35932033983008493,0.5382642912169843,0.5059717598827704,False,False
"pathway|Activation of IRF3, IRF7 Mediated by TBK1, IKKε (IKBKE)",pathway,17,0,0.021286337501507782,0.05325821708830838,0.03884346879900284,0.08437092677140179,0.6601699150424788,0.6051974012993503,0.759652583680459,0.7085653903600623,False,False
pathway|Activation of NF-kappaB in B Cells,pathway,50,1,0.12835498765466544,0.3282579401808698,0.05045193120091508,0.11101538882165422,0.001999000499750125,0.0009995002498750624,0.010868911094191124,0.005782624008330097,True,True
pathway|Activation of NOXA and Translocation to Mitochondria,pathway,3,1,-0.01428571428571431,0.019469944586075243,0.059560811118705856,0.12871282605560022,0.6366816591704147,0.5762118940529735,0.743332100110709,0.6876177295967402,False,False
pathway|Activation of PUMA and Translocation to Mitochondria,pathway,6,0,-0.06160856687172478,-0.1434520980583534,0.03933825700615172,0.08728750538405534,0.9130434782608695,0.9000499750124937,0.934182908545727,0.9301053103483067,False,False
pathway|Activation of RAC1,pathway,8,0,0.07221950981349476,0.18070776723207618,0.03938737550043941,0.08356289042478025,0.25537231384307846,0.21239380309845077,0.4102152326775514,0.3566224163585144,False,False
pathway|Activation of RAC1 Downstream of NMDARs,pathway,6,0,0.0778127136021873,0.11169614226567628,0.05586283208020049,0.12544417323607676,0.3553223388305847,0.4777611194402799,0.5146474879714955,0.6099015642762515,False,False
pathway|Activation of RAS in B Cells,pathway,5,0,0.06493506493506489,0.13207169704753258,0.010899152426520847,0.02414543443958082,0.2413793103448276,0.255872063968016,0.39538235614054174,0.40048702099590744,False,False
pathway|Activation of Caspases Through Apoptosome-Mediated Cleavage,pathway,6,0,0.18154477101845518,0.21268526943966476,0.032526470722260184,0.07245050051284788,0.05847076461769116,0.21389305347326337,0.15237613313794798,0.3579821692699178,False,False
pathway|Activation of Gene Expression by SREBF (SREBP),pathway,32,0,0.10751590302736312,0.21857926221260102,0.02923110102970035,0.06490649679668878,0.004497751124437781,0.008995502248875561,0.02108765030577262,0.03593011186714335,True,True
pathway|Activation of the AP-1 Family of Transcription Factors,pathway,7,1,-0.0020310516551117963,-0.05717483858081487,0.04948251310093414,0.10555004116459293,0.7571214392803598,0.8820589705147426,0.8280891150001618,0.9173943323781274,False,False
"pathway|mRNA Activation Upon Binding of the Cap-Binding Complex and eIFs, and Subsequent Binding to 43S",pathway,50,0,0.2264127108122812,0.4496340820783018,0.04396361058490381,0.08968050721051904,0.0004997501249375312,0.0004997501249375312,0.003264091224827838,0.003233585699362157,True,True
pathway|Acyl Chain Remodeling of CL,pathway,4,0,-0.050227842333105545,-0.10637549754813398,0.029562702210070603,0.0670268453907476,0.7296351824087957,0.7211394302848576,0.8082412127269699,0.8018236599045232,False,False
pathway|Adipogenesis,pathway,78,1,0.05908381889243131,0.13016352453537774,0.04096480084053562,0.09077636652538774,0.08395802098950525,0.09795102448775612,0.19929235382308846,0.2086607978062251,False,False
pathway|Advanced Glycosylation Endproduct Receptor Signaling,pathway,10,0,0.09789473684210523,0.15882137970025723,0.041454165717323604,0.0879468226415917,0.13143428285857073,0.22788605697151423,0.2671125298407548,0.37505494479384716,False,False
pathway|Aerobic Respiration and Respiratory Electron Transport,pathway,164,3,0.12882278813352938,0.30215148355542115,0.0406894677648442,0.0896112641745431,0.0004997501249375312,0.0004997501249375312,0.003264091224827838,0.003233585699362157,True,True
pathway|Aggrephagy,pathway,28,0,0.06696575493567974,0.14076157689588628,0.04164621239245299,0.09106772450386572,0.13993003498250875,0.16941529235382308,0.27838571135887996,0.3075835334081211,False,False
pathway|Alpha-oxidation of Phytanate,pathway,4,0,0.29569377990430623,0.6468582439780776,0.03739938482570059,0.08303902488947841,0.04147926036981509,0.050974512743628186,0.11801701888781636,0.1311946257354594,False,False
pathway|Alpha-protein Kinase 1 Signaling Pathway,pathway,10,0,0.07419913419913422,0.15611234729016846,0.0332388630667578,0.07031255894260502,0.18140929535232383,0.19090454772613694,0.3322637622987448,0.334324406093749,False,False
pathway|Alternative Complement Activation,pathway,3,0,0.3103668261562998,0.5166263472089451,0.061744440647072234,0.13870365302438917,0.07846076961519241,0.14642678660669664,0.19104691499502302,0.27748944870630377,False,False
pathway|Amino Acids Regulate mTORC1,pathway,43,0,0.09257854694119776,0.20200338142099694,0.043742229213928806,0.09663801788343995,0.01699150424787606,0.02448775612193903,0.060327101406561674,0.07636797217007112,False,False
pathway|Anchoring of the Basal Body to the Plasma Membrane,pathway,63,0,0.10209474951167892,0.25690244314610117,0.044577136144368736,0.09870187380341874,0.0024987506246876563,0.0004997501249375312,0.013172347836234168,0.003233585699362157,True,True
"pathway|Antigen Presentation Folding, Assembly and Peptide Loading of Class I MHC",pathway,21,1,0.14326921199101647,0.3559588386722399,0.05331118282719785,0.11690343618898313,0.0074962518740629685,0.00399800099950025,0.03243690654672664,0.018494093710383113,True,True
pathway|Antigen processing-Cross Presentation,pathway,70,0,0.1768904474625298,0.426524001885252,0.04294330804424952,0.09309366828023315,0.0004997501249375312,0.0004997501249375312,0.003264091224827838,0.003233585699362157,True,True
pathway|Antiviral Mechanism by IFN-stimulated Genes,pathway,115,0,0.08157137174118986,0.19619232801521813,0.04269866862392093,0.09357169017148942,0.0029985007496251873,0.0014992503748125937,0.01518996599261345,0.008194586917067781,True,True
pathway|Apoptosis,pathway,130,1,0.08909738975834446,0.2221511829555802,0.04176619508602372,0.09180134605949238,0.0004997501249375312,0.0004997501249375312,0.003264091224827838,0.003233585699362157,True,True
pathway|Apoptotic Cleavage of Cellular Proteins,pathway,25,0,0.07327568922305766,0.18055555227314904,0.03761259113693323,0.08323223076676756,0.10344827586206896,0.07396301849075462,0.2276081239041496,0.1706902104503304,False,False
pathway|Apoptotic Execution Phase,pathway,32,0,0.09205399863294599,0.2389884530677161,0.03998711916797124,0.08827143856673128,0.01999000499750125,0.009995002498750625,0.06817609257768488,0.039021842462227535,False,True
pathway|Apoptotic Factor-Mediated Response,pathway,16,0,0.09540214171793118,0.1945293008448757,0.026451050637958527,0.05791600320257391,0.04097951024487756,0.06296851574212893,0.11707626241899681,0.15225332618905912,False,False
pathway|Aryl Hydrocarbon Receptor Signalling,pathway,5,0,-0.008865345181134642,-0.02260154470840563,0.040940786056049214,0.08945954923186664,0.656671664167916,0.6636681659170415,0.7577261369315342,0.7561375647886424,False,False
pathway|Assembly Of The HIV Virion,pathway,16,0,0.10324675324675328,0.24519184007550224,0.03581988351560719,0.0788693379738314,0.04697651174412794,0.04447776111944028,0.12992039266651628,0.11768192336952543,False,False
pathway|Assembly of the Pre-Replicative Complex,pathway,59,2,0.15102419190210262,0.385303509639789,0.05168308933829712,0.11514711857681,0.0004997501249375312,0.0004997501249375312,0.003264091224827838,0.003233585699362157,True,True
pathway|Association of TriC CCT With Target Proteins During Biosynthesis,pathway,27,0,0.12561103613735192,0.32222172113338177,0.04157519089098036,0.09064600748226656,0.0024987506246876563,0.001999000499750125,0.013172347836234168,0.010431969944675903,True,True
pathway|Asymmetric Localization of PCP Proteins,pathway,41,0,0.1689797109180934,0.464346656302351,0.039752812921994556,0.08778135264944308,0.0004997501249375312,0.0004997501249375312,0.003264091224827838,0.003233585699362157,True,True
pathway|Attachment of GPI Anchor to uPAR,pathway,5,0,0.09755297334244699,0.35041942430760803,0.06157285030758715,0.1390188309963516,0.33383308345827084,0.18190904547726136,0.4917527052076798,0.32320366762726416,False,False
pathway|Attenuation Phase,pathway,16,2,0.055673843700159494,0.1194936310101786,0.03530743050808839,0.07557849156736834,0.24037981009495252,0.24687656171914044,0.39467894511242396,0.39142184632874405,False,False
pathway|Autodegradation of Cdh1 by Cdh1 APC C,pathway,48,0,0.17946680046344096,0.47021166743002163,0.05038144299942311,0.11182795992565309,0.0004997501249375312,0.0004997501249375312,0.003264091224827838,0.003233585699362157,True,True
pathway|Autodegradation of the E3 Ubiquitin Ligase COP1,pathway,37,0,0.2045559229769756,0.5583424282289392,0.049015203600729904,0.10688292889499676,0.0004997501249375312,0.0004997501249375312,0.003264091224827838,0.003233585699362157,True,True
pathway|Autophagy,pathway,121,2,0.061861660160920685,0.15173277731095233,0.04222921544563889,0.09318757834259028,0.038980509745127435,0.009995002498750625,0.11260433760866437,0.039021842462227535,False,True
pathway|Azathioprine ADME,pathway,15,0,0.060083325196107144,0.11726646590679103,0.03596767080037756,0.07903840946971867,0.25037481259370314,0.29985007496251875,0.4050066088451102,0.44580429899581353,False,False
pathway|BH3-only Proteins Associate With and Inactivate Anti-Apoptotic BCL-2 Members,pathway,8,1,0.04317693584610877,0.1079885571354631,0.01734388121277218,0.03690321037237403,0.2768615692153923,0.2513743128435782,0.4326873433110382,0.3958335464564912,False,False
"pathway|BMAL1 CLOCK,NPAS2 Activates Circadian Gene Expression",pathway,21,0,0.07289164469615597,0.16461368288869593,0.03829356898740357,0.08400304164880211,0.136431784107946,0.13793103448275862,0.27325825997319564,0.26871097161699525,False,False
pathway|Beta Oxidation of decanoyl-CoA to octanoyl-CoA-CoA,pathway,4,1,0.24605832763727506,0.7297272508975018,0.03139527227158804,0.06835468984513694,0.0544727636181909,0.022488755622188907,0.14579887891105994,0.0718602237342867,False,False
pathway|Beta Oxidation of hexanoyl-CoA to butanoyl-CoA,pathway,4,1,0.17838915470494418,0.39985429574244086,0.006744161540214151,0.014564603589891093,0.07846076961519241,0.08495752123938032,0.19104691499502302,0.188120225601485,False,False
pathway|Beta Oxidation of lauroyl-CoA to decanoyl-CoA-CoA,pathway,3,1,0.2293460925039872,0.5014807243503491,0.013904989747095009,0.031432989081166963,0.10344827586206896,0.09945027486256872,0.2276081239041496,0.21055883882727341,False,False
pathway|Beta Oxidation of octanoyl-CoA to hexanoyl-CoA,pathway,4,1,0.24605832763727506,0.7297272508975018,0.03223892686261105,0.0694401830640933,0.05247376311844078,0.02148925537231384,0.14191146614192904,0.06941397108599666,False,False
pathway|Beta-catenin Independent WNT Signaling,pathway,97,0,0.06209900042984687,0.15861489358502032,0.04552354056122029,0.09970220862285101,0.08195902048975512,0.026486756621689155,0.19589054724651483,0.08031093942080056,False,False
pathway|Beta-catenin Phosphorylation Cascade,pathway,16,0,0.12321884256094781,0.3148954934371056,0.045175061802232845,0.09921916622707194,0.03548225887056472,0.02048975512243878,0.10588599378471684,0.06712495487272137,False,False
pathway|Beta-oxidation of pristanoyl-CoA,pathway,6,0,0.14223741171109594,0.30043048141131107,0.03140263613579402,0.07090941496965854,0.1089455272363818,0.13693153423288357,0.23743951738716162,0.26805541621272305,False,False
pathway|Binding of TCF LEF CTNNB1 to Target Gene Promoters,pathway,7,0,0.03574846206425156,0.026722671409873833,0.03588686326205122,0.07560943864083794,0.44677661169415295,0.5797101449275363,0.5982946631133177,0.6896093762969604,False,False
pathway|Biosynthesis of E-series 18(S)-resolvins,pathway,4,0,0.10923900660742758,0.19642584681659506,0.024456584643426725,0.04387799603069664,0.22038980509745126,0.2448775612193903,0.3730640792073401,0.38944157324094464,False,False
pathway|Biosynthesis of EPA-derived SPMs,pathway,5,0,0.08103896103896102,0.1609943006743734,0.023113055365686943,0.04513197027425633,0.23338330834582707,0.23938030984507747,0.3862447262424564,0.38334071206493897,False,False
pathway|Biosynthesis of the N-glycan Precursor (Dolichol LLO) and Transfer to a Nascent Protein,pathway,54,0,0.12103400296051732,0.2821071428838586,0.03792756216346087,0.08437420751519081,0.0004997501249375312,0.0009995002498750624,0.003264091224827838,0.005782624008330097,True,True
pathway|Biotin Transport and Metabolism,pathway,7,0,0.24834163330403922,0.5383046766552763,0.028229324935715904,0.06874509535176308,0.01249375312343828,0.017491254372813594,0.04761380777501158,0.05994939823817465,True,False
pathway|Branched-chain Amino Acid Catabolism,pathway,17,1,0.24783784327127978,0.5383413899177583,0.04630366918298419,0.10362815997333948,0.0004997501249375312,0.0009995002498750624,0.003264091224827838,0.005782624008330097,True,True
pathway|Branched-chain Ketoacid Dehydrogenase Kinase Deficiency,pathway,5,0,0.11706083390293917,0.18485991561721402,0.05752237183868762,0.12567791554883756,0.25337331334332835,0.3563218390804598,0.408267161996969,0.5024307262526239,False,False
pathway|Budding and Maturation of HIV Virion,pathway,24,0,0.0831104440944258,0.191387785365064,0.03711016709263276,0.08247885816379681,0.05997001499250375,0.06446776611694154,0.15511546841772142,0.15444008099756354,False,False
pathway|Butyrate Response Factor 1 (BRF1) Binds and Destabilizes mRNA,pathway,17,0,0.027856238189055523,0.03822896545166854,0.05742861213863534,0.12796219824205685,0.7646176911544228,0.8520739630184908,0.8336540391221712,0.8974430127735322,False,False
pathway|C-type Lectin Receptors (CLRs),pathway,99,1,0.07331667562113806,0.17008898986153806,0.04695593949877223,0.10321326497943348,0.0239880059970015,0.014992503748125937,0.07797040446912694,0.05295821477016594,False,False
pathway|CASP8 Activity Is Inhibited,pathway,11,0,0.031454669732181674,0.05154744087988196,0.03398699993786117,0.07418672866889817,0.4707646176911544,0.5342328835582209,0.6180645454769454,0.6565690527517306,False,False
pathway|CD163 Mediating an Anti-Inflammatory Response,pathway,6,0,0.17351105035315567,0.3697718188366571,0.03199439963545225,0.07054440753120161,0.05747126436781609,0.07496251874062969,0.1505268803177226,0.17261324991606192,False,False
pathway|CD209 (DC-SIGN) Signaling,pathway,17,0,0.030519983112862362,0.06641509541947299,0.041924121969361905,0.09033001153705629,0.584207896051974,0.585207396301849,0.6989630184907546,0.6935654179751628,False,False
pathway|CD28 Co-Stimulation,pathway,28,0,0.02329886765976992,0.05150527203015307,0.04164691300762729,0.09069466573388486,0.7671164417791104,0.7416291854072964,0.8355012320792933,0.8189068676719589,False,False
pathway|CD28 Dependent PI3K Akt Signaling,pathway,18,0,0.022244559705860006,0.0475088400447373,0.05030266821242053,0.11106717334507303,0.7951024487756122,0.7906046976511744,0.8556620653403868,0.8521463191600878,False,False
pathway|CD28 Dependent Vav1 Pathway,pathway,10,0,0.03347155768208398,0.06334723195011537,0.05846842105263157,0.12887435420178692,0.63968015992004,0.6751624187906047,0.7449040185789458,0.7647685693937771,False,False
pathway|CDC42 GTPase Cycle,pathway,96,0,0.06649779352687939,0.1376951838497608,0.034907922220323524,0.0768818737099167,0.0079960019990005,0.0239880059970015,0.034032164245745976,0.07537532292855084,True,False
pathway|CDC6 Association With the ORC Origin Complex,pathway,5,0,0.5703280929596717,1.3821870090626835,0.06898316814764184,0.15408897534060065,0.0004997501249375312,0.0009995002498750624,0.003264091224827838,0.005782624008330097,True,True
pathway|CDK-mediated Phosphorylation and Removal of Cdc6,pathway,49,0,0.176940437829267,0.466091725051079,0.050621867371350444,0.11188027476947446,0.0004997501249375312,0.0004997501249375312,0.003264091224827838,0.003233585699362157,True,True
pathway|CLEC7A (Dectin-1) Induces NFAT Activation,pathway,10,0,0.08493810283283969,0.1616204076188391,0.05942969241285031,0.13265167791773871,0.2813593203398301,0.3618190904547726,0.4374126559474753,0.5064004385947188,False,False
pathway|CLEC7A (Dectin-1) Signaling,pathway,78,1,0.08107661306567662,0.19417615173040817,0.050967028483023015,0.11287562618897806,0.01699150424787606,0.0079960019990005,0.060327101406561674,0.033215392303848075,False,True
pathway|CLEC7A Inflammasome Pathway,pathway,6,0,-0.10377306903622693,-0.24540552362765058,0.06205404420141261,0.13982173447911272,0.9950024987506247,0.9940029985007496,0.9954817870448206,0.9954408041880698,False,False
pathway|COPI-independent Golgi-to-ER Retrograde Traffic,pathway,39,0,0.09806158753527175,0.22409088030786248,0.05408682402546668,0.12039812337285873,0.027486256871564217,0.030484757621189407,0.0875597477334952,0.08892814828540786,False,False
pathway|COPI-mediated Anterograde Transport,pathway,75,1,0.11122272511746198,0.2889125172720022,0.04612186265417843,0.10192427015272211,0.0004997501249375312,0.0004997501249375312,0.003264091224827838,0.003233585699362157,True,True
pathway|COPII-mediated Vesicle Transport,pathway,57,1,0.11803693272826632,0.2944695306335082,0.04769924632154548,0.10545570696398696,0.0004997501249375312,0.0004997501249375312,0.003264091224827838,0.003233585699362157,True,True
pathway|CREB Phosphorylation,pathway,6,0,0.029405331510594657,0.08332404564258719,0.04235766461608566,0.09170269920682296,0.5167416291854073,0.46926536731634183,0.6492875764174779,0.6022852771145292,False,False
pathway|CREB1 Phosphorylation Through the Activation of Adenylate Cyclase,pathway,8,0,0.11678547016892879,0.2997569299838177,0.05126896299189532,0.11174866891521774,0.1469265367316342,0.10394802598700649,0.2876215049873744,0.2172032695925679,False,False
pathway|CREB1 Phosphorylation Through the Activation of CaMKII CaMKK CaMKIV Cascasde,pathway,5,1,-0.09414217361585782,-0.15702469669076496,0.05068125427204374,0.1132531418027168,0.9715142428785607,0.9265367316341829,0.9771598462270076,0.9479885672927083,False,False
pathway|CTLA4 Inhibitory Signaling,pathway,20,0,0.05301867107961289,0.11452483025270506,0.04404198960319458,0.09693399577595725,0.3488255872063968,0.36081959020489757,0.5073767312148121,0.5064004385947188,False,False
pathway|CTNNB1 S33 Mutants Aren'T Phosphorylated,pathway,14,0,0.12786236320070907,0.31143202634010725,0.042118335799538796,0.09265429721910315,0.038980509745127435,0.027486256871564217,0.11260433760866437,0.08249849063907352,False,False
pathway|CTNNB1 S37 Mutants Aren'T Phosphorylated,pathway,14,0,0.12786236320070907,0.31143202634010725,0.04347260183425597,0.09573228710550635,0.03398300849575212,0.026986506746626688,0.10349370769160873,0.08158802694722508,False,False
pathway|CTNNB1 S45 Mutants Aren'T Phosphorylated,pathway,14,0,0.12786236320070907,0.31143202634010725,0.04356698789931872,0.09566894801010915,0.03648175912043978,0.02448775612193903,0.1074788846711396,0.07636797217007112,False,False
pathway|CTNNB1 T41 Mutants Aren'T Phosphorylated,pathway,14,0,0.12786236320070907,0.31143202634010725,0.043515797736098476,0.0959030708776542,0.031984007996002,0.022988505747126436,0.09929863170059215,0.07289637623936124,False,False
pathway|Ca2+ Pathway,pathway,38,0,0.04058166883651649,0.08099121270406845,0.05174550243123649,0.11413478310683317,0.671664167916042,0.7391304347826086,0.7656676601326121,0.817016451859222,False,False
pathway|CaMK IV-mediated Phosphorylation of CREB,pathway,6,1,-0.050886306675780354,-0.0806075101174466,0.05580156527682842,0.1221567831492598,0.9335332333833083,0.8925537231384307,0.9476776763133584,0.9250669076639325,False,False
pathway|Calcineurin Activates NFAT,pathway,8,0,0.04258617322527093,0.1010177161859843,0.04637086588223806,0.10058546639525082,0.46526736631684157,0.43928035982008995,0.6127839694610525,0.5763646919433524,False,False
pathway|Calnexin Calreticulin Cycle,pathway,20,1,0.13291794078497676,0.3543078120950274,0.04793391157319135,0.10412264825755621,0.009495252373813094,0.0024987506246876563,0.038594205832504495,0.012475733287202553,True,True
pathway|Cap-dependent Translation Initiation,pathway,95,1,0.2482645379610076,0.49104444022090715,0.04394423329013769,0.08973407440720135,0.0004997501249375312,0.0004997501249375312,0.003264091224827838,0.003233585699362157,True,True
pathway|Cargo Concentration in the ER,pathway,23,0,0.1546494695236114,0.3674855034960799,0.05776619823903992,0.128991136903145,0.0034982508745627187,0.0034982508745627187,0.01729968349158754,0.01666483272125405,True,True
pathway|Cargo Recognition for Clathrin-Mediated Endocytosis,pathway,74,0,0.06171474426701534,0.12908916208760376,0.041037872773381064,0.08873773911309968,0.0559720139930035,0.08595702148925537,0.14866224176914103,0.18912365850972818,False,False
pathway|Caspase Activation via Death Receptors in the Presence of Ligand,pathway,15,0,0.03787065065260556,0.08746475033506389,0.03685131172086058,0.07947943939684884,0.41579210394802596,0.3938030984507746,0.5704096432629128,0.5352938713889128,False,False
pathway|Caspase Activation via Dependence Receptors in the Absence of Ligand,pathway,7,0,0.0241480324187091,0.060246302573960075,0.035479870129870125,0.07683399814904233,0.5017491254372813,0.47476261869065467,0.6380250241851552,0.607193324520006,False,False
pathway|Caspase Activation via Extrinsic Apoptotic Signalling Pathway,pathway,22,0,0.050779842167401966,0.1115199188455161,0.034386925992667614,0.07509249452378387,0.2593703148425787,0.2638680659670165,0.41471296684221404,0.41022003968075843,False,False
pathway|Caspase-mediated Cleavage of Cytoskeletal Proteins,pathway,9,0,0.07055707450444294,0.13061823663652453,0.040724981962481956,0.09196805150399516,0.2683658170914543,0.33683158420789605,0.4235530411086251,0.4828151831606626,False,False
pathway|Cdc20 Phospho-APC C Mediated Degradation of Cyclin A,pathway,48,0,0.19399865718454742,0.4962624990703861,0.05088169668610597,0.11251960521200549,0.0004997501249375312,0.0004997501249375312,0.003264091224827838,0.003233585699362157,True,True
pathway|Cell Cycle Checkpoints,pathway,158,3,0.11957696165167189,0.28791990518213634,0.04273126403888018,0.09427950556554153,0.0004997501249375312,0.0004997501249375312,0.003264091224827838,0.003233585699362157,True,True
"pathway|Cell Death Signalling via NRAGE, NRIF and NADE",pathway,48,1,0.03160542798000805,0.06743421311836033,0.033660970699233565,0.0733313918248519,0.5062468765617192,0.5232383808095952,0.6411431479382261,0.646884593417577,False,False
pathway|Cell Recruitment (Pro-Inflammatory Response),pathway,21,0,0.11142336360381472,0.21948902071072698,0.03897936773752562,0.08632798105174712,0.017491254372813594,0.050474762618690654,0.061575144631074295,0.13006958059431822,False,False
pathway|Cell-extracellular Matrix Interactions,pathway,13,0,0.16078395288921604,0.3365339802150407,0.052664125348335866,0.11422171749898669,0.014992503748125937,0.022988505747126436,0.0547265910102945,0.07289637623936124,False,False
pathway|Cellular Senescence,pathway,102,3,0.05064896582537509,0.12523546998170082,0.04725222028173626,0.10484074785402055,0.36281859070464767,0.23888055972013994,0.5215046456010749,0.38334071206493897,False,False
pathway|Cellular Response to Chemical Stress,pathway,149,2,0.10719640608372503,0.26678883066186254,0.04521185762193356,0.09955031309048365,0.0004997501249375312,0.0004997501249375312,0.003264091224827838,0.003233585699362157,True,True
pathway|Cellular Response to Heat Stress,pathway,73,4,0.10813727448550808,0.28102865072470706,0.041625471472371244,0.09186881815150191,0.0004997501249375312,0.0004997501249375312,0.003264091224827838,0.003233585699362157,True,True
pathway|Cellular Response to Hypoxia,pathway,52,0,0.15300251863719352,0.4047835018967592,0.04312513232381653,0.09410900446869094,0.0004997501249375312,0.0004997501249375312,0.003264091224827838,0.003233585699362157,True,True
pathway|Cellular Response to Mitochondrial Stress,pathway,8,0,0.13439605507274677,0.3570435398935056,0.052786733473293615,0.11648038406198932,0.09745127436281859,0.06146926536731634,0.2202462424935519,0.1494984357938127,False,False
pathway|Cellular Response to Starvation,pathway,119,3,0.13821741493613093,0.2768990075262501,0.03762209771914604,0.07968311764952034,0.0004997501249375312,0.0004997501249375312,0.003264091224827838,0.003233585699362157,True,True
pathway|Cellular Responses to Mechanical Stimuli,pathway,61,1,0.06427592827075138,0.13393168829273525,0.04593537952556503,0.10090321941158857,0.1199400299850075,0.16991504247876063,0.25112443778110943,0.3079524810020819,False,False
pathway|Centrosome Maturation,pathway,57,1,0.08975960064206998,0.22489230058767612,0.04878801191718188,0.10874139501881544,0.01999000499750125,0.005497251374312844,0.06817609257768488,0.024449231487040205,False,True
pathway|Chaperone Mediated Autophagy,pathway,15,0,0.10106369820655535,0.18883206138432992,0.04065379910816,0.08460702837373775,0.06346826586706647,0.09495252373813093,0.16135078115776874,0.20458131929885678,False,False
pathway|Cholesterol Biosynthesis,pathway,19,0,0.15817454321609442,0.3286968832606163,0.02802006631411063,0.0630647914172693,0.0029985007496251873,0.005497251374312844,0.01518996599261345,0.024449231487040205,True,True
pathway|Chromatin Modifying Enzymes,pathway,181,2,0.0972265042314475,0.22759395072414684,0.04971137987485035,0.10996591756180539,0.0004997501249375312,0.0004997501249375312,0.003264091224827838,0.003233585699362157,True,True
pathway|Chromatin Organization,pathway,181,2,0.0972265042314475,0.22759395072414684,0.049243279356099935,0.10929798943546079,0.0004997501249375312,0.0004997501249375312,0.003264091224827838,0.003233585699362157,True,True
pathway|Chylomicron Clearance,pathway,3,0,-0.05468215994531785,-0.11595951659492076,0.014819264069264067,0.030351443733636154,0.6401799100449775,0.6251874062968515,0.7449040185789458,0.7274589595958323,False,False
pathway|Circadian Clock,pathway,57,0,0.043605382218362035,0.10785770193317915,0.03936136834738932,0.08612272913369526,0.36431784107946025,0.24387806096951525,0.5218539006358889,0.3884468808540515,False,False
pathway|Citric Acid Cycle (TCA Cycle),pathway,28,0,0.13631463217929382,0.35191402118722265,0.048498138383476726,0.10702688742817529,0.004497751124437781,0.001999000499750125,0.02108765030577262,0.010431969944675903,True,True
pathway|Class I Peroxisomal Membrane Protein Import,pathway,17,0,0.13844387037111494,0.2913035915799792,0.0424094731313578,0.09392226692827416,0.02048975512243878,0.030484757621189407,0.06908639835926193,0.08892814828540786,False,False
pathway|Clathrin-mediated Endocytosis,pathway,106,0,0.0575049974851365,0.12294704546300142,0.039050908654876586,0.08484045308873757,0.04247876061969016,0.06096951524237881,0.11987552419442453,0.14898080371578917,False,False
pathway|Cobalamin (Cbl) Metabolism,pathway,6,0,0.08226019594440649,0.15992581425922184,0.018563834586466148,0.04333678918554087,0.19790104947526238,0.23488255872063968,0.3510166351495474,0.380888299062261,False,False
pathway|Coenzyme A Biosynthesis,pathway,5,0,0.08643882433356116,0.3123933816679916,0.07161480519480519,0.1574755894504272,0.41179410294852575,0.23638180909545228,0.5664214250490649,0.380888299062261,False,False
pathway|Cohesin Loading Onto Chromatin,pathway,10,0,0.37802992329308116,1.3298356471500798,0.06501015645173538,0.14547224688918223,0.0004997501249375312,0.0004997501249375312,0.003264091224827838,0.003233585699362157,True,True
pathway|Complex I Biogenesis,pathway,42,3,0.19031003228692572,0.4148139564372468,0.04378296676121726,0.09640227547477394,0.0004997501249375312,0.0004997501249375312,0.003264091224827838,0.003233585699362157,True,True
pathway|Complex III Assembly,pathway,17,0,0.18578213582083555,0.49204470472322015,0.03492862068272284,0.07812259786288257,0.0009995002498750624,0.0004997501249375312,0.00584778033518452,0.003233585699362157,True,True
pathway|Complex IV Assembly,pathway,31,0,0.14546424712808412,0.36371853070775223,0.03413155645712521,0.0756590705738557,0.0009995002498750624,0.0009995002498750624,0.00584778033518452,0.005782624008330097,True,True
pathway|Constitutive Signaling by AKT1 E17K in Cancer,pathway,24,0,0.06931137131365964,0.17125384856292436,0.045202083271419655,0.09967667943672474,0.17891054472763618,0.13343328335832083,0.3303086234660447,0.264700028209391,False,False
pathway|Constitutive Signaling by EGFRvIII,pathway,13,0,0.007153372942846616,0.06370400221724391,0.04794948034421718,0.10603723256761036,0.8245877061469266,0.6316841579210395,0.8778414483173584,0.7315019370537573,False,False
pathway|Constitutive Signaling by Ligand-Responsive EGFR Cancer Variants,pathway,17,0,0.027865787463310678,0.0825164501203309,0.04649157804270033,0.09979727313796996,0.6821589205397302,0.5467266366816592,0.7729645815390177,0.6671863833065842,False,False
pathway|Constitutive Signaling by NOTCH1 HD Domain Mutants,pathway,10,0,0.037641072377914496,0.076947167288521,0.023361576668945085,0.048033752838416,0.3268365817091454,0.3378310844577711,0.48488541443563926,0.4839139051164073,False,False
pathway|Constitutive Signaling by NOTCH1 HD+PEST Domain Mutants,pathway,41,0,0.04803152559891968,0.09682792927996045,0.04127495407031992,0.09097431976225993,0.32533733133433285,0.40429785107446276,0.4836976644104577,0.5455967668339743,False,False
pathway|Constitutive Signaling by NOTCH1 PEST Domain Mutants,pathway,41,0,0.04803152559891968,0.09682792927996045,0.040960679275794803,0.08987919109946207,0.31584207896051975,0.38830584707646176,0.47605515094412154,0.5312985799590323,False,False
pathway|Constitutive Signaling by Overexpressed ERBB2,pathway,10,0,0.11450596187438293,0.3340874452060213,0.04454777094250778,0.0963842942285189,0.0879560219890055,0.03798100949525238,0.20457408473814603,0.10532250563636741,False,False
pathway|Conversion From APC C Cdc20 to APC C Cdh1 in Late Anaphase,pathway,15,0,0.08634964033460271,0.21846848280268888,0.057037218696090866,0.12691857853784122,0.22338830584707647,0.16941529235382308,0.3756902925055691,0.3075835334081211,False,False
pathway|Cooperation of Prefoldin and TriC CCT in Actin and Tubulin Folding,pathway,22,0,0.08827410912168258,0.22972327300226045,0.048940122443061604,0.10680289196390211,0.10144927536231885,0.04897551224387806,0.22559972690314373,0.12747135204327661,False,False
pathway|Costimulation by the CD28 Family,pathway,57,0,0.027906188917269252,0.06068661546162751,0.04350681207889853,0.09425535881882464,0.863568215892054,0.8355822088955522,0.904047976011994,0.8850098153371045,False,False
pathway|Cross-presentation of Particulate Exogenous Antigens (Phagosomes),pathway,7,0,0.24394753116557621,0.40057045013717196,0.023683310549100015,0.04830674689517781,0.004497751124437781,0.030484757621189407,0.02108765030577262,0.08892814828540786,True,False
pathway|Cross-presentation of Soluble Exogenous Antigens (Endosomes),pathway,30,0,0.29646860096950844,0.7989444717118898,0.05033382272295158,0.11201969559035052,0.0004997501249375312,0.0004997501249375312,0.003264091224827838,0.003233585699362157,True,True
pathway|Cyclin A Cdk2-associated Events at S Phase Entry,pathway,62,0,0.12829830694229924,0.33693170078659,0.04642013737049223,0.10190658611788182,0.0004997501249375312,0.0004997501249375312,0.003264091224827838,0.003233585699362157,True,True
pathway|Cyclin D Associated Events in G1,pathway,36,0,0.05397682517983268,0.13700035751391165,0.037956205557182994,0.08256041678564272,0.19440279860069964,0.12143928035982009,0.34778175081279344,0.24559823301591657,False,False
pathway|Cyclin E Associated Events During G1 S Transition,pathway,60,0,0.14075771091828182,0.3671393896551444,0.04475797647045193,0.098685294262697,0.0004997501249375312,0.0004997501249375312,0.003264091224827838,0.003233585699362157,True,True
pathway|Cytochrome C-Mediated Apoptotic Response,pathway,12,0,0.1443754013132003,0.3040191778554456,0.028233626421425462,0.06269065628382303,0.01649175412293853,0.027486256871564217,0.05875364204690109,0.08249849063907352,False,False
pathway|Cytoprotection by HMOX1,pathway,44,0,0.08783459224652057,0.1997155472189508,0.044875486886541735,0.09912165357818482,0.021989005497251374,0.02048975512243878,0.07284077259615807,0.06712495487272137,False,False
pathway|Cytosolic Iron-Sulfur Cluster Assembly,pathway,8,0,0.09616736646811834,0.2261057146089187,0.0271149057709208,0.05940382469964597,0.14492753623188406,0.13943028485757122,0.2853217940792637,0.26964311140519126,False,False
pathway|Cytosolic Sensors of Pathogen-Associated DNA,pathway,53,1,0.06287109117297794,0.1744523416207042,0.040265193198063105,0.08855410006157345,0.08395802098950525,0.02148925537231384,0.19929235382308846,0.06941397108599666,False,False
pathway|DAG and IP3 Signaling,pathway,25,1,0.025115516062884483,0.053448358436088,0.047657249487354746,0.10541095963402838,0.7861069465267366,0.7881059470264867,0.85038756663335,0.8512199958263198,False,False
pathway|DAP12 Interactions,pathway,31,0,0.02781690296121535,0.054061008197170544,0.04000947456618084,0.08675720631268945,0.6781609195402298,0.712143928035982,0.7701149425287356,0.7926703850647024,False,False
pathway|DAP12 Signaling,pathway,25,0,0.018240601503759397,0.037300150847830435,0.04097130359990886,0.08846424291388083,0.8170914542728636,0.8060969515242379,0.8734425890503025,0.8634674411118319,False,False
pathway|DARPP-32 Events,pathway,20,0,0.08384106198510628,0.2128517833085073,0.04286839353167607,0.09420827811419485,0.095952023988006,0.063968015992004,0.21780585117277426,0.15341982588382483,False,False
pathway|DCC Mediated Attractive Signaling,pathway,10,0,-0.011407306144148244,-0.02558022018158592,0.031489800258221304,0.07045699415363751,0.7916041979010495,0.7891054472763618,0.8545540119753013,0.8518565561294197,False,False
pathway|DDX58 IFIH1-mediated Induction of Interferon-Alpha Beta,pathway,60,1,0.04157709373588052,0.09008702067744323,0.04085514439025143,0.08953199412654368,0.4577711144427786,0.46476761619190404,0.6055991112723893,0.5973529324446688,False,False
pathway|DEx H-box Helicases Activate Type I IFN and Inflammatory Cytokines Production,pathway,7,0,-0.035198385574325454,-0.07194495737497694,0.048652267031214384,0.10774052977555419,0.9000499750124937,0.8820589705147426,0.926823895935027,0.9173943323781274,False,False
pathway|DNA Damage Bypass,pathway,39,2,0.08895822552332246,0.216501108848589,0.04300161200756768,0.0956611184299383,0.02448775612193903,0.022488755622188907,0.07922284963437286,0.0718602237342867,False,False
pathway|DNA Damage Recognition in GG-NER,pathway,35,0,0.1191649482759611,0.3030867449986337,0.038468263726543245,0.08444666053192043,0.0029985007496251873,0.0009995002498750624,0.01518996599261345,0.005782624008330097,True,True
pathway|DNA Damage Reversal,pathway,7,0,0.06304397357028935,0.1905375919918533,0.04281524590697522,0.09333283921875173,0.34382808595702147,0.255872063968016,0.5022253620380821,0.40048702099590744,False,False
pathway|DNA Double-Strand Break Repair,pathway,94,3,0.1132265367355495,0.2953921917864621,0.034026668483775724,0.0753525643830812,0.0004997501249375312,0.0004997501249375312,0.003264091224827838,0.003233585699362157,True,True
pathway|DNA Replication Initiation,pathway,5,1,0.14973342447026647,0.4707852671837841,0.02236380724538619,0.052694746492104406,0.10294852573713144,0.05147426286856572,0.2276081239041496,0.13199017775063088,False,False
pathway|DNA Strand Elongation,pathway,20,1,0.220976724106918,0.5482909132597151,0.031122546857574554,0.07030494135343024,0.0009995002498750624,0.0004997501249375312,0.00584778033518452,0.003233585699362157,True,True
pathway|Deactivation of the Beta-Catenin Transactivating Complex,pathway,32,0,0.02067393557206801,0.04526263235890578,0.03148553148358432,0.06743399718881267,0.6921539230384808,0.6656671664167916,0.7808819653182643,0.7575839477521513,False,False
pathway|Deadenylation of mRNA,pathway,20,1,0.2053746807209411,0.47276132414414895,0.04889626956146346,0.10653252824017095,0.0009995002498750624,0.0004997501249375312,0.00584778033518452,0.003233585699362157,True,True
pathway|Deadenylation-dependent mRNA Decay,pathway,47,1,0.09660051229747903,0.2039903823799051,0.046403024780857186,0.1027080386434895,0.0079960019990005,0.01999000499750125,0.034032164245745976,0.06590355615842872,True,False
pathway|Death Receptor Signaling,pathway,117,3,0.043488282236013635,0.0938020613649634,0.037531530417555824,0.08234697975935161,0.26186906546726635,0.2933533233383308,0.4171027982941044,0.4380264935828275,False,False
pathway|Dectin-1 Mediated Noncanonical NF-kB Signaling,pathway,45,0,0.15894039506479693,0.4182854347234446,0.04818586635321085,0.10660365880954381,0.0004997501249375312,0.0004997501249375312,0.003264091224827838,0.003233585699362157,True,True
pathway|Defective CFTR Causes Cystic Fibrosis,pathway,43,0,0.23386721106602207,0.6214496960926349,0.04877484507099824,0.10686534231176517,0.0004997501249375312,0.0004997501249375312,0.003264091224827838,0.003233585699362157,True,True
pathway|Defective HLCS Causes Multiple Carboxylase Deficiency,pathway,5,0,0.3919138755980861,0.8778293952474341,0.03538970950102529,0.08321056137398189,0.00399800099950025,0.009495252373813094,0.019311274595260507,0.03742246523796925,True,True
pathway|Defective Intrinsic Pathway for Apoptosis,pathway,20,1,0.10565240853329494,0.24327505123664653,0.019826290247148968,0.042065907535051614,0.008995502248875561,0.009995002498750625,0.037442200743315716,0.039021842462227535,True,True
pathway|Defective LFNG Causes SCDO3,pathway,3,0,0.4189792663476874,0.9171317319435438,0.037103588516746416,0.09018576692255169,0.018490754622688656,0.02498750624687656,0.0641156883995398,0.0771159739595284,False,False
pathway|Defective TPR May Confer Susceptibility Towards Thyroid Papillary Carcinoma (TPC),pathway,26,0,0.3199331195120668,0.8353915292104881,0.051505478731794514,0.11457641681454808,0.0004997501249375312,0.0004997501249375312,0.003264091224827838,0.003233585699362157,True,True
"pathway|Defective Binding of RB1 Mutants to E2F1,(E2F2, E2F3)",pathway,12,0,0.07313428198595662,0.1963865080852217,0.03999026595414155,0.08811233688138302,0.20789605197401298,0.1344327836081959,0.35983341662502083,0.2651632398425669,False,False
pathway|Defects in Biotin (Btn) Metabolism,pathway,6,0,0.35059922533606735,0.7683214033793391,0.029392326270220995,0.06759070248597601,0.001999000499750125,0.004997501249375313,0.010868911094191124,0.022564804554244616,True,True
pathway|Defects in Cobalamin (B12) Metabolism,pathway,11,0,-0.03029640216243087,-0.0737249253414136,0.017365076120052187,0.04008682377037605,0.881559220389805,0.8825587206396801,0.9150417295100576,0.9174546860703782,False,False
pathway|Defects in Vitamin and Cofactor Metabolism,pathway,17,0,0.054420811386755655,0.1341793440749032,0.020578911935587627,0.047749476073456025,0.15092453773113443,0.14042978510744628,0.2940621621646962,0.271071248762236,False,False
pathway|Degradation of AXIN,pathway,40,0,0.18143417985523247,0.4869879470337281,0.04794216064637117,0.10496134337983276,0.0004997501249375312,0.0004997501249375312,0.003264091224827838,0.003233585699362157,True,True
pathway|Degradation of DVL,pathway,40,0,0.190143014879857,0.5316470716233329,0.04568107015791225,0.10038846802974793,0.0004997501249375312,0.0004997501249375312,0.003264091224827838,0.003233585699362157,True,True
pathway|Degradation of GLI1 by the Proteasome,pathway,43,0,0.18048269268762362,0.4781248191292875,0.0451953195810426,0.09855122928544359,0.0004997501249375312,0.0004997501249375312,0.003264091224827838,0.003233585699362157,True,True
pathway|Degradation of GLI2 by the Proteasome,pathway,43,0,0.18178351344988872,0.48195487600132597,0.04599155662487538,0.10059638188132192,0.0004997501249375312,0.0004997501249375312,0.003264091224827838,0.003233585699362157,True,True
pathway|Degradation of Beta-Catenin by the Destruction Complex,pathway,66,0,0.11217038145267806,0.3036597548816554,0.04603869643912706,0.10074069070349863,0.0009995002498750624,0.0004997501249375312,0.00584778033518452,0.003233585699362157,True,True
pathway|Depolymerization of the Nuclear Lamina,pathway,12,0,0.033473145674102596,0.04126862692161228,0.03991037200439113,0.08950829187993516,0.5022488755622189,0.6331834082958521,0.6380250241851552,0.7322505228454814,False,False
pathway|Deregulated CDK5 Triggers Multiple Neurodegenerative Pathways in Alzheimer's Disease Models,pathway,18,1,0.09168911583772262,0.21299995950142422,0.01728320958367397,0.03670749444533524,0.01199400299850075,0.014992503748125937,0.04604721668740491,0.05295821477016594,True,False
pathway|Detoxification of Reactive Oxygen Species,pathway,25,0,0.12873251310093414,0.24040632883639526,0.03937370574162678,0.08602085014379782,0.004497751124437781,0.018490754622688656,0.02108765030577262,0.062144494095994075,True,False
pathway|Deubiquitination,pathway,181,4,0.07786137031847994,0.19005464581690862,0.04606967157136101,0.10192500301595155,0.0009995002498750624,0.0004997501249375312,0.00584778033518452,0.003233585699362157,True,True
pathway|Dimerization of Procaspase-8,pathway,11,0,0.031454669732181674,0.05154744087988196,0.03604020754365252,0.07894213549493824,0.48575712143928035,0.552223888055972,0.6278267213624052,0.670350096722533,False,False
pathway|Disassembly of the Destruction Complex and Recruitment of AXIN to the Membrane,pathway,23,0,0.05981455615322891,0.16093493891901195,0.03676372092646275,0.0812510919813797,0.20739630184907545,0.12993503248375812,0.3595677119703921,0.2599952432261711,False,False
pathway|Diseases Associated With N-glycosylation of Proteins,pathway,17,0,0.11573921434602547,0.28667525226044577,0.05622282754010695,0.12591135591266883,0.07146426786606697,0.044977511244377814,0.17670390994978702,0.11855113052610752,False,False
pathway|Diseases Associated With Glycosylation Precursor Biosynthesis,pathway,14,0,0.036932240691639195,0.06204776883302894,0.0470885854746757,0.10509953984732946,0.5347326336831584,0.6156921539230384,0.6628966375488463,0.7184228110663768,False,False
pathway|Diseases Associated With the TLR Signaling Cascade,pathway,23,1,0.24381191930599042,0.5035997002553807,0.04176139369263979,0.09259051652880487,0.0004997501249375312,0.0004997501249375312,0.003264091224827838,0.003233585699362157,True,True
pathway|Diseases of DNA Repair,pathway,31,0,0.23103006783821722,0.5201367748028826,0.02860806789701526,0.06332797247778545,0.0004997501249375312,0.0004997501249375312,0.003264091224827838,0.003233585699362157,True,True
pathway|Diseases of Immune System,pathway,23,1,0.24381191930599042,0.5035997002553807,0.04131592928602497,0.09187462568258366,0.0004997501249375312,0.0004997501249375312,0.003264091224827838,0.003233585699362157,True,True
pathway|Diseases of Mismatch Repair (MMR),pathway,5,0,0.5655912508544085,0.9982216211424045,0.01797673957621326,0.038304736317554634,0.0004997501249375312,0.0009995002498750624,0.003264091224827838,0.005782624008330097,True,True
pathway|Diseases of Branched-Chain Amino Acid Catabolism,pathway,11,1,0.3045498042627229,0.6086763382098725,0.046217541166967,0.1047806199451036,0.0004997501249375312,0.0009995002498750624,0.003264091224827838,0.005782624008330097,True,True
pathway|Diseases of Carbohydrate Metabolism,pathway,23,0,0.18628299098446796,0.41941938104219045,0.04262272295002687,0.09290443043482736,0.0004997501249375312,0.0009995002498750624,0.003264091224827838,0.005782624008330097,True,True
pathway|Diseases of Mitotic Cell Cycle,pathway,29,0,0.09243608349130775,0.2513075419933283,0.051031434497573976,0.11303468130030338,0.06946526736631684,0.02348825587206397,0.1727896530776528,0.07425434923329811,False,False
pathway|Disinhibition of SNARE Formation,pathway,4,0,-0.09415584415584421,-0.15577115485305995,0.05445142401458189,0.12027161338974947,0.9065467266366817,0.8500749625187406,0.9307452057461136,0.8957918301123411,False,False
pathway|Disorders of Developmental Biology,pathway,12,0,0.05152240104393212,0.1286749714866799,0.05677302761034818,0.1236831585274039,0.49025487256371814,0.42778610694652675,0.6305011580896858,0.5673148757254026,False,False
pathway|Disorders of Nervous System Development,pathway,12,0,0.05152240104393212,0.1286749714866799,0.05536699859152012,0.12097704276374634,0.48425787106446777,0.41629185407296354,0.6274507786655643,0.5560374153759133,False,False
pathway|Downregulation of ERBB2 Signaling,pathway,20,0,0.06981041119545274,0.15940385687761152,0.038283961038961034,0.08321294496521615,0.1329335332333833,0.11344327836081959,0.2688441563054889,0.23236852973907524,False,False
pathway|Downregulation of ERBB2 ERBB3 Signaling,pathway,10,0,0.06578871420976683,0.1422154694683795,0.03932566795777322,0.08397254357236264,0.26436781609195403,0.2703648175912044,0.4197950718830188,0.4168876957215527,False,False
pathway|Downregulation of ERBB4 Signaling,pathway,7,0,0.006799466197962435,0.008290183212570135,0.04053167984897307,0.08170752675064588,0.6476761619190404,0.6531734132933533,0.7502640202486598,0.7470491076047879,False,False
pathway|Downregulation of SMAD2 3 SMAD4 Transcriptional Activity,pathway,26,0,0.052646932015353066,0.10834089872882688,0.04783156001892844,0.10467718750556261,0.3808095952023988,0.43428285857071464,0.5358454061196737,0.5727019030167456,False,False
pathway|Downregulation of TGF-beta Receptor Signaling,pathway,22,0,0.04884998801608508,0.09215467079727473,0.04159253727589338,0.08895862908577025,0.3638180909545227,0.43278360819590206,0.5218539006358889,0.571450447694144,False,False
pathway|Downstream TCR Signaling,pathway,75,1,0.07741311509732562,0.18201388148325073,0.04927838858817805,0.10745351503447875,0.022988505747126436,0.014492753623188406,0.07554925069111014,0.0514554688467732,False,False
pathway|Downstream Signal Transduction,pathway,23,0,0.038661962127741194,0.11667925255666547,0.04286355261131629,0.09321051908480851,0.5132433783108445,0.3168415792103948,0.6468486023978303,0.4631104574384166,False,False
pathway|Downstream Signaling Events of B Cell Receptor (BCR),pathway,63,1,0.10198653315315936,0.25356057437235907,0.04768004174659522,0.10457499574682624,0.0009995002498750624,0.0004997501249375312,0.00584778033518452,0.003233585699362157,True,True
pathway|Drug-mediated Inhibition of CDK4 CDK6 Activity,pathway,4,0,0.21061745272271595,0.599608301605859,0.05531278195488719,0.11915773746711313,0.11044477761119441,0.05547226386806597,0.23870322903064597,0.1388143277758711,False,False
pathway|Dual Incision in GG-NER,pathway,34,1,0.14495292679925384,0.4142487769619735,0.0306780321611028,0.06812602978817268,0.0004997501249375312,0.0004997501249375312,0.003264091224827838,0.003233585699362157,True,True
pathway|Dual Incision in TC-NER,pathway,51,1,0.10657242035570207,0.29830172674222033,0.03734835251229678,0.08253152692501341,0.001999000499750125,0.0004997501249375312,0.010868911094191124,0.003233585699362157,True,True
pathway|E2F Mediated Regulation of DNA Replication,pathway,15,0,0.2414451713699834,0.578103780445909,0.04712304039319076,0.10462744676194331,0.0004997501249375312,0.0004997501249375312,0.003264091224827838,0.003233585699362157,True,True
pathway|E3 Ubiquitin Ligases Ubiquitinate Target Proteins,pathway,37,0,0.10002678686889212,0.2400463357979202,0.03087639250665566,0.06781182673046192,0.0029985007496251873,0.001999000499750125,0.01518996599261345,0.010431969944675903,True,True
pathway|EGFR Transactivation by Gastrin,pathway,7,0,-0.040136054421768715,-0.02949246505645193,0.04825993718061386,0.10532943211144763,0.9095452273863068,0.7701149425287356,0.9324409858249553,0.8396476302531148,False,False
pathway|EGFR Downregulation,pathway,21,0,0.01710737883670214,0.03555109566628474,0.0430617750545194,0.09355469660034174,0.8145927036481759,0.809095452273863,0.8716687508898822,0.8653405017367732,False,False
pathway|EPH-Ephrin Signaling,pathway,56,0,0.07780973981589154,0.1550652490546264,0.03842348827351731,0.08219501713949114,0.009495252373813094,0.0239880059970015,0.038594205832504495,0.07537532292855084,True,False
pathway|EPHB-mediated Forward Signaling,pathway,28,0,0.049999819172751495,0.10648873938093233,0.03361641739630461,0.07051342087066677,0.2048975512243878,0.21239380309845077,0.3573234373577275,0.3566224163585144,False,False
pathway|ER Quality Control Compartment (ERQC),pathway,16,1,0.10750626566416038,0.30936437502935504,0.05152492623604465,0.11281804222972328,0.08595702148925537,0.027486256871564217,0.20150421403293836,0.08249849063907352,False,False
pathway|ER to Golgi Anterograde Transport,pathway,117,2,0.10585556810602183,0.2724901696256921,0.049149618223075564,0.10833679022383441,0.0004997501249375312,0.0004997501249375312,0.003264091224827838,0.003233585699362157,True,True
pathway|ER-Phagosome Pathway,pathway,62,0,0.18169134436495063,0.4634010473662901,0.04530806693793278,0.09882533646959578,0.0004997501249375312,0.0004997501249375312,0.003264091224827838,0.003233585699362157,True,True
pathway|ERK MAPK Targets,pathway,19,0,0.11335715684746156,0.26346233353820747,0.04554991865628985,0.09992470978152918,0.030984507746126936,0.025987006496751622,0.09677416930632428,0.07914224705828903,False,False
pathway|ERKs Are Inactivated,pathway,12,0,0.15533772447648045,0.3612200783050282,0.04470233124132645,0.0977962353548275,0.022488755622188907,0.013993003498250875,0.07425937269838849,0.05010942804459839,False,False
pathway|ESR-mediated Signaling,pathway,117,2,0.0466263419983928,0.12302045029834949,0.049546312781793715,0.1095303623640682,0.5787106446776612,0.29035482258870565,0.6959942148207888,0.4354274126474669,False,False
pathway|Effects of PIP2 Hydrolysis,pathway,17,0,0.12304390655783844,0.21290284283387606,0.04134855454143378,0.09103970650500222,0.025487256371814093,0.08695652173913043,0.08181921404058404,0.19071667967494604,False,False
pathway|Eicosanoid Ligand-Binding Receptors,pathway,9,0,0.07803789777473986,0.17826260635897798,0.019259109895951993,0.043468034912698995,0.13543228385807096,0.14042978510744628,0.2725705945476874,0.271071248762236,False,False
pathway|Endosomal Sorting Complex Required For Transport (ESCRT),pathway,28,0,0.10493947711992825,0.24621354502411258,0.04425469201503036,0.09779787710436944,0.02048975512243878,0.018490754622688656,0.06908639835926193,0.062144494095994075,False,False
pathway|Energy Dependent Regulation of mTOR by LKB1-AMPK,pathway,26,0,0.07119448972080548,0.15523420975852173,0.047447207003522784,0.1042665632122888,0.19290354822588707,0.20389805097451275,0.34659227479685767,0.3485565859045786,False,False
pathway|Epigenetic Regulation by WDR5-containing Histone Modifying Complexes,pathway,85,2,0.06919024068957726,0.15261733479103423,0.048309116517420356,0.10674842179156753,0.07146426786606697,0.08195902048975512,0.17670390994978702,0.1838324898026149,False,False
pathway|Epigenetic Regulation of Gene Expression,pathway,195,5,0.08666836870852063,0.20804579667244222,0.04674582808401581,0.10348803852243108,0.0004997501249375312,0.0004997501249375312,0.003264091224827838,0.003233585699362157,True,True
pathway|Erythropoietin Activates Phosphoinositide-3-kinase (PI3K),pathway,10,0,0.05597022860180755,0.0955521848337528,0.057152172096908926,0.12678321720702884,0.45327336331834084,0.5497251374312844,0.6023344693616084,0.6694886300259362,False,False
pathway|Erythropoietin Activates Phospholipase C Gamma (PLCG),pathway,5,0,-0.08436773752563229,-0.15233081759346406,0.04581686602870813,0.09859623159792004,0.9445277361319341,0.9105447276361819,0.9560351403245746,0.9380959321926339,False,False
pathway|Erythropoietin Activates RAS,pathway,12,0,0.07776880217071601,0.19855835171623715,0.05030942231612087,0.11110034553490374,0.2543728135932034,0.1904047976011994,0.40955994870781665,0.3340124701162932,False,False
pathway|Erythropoietin Activates STAT5,pathway,5,0,-0.010075187969924838,-0.07389411218561248,0.049126886534518105,0.10848973186887234,0.6991504247876063,0.7991004497751124,0.7849380715047882,0.8577424466061543,False,False
pathway|Establishment of Sister Chromatid Cohesion,pathway,9,0,0.5538486367433735,1.7216096636311908,0.061902873661426286,0.1404842706445441,0.0004997501249375312,0.0004997501249375312,0.003264091224827838,0.003233585699362157,True,True
pathway|Estrogen-dependent Gene Expression,pathway,73,2,0.054690456943521114,0.15567140627492326,0.0558692129868049,0.12426382103558484,0.4987506246876562,0.1774112943528236,0.6369428921902686,0.3173843741350686,False,False
pathway|Estrogen-dependent Nuclear Events Downstream of ESR-membrane Signaling,pathway,18,0,0.024740996877219777,0.08474164780335128,0.04279132590835377,0.09347379382965061,0.6951524237881059,0.49725137431284355,0.7829889285292277,0.6236661258742608,False,False
pathway|Estrogen-stimulated Signaling Through PRKCZ,pathway,6,0,-0.05158350421508316,-0.12015587999145658,0.02082097744360901,0.04504300646447824,0.8330834582708646,0.84007996001999,0.8828134402186663,0.888414499471242,False,False
pathway|Eukaryotic Translation Elongation,pathway,70,1,0.4132336204712798,0.8182339647350947,0.044932211202766935,0.09014443555436125,0.0004997501249375312,0.0004997501249375312,0.003264091224827838,0.003233585699362157,True,True
pathway|Eukaryotic Translation Initiation,pathway,95,1,0.2482645379610076,0.49104444022090715,0.04418687077053316,0.09038127264065225,0.0004997501249375312,0.0004997501249375312,0.003264091224827838,0.003233585699362157,True,True
pathway|Eukaryotic Translation Termination,pathway,71,1,0.3840006546455768,0.7638376374556236,0.04415805128790515,0.08983349616563009,0.0004997501249375312,0.0004997501249375312,0.003264091224827838,0.003233585699362157,True,True
pathway|Export of Viral Ribonucleoproteins From Nucleus,pathway,28,0,0.30791969100239774,0.7825961484189904,0.051478212667310404,0.11404656570141239,0.0004997501249375312,0.0004997501249375312,0.003264091224827838,0.003233585699362157,True,True
pathway|Extension of Telomeres,pathway,38,1,0.1296897681939233,0.3304496926099302,0.029408702086264404,0.06623172551702933,0.0004997501249375312,0.0004997501249375312,0.003264091224827838,0.003233585699362157,True,True
pathway|Extra-nuclear Estrogen Signaling,pathway,46,0,0.03782453498700637,0.09981957179523807,0.04221715411717699,0.09240299822719482,0.552223888055972,0.3818090954522739,0.6742910143987383,0.5244824677608286,False,False
pathway|FBXL7 Down-Regulates AURKA During Mitotic Entry and in Early Mitosis,pathway,38,0,0.2025063953041792,0.5610362594612742,0.04543359836614684,0.10016618166508433,0.0004997501249375312,0.0004997501249375312,0.003264091224827838,0.003233585699362157,True,True
pathway|FBXW7 Mutants and NOTCH1 in Cancer,pathway,5,0,-0.030498974709501026,-0.05505163492673706,0.046767180451127814,0.10355755061054067,0.7801099450274862,0.7576211894052973,0.8465456404504121,0.8296191735533708,False,False
pathway|FGFR2 Alternative Splicing,pathway,21,0,0.051508316245158337,0.176602717002648,0.0523622601959444,0.11496078914243717,0.4682658670664668,0.18490754622688654,0.6158293402318449,0.326853594479356,False,False
pathway|FLT3 Signaling,pathway,35,0,0.038389518486820554,0.08802182218371843,0.04750072316007742,0.1028648585075774,0.632183908045977,0.5807096451774113,0.7401612046288017,0.6896134551363541,False,False
pathway|FLT3 Signaling by CBL Mutants,pathway,6,0,0.1298838004101162,0.2687456537272085,0.05961041467304624,0.12170165150423509,0.19590204897551225,0.1904047976011994,0.34956061488156265,0.3340124701162932,False,False
pathway|FLT3 Signaling in Disease,pathway,23,1,0.015182404448058694,0.03803768054584811,0.04417522646897516,0.09558205214365297,0.8695652173913043,0.8355822088955522,0.9080376855312917,0.8850098153371045,False,False
pathway|FLT3 Signaling Through SRC Family Kinases,pathway,5,0,-0.08328776486671222,-0.13284167619963227,0.052788226247436766,0.11487863468914779,0.9535232383808095,0.9005497251374313,0.9637312730496065,0.9301053103483067,False,False
pathway|FOXO-mediated Transcription,pathway,46,1,0.01207372845816781,0.039491261356266245,0.03438127066678554,0.07467052961429795,0.9255372313843079,0.8085957021489255,0.941909309791725,0.8652515576317972,False,False
pathway|FOXO-mediated Transcription of Cell Cycle Genes,pathway,12,0,0.013271815903394846,0.026584886248877504,0.03964619399739017,0.08856844973828593,0.6911544227886057,0.6816591704147926,0.7806023578748962,0.7686243740236288,False,False
pathway|FOXO-mediated Transcription of Cell Death Genes,pathway,14,1,0.08543336362885233,0.23717663324395774,0.028881834706646733,0.06503126457062354,0.08895552223888056,0.049475262368815595,0.20574679252801217,0.1281298253616334,False,False
pathway|FasL CD95L Signaling,pathway,5,0,0.07150375939849622,0.16113936620599817,0.02775707450444292,0.06318560168460592,0.28835582208895555,0.2893553223388306,0.4469515242378811,0.43518537617505515,False,False
pathway|Fatty Acids Bound to GPR40 (FFAR1) Regulate Insulin Secretion,pathway,6,0,0.16325358851674643,0.4016233350557633,0.013226944634313042,0.029929637362650082,0.035982008995502246,0.03298350824587706,0.10691649883212899,0.09384485839272146,False,False
pathway|Folding of Actin by CCT TriC,pathway,9,0,0.16148705096073515,0.3780315567913112,0.049500953140426816,0.10833563898918983,0.04397801099450275,0.035982008995502246,0.12310286905064988,0.10058496996454665,False,False
pathway|Formation of HIV Elongation Complex in the Absence of HIV Tat,pathway,37,0,0.08091214933320194,0.22262823024024558,0.053600980440454124,0.11951971674678884,0.11144427786106946,0.03398300849575212,0.239865041572478,0.09616172840010512,False,False
pathway|Formation of HIV-1 Elongation Complex Containing HIV-1 Tat,pathway,35,0,0.08513794034360156,0.23671177906832397,0.054389473569332034,0.12077534545169272,0.10344827586206896,0.034482758620689655,0.2276081239041496,0.09744311517710533,False,False
pathway|Formation of Incision Complex in GG-NER,pathway,37,0,0.12244544612965663,0.3241939658962565,0.029508251176672225,0.065324938687505,0.0004997501249375312,0.0004997501249375312,0.003264091224827838,0.003233585699362157,True,True
pathway|Formation of RNA Pol II Elongation Complex,pathway,49,0,0.08093261911736667,0.22353776173117013,0.05336934082074388,0.11847982571220132,0.08745627186406797,0.01999000499750125,0.20363977204223002,0.06590355615842872,False,False
pathway|Formation of TC-NER Pre-Incision Complex,pathway,44,0,0.11403094513142359,0.28572214580544836,0.04381417628493682,0.09650519351844945,0.0014992503748125937,0.0009995002498750624,0.008461801707841731,0.005782624008330097,True,True
pathway|Formation of WDR5-containing Histone-Modifying Complexes,pathway,39,2,0.15377540280587368,0.35299885579797957,0.051552907295843574,0.11465223167262933,0.0009995002498750624,0.0009995002498750624,0.00584778033518452,0.005782624008330097,True,True
pathway|Formation of a Pool of Free 40S Subunits,pathway,79,1,0.3444262377640126,0.6782425307454034,0.045979763141588574,0.09323936478594066,0.0004997501249375312,0.0004997501249375312,0.003264091224827838,0.003233585699362157,True,True
pathway|Formation of Annular Gap Junctions,pathway,8,0,0.24207352797578352,0.4903807540156973,0.05145018919050873,0.11147508027037524,0.0074962518740629685,0.013493253373313344,0.03243690654672664,0.04882489069054323,True,True
pathway|Formation of Apoptosome,pathway,10,0,0.10066074276600594,0.22987459131517649,0.03048845143160932,0.06840372501688319,0.10344827586206896,0.09945027486256872,0.2276081239041496,0.21055883882727341,False,False
pathway|Formation of Paraxial Mesoderm,pathway,43,0,0.13642986960000425,0.3715636729285563,0.04922919110673087,0.10878768915969596,0.0009995002498750624,0.0004997501249375312,0.00584778033518452,0.003233585699362157,True,True
pathway|Formation of the Early Elongation Complex,pathway,29,0,0.09866122987720084,0.28070377885291187,0.052617912027044765,0.1168023740210946,0.05547226386806597,0.013993003498250875,0.14771268212047822,0.05010942804459839,False,False
pathway|Formation of the HIV-1 Early Elongation Complex,pathway,29,0,0.09866122987720084,0.28070377885291187,0.05255519977170871,0.11759884434524974,0.054972513743128434,0.00849575212393803,0.1465698472971473,0.034531657850135594,False,True
"pathway|Formation of the Active Cofactor, UDP-glucuronate",pathway,5,0,0.2947026657552974,0.5077631933983657,0.045769442925495556,0.10703952590206774,0.019490254872563718,0.07196401799100449,0.06702195259985902,0.16737879660393765,False,False
"pathway|Formation of the Ternary Complex, and Subsequently, the 43S Complex",pathway,44,0,0.25784112404786713,0.49471266417981147,0.04382966315702768,0.08959888823496616,0.0004997501249375312,0.0004997501249375312,0.003264091224827838,0.003233585699362157,True,True
pathway|Formation of Tubulin Folding Intermediates by CCT TriC,pathway,17,0,0.07150898636966746,0.18266375333312876,0.04448173248964657,0.09661984972021216,0.19790104947526238,0.13393303348325838,0.3510166351495474,0.2651632398425669,False,False
pathway|Formation of Xylulose-5-Phosphate,pathway,4,0,0.41385281385281375,0.7902026592311318,0.012298632946001347,0.023319794339308614,0.004997501249375313,0.012993503248375811,0.022964181626001157,0.047513215223374226,True,True
pathway|Free Fatty Acids Regulate Insulin Secretion,pathway,9,0,0.18769081795397588,0.39319715610090333,0.023679418242576127,0.05156471311492408,0.0069965017491254375,0.015992003998001,0.030657666947117163,0.05563717303827148,True,False
pathway|Frs2-mediated Activation,pathway,10,0,0.025775043669780492,0.0649279608252058,0.03995193058403584,0.08654450195014944,0.5627186406796602,0.52023988005997,0.6826907807778353,0.6443281042841728,False,False
pathway|Fructose Catabolism,pathway,3,0,-0.06279334700387329,-0.08108353747044994,0.025353349282296656,0.055109714217627545,0.6596701649175413,0.5882058970514743,0.7594982996306725,0.6953350302651747,False,False
pathway|Fructose Metabolism,pathway,5,0,0.0450307587149692,0.14491730325565194,0.01950220779220779,0.04524069635280626,0.3488255872063968,0.2818590704647676,0.5073767312148121,0.4260708073910643,False,False
pathway|G Beta Gamma Signalling Through PI3Kgamma,pathway,15,0,0.07088500471959115,0.1674359415983333,0.05050202877323178,0.11113219697707422,0.2513743128435782,0.2158920539730135,0.405991016933213,0.3604564277346857,False,False
pathway|G-protein Beta Gamma Signalling,pathway,22,0,0.0671821229579261,0.1491890780803438,0.04694710078028601,0.10277179449920805,0.20239880059970014,0.2128935532233883,0.3556533915783225,0.3568845117392877,False,False
pathway|G1 Phase,pathway,36,0,0.05397682517983268,0.13700035751391165,0.037119737113346124,0.08032075545097818,0.18640679660169915,0.11744127936031984,0.33813704501461056,0.2389084595802001,False,False
pathway|G1 S DNA Damage Checkpoints,pathway,44,0,0.15791128310879063,0.4304415505226467,0.04893060159769016,0.1075937483780425,0.0004997501249375312,0.0004997501249375312,0.003264091224827838,0.003233585699362157,True,True
pathway|G1 S Transition,pathway,85,2,0.13795451194832,0.3286764205908535,0.04108103634755336,0.09044979806068487,0.0004997501249375312,0.0004997501249375312,0.003264091224827838,0.003233585699362157,True,True
pathway|G2 M Checkpoints,pathway,84,1,0.14030619107618836,0.35597938481425223,0.04058834071762099,0.09005034115561356,0.0004997501249375312,0.0004997501249375312,0.003264091224827838,0.003233585699362157,True,True
pathway|G2 M Transition,pathway,128,1,0.07234838954042229,0.18489847122373784,0.046384762898208295,0.10281217564879677,0.013993003498250875,0.0029985007496251873,0.05227242493860984,0.014585213248176847,False,True
pathway|GAB1 Signalosome,pathway,12,0,0.04233414113796886,0.11461577103167087,0.047278492201578315,0.1050688933453314,0.4832583708145927,0.41179410294852575,0.6269379364034411,0.5524737631184408,False,False
pathway|GLI3 Is Processed to GLI3R by the Proteasome,pathway,43,0,0.18178351344988872,0.48195487600132597,0.046453401398391776,0.1014606034517599,0.0004997501249375312,0.0004997501249375312,0.003264091224827838,0.003233585699362157,True,True
pathway|GP1b-IX-V Activation Signalling,pathway,8,0,0.1830900302704814,0.3057447302249686,0.010059983155941794,0.023357187153582943,0.00849575212393803,0.031984007996002,0.035792448603284566,0.09150245813732252,True,False
pathway|GPVI-mediated Activation Cascade,pathway,29,0,0.025424510672112436,0.04575046664172565,0.03658539811238799,0.07693105088923471,0.6746626686656672,0.7316341829085458,0.767821568667721,0.8113209812605711,False,False
pathway|GRB2 Events in EGFR Signaling,pathway,8,0,0.015437945513133489,0.02655970093976499,0.04334264598183771,0.09564910432145493,0.6166916541729135,0.617191404297851,0.7257045698114115,0.7197678532996274,False,False
pathway|GRB2 SOS Provides Linkage to MAPK Signaling for Integrins,pathway,9,1,0.17242538163590793,0.2958259219840212,0.034559516214779366,0.07644009519415072,0.017491254372813594,0.054972513743128434,0.061575144631074295,0.13789602783149488,False,False
pathway|GSK3B and BTRC CUL1-mediated-degradation of NFE2L2,pathway,40,0,0.20278169199221827,0.5478650018622266,0.05003191746849641,0.10994414624488005,0.0004997501249375312,0.0004997501249375312,0.003264091224827838,0.003233585699362157,True,True
pathway|GTP Hydrolysis and Joining of the 60S Ribosomal Subunit,pathway,88,1,0.2866753482452212,0.5665999864232544,0.0470569135506192,0.09589784382305339,0.0004997501249375312,0.0004997501249375312,0.003264091224827838,0.003233585699362157,True,True
pathway|Gain-of-function MRAS Complexes Activate RAF Signaling,pathway,5,0,0.16261790840738205,0.4108309754139811,0.051998212576896775,0.10972704243535532,0.13043478260869565,0.0879560219890055,0.26612283249338003,0.1916942892666993,False,False
pathway|Gap Junction Degradation,pathway,8,0,0.24207352797578352,0.4903807540156973,0.0549521872863978,0.11942020112495956,0.009495252373813094,0.013993003498250875,0.038594205832504495,0.05010942804459839,True,False
pathway|Gap-filling DNA Repair Synthesis and Ligation in GG-NER,pathway,21,1,0.09924453992123167,0.2623752976753964,0.02976964017185821,0.06588644034746247,0.02048975512243878,0.013993003498250875,0.06908639835926193,0.05010942804459839,False,False
pathway|Gap-filling DNA Repair Synthesis and Ligation in TC-NER,pathway,51,1,0.10338348545159691,0.282472356567876,0.039639707638079155,0.08779747475758352,0.0024987506246876563,0.0004997501249375312,0.013172347836234168,0.003233585699362157,True,True
pathway|Gastrin-CREB Signalling Pathway via PKC and MAPK,pathway,13,0,0.00766076029233924,0.06534795899509888,0.04176378051772788,0.09155231455408938,0.7941029485257372,0.568215892053973,0.8554729378049565,0.682393061123973,False,False
pathway|Gene and Protein Expression by JAK-STAT Signaling After Interleukin-12 Stimulation,pathway,32,0,0.07173285118955747,0.17526072331348688,0.0362916890145084,0.07787912615160533,0.06596701649175413,0.041979010494752625,0.16587589982248585,0.11367719008813716,False,False
pathway|Generation of Second Messenger Molecules,pathway,27,0,0.06850829482408427,0.1252074357207808,0.05176351942404573,0.1102998001226234,0.22188905547226387,0.3448275862068966,0.37468582781779847,0.49156272927366107,False,False
pathway|Global Genome Nucleotide Excision Repair (GG-NER),pathway,72,1,0.12042825801165313,0.3068359989186365,0.033232466997626366,0.07360906284513784,0.0004997501249375312,0.0004997501249375312,0.003264091224827838,0.003233585699362157,True,True
pathway|Glucose Metabolism,pathway,60,1,0.11837644959857266,0.2828911057725766,0.03944772709894922,0.08719000930643156,0.0009995002498750624,0.0004997501249375312,0.00584778033518452,0.003233585699362157,True,True
pathway|Glycogen Breakdown (Glycogenolysis),pathway,10,0,0.18224196855775798,0.3701595979524509,0.06352456292245766,0.1410417871163953,0.03648175912043978,0.05547226386806597,0.1074788846711396,0.1388143277758711,False,False
pathway|Glycogen Metabolism,pathway,17,0,0.11799284307024248,0.24229034896991195,0.04827922530256121,0.10597757899080648,0.037481259370314844,0.06146926536731634,0.10964588128470976,0.1494984357938127,False,False
pathway|Glycogen Storage Diseases,pathway,10,0,0.15622085516822357,0.33990519410941034,0.033961935140882506,0.0739056272607266,0.022488755622188907,0.022988505747126436,0.07425937269838849,0.07289637623936124,False,False
pathway|Glycogen Synthesis,pathway,9,0,0.14903167008430163,0.3390508227416911,0.04016835649730386,0.08706791917364501,0.04247876061969016,0.0384807596201899,0.11987552419442453,0.10614148437069644,False,False
pathway|Glycolysis,pathway,54,1,0.11325679359443011,0.27811348803017727,0.04080307274284434,0.08986473655041079,0.0004997501249375312,0.0004997501249375312,0.003264091224827838,0.003233585699362157,True,True
pathway|Glycosphingolipid Catabolism,pathway,24,0,0.2110493625367767,0.42288018134973515,0.03470960640236956,0.07689160181083611,0.0004997501249375312,0.0004997501249375312,0.003264091224827838,0.003233585699362157,True,True
pathway|Glycosphingolipid Transport,pathway,6,0,0.12149008885850983,0.34664611084699215,0.039527653223969,0.08459020824902791,0.14192903548225888,0.08295852073963018,0.2810167842675421,0.18487644589722307,False,False
pathway|Golgi Associated Vesicle Biogenesis,pathway,43,0,0.11235821356471819,0.24673272350141343,0.04285368552005201,0.09293994565344427,0.0009995002498750624,0.0014992503748125937,0.00584778033518452,0.008194586917067781,True,True
pathway|Golgi Cisternae Pericentriolar Stack Reorganization,pathway,10,0,0.21007670691881222,0.551620089545944,0.029897126908179535,0.06383825823452657,0.005497251374312844,0.0024987506246876563,0.024821285009669077,0.012475733287202553,True,True
pathway|Golgi-to-ER Retrograde Transport,pathway,84,2,0.08793368964580124,0.20646672408694253,0.0460181196223229,0.1017142862647363,0.004997501249375313,0.00399800099950025,0.022964181626001157,0.018494093710383113,True,True
pathway|Growth Hormone Receptor Signaling,pathway,17,0,0.04654517309316071,0.12866504708478785,0.032504203691045785,0.06985513038112423,0.29035482258870565,0.19640179910044978,0.4483769267782466,0.34050629109485325,False,False
pathway|H139Hfs13* PPM1K Causes a Mild Variant of MSUD,pathway,4,0,0.22237411711095909,0.39589096025880116,0.06515759284575072,0.14886355682728128,0.11444277861069466,0.1984007996001999,0.24454490861565104,0.3428273384106616,False,False
pathway|HATs Acetylate Histones,pathway,71,1,0.11067352852590595,0.2626659266600919,0.049088930754726576,0.10871193355627778,0.0004997501249375312,0.0004997501249375312,0.003264091224827838,0.003233585699362157,True,True
pathway|HDL Clearance,pathway,4,0,-0.0754613807245386,-0.11910765163739612,0.000635942128047369,0.00452108743085869,0.711144427786107,0.6266866566716641,0.7915578652260151,0.728387345219388,False,False
pathway|HDMs Demethylate Histones,pathway,20,0,0.15257114077058676,0.35982085643660305,0.06259257581753426,0.13923515441943732,0.014992503748125937,0.01199400299850075,0.0547265910102945,0.044966686331924285,False,True
pathway|HDR Through Homologous Recombination (HRR),pathway,41,2,0.09003909441008284,0.21846370732688505,0.029315276495006915,0.06522343108445068,0.0034982508745627187,0.0034982508745627187,0.01729968349158754,0.01666483272125405,True,True
pathway|HDR Through MMEJ (alt-NHEJ),pathway,9,0,0.17848408901040477,0.5086533849645871,0.03298710127591706,0.07385581384489233,0.02498750624687656,0.012993503248375811,0.08046364414691878,0.047513215223374226,False,True
pathway|HDR Through Single Strand Annealing (SSA),pathway,25,0,0.164030303030303,0.466737325384006,0.03372133504215083,0.07501195159819542,0.0004997501249375312,0.0004997501249375312,0.003264091224827838,0.003233585699362157,True,True
pathway|HIV Infection,pathway,188,0,0.09849210319834482,0.251706676267929,0.04623164818276619,0.10203686828630862,0.0004997501249375312,0.0004997501249375312,0.003264091224827838,0.003233585699362157,True,True
pathway|HIV Life Cycle,pathway,125,0,0.10131856327034594,0.2594052251617684,0.047636872034926024,0.1052921912149588,0.0009995002498750624,0.0004997501249375312,0.00584778033518452,0.003233585699362157,True,True
pathway|HIV Transcription Elongation,pathway,35,0,0.08513794034360156,0.23671177906832397,0.05384704446371849,0.11970136015732402,0.1024487756121939,0.030984507746126936,0.22685086028414364,0.08988103713506375,False,False
pathway|HIV Transcription Initiation,pathway,37,0,0.11148766675082461,0.31193635349790455,0.0496368942421574,0.10959940555748597,0.01199400299850075,0.0014992503748125937,0.04604721668740491,0.008194586917067781,True,True
pathway|HIV Elongation Arrest and Recovery,pathway,28,0,0.08884892606697119,0.26379372907289916,0.05989584983381975,0.1338909091799153,0.13793103448275862,0.029985007496251874,0.2754641909814324,0.08833880931874488,False,False
pathway|HSF1 Activation,pathway,18,2,0.09113246574546886,0.19871636519789887,0.03190874959234092,0.06840570813162816,0.044977511244377814,0.049475262368815595,0.12573121245568333,0.1281298253616334,False,False
pathway|HSF1-dependent Transactivation,pathway,21,3,0.030467727760960833,0.0763437642542036,0.039754529668326655,0.08591941541552718,0.5837081459270365,0.5027486256871564,0.6987676190723082,0.6275293843462884,False,False
pathway|HSP90 Chaperone Cycle for Steroid Hormone Receptors (SHR) in the Presence of Ligand,pathway,37,1,0.08867007814376233,0.2182406776764571,0.047553019885914614,0.1050394770215186,0.03798100949525238,0.021989005497251374,0.11033084856173313,0.07069839693156517,False,False
pathway|Hedgehog 'Off' State,pathway,69,0,0.09925184968932445,0.2613198825701094,0.040109309646471435,0.0877166159852154,0.0009995002498750624,0.0004997501249375312,0.00584778033518452,0.003233585699362157,True,True
pathway|Hedgehog 'On' State,pathway,52,0,0.12900551460922977,0.3392187058370756,0.045151394812617714,0.09898960942127918,0.0004997501249375312,0.0004997501249375312,0.003264091224827838,0.003233585699362157,True,True
pathway|Hedgehog Ligand Biogenesis,pathway,43,0,0.2119628579149474,0.5793023039419621,0.0477153911280769,0.10487839404947599,0.0004997501249375312,0.0004997501249375312,0.003264091224827838,0.003233585699362157,True,True
pathway|Heme Biosynthesis,pathway,10,0,0.20830105566947665,0.4416224876862798,0.039028815219867855,0.08680695165585604,0.011494252873563218,0.01699150424787606,0.04487511883156166,0.058429394574236064,True,False
pathway|Heme Signaling,pathway,40,0,0.060024799761641864,0.13284013425141092,0.04493703445677129,0.09942808488384364,0.19940029985007496,0.20739630184907545,0.3524718491817921,0.35164254607390183,False,False
pathway|Hh Mutants Abrogate Ligand Secretion,pathway,41,0,0.22721362719437171,0.6209630909913859,0.04727399283963789,0.10398803082662852,0.0004997501249375312,0.0004997501249375312,0.003264091224827838,0.003233585699362157,True,True
pathway|Hh Mutants Are Degraded by ERAD,pathway,41,0,0.22721362719437171,0.6209630909913859,0.04759188044946067,0.10437704000393751,0.0004997501249375312,0.0004997501249375312,0.003264091224827838,0.003233585699362157,True,True
pathway|Host Interactions of HIV Factors,pathway,105,0,0.1018406781188736,0.2572631593215725,0.046411734869140873,0.10222751738613525,0.0004997501249375312,0.0004997501249375312,0.003264091224827838,0.003233585699362157,True,True
pathway|HuR (ELAVL1) Binds and Stabilizes mRNA,pathway,7,0,0.038036650066725235,0.09094326725854643,0.06257402922891643,0.14015901386099658,0.5812093953023488,0.5557221389305347,0.6969814746206573,0.6732359344803124,False,False
pathway|IFNG Signaling Activates MAPKs,pathway,6,0,0.08463431305536566,0.13986146051243764,0.05155035543403963,0.10988312663345587,0.29485257371314344,0.36881559220389803,0.4539724207577457,0.5127376071000644,False,False
pathway|IKK Complex Recruitment Mediated by RIP1,pathway,21,0,0.02001855287569572,0.017899371145605292,0.04194126029359111,0.0903199669033917,0.7816091954022989,0.8960519740129935,0.8477296599741905,0.9273044095789673,False,False
pathway|IRAK1 Recruits IKK Complex,pathway,12,0,-0.004075270821682296,-0.03739036771641835,0.046478604569274426,0.10095438476774565,0.8885557221389305,0.9410294852573713,0.9190887623917124,0.9580971769017452,False,False
pathway|IRAK1 Recruits IKK Complex Upon TLR7 8 or 9 Stimulation,pathway,12,0,-0.004075270821682296,-0.03739036771641835,0.046575302408914845,0.10029778062431467,0.9060469765117442,0.9580209895052474,0.9306921712239824,0.9720613557412793,False,False
pathway|IRAK2 Mediated Activation of TAK1 Complex,pathway,9,0,0.11344269765322397,0.23253716931917673,0.03461695336826915,0.07120133206247946,0.08445777111444278,0.09945027486256872,0.1993395347780655,0.21055883882727341,False,False
pathway|IRAK2 Mediated Activation of TAK1 Complex Upon TLR7 8 or 9 Stimulation,pathway,13,0,0.08075783865257549,0.16661146252707196,0.03392114990272884,0.07177268976532745,0.11894052973513243,0.13843078460769614,0.24953482854532327,0.26871097161699525,False,False
pathway|IRAK4 Deficiency (TLR2 4),pathway,13,0,0.3808296966191702,0.770739148864429,0.03509404323746428,0.07484908588469155,0.0004997501249375312,0.0004997501249375312,0.003264091224827838,0.003233585699362157,True,True
pathway|IRAK4 Deficiency (TLR5),pathway,3,0,0.14524948735475043,0.24791026665691218,0.0477913647755753,0.11003342490323863,0.26036981509245377,0.31384307846076964,0.415351847885581,0.45969821859169147,False,False
pathway|IRE1alpha Activates Chaperones,pathway,39,0,0.13186767064883406,0.319854281132824,0.0398148895887123,0.08692158576869019,0.0009995002498750624,0.0004997501249375312,0.00584778033518452,0.003233585699362157,True,True
pathway|IRF3 Mediated Activation of Type 1 IFN,pathway,4,0,-0.02576896787423107,-0.05045545429975403,0.04178058783321938,0.09487812526602106,0.6681659170414792,0.656671664167916,0.7650389248595106,0.7498114604050365,False,False
pathway|IRF3-mediated Induction of Type I IFN,pathway,9,0,0.08712500949343055,0.32663084950574817,0.05094826555023923,0.11344180984759461,0.24387806096951525,0.07746126936531735,0.3979063100028933,0.17699346146508704,False,False
pathway|ISG15 Antiviral Mechanism,pathway,64,0,0.13015042340700234,0.31365923758516084,0.04734805145642786,0.1046465253112679,0.0004997501249375312,0.0004997501249375312,0.003264091224827838,0.003233585699362157,True,True
pathway|IkBA Variant Leads to EDA-ID,pathway,5,1,0.0665413533834586,0.16093257298146044,0.06979197881066303,0.1566641475992979,0.4777611194402799,0.44427786106946526,0.6233102041943852,0.5803554197743895,False,False
pathway|Impaired BRCA2 Binding to RAD51,pathway,21,0,0.18060182924844576,0.46458423999192483,0.036814095628682084,0.08162297325202805,0.0009995002498750624,0.0004997501249375312,0.00584778033518452,0.003233585699362157,True,True
pathway|Inactivation of APC C via Direct Inhibition of the APC C Complex,pathway,14,0,0.14948209685051786,0.346400847496921,0.06224302314227125,0.13805605051597014,0.03798100949525238,0.04097951024487756,0.11033084856173313,0.11155234964431283,False,False
pathway|Inactivation of CSF3 (G-CSF) Signaling,pathway,23,0,0.04975374116210395,0.10289437155831029,0.03872222111152837,0.0817041330049412,0.29685157421289354,0.3103448275862069,0.45536242218624806,0.4558601180315076,False,False
pathway|Inflammasomes,pathway,20,0,0.11015972946720867,0.22722871187057947,0.044205939489873,0.09824074413063733,0.033483258370814596,0.059470264867566215,0.1028768160298549,0.14617720725436098,False,False
pathway|Influenza Infection,pathway,126,1,0.15131671603250552,0.3303348552444878,0.04257906887999219,0.09089303529927514,0.0004997501249375312,0.0004997501249375312,0.003264091224827838,0.003233585699362157,True,True
pathway|Influenza Viral RNA Transcription and Replication,pathway,110,1,0.17875860323338486,0.3825826021718918,0.04087703849243245,0.08660194235399223,0.0004997501249375312,0.0004997501249375312,0.003264091224827838,0.003233585699362157,True,True
pathway|Inhibition of Replication Initiation of Damaged DNA by RB1 E2F1,pathway,10,0,0.12712994607731448,0.3089399472879306,0.04099165261638946,0.08959982409942986,0.07546226886556721,0.05697151424287856,0.1848291656058763,0.141712377344262,False,False
pathway|Inhib of Proteolytic Activity of APC C Required for Onset of Anaphase by Mitotic Spindle Checkpoint,pathway,14,0,0.14948209685051786,0.346400847496921,0.060265921296748355,0.1347625348645503,0.035982008995502246,0.03548225887056472,0.10691649883212899,0.09972483311794712,False,False
pathway|Initiation of Nuclear Envelope (NE) Reformation,pathway,16,0,0.05375256322624743,0.11516882671612025,0.04421096662109819,0.0971839548740509,0.3708145927036482,0.3818090954522739,0.5260805389654899,0.5244824677608286,False,False
pathway|InlA-mediated Entry of Listeria Monocytogenes Into Host Cells,pathway,7,0,0.0308400872310647,0.05495958396452528,0.04860919506558604,0.09658524001574954,0.5352323838080959,0.5657171414292853,0.6628966375488463,0.6803674017073685,False,False
pathway|InlB-mediated Entry of Listeria Monocytogenes Into Host Cell,pathway,12,0,0.0568891236355351,0.13720633320126036,0.04849754655233124,0.10375624315056643,0.36281859070464767,0.30184907546226886,0.5215046456010749,0.4478146640965231,False,False
pathway|Inositol Phosphate Metabolism,pathway,33,0,0.038499658236500325,0.09942759937954568,0.029207471933967142,0.06449911227871499,0.29035482258870565,0.2283858070964518,0.4483769267782466,0.37528269093301453,False,False
pathway|Insertion of Tail-Anchored Proteins Into the Endoplasmic Reticulum Membrane,pathway,18,0,0.12887030410250225,0.2997046050102657,0.04122037625257438,0.09034904968414287,0.017491254372813594,0.014992503748125937,0.061575144631074295,0.05295821477016594,False,False
pathway|Insulin Receptor Recycling,pathway,20,0,0.205735870777422,0.3945654385467923,0.04367034733964096,0.09583434567775995,0.0004997501249375312,0.0004997501249375312,0.003264091224827838,0.003233585699362157,True,True
pathway|Integration of Provirus,pathway,9,0,0.07290195184932026,0.17413129788266168,0.0479796612743981,0.10468268427229543,0.296351824087956,0.2703648175912044,0.45493180977877656,0.4168876957215527,False,False
pathway|Integrin Signaling,pathway,18,1,0.07713222450064557,0.1622320663386012,0.047634706418452535,0.10488625175770008,0.1729135432283858,0.20389805097451275,0.3244276687311268,0.3485565859045786,False,False
pathway|Interactions of Rev With Host Cellular Proteins,pathway,32,0,0.2655104127621105,0.671953467133447,0.04872777345214208,0.10800961216922168,0.0004997501249375312,0.0004997501249375312,0.003264091224827838,0.003233585699362157,True,True
pathway|Interactions of Vpr With Host Cellular Proteins,pathway,33,0,0.2153060854615878,0.5714468212679518,0.047628764706186946,0.10460951615934178,0.0004997501249375312,0.0004997501249375312,0.003264091224827838,0.003233585699362157,True,True
pathway|Interconversion of Nucleotide Di- and Triphosphates,pathway,20,0,0.06521315249847108,0.1303111335753878,0.02394363240637478,0.052454210597203156,0.08995502248875563,0.12693653173413294,0.2073657954596509,0.2549779268972864,False,False
pathway|Interferon Signaling,pathway,182,2,0.07836400711405904,0.18578372893286785,0.04132925589136904,0.0905798931041608,0.0004997501249375312,0.0004997501249375312,0.003264091224827838,0.003233585699362157,True,True
pathway|Interferon Alpha Beta Signaling,pathway,52,0,0.14229166086751222,0.29026209424257554,0.035204696876910496,0.07676754615274285,0.0004997501249375312,0.0004997501249375312,0.003264091224827838,0.003233585699362157,True,True
pathway|Interferon Gamma Signaling,pathway,60,2,0.10150290981691516,0.22760280130972554,0.03711171242822,0.08064889546231757,0.0009995002498750624,0.0009995002498750624,0.00584778033518452,0.005782624008330097,True,True
pathway|Interleukin Receptor SHC Signaling,pathway,20,0,0.038314566320106484,0.06106654820495288,0.04937987264812749,0.10782246573353432,0.6031984007996002,0.7391304347826086,0.7138706999776465,0.817016451859222,False,False
pathway|Interleukin-1 Family Signaling,pathway,106,1,0.07557957623782563,0.18246600014312614,0.04126888238115504,0.09074473662405554,0.0024987506246876563,0.0009995002498750624,0.013172347836234168,0.005782624008330097,True,True
pathway|Interleukin-1 Processing,pathway,6,0,0.007432216905901079,0.005164936320988052,0.033758541809068114,0.07303719592853583,0.5812093953023488,0.592703648175912,0.6969814746206573,0.6982674289627733,False,False
pathway|Interleukin-1 Signaling,pathway,87,1,0.08405949626563308,0.2060868401224151,0.040024242268936895,0.08792152111637792,0.0029985007496251873,0.0009995002498750624,0.01518996599261345,0.005782624008330097,True,True
pathway|Interleukin-12 Family Signaling,pathway,46,0,0.05907958301550978,0.14425132222991713,0.035343269900706964,0.07494381098287523,0.07596201899050475,0.041979010494752625,0.1858340558813644,0.11367719008813716,False,False
pathway|Interleukin-12 Signaling,pathway,39,0,0.06973229909517999,0.15987974255618076,0.036194465045573075,0.0773071217008238,0.046476761619190406,0.0384807596201899,0.1287096451774113,0.10614148437069644,False,False
pathway|Interleukin-15 Signaling,pathway,13,0,0.08633296528033367,0.22533899599366464,0.0463992621413674,0.09974469604571123,0.16091954022988506,0.0879560219890055,0.30747919508507016,0.1916942892666993,False,False
pathway|Interleukin-17 Signaling,pathway,58,1,0.046925761855554554,0.11238822832261507,0.043224262231225635,0.09425730053401944,0.383808095952024,0.2813593203398301,0.5382642912169843,0.42562513353665477,False,False
pathway|Interleukin-2 Family Signaling,pathway,33,0,0.06445672549141448,0.1310389050036089,0.04462603661788769,0.09701251689238996,0.1724137931034483,0.2303848075962019,0.3243690654672664,0.37737322190639694,False,False
pathway|Interleukin-2 Signaling,pathway,11,0,0.10414714472130739,0.21071454183031185,0.049051676505312856,0.10717948838370461,0.12243878060969515,0.15142428785607195,0.2543053473263368,0.2833407620514067,False,False
pathway|Interleukin-21 Signaling,pathway,9,0,0.16315599605073286,0.3610473189454544,0.04188860313662944,0.08663570262836533,0.03498250874562719,0.033483258370814596,0.10469549087127905,0.0950064585193742,False,False
pathway|Interleukin-23 Signaling,pathway,7,0,-0.001477720274712755,0.026877323750354978,0.03911517755427529,0.08493817687333215,0.6871564217891054,0.5992003998001,0.7773550588540152,0.7047221010106499,False,False
pathway|Interleukin-27 Signaling,pathway,9,0,0.026906280853649274,0.09609602510860096,0.03489412261714892,0.0710054032640969,0.5062468765617192,0.36681659170414793,0.6411431479382261,0.5106421320171014,False,False
"pathway|Interleukin-3, Interleukin-5 and GM-CSF Signaling",pathway,41,0,0.056326959305136454,0.11883399460300752,0.04508991005784972,0.09782946789140584,0.24987506246876562,0.27386306846576713,0.4050066088451102,0.42009866558596626,False,False
pathway|Interleukin-35 Signalling,pathway,10,0,0.0578172704488494,0.1476672086647902,0.03541453634085213,0.0745626229030164,0.27886056971514245,0.2128935532233883,0.43482988235611925,0.3568845117392877,False,False
pathway|Interleukin-37 Signaling,pathway,15,0,0.07870715750414997,0.18337354631959588,0.048449453503889586,0.10708815682504037,0.20889555222388806,0.1934032983508246,0.3606617306475607,0.3372784640425379,False,False
pathway|Interleukin-4 and Interleukin-13 Signaling,pathway,66,2,0.06618880322229605,0.17219059311644738,0.03315449505837065,0.07054532624543092,0.012993503248375811,0.001999000499750125,0.049247274173132405,0.010431969944675903,True,True
pathway|Interleukin-6 Family Signaling,pathway,15,0,-0.013545552192168731,-0.014652244300482157,0.02626990658464342,0.05768528573707765,0.8980509745127436,0.8215892053973014,0.9252241438804407,0.8759962934343917,False,False
pathway|Interleukin-6 Signaling,pathway,10,0,0.06878711931343505,0.17858959977490507,0.042770107085896555,0.09107224130838092,0.26786606696651677,0.19090454772613694,0.4234077786068914,0.334324406093749,False,False
pathway|Interleukin-7 Signaling,pathway,15,0,0.058237151319858085,0.12665432748076452,0.035463599583374014,0.07543392921724569,0.22988505747126436,0.22488755622188905,0.38289596180257907,0.3712968634919424,False,False
pathway|Interleukin-9 Signaling,pathway,7,0,0.15144679881521986,0.346776372822745,0.04963392246850893,0.10278217347044323,0.08545727136431784,0.06846576711644178,0.20124121612663054,0.16141134880913688,False,False
pathway|Intra-Golgi and Retrograde Golgi-to-ER Traffic,pathway,138,5,0.08730208863666913,0.20717162195545258,0.04704367233900798,0.10413023660042653,0.0004997501249375312,0.0004997501249375312,0.003264091224827838,0.003233585699362157,True,True
pathway|Intra-Golgi Traffic,pathway,37,1,0.11620995568363988,0.28432295691153464,0.05077981332323437,0.11199630116078306,0.011494252873563218,0.005497251374312844,0.04487511883156166,0.024449231487040205,True,True
pathway|Intrinsic Pathway for Apoptosis,pathway,46,1,0.08104992388745248,0.19167768435708202,0.03833152581717798,0.08430881195869552,0.020989505247376312,0.015992003998001,0.07054239870356084,0.05563717303827148,False,False
pathway|Iron Uptake and Transport,pathway,41,0,0.07530833736225265,0.15036928124158552,0.0449358718720304,0.09832681455284828,0.059470264867566215,0.1089455272363818,0.15401463856600378,0.224706911688148,False,False
pathway|JNK (c-Jun Kinases) Phosphorylation and Activation Mediated by Activated Human TAK1,pathway,19,0,0.05862463175482565,0.12916703190010703,0.039296812405815174,0.08559402655930201,0.23938030984507747,0.2448775612193903,0.3936602561743673,0.38944157324094464,False,False
pathway|Josephin Domain DUBs,pathway,9,0,0.183982683982684,0.44500728584149585,0.03988670824789245,0.08347665991367394,0.017491254372813594,0.010994502748625687,0.061575144631074295,0.04197717317811682,False,True
pathway|KEAP1-NFE2L2 Pathway,pathway,90,2,0.12067193861398474,0.3178212814385665,0.04698265121434842,0.10371582790099745,0.0004997501249375312,0.0004997501249375312,0.003264091224827838,0.003233585699362157,True,True
pathway|KSRP (KHSRP) Binds and Destabilizes mRNA,pathway,16,0,0.04623604465709728,0.06247937718191432,0.06051490316700842,0.13425400022617212,0.6026986506746627,0.7731134432783608,0.7138706999776465,0.8402703410199663,False,False
pathway|Killing Mechanisms,pathway,7,1,-0.026943983334960772,-0.0005557795373924872,0.03297837288025257,0.07095366098485405,0.7841079460269865,0.6211894052973513,0.8495525320281956,0.7240237905738489,False,False
pathway|L13a-mediated Translational Silencing of Ceruloplasmin Expression,pathway,87,1,0.29700267655359874,0.5908115311575718,0.047126709342796363,0.0959441143741442,0.0004997501249375312,0.0004997501249375312,0.003264091224827838,0.003233585699362157,True,True
pathway|LDL Clearance,pathway,15,0,0.12222113725873124,0.28247021099646813,0.05277946131562672,0.116754847509342,0.051974012993503245,0.037481259370314844,0.14111114377451797,0.10407563597880204,False,False
pathway|LRR FLII-interacting Protein 1 (LRRFIP1) Activates Type I IFN Production,pathway,5,0,0.05108680792891316,0.11130693205350131,0.05062122693096376,0.1079526577989516,0.4542728635682159,0.43728135932033985,0.6028912061541114,0.5751953029185218,False,False
pathway|Lagging Strand Synthesis,pathway,16,0,0.21988380041011613,0.5665985005526226,0.029803900091136926,0.06677065382741228,0.0004997501249375312,0.0004997501249375312,0.003264091224827838,0.003233585699362157,True,True
pathway|Late Phase of HIV Life Cycle,pathway,113,0,0.10329020819489247,0.26724634820857307,0.0490928920213129,0.10894598254000694,0.0004997501249375312,0.0004997501249375312,0.003264091224827838,0.003233585699362157,True,True
pathway|Late SARS-CoV-2 Infection Events,pathway,56,0,0.06808208537873608,0.1702341768501515,0.04485414081987731,0.09841129297130258,0.08195902048975512,0.04097951024487756,0.19589054724651483,0.11155234964431283,False,False
pathway|Late Endosomal Microautophagy,pathway,26,0,0.0982974919817025,0.20691263588073358,0.03433748441032651,0.0754541656029325,0.015492253873063468,0.02148925537231384,0.05605820782988297,0.06941397108599666,False,False
pathway|Leading Strand Synthesis,pathway,12,0,0.27417821413036714,0.6694714337050452,0.034398083535284486,0.07951086611836893,0.0004997501249375312,0.0009995002498750624,0.003264091224827838,0.005782624008330097,True,True
pathway|Linoleic Acid (LA) Metabolism,pathway,6,0,0.27795853269537485,0.48913165784741586,0.031146001367053984,0.06994734698670911,0.010494752623688156,0.029985007496251874,0.041598475571374624,0.08833880931874488,True,False
pathway|Lipophagy,pathway,7,0,0.15375777105100416,0.39446530411649844,0.06124770530221657,0.1380450638643099,0.11544227886056972,0.08545727136431784,0.24466695223816665,0.1886235415767143,False,False
pathway|Listeria Monocytogenes Entry Into Host Cells,pathway,15,0,0.025988347492106895,0.05746434364984586,0.04201397682517982,0.0879616557734104,0.6181909045477262,0.6021989005497251,0.726645449205222,0.7066480883851859,False,False
pathway|Loss of Function of FBXW7 in Cancer and NOTCH1 Signaling,pathway,5,0,-0.030498974709501026,-0.05505163492673706,0.05039383800410116,0.11008100712765309,0.8020989505247377,0.7716141929035483,0.861406163515967,0.8399594751890302,False,False
pathway|Loss of Function of SMAD2 3 in Cancer,pathway,6,0,0.05195260879471405,0.06453496480952332,0.05926963773069035,0.13228835820744886,0.47626186906546725,0.5972013993003499,0.6221357874521858,0.7031674072260922,False,False
pathway|Loss of Function of TGFBR1 in Cancer,pathway,6,0,-0.031050353155616328,-0.04272939830907353,0.0560161562998405,0.123533223157319,0.8755622188905547,0.824087956021989,0.9115502399176352,0.8777593254654724,False,False
pathway|Loss of MECP2 Binding Ability to the NCoR SMRT Complex,pathway,7,0,0.06938450021156782,0.1674973056693304,0.06536866679686228,0.14225576432318962,0.42278860569715143,0.392303848075962,0.5762020564520889,0.5339548443340584,False,False
pathway|Loss of Nlp From Mitotic Centrosomes,pathway,49,0,0.10979280297217997,0.28024484715550185,0.04980033066199822,0.11074392325418711,0.005497251374312844,0.001999000499750125,0.024821285009669077,0.010431969944675903,True,True
pathway|Loss of Function of MECP2 in Rett Syndrome,pathway,12,0,0.05152240104393212,0.1286749714866799,0.05577586838998322,0.12122540036134558,0.48375812093953025,0.4177911044477761,0.6271945175976307,0.5573231367617412,False,False
pathway|Loss of Proteins Required for Interphase Microtubule Organization From the Centrosome,pathway,49,0,0.10979280297217997,0.28024484715550185,0.05024523603187002,0.11115746624961327,0.005497251374312844,0.0024987506246876563,0.024821285009669077,0.012475733287202553,True,True
pathway|Lysosome Vesicle Biogenesis,pathway,24,0,0.15792197886019393,0.2847394892317245,0.04117595408976987,0.08890494688793125,0.0009995002498750624,0.0029985007496251873,0.00584778033518452,0.014585213248176847,True,True
pathway|M-decay Degradation of Maternal mRNAs by Maternally Stored Factors,pathway,31,1,0.0837558706149538,0.20327813085789773,0.0455217124188771,0.09862093882473212,0.05847076461769116,0.030484757621189407,0.15237613313794798,0.08892814828540786,False,False
pathway|MAP Kinase Activation,pathway,56,1,0.05085822584797293,0.12408682267132898,0.04482480111139714,0.09862541401065061,0.32533733133433285,0.21839080459770116,0.4836976644104577,0.36375116371245014,False,False
pathway|MAP2K and MAPK Activation,pathway,29,1,0.06764408782816872,0.1327521756697901,0.03281606785099784,0.07038448962502199,0.06596701649175413,0.10944527736131934,0.16587589982248585,0.2255137312296233,False,False
pathway|MAP3K8 (TPL2)-dependent MAPK1 3 Activation,pathway,15,0,0.0019060638609510725,-0.0011526236144047987,0.049087188425609475,0.10724210475725775,0.9045477261369316,0.9130434782608695,0.930072092666538,0.9388075764098148,False,False
pathway|MAPK Targets Nuclear Events Mediated by MAP Kinases,pathway,26,1,0.07978211262421787,0.19701425014722282,0.04678103212576896,0.101346955601312,0.09795102448775612,0.057971014492753624,0.22113508463159723,0.1435110811697846,False,False
pathway|MAPK1 (ERK2) Activation,pathway,8,0,-0.023017771701982208,-0.05511770617847889,0.0436658382970413,0.09402535099955912,0.8825587206396801,0.887056471764118,0.9156216097745333,0.920747772041016,False,False
pathway|MAPK3 (ERK1) Activation,pathway,8,0,-0.006261595547309841,0.007994544567803923,0.05118982521238159,0.11210319254478554,0.8335832083958021,0.7626186906546727,0.882892566975054,0.833662642363029,False,False
pathway|MAPK6 MAPK4 Signaling,pathway,61,1,0.08410583089616738,0.21622707081675555,0.04736485390077279,0.10387252331622855,0.013993003498250875,0.0014992503748125937,0.05227242493860984,0.008194586917067781,False,True
pathway|MASTL Facilitates Mitotic Progression,pathway,8,0,0.06306757152621811,0.14223251152274224,0.0542432257592032,0.11896894322051588,0.38130934532733635,0.3743128435782109,0.5358454061196737,0.5182985174079626,False,False
pathway|MECP2 Regulates Transcription Factors,pathway,3,0,-0.05714285714285716,-0.13359454016774874,0.03695353155616313,0.07940133230302467,0.6856571714142928,0.7106446776611695,0.7760817139114365,0.7918503194754555,False,False
pathway|MET Activates PI3K AKT Signaling,pathway,4,0,0.06681476418318526,0.11954441407209145,0.04026520847573477,0.09061016714100623,0.3588205897051474,0.3988005997001499,0.5182686820706476,0.5399666529186515,False,False
pathway|MET Activates PTPN11,pathway,3,0,0.32146274777853723,0.5827878713654826,0.06820241512873092,0.15771681321246966,0.0864567716141929,0.14342828585707146,0.20221927324625974,0.27430989845776926,False,False
pathway|MET Activates RAP1 and RAC1,pathway,8,0,0.19940679621130744,0.4024625187481799,0.05137416267942582,0.11487663636601297,0.025987006496751622,0.044977511244377814,0.08316642911210034,0.11855113052610752,False,False
pathway|MET Activates RAS Signaling,pathway,8,0,0.041792793672492924,0.15976855267732556,0.04877379650424763,0.10888242567051809,0.504247876061969,0.3188405797101449,0.6393912323447556,0.46537729027264296,False,False
pathway|MET Receptor Recycling,pathway,6,0,0.26481203007518794,0.6661025082803168,0.05714009113693322,0.1258168244722167,0.018490754622688656,0.01199400299850075,0.0641156883995398,0.044966686331924285,False,True
pathway|MHC Class II Antigen Presentation,pathway,80,0,0.09744430120179622,0.20577612726228448,0.042011823632729685,0.0921058908726979,0.0009995002498750624,0.0004997501249375312,0.00584778033518452,0.003233585699362157,True,True
pathway|MITF-M-dependent Gene Expression,pathway,65,1,0.041671387822703604,0.09150136702349337,0.044793985176008196,0.09864086861281823,0.5542228885557221,0.5502248875562219,0.675540457470795,0.6694886300259362,False,False
pathway|MTOR Signalling,pathway,37,0,0.060188760188760196,0.13626210549763249,0.04031511195063826,0.08879524002780148,0.17791104447776113,0.16241879060469766,0.32875555105009774,0.2972192317937947,False,False
pathway|Macroautophagy,pathway,109,2,0.060564684345466566,0.15028004129731917,0.04300544305695198,0.09471731114229658,0.06796601699150424,0.022988505747126436,0.16926309027740324,0.07289637623936124,False,False
pathway|Major Pathway of rRNA Processing in the Nucleolus and Cytosol,pathway,143,2,0.1633122184776609,0.36777089452053596,0.03369481108890435,0.07240673033625589,0.0004997501249375312,0.0004997501249375312,0.003264091224827838,0.003233585699362157,True,True
pathway|Malate-aspartate Shuttle,pathway,8,0,0.1864441949028415,0.51091862439913,0.037915574650912984,0.08302154616846262,0.02498750624687656,0.012993503248375811,0.08046364414691878,0.047513215223374226,False,True
pathway|Maple Syrup Urine Disease,pathway,4,0,0.22237411711095909,0.39589096025880116,0.06952731829573933,0.1561003891308009,0.12493753123438281,0.20539730134932535,0.25769141248640826,0.34996734610545427,False,False
pathway|Maturation of TCA Enzymes and Regulation of TCA Cycle,pathway,15,0,0.12968980893792922,0.3330929791463222,0.048220826416691065,0.10696691488317113,0.02448775612193903,0.01649175412293853,0.07922284963437286,0.05708895552223889,False,False
pathway|Maturation of Nucleoprotein 9683610,pathway,11,0,0.03479773814702043,0.05687319765912862,0.04763922388616167,0.1053771267556229,0.5572213893053474,0.6281859070464768,0.6772082068971367,0.7289062172824203,False,False
pathway|Maturation of Nucleoprotein 9694631,pathway,15,0,0.07640920483025744,0.14506478081588817,0.05566717540604758,0.12372077249228682,0.2748625687156422,0.36281859070464767,0.4315113796087595,0.5067748573594844,False,False
pathway|Maturation of Protein 3A 9683673,pathway,7,0,0.046730462519936206,0.123590679886554,0.03694151938287275,0.08270590092138393,0.3988005997001499,0.3538230884557721,0.5536823834072269,0.5006066449064296,False,False
pathway|Maturation of Protein 3A 9694719,pathway,7,0,0.046730462519936206,0.123590679886554,0.037005849038179855,0.08354004181286431,0.392303848075962,0.3563218390804598,0.5464889956095057,0.5024307262526239,False,False
pathway|Maturation of Protein E 9683683,pathway,4,0,0.40222146274777854,0.8670499088799768,0.06885848712690816,0.1367605375568778,0.010994502748625687,0.00849575212393803,0.04333127553870124,0.034531657850135594,True,True
pathway|Maturation of Protein E 9694493,pathway,4,0,0.40222146274777854,0.8670499088799768,0.06393929141034402,0.1293060698253554,0.010994502748625687,0.010494752623688156,0.04333127553870124,0.04051598735948011,True,True
pathway|Maturation of Spike Protein 9683686,pathway,5,0,0.10549555707450442,0.21891560674140642,0.041245211893369785,0.08989876874335298,0.22938530734632684,0.24187906046976512,0.38237021136301835,0.3861512748621846,False,False
pathway|Maturation of Spike Protein 9694548,pathway,31,0,0.10423228158372472,0.2884722803332864,0.041279145150265685,0.09077233312834079,0.0074962518740629685,0.0024987506246876563,0.03243690654672664,0.012475733287202553,True,True
pathway|Membrane Binding and Targetting of GAG Proteins,pathway,14,0,0.08448093260123334,0.19765926511320536,0.030751777170198218,0.06753751465495414,0.10144927536231885,0.08845577211394302,0.22559972690314373,0.19258138226484242,False,False
pathway|Metabolism of Cofactors,pathway,17,0,0.08740903059788507,0.17764818712982708,0.0329427000824253,0.07284934781277932,0.06596701649175413,0.10344827586206896,0.16587589982248585,0.2163767059068653,False,False
pathway|Metabolism of Nitric Oxide NOS3 Activation and Regulation,pathway,11,0,0.07870999813583543,0.1927898345612121,0.04592503759398495,0.10055914271024224,0.22138930534732634,0.1774112943528236,0.3741461246593953,0.3173843741350686,False,False
pathway|Metabolism of Non-Coding RNA,pathway,43,1,0.20683110676116445,0.5082410842188941,0.04419065789662921,0.098313683097251,0.0004997501249375312,0.0004997501249375312,0.003264091224827838,0.003233585699362157,True,True
pathway|Metabolism of Nucleotides,pathway,67,1,0.075163423545913,0.1711028344298138,0.034039264498980266,0.07530278448398657,0.008995502248875561,0.012993503248375811,0.037442200743315716,0.047513215223374226,True,True
pathway|Metabolism of Polyamines,pathway,41,0,0.19314514112331824,0.5195788255195325,0.04613487383925445,0.10176348471811608,0.0004997501249375312,0.0004997501249375312,0.003264091224827838,0.003233585699362157,True,True
pathway|Metal Sequestration by Antimicrobial Proteins,pathway,4,0,0.5337662337662338,0.8486738147908145,0.010261597174755048,0.023784687535035882,0.0004997501249375312,0.0069965017491254375,0.003264091224827838,0.030148826001936795,True,True
pathway|Metallothioneins Bind Metals,pathway,8,0,0.5037984571819158,1.2281620341039827,0.018826568450346633,0.041177160238167775,0.0004997501249375312,0.0004997501249375312,0.003264091224827838,0.003233585699362157,True,True
pathway|Methionine Salvage Pathway,pathway,6,0,0.18046935520619728,0.47178635469041635,0.028766687172476633,0.062017392122344306,0.05747126436781609,0.04297851074462768,0.1505268803177226,0.11503397785643261,False,False
pathway|Methylation,pathway,9,0,0.0747265892002734,0.1879807496774035,0.030360997189944547,0.06532281831871324,0.18840579710144928,0.15892053973013492,0.3399816164897569,0.2926223058683424,False,False
pathway|MicroRNA (miRNA) Biogenesis,pathway,21,1,0.06148162614328027,0.185254744921487,0.05817076441102755,0.12856099746196703,0.4172913543228386,0.2098950524737631,0.5713343064789294,0.35472093082832057,False,False
pathway|Miro GTPase Cycle,pathway,8,0,0.12842495850014649,0.2831251496207122,0.06250497265892002,0.13794238050189847,0.1629185407296352,0.17391304347826086,0.31072709742465776,0.31355676328502413,False,False
pathway|Mismatch Repair,pathway,12,0,0.21352762070465417,0.41758650878587283,0.028446433231839926,0.06376199726280447,0.0024987506246876563,0.011494252873563218,0.013172347836234168,0.04372447475895752,True,True
pathway|Mismatch Repair (MMR) Directed by MSH2 MSH3 (MutSbeta),pathway,11,0,0.1945181134654819,0.4004863552175128,0.03404484682781333,0.07673042680117757,0.01249375312343828,0.02148925537231384,0.04761380777501158,0.06941397108599666,True,False
pathway|Mismatch Repair (MMR) Directed by MSH2 MSH6 (MutSalpha),pathway,11,0,0.20746162927981104,0.4248394712292152,0.02624738706269806,0.05952869083257878,0.0034982508745627187,0.0079960019990005,0.01729968349158754,0.033215392303848075,True,True
pathway|Mitochondrial Fatty Acid Beta-Oxidation,pathway,22,2,0.12687060034975278,0.32509348442811375,0.021490534334655996,0.048140525231668216,0.004497751124437781,0.0024987506246876563,0.02108765030577262,0.012475733287202553,True,True
pathway|Mitochondrial Biogenesis,pathway,60,1,0.07189136168618772,0.16192845538204614,0.04126242117234534,0.09112224959393149,0.03648175912043978,0.037481259370314844,0.1074788846711396,0.10407563597880204,False,False
pathway|Mitochondrial Calcium Ion Transport,pathway,19,0,0.06552025998009378,0.15538327629301882,0.04646583084505521,0.10309905261833344,0.2638680659670165,0.23338330834582707,0.4193220910585258,0.3801859854386532,False,False
pathway|Mitochondrial Iron-Sulfur Cluster Biogenesis,pathway,9,0,0.02425571504518868,0.0695463574678486,0.06154181096681095,0.13574581689738344,0.7081459270364817,0.6501749125437282,0.790338038933247,0.7456727185827297,False,False
pathway|Mitochondrial Protein Degradation,pathway,72,1,0.11094726252250345,0.24071329489098617,0.03657609984735633,0.07995036696750565,0.0004997501249375312,0.0004997501249375312,0.003264091224827838,0.003233585699362157,True,True
pathway|Mitochondrial Protein Import,pathway,41,2,0.09894953570178215,0.2463103624634724,0.03479862090092192,0.07696494172131439,0.004997501249375313,0.001999000499750125,0.022964181626001157,0.010431969944675903,True,True
pathway|Mitochondrial tRNA Aminoacylation,pathway,15,0,0.19742473065781332,0.47536569366819165,0.021049185300914614,0.04751859701533596,0.0009995002498750624,0.0014992503748125937,0.00584778033518452,0.008194586917067781,True,True
pathway|Mitochondrial Translation,pathway,73,1,0.15668358317961778,0.4472070685592517,0.0417290068259066,0.09297828048480175,0.0004997501249375312,0.0004997501249375312,0.003264091224827838,0.003233585699362157,True,True
pathway|Mitochondrial Translation Elongation,pathway,67,1,0.1620101814917211,0.4769206997266469,0.04067046028788512,0.09039243271626811,0.0004997501249375312,0.0004997501249375312,0.003264091224827838,0.003233585699362157,True,True
pathway|Mitochondrial Translation Initiation,pathway,67,1,0.16271547253479693,0.47219882526014323,0.042697219736154236,0.09504571758001192,0.0004997501249375312,0.0004997501249375312,0.003264091224827838,0.003233585699362157,True,True
pathway|Mitochondrial Translation Termination,pathway,67,1,0.1618827505423235,0.47384746357580027,0.040483914841377526,0.09057826573469657,0.0004997501249375312,0.0004997501249375312,0.003264091224827838,0.003233585699362157,True,True
pathway|Mitochondrial Unfolded Protein Response (UPRmt),pathway,12,0,0.06939559642908924,0.1889483200232865,0.03592504349717268,0.08012567790230538,0.20439780109945027,0.13843078460769614,0.357051499481546,0.26871097161699525,False,False
pathway|Mitophagy,pathway,30,1,0.05734477258978166,0.1582143792762132,0.037768957896308165,0.08242057056778837,0.175912043978011,0.08295852073963018,0.32680618545825474,0.18487644589722307,False,False
pathway|Mitotic Anaphase,pathway,154,2,0.10759871876835404,0.2684552972721524,0.04689564923838172,0.10383744284349915,0.0004997501249375312,0.0004997501249375312,0.003264091224827838,0.003233585699362157,True,True
pathway|Mitotic G1 Phase and G1 S Transition,pathway,97,2,0.11732434119506825,0.27766333153446005,0.040724001897903137,0.08949057686899838,0.0004997501249375312,0.0004997501249375312,0.003264091224827838,0.003233585699362157,True,True
pathway|Mitotic G2-G2 M Phases,pathway,129,1,0.07383129798597975,0.18742730682921147,0.04551470917234285,0.10071508255492279,0.009495252373813094,0.0009995002498750624,0.038594205832504495,0.005782624008330097,True,True
pathway|Mitotic Metaphase and Anaphase,pathway,155,2,0.1090714484730316,0.2706190196088891,0.046805298262031655,0.10379814630838896,0.0004997501249375312,0.0004997501249375312,0.003264091224827838,0.003233585699362157,True,True
pathway|Mitotic Prometaphase,pathway,124,2,0.10503416828316411,0.27111721133967237,0.04549990491033391,0.10098591551220155,0.0004997501249375312,0.0004997501249375312,0.003264091224827838,0.003233585699362157,True,True
pathway|Mitotic Prophase,pathway,71,0,0.14346310260744233,0.36876259636496345,0.04842925590453176,0.10716151617763425,0.0004997501249375312,0.0004997501249375312,0.003264091224827838,0.003233585699362157,True,True
pathway|Mitotic Spindle Checkpoint,pathway,67,2,0.13335018191834588,0.32589526512869754,0.04572710860041431,0.10105438311145491,0.0004997501249375312,0.0004997501249375312,0.003264091224827838,0.003233585699362157,True,True
pathway|Mitotic Telophase Cytokinesis,pathway,10,0,0.37802992329308116,1.3298356471500798,0.06457434799119009,0.14313447750114403,0.0004997501249375312,0.0004997501249375312,0.003264091224827838,0.003233585699362157,True,True
pathway|Modulation by Mtb of Host Immune System,pathway,7,0,0.13069361715978262,0.288118433200361,0.04799814796732089,0.09796679362860045,0.1199400299850075,0.11294352823588207,0.25112443778110943,0.23180208314814926,False,False
pathway|Mucopolysaccharidoses,pathway,10,0,0.24353763195868455,0.5861161220238362,0.05076965671755145,0.11242875972432755,0.0029985007496251873,0.0024987506246876563,0.01518996599261345,0.012475733287202553,True,True
pathway|MyD88 Cascade Initiated on Plasma Membrane,pathway,81,2,0.04467929081964168,0.10188806003133667,0.03952130764621992,0.08633122539078684,0.31284357821089454,0.2768615692153923,0.4729083784163231,0.4218939686429712,False,False
pathway|MyD88 Deficiency (TLR2 4),pathway,12,0,0.43591727252014334,0.8772448685953906,0.03170410634023074,0.06661269301907786,0.0004997501249375312,0.0004997501249375312,0.003264091224827838,0.003233585699362157,True,True
pathway|MyD88 Dependent Cascade Initiated on Endosome,pathway,87,2,0.04494410188919113,0.10268967162948849,0.03858356202527898,0.08463943242371706,0.272863568215892,0.23588205897051473,0.4290216738716183,0.380888299062261,False,False
pathway|MyD88-independent TLR4 Cascade,pathway,95,2,0.04425339027095376,0.10314083807942474,0.04052202569694111,0.08860331783094048,0.36081959020489757,0.27886056971514245,0.5197103251425604,0.424006883820169,False,False
pathway|MyD88 MAL(TIRAP) Cascade Initiated on Plasma Membrane,pathway,94,2,0.06021384965502291,0.13468013246107552,0.03826811568604546,0.08342079697036357,0.037481259370314844,0.0399800099950025,0.10964588128470976,0.1092611588942371,False,False
pathway|Myoclonic Epilepsy of Lafora,pathway,6,0,0.28045568466621096,0.648421271677244,0.04550491911597173,0.09546525313168387,0.01199400299850075,0.009495252373813094,0.04604721668740491,0.03742246523796925,True,True
pathway|N-glycan Trimming and Elongation in the cis-Golgi,pathway,5,0,0.022686261107313754,0.11277815974214551,0.06915607997265892,0.1575801290155973,0.6521739130434783,0.52023988005997,0.7533733133433284,0.6443281042841728,False,False
pathway|N-glycan Trimming in the ER and Calnexin Calreticulin Cycle,pathway,29,1,0.10752199576415285,0.2996079551994009,0.05161529593688654,0.11369240163328591,0.01999000499750125,0.0029985007496251873,0.06817609257768488,0.014585213248176847,False,True
pathway|NADE Modulates Death Signalling,pathway,4,1,-0.1207792207792208,-0.22088407467308505,0.00561438824333559,0.015645075825777875,0.8970514742628686,0.8265867066466767,0.9246530580863415,0.8790684023067831,False,False
pathway|NEP NS2 Interacts With the Cellular Export Machinery,pathway,28,0,0.30791969100239774,0.7825961484189904,0.050623252847125016,0.11271477153590652,0.0004997501249375312,0.0004997501249375312,0.003264091224827838,0.003233585699362157,True,True
pathway|NF-kB Activation Through FADD RIP-1 Pathway Mediated by Caspase-8 and -10,pathway,11,0,0.20141552227676626,0.5351279040097052,0.0500164009196545,0.1115266077047533,0.009995002498750625,0.004997501249375313,0.04007648685309855,0.022564804554244616,True,True
pathway|NF-kB Is Activated and Signals Survival,pathway,11,1,0.04291679612253774,0.057426270607126184,0.03869478344621885,0.08360531513171235,0.40429785107446276,0.5372313843078461,0.5593909632010342,0.6594737501225747,False,False
pathway|NFE2L2 Regulates Pentose Phosphate Pathway Genes,pathway,8,0,0.328691045796309,0.705384571897332,0.04917844570842691,0.10751938674343325,0.0014992503748125937,0.0014992503748125937,0.008461801707841731,0.008194586917067781,True,True
pathway|NFE2L2 Regulating ER-stress Associated Genes,pathway,3,1,0.3010708589655959,0.5864026805619563,0.049325461380724536,0.11142201296592745,0.08345827086456771,0.10694652673663169,0.19855994110619374,0.22146354539579663,False,False
pathway|NFE2L2 Regulating MDR Associated Enzymes,pathway,6,0,0.12768284347231712,0.25721318719569014,0.028013157894736823,0.06402838222977945,0.10994502748625687,0.13893053473263367,0.23870322903064597,0.2694292442947527,False,False
pathway|NFE2L2 Regulating Anti-Oxidant Detoxification Enzymes,pathway,11,1,0.1848244578388119,0.3857492898430695,0.04075784129745851,0.09059568055359139,0.014992503748125937,0.017991004497751123,0.0547265910102945,0.06125789564234276,False,False
pathway|NFE2L2 Regulating Tumorigenic Genes,pathway,8,0,0.06301630700126941,0.1472840041885963,0.05682498291182501,0.1266378192008829,0.4127936031984008,0.391304347826087,0.5670451811131472,0.5336435524850838,False,False
pathway|NGF-stimulated Transcription,pathway,24,3,0.04120181877618949,0.14015318169884797,0.031223383186226427,0.06752228358056818,0.3148425787106447,0.11644177911044477,0.4752383982427391,0.2373401130641745,False,False
pathway|NIK-->noncanonical NF-kB Signaling,pathway,44,0,0.15764726538622165,0.41956679857057055,0.047496161627401196,0.10470172816624825,0.0004997501249375312,0.0004997501249375312,0.003264091224827838,0.003233585699362157,True,True
pathway|NOD1 2 Signaling Pathway,pathway,30,1,0.03492430134898375,0.07476893821530989,0.04441041483017889,0.09678882865832301,0.623688155922039,0.6306846576711644,0.731864576186483,0.7313970038989439,False,False
pathway|NOTCH1 Intracellular Domain Regulates Transcription,pathway,35,0,0.047411615363848865,0.09524964911889475,0.046567198573209186,0.10268130891754888,0.45327336331834084,0.5172413793103449,0.6023344693616084,0.6417624521072798,False,False
pathway|NOTCH2 Activation and Transmission of Signal to the Nucleus,pathway,15,0,0.0514611203333008,0.08410139891693225,0.02745692412850307,0.05649341798517645,0.21739130434782608,0.31584207896051975,0.37009978617248757,0.4619746464795771,False,False
pathway|NOTCH3 Activation and Transmission of Signal to the Nucleus,pathway,16,0,0.10547789929368874,0.20478984314503934,0.02627988237639553,0.0542952798373331,0.02048975512243878,0.03548225887056472,0.06908639835926193,0.09972483311794712,False,False
pathway|NOTCH4 Activation and Transmission of Signal to the Nucleus,pathway,7,0,0.24951013898382315,0.41497695658365363,0.03956504573121113,0.08635333849238998,0.0069965017491254375,0.030984507746126936,0.030657666947117163,0.08988103713506375,True,False
pathway|NR1H2 & NR1H3 Regulate Gene Expression Linked to Gluconeogenesis,pathway,3,0,-0.11517429938482578,-0.44683247648658614,0.06985604921394396,0.15563671570400975,0.8660669665167416,0.9600199900049975,0.9052949619805095,0.9721899167432374,False,False
pathway|NR1H2 & NR1H3 Regulate Gene Expression Linked to Lipogenesis,pathway,6,0,0.09780815675552515,0.1673732062118381,0.03374868534973797,0.07374525284078504,0.20089955022488756,0.2893553223388306,0.35391718898820307,0.43518537617505515,False,False
pathway|NR1H2 & NR1H3 Regulate Gene Expression Linked to Triglyceride Lipolysis in Adipose,pathway,3,0,0.12980177717019817,0.29612008830614284,0.07393032581453633,0.16099253532181115,0.3553223388305847,0.33033483258370816,0.5146474879714955,0.47613146931045236,False,False
pathway|NR1H2 & NR1H3 Regulate Gene Expression to Control Bile Acid Homeostasis,pathway,6,0,0.11456823877876511,0.21952703178145103,0.05924593073593072,0.13231808597835854,0.2353823088455772,0.2898550724637681,0.3886240504548997,0.4354274126474669,False,False
pathway|NR1H2 & NR1H3 Regulate Gene Expression to Limit Cholesterol Uptake,pathway,4,0,0.02401458190931871,-0.038271064082146644,0.056592287537024354,0.12641685461777225,0.5662168915542228,0.7026486756621689,0.6853336152436602,0.7858919221057216,False,False
pathway|NRIF Signals Cell Death From the Nucleus,pathway,14,0,0.052375444104767424,0.10199031661149136,0.03710680522485033,0.07870710355818507,0.29535232383808097,0.3503248375812094,0.4544050197123661,0.4970113986722486,False,False
pathway|NS1 Mediated Effects on Host Pathways,pathway,34,0,0.2715170278637771,0.6947747784346493,0.05604107089551783,0.12483347097468067,0.0004997501249375312,0.0004997501249375312,0.003264091224827838,0.003233585699362157,True,True
pathway|Neddylation,pathway,169,3,0.07158646250606922,0.17425592977798832,0.04077064195444038,0.09000785867186631,0.001999000499750125,0.0009995002498750624,0.010868911094191124,0.005782624008330097,True,True
pathway|Nef Mediated CD4 Down-regulation,pathway,9,0,0.13297827903091056,0.2813000149482373,0.042050655046707665,0.08973674417574352,0.06696651674162919,0.07596201899050475,0.16777980129356312,0.17433493198152308,False,False
pathway|Nef Mediated CD8 Down-regulation,pathway,7,0,0.08855905998763139,0.2157961460459872,0.05025823650034175,0.11241622969386884,0.26936531734132935,0.23938030984507747,0.4244854052488172,0.38334071206493897,False,False
pathway|Nef and Signal Transduction,pathway,8,0,0.019297431891416843,0.047467289062709535,0.05152118445464309,0.10999669076553217,0.6511744127936032,0.623688155922039,0.7530563782696625,0.7265284912227005,False,False
pathway|Nef-mediates Down Modulation of Cell Surface Receptors by Recruiting Them to Clathrin Adapters,pathway,17,0,0.07692945599292349,0.15109047167085643,0.044388803475935816,0.0974693717131461,0.15742128935532235,0.2223888055972014,0.3016273228699304,0.368930949860533,False,False
pathway|Negative Feedback Regulation of MAPK Pathway,pathway,4,0,0.0026999316473000543,0.007822935100667413,0.04854346092503985,0.10411048713831399,0.6041979010494752,0.6016991504247876,0.7146463784053304,0.7064607888254855,False,False
pathway|Negative Regulation of FLT3,pathway,13,0,0.06252957568747042,0.14624089839213258,0.04209416329284749,0.08929684211814731,0.2653673163418291,0.2353823088455772,0.42073886720761755,0.380888299062261,False,False
pathway|Negative Regulation of MAPK Pathway,pathway,37,0,0.04578614841772736,0.10394631624640625,0.04110631390105073,0.08978648617864272,0.3683158420789605,0.3563218390804598,0.5250459876444756,0.5024307262526239,False,False
pathway|Negative Regulation of MET Activity,pathway,17,0,0.04493034055727555,0.10266267911175471,0.04864308858710947,0.1044362424150192,0.49025487256371814,0.4572713643178411,0.6305011580896858,0.5906421789105448,False,False
pathway|Negative Regulation of NOTCH4 Signaling,pathway,41,0,0.20015646099728251,0.5442587458423768,0.04805271431072136,0.10477448244343757,0.0004997501249375312,0.0004997501249375312,0.003264091224827838,0.003233585699362157,True,True
pathway|Negative Regulation of TCF-dependent Signaling by DVL-interacting Proteins,pathway,4,0,0.1181020733652313,0.4514652941576706,0.022453229665071746,0.04967940600841728,0.19390304847576212,0.07946026986506746,0.3471867514518603,0.18056781237390057,False,False
pathway|Negative Regulators of DDX58 IFIH1 Signaling,pathway,33,0,0.03652610348184511,0.0819935523340938,0.04002468794662275,0.0865992223878543,0.5187406296851574,0.48375812093953025,0.6506185313140531,0.6144188138062917,False,False
pathway|Nephrin Family Interactions,pathway,15,0,0.06581453634085213,0.0938293464857562,0.045243616183315426,0.0970430417039245,0.24687656171914044,0.4492753623188406,0.40153689795665987,0.5839455115996445,False,False
pathway|Neurodegenerative Diseases,pathway,18,1,0.09168911583772262,0.21299995950142422,0.017457326024508682,0.03672629181853468,0.013493253373313344,0.015992003998001,0.050770810247050394,0.05563717303827148,False,False
pathway|Nicotinamide Salvaging,pathway,12,0,0.00208165040700926,-0.0008673262735180936,0.03625101079144141,0.07988039898371087,0.7626186906546727,0.7781109445277361,0.8323484080345535,0.843054998322435,False,False
pathway|Noncanonical Activation of NOTCH3,pathway,6,0,0.3428206880838461,0.5992008734827405,0.03918119845067211,0.08485036449598092,0.0029985007496251873,0.013493253373313344,0.01518996599261345,0.04882489069054323,True,True
pathway|Nonsense Mediated Decay (NMD) Enhanced by the Exon Junction Complex (EJC),pathway,90,2,0.22571822815465636,0.4500601423155793,0.04217114945177038,0.08781462164849549,0.0004997501249375312,0.0004997501249375312,0.003264091224827838,0.003233585699362157,True,True
pathway|Nonsense Mediated Decay (NMD) Independent of the Exon Junction Complex (EJC),pathway,74,1,0.33569688753538784,0.6615502364032,0.04365518254422363,0.08899094306782718,0.0004997501249375312,0.0004997501249375312,0.003264091224827838,0.003233585699362157,True,True
pathway|Nonsense-Mediated Decay (NMD),pathway,90,2,0.22571822815465636,0.4500601423155793,0.042074714714945345,0.08749372836450806,0.0004997501249375312,0.0004997501249375312,0.003264091224827838,0.003233585699362157,True,True
pathway|Notch-HLH Transcription Pathway,pathway,21,0,0.09627054649611039,0.20252906852730085,0.0484027378511213,0.10846296047428332,0.07296351824087956,0.10194902548725637,0.17976895300866766,0.2138869958959914,False,False
pathway|Nuclear Envelope (NE) Reassembly,pathway,56,0,0.08338891798563706,0.20885404292227513,0.04724182268688249,0.10445699996615004,0.02848575712143928,0.0074962518740629685,0.09005314694251047,0.031774928862099566,False,True
pathway|Nuclear Envelope Breakdown,pathway,44,0,0.17868407324288038,0.45597712160664106,0.05109922525177059,0.11338872639505745,0.0004997501249375312,0.0004997501249375312,0.003264091224827838,0.003233585699362157,True,True
pathway|Nuclear Events (Kinase and Transcription Factor Activation),pathway,43,3,0.05489433338707686,0.14487188097509343,0.03860410248666062,0.08397951339390461,0.18340829585207397,0.08245877061469266,0.335038725140508,0.18415792103948025,False,False
pathway|Nuclear Pore Complex (NPC) Disassembly,pathway,29,0,0.2998535299287179,0.8256498824426589,0.05341677528460649,0.1184213314919178,0.0004997501249375312,0.0004997501249375312,0.003264091224827838,0.003233585699362157,True,True
pathway|Nuclear Events Mediated by NFE2L2,pathway,69,1,0.14795038048504192,0.3867077585127894,0.046547506204478874,0.10246674734771671,0.0004997501249375312,0.0004997501249375312,0.003264091224827838,0.003233585699362157,True,True
pathway|Nuclear Events Stimulated by ALK Signaling in Cancer,pathway,31,1,0.03944788657861663,0.10584533918114195,0.0509404981662367,0.11104479890999432,0.6721639180409795,0.4992503748125937,0.7658170366270513,0.625041005717756,False,False
pathway|Nuclear Import of Rev Protein,pathway,29,0,0.2924104933179343,0.7466975468717836,0.050192330524026135,0.11018072314998016,0.0004997501249375312,0.0004997501249375312,0.003264091224827838,0.003233585699362157,True,True
pathway|Nucleotide Excision Repair,pathway,92,1,0.1133343609643054,0.2956067684130678,0.03689574682427738,0.08168328741238816,0.0004997501249375312,0.0004997501249375312,0.003264091224827838,0.003233585699362157,True,True
pathway|Nucleotide Biosynthesis,pathway,12,0,0.16205803765612375,0.431229588479907,0.03710434402121004,0.08183767103674428,0.014992503748125937,0.0074962518740629685,0.0547265910102945,0.031774928862099566,False,True
pathway|Nucleotide Salvage,pathway,18,1,0.13431216186634146,0.322879603293008,0.06542461367322046,0.14591392677404366,0.0544727636181909,0.04447776111944028,0.14579887891105994,0.11768192336952543,False,False
"pathway|Nucleotide-binding Domain, Leucine Rich Repeat Containing Receptor (NLR) Signaling Pathways",pathway,49,1,0.046753188630202586,0.09813757898701843,0.04317094411585549,0.095508385222708,0.3873063468265867,0.4407796101949025,0.5417072608476906,0.5776020507096609,False,False
pathway|OAS Antiviral Response,pathway,8,0,0.1774021091690265,0.3594045517762507,0.01771069719753929,0.03883649513002136,0.01249375312343828,0.031984007996002,0.04761380777501158,0.09150245813732252,True,False
pathway|Oncogene Induced Senescence,pathway,27,0,0.029446966289071556,0.07673448150562354,0.04601909289540868,0.10116600205478701,0.7381309345327336,0.6376811594202898,0.8154776335236636,0.7354046463719832,False,False
pathway|Oncogenic MAPK Signaling,pathway,59,2,0.06233123055233856,0.1360791262994549,0.044130743694153825,0.0968595385113133,0.11544227886056972,0.13543228385807096,0.24466695223816665,0.26587226235653444,False,False
pathway|Opioid Signalling,pathway,53,1,0.05480656384330665,0.1379582000425191,0.044265476430223195,0.09752483118508087,0.24737631184407796,0.1469265367316342,0.4020348980439358,0.2779293413402588,False,False
pathway|Orc1 Removal From Chromatin,pathway,47,1,0.17239107355471345,0.46366648825303797,0.04787871338214343,0.10529759740379296,0.0004997501249375312,0.0004997501249375312,0.003264091224827838,0.003233585699362157,True,True
pathway|Other Interleukin Signaling,pathway,16,0,0.05247778537252221,0.13522151270236413,0.030888480006835264,0.06944797753751453,0.23338330834582707,0.1904047976011994,0.3862447262424564,0.3340124701162932,False,False
pathway|Ovarian Tumor Domain Proteases,pathway,29,0,0.06367256026317472,0.14005523053618749,0.03771895390064951,0.08293138040547716,0.13093453273363317,0.1409295352323838,0.2668802988103593,0.2712795594788333,False,False
pathway|Oxygen-dependent Proline Hydroxylation of Hypoxia-inducible Factor Alpha,pathway,45,0,0.17688242645180444,0.46937926117108225,0.044742993951821686,0.09790331959110146,0.0004997501249375312,0.0004997501249375312,0.003264091224827838,0.003233585699362157,True,True
pathway|PCNA-Dependent Long Patch Base Excision Repair,pathway,17,1,0.15026436411885324,0.38320621713238423,0.02676277868803023,0.059517882259670724,0.004497751124437781,0.0024987506246876563,0.02108765030577262,0.012475733287202553,True,True
pathway|PCP CE Pathway,pathway,61,0,0.1292241034777704,0.3353298972489914,0.040525077279637244,0.08874850513243024,0.0004997501249375312,0.0004997501249375312,0.003264091224827838,0.003233585699362157,True,True
pathway|PDH Complex Synthesizes acetyl-CoA From PYR,pathway,5,0,0.4790088858509911,0.8738590886874075,0.07430985987696513,0.16637984290267524,0.0004997501249375312,0.0069965017491254375,0.003264091224827838,0.030148826001936795,True,True
pathway|PECAM1 Interactions,pathway,12,0,0.052468982373288564,0.09559050803789118,0.028630964290892513,0.06039230451362407,0.255872063968016,0.296351824087956,0.41070036851744146,0.44123493808651226,False,False
pathway|PERK Regulates Gene Expression,pathway,26,3,0.04353709448446289,0.0818668015817732,0.04849830758714968,0.10777238562482674,0.5177411294352824,0.6016991504247876,0.6497572965782971,0.7064607888254855,False,False
pathway|PI Metabolism,pathway,61,2,0.07344008306907356,0.15436975609574638,0.043476757728897496,0.09653344963312926,0.0399800099950025,0.07446276861569215,0.11485267048356874,0.171652797352711,False,False
pathway|PI3K AKT Activation,pathway,7,0,0.012218858835400203,0.04858803515495883,0.02378932395924876,0.052835660453368606,0.5077461269365318,0.44227886056971516,0.6422586514294619,0.5781077365659525,False,False
pathway|PI5P Regulates TP53 Acetylation,pathway,8,0,0.08811883605116685,0.2493613521832734,0.037214055023923436,0.08241344932165746,0.2013993003498251,0.13343328335832083,0.3541967373637483,0.264700028209391,False,False
pathway|PINK1-PRKN Mediated Mitophagy,pathway,24,1,0.06274183482421467,0.15039730899379208,0.039050086679148464,0.08459822219163667,0.16941529235382308,0.12543728135932034,0.32046954664744126,0.2524546835109577,False,False
pathway|PIP3 Activates AKT Signaling,pathway,183,5,0.05971775051030566,0.14632865970799305,0.0430152100703438,0.09468471108958201,0.025987006496751622,0.00849575212393803,0.08316642911210034,0.034531657850135594,False,True
pathway|PKMTs Methylate Histone Lysines,pathway,36,1,0.11805661339495922,0.25514270605897077,0.04082258394905011,0.09001971924979801,0.001999000499750125,0.004497751124437781,0.010868911094191124,0.020441639136667987,True,True
pathway|PKR-mediated Signaling,pathway,49,0,0.05827346659784897,0.13175933206949855,0.04116554524065265,0.09094590904030671,0.15292353823088456,0.15442278860569716,0.2965660027129292,0.28714067317281383,False,False
pathway|PLC Beta Mediated Events,pathway,29,1,0.040043738993700104,0.09187052962830153,0.04411615472290219,0.09778444365355443,0.5262368815592204,0.4942528735632184,0.6572423349359596,0.6216583178465214,False,False
pathway|POLB-Dependent Long Patch Base Excision Repair,pathway,7,0,0.1598574357972854,0.3862738411445612,0.016927201119682315,0.03816732789979533,0.03398300849575212,0.03248375812093953,0.10349370769160873,0.09280435435652187,False,False
pathway|PP2A-mediated Dephosphorylation of Key Metabolic Factors,pathway,5,0,0.07183868762816129,0.23767752701342815,0.045487566643882434,0.10279263749412362,0.344327836081959,0.23588205897051473,0.5022253620380821,0.380888299062261,False,False
pathway|PPARA Activates Gene Expression,pathway,78,1,0.07809613489722853,0.17340691003586367,0.041274889555648266,0.09154085049103376,0.008995502248875561,0.013493253373313344,0.037442200743315716,0.04882489069054323,True,True
pathway|PTEN Regulation,pathway,110,3,0.09268134700995416,0.2291856134117365,0.04694681536846893,0.10362424472308618,0.0004997501249375312,0.0004997501249375312,0.003264091224827838,0.003233585699362157,True,True
pathway|PTK6 Expression,pathway,3,0,-0.16030986557302343,-0.40859623000606016,0.015232797903850532,0.030412301710980742,0.879560219890055,0.9075462268865567,0.913423288355822,0.9354707261753739,False,False
"pathway|PTK6 Regulates RHO GTPases, RAS GTPase and MAP Kinases",pathway,11,0,0.02343130553656869,0.10407628517039737,0.04970643758155719,0.10985459269157397,0.6781609195402298,0.47226386806596704,0.7701149425287356,0.6043697190221895,False,False
pathway|PTK6 Regulates RTKs and Their Effectors AKT1 and DOK1,pathway,8,0,0.23690801679523485,0.5379499693757862,0.05153687384044526,0.10739480439142812,0.009495252373813094,0.0074962518740629685,0.038594205832504495,0.031774928862099566,True,True
pathway|Paradoxical Activation of RAF Signaling by Kinase Inactive BRAF,pathway,32,2,0.062228380702489344,0.12294067362777622,0.04345989970343747,0.09538272324377377,0.18590704647676162,0.26486756621689156,0.33752529329740727,0.410851333108651,False,False
pathway|Pausing and Recovery of HIV Elongation,pathway,28,0,0.08884892606697119,0.26379372907289916,0.05886914436162556,0.1320692834162165,0.1184407796101949,0.02498750624687656,0.24898937171090568,0.0771159739595284,False,False
pathway|Pausing and Recovery of Tat-mediated HIV Elongation,pathway,26,0,0.10443093748356905,0.30843768993340565,0.059688881749829115,0.13323138658353004,0.06546726636681659,0.013993003498250875,0.16521933443970602,0.05010942804459839,False,False
pathway|Pentose Phosphate Pathway,pathway,11,0,0.1411818803206363,0.2901120061321889,0.03611826570558627,0.0800388220847127,0.031484257871064465,0.04247876061969016,0.09804018530464902,0.11428547384338919,False,False
pathway|Peptide Chain Elongation,pathway,67,1,0.41681535156504806,0.8247606631661949,0.046278067671336964,0.09317005186581602,0.0004997501249375312,0.0004997501249375312,0.003264091224827838,0.003233585699362157,True,True
pathway|Peroxisomal Protein Import,pathway,39,0,0.07041997706817653,0.1412660889152644,0.03098648286155211,0.06800542366409836,0.02848575712143928,0.0559720139930035,0.09005314694251047,0.13972821281666858,False,False
pathway|Pervasive Developmental Disorders,pathway,12,0,0.05152240104393212,0.1286749714866799,0.05565711955508606,0.12226437238691648,0.48075962018990503,0.40929535232383807,0.6256502074777148,0.5498748038658549,False,False
pathway|Pexophagy,pathway,9,0,0.015107845371003256,0.029409899318891746,0.05089712349054453,0.1072451780119639,0.7126436781609196,0.7096451774112944,0.7928017780076217,0.7915859470909014,False,False
pathway|Phosphate Bond Hydrolysis by NTPDase Proteins,pathway,5,0,0.13860560492139434,0.2886349942419456,0.012440150375939847,0.025525001035702766,0.09545227386306847,0.1089455272363818,0.21714608194259935,0.224706911688148,False,False
pathway|Phosphate Bond Hydrolysis by NUDT Proteins,pathway,5,0,-0.04205058099794945,-0.07290329739077124,0.0324208954203691,0.07093074781706804,0.7596201899050474,0.7001499250374813,0.829947992863116,0.784364290346736,False,False
pathway|Phospholipid Metabolism,pathway,132,2,0.07444292075213584,0.1543530885382754,0.038512140486222805,0.08528751394240004,0.0009995002498750624,0.004497751124437781,0.00584778033518452,0.020441639136667987,True,True
pathway|Phosphorylation of the APC C,pathway,13,0,0.13259635101740364,0.32832613272604994,0.06243390206284942,0.1396338603822028,0.09295352323838081,0.06746626686656672,0.21309543903544917,0.1595984467902723,False,False
pathway|Plasma Lipoprotein Clearance,pathway,27,0,0.09149115991221254,0.206311009346854,0.028982398595556486,0.0626343512320482,0.013993003498250875,0.01199400299850075,0.05227242493860984,0.044966686331924285,False,True
pathway|Platelet Aggregation (Plug Formation),pathway,23,1,0.06450981928410678,0.11161472738165104,0.027276787909406998,0.05971384083760446,0.08195902048975512,0.1724137931034483,0.19589054724651483,0.31166531616698184,False,False
"pathway|Platelet Activation, Signaling and Aggregation",pathway,163,1,0.059679538024172585,0.12152889306313379,0.03393030231328046,0.07353595571894551,0.0034982508745627187,0.012993503248375811,0.01729968349158754,0.047513215223374226,True,True
pathway|Platelet Sensitization by LDL,pathway,15,0,0.12408293460925038,0.2715092747098499,0.046930901604661,0.10316750598513315,0.0384807596201899,0.04297851074462768,0.11147076392068958,0.11503397785643261,False,False
pathway|Polymerase Switching,pathway,12,0,0.27417821413036714,0.6694714337050452,0.03353004722550177,0.0765754427799059,0.0004997501249375312,0.0009995002498750624,0.003264091224827838,0.005782624008330097,True,True
pathway|Polymerase Switching on the C-strand of the Telomere,pathway,21,0,0.14820069654656118,0.39163748306736157,0.03720128047391205,0.08328410148374021,0.001999000499750125,0.0014992503748125937,0.010868911094191124,0.008194586917067781,True,True
pathway|Post-chaperonin Tubulin Folding Pathway,pathway,14,0,0.1182501708817498,0.25630617759048074,0.03724036865390248,0.08092888111044672,0.034482758620689655,0.046476761619190406,0.10394875131374805,0.12188413369073041,False,False
pathway|Post-transcriptional Silencing by Small RNAs,pathway,7,0,0.1730462519936204,0.3524905313371497,0.07681673827425706,0.17148916669343073,0.11344327836081959,0.14992503748125938,0.24315963793129236,0.28129566652987875,False,False
pathway|Postmitotic Nuclear Pore Complex (NPC) Reformation,pathway,23,0,0.23875192832962752,0.6542368752928817,0.05094165002877297,0.11277682173368302,0.0004997501249375312,0.0004997501249375312,0.003264091224827838,0.003233585699362157,True,True
pathway|Pre-NOTCH Processing in Golgi,pathway,14,0,0.10937032891920108,0.26683412401775625,0.033902448303576124,0.07477225453637058,0.04397801099450275,0.03648175912043978,0.12310286905064988,0.10157186822138528,False,False
pathway|Prefoldin Mediated Transfer of Substrate to CCT TriC,pathway,20,0,0.08403029103860128,0.22785351972437978,0.05251097042846349,0.11448939625951916,0.1549225387306347,0.07546226886556721,0.2990465733675913,0.17337957127630874,False,False
pathway|Processing and Activation of SUMO,pathway,8,0,0.1034054291573088,0.2582590129490529,0.056568628551899224,0.12533513987573472,0.22788605697151423,0.18440779610194902,0.380787884416601,0.32652599531436327,False,False
pathway|Processing of Capped Intronless Pre-mRNA,pathway,24,1,0.13286155111097903,0.3464327081520856,0.04674435755891705,0.10335870773619772,0.0079960019990005,0.00399800099950025,0.034032164245745976,0.018494093710383113,True,True
pathway|Processing of Intronless Pre-mRNAs,pathway,18,1,0.18661582655390696,0.46834266529341934,0.0437845685961785,0.09718423291580677,0.0004997501249375312,0.0004997501249375312,0.003264091224827838,0.003233585699362157,True,True
pathway|Processing of SMDT1,pathway,14,0,0.056647112286210034,0.12441613649315127,0.051715295231084694,0.11500713418077191,0.4127936031984008,0.41679160419790107,0.5670451811131472,0.5563471477628795,False,False
pathway|Processive Synthesis on the C-strand of the Telomere,pathway,16,0,0.13829972658920028,0.3648177768712745,0.0275653616997038,0.06203368444877162,0.009995002498750625,0.004497751124437781,0.04007648685309855,0.020441639136667987,True,True
pathway|Processive Synthesis on the Lagging Strand,pathway,11,0,0.18562232026346856,0.45834161553536434,0.027986441931274465,0.06379034216876989,0.006496751624187906,0.004497751124437781,0.028832805819312562,0.020441639136667987,True,True
pathway|Programmed Cell Death,pathway,155,1,0.08755768959283611,0.21660924030526565,0.04160606415875923,0.09132444441605055,0.0004997501249375312,0.0004997501249375312,0.003264091224827838,0.003233585699362157,True,True
pathway|Prolactin Receptor Signaling,pathway,9,0,0.05699286094022936,0.14846227186496608,0.03874366408445355,0.08333261217493033,0.3213393303348326,0.26936531734132935,0.4808514330730888,0.41658359204612144,False,False
pathway|Prolonged ERK Activation Events,pathway,12,0,0.03830029619503304,0.09418525406553155,0.04576583348868037,0.09997544735967281,0.5222388805597201,0.4612693653173413,0.6538216726477026,0.5939593749312573,False,False
pathway|Propionyl-CoA Catabolism,pathway,3,0,0.3314878104351788,0.6746623059691196,0.03259273182957394,0.07346525173255992,0.057971014492753624,0.0879560219890055,0.15164458073230389,0.1916942892666993,False,False
pathway|Prostanoid Ligand Receptors,pathway,7,0,0.11886860007160757,0.27321215260986215,0.016612554112554103,0.03515453511284992,0.07946026986506746,0.08045977011494253,0.1921291973338127,0.18204242105526758,False,False
pathway|Proteasome Assembly,pathway,47,0,0.27116736420986864,0.7399075124619092,0.04189546684388205,0.0919584867205848,0.0004997501249375312,0.0004997501249375312,0.003264091224827838,0.003233585699362157,True,True
pathway|Protein Folding,pathway,59,0,0.08520969018369735,0.23314897684129354,0.04257981426122555,0.09343486963782206,0.004997501249375313,0.0014992503748125937,0.022964181626001157,0.008194586917067781,True,True
pathway|Protein Hydroxylation,pathway,15,0,0.08342609771181199,0.21873938249524993,0.03708278195488721,0.08148989324845561,0.09695152423788106,0.05747126436781609,0.2193554638802603,0.1427844690095144,False,False
pathway|Protein Lipoylation,pathway,9,0,0.30430052403736607,0.5491542852498461,0.03183475260119996,0.07468457199445333,0.0014992503748125937,0.009495252373813094,0.008461801707841731,0.03742246523796925,True,True
pathway|Protein Localization,pathway,111,2,0.0875124487564679,0.1953616204195399,0.035032151800094384,0.07766925347517578,0.0004997501249375312,0.0004997501249375312,0.003264091224827838,0.003233585699362157,True,True
pathway|Protein Methylation,pathway,14,0,0.06526105473473894,0.12364568029770436,0.016495020768704974,0.036800704078214494,0.08895552223888056,0.13193403298350825,0.20574679252801217,0.2629817528855534,False,False
pathway|Protein Repair,pathway,5,0,0.4183868762816131,0.7550132941413564,0.0318944976076555,0.07488110804923978,0.00399800099950025,0.009995002498750625,0.019311274595260507,0.039021842462227535,True,True
pathway|Protein Ubiquitination,pathway,53,0,0.11236876331215949,0.24693624080623564,0.036029823875231015,0.07929729862767547,0.0004997501249375312,0.0004997501249375312,0.003264091224827838,0.003233585699362157,True,True
pathway|Proton-coupled Monocarboxylate Transport,pathway,4,0,-0.11552745500113921,-0.2295377771931196,0.04528699589883797,0.10023357984050432,0.9415292353823088,0.9175412293853074,0.9539298643361246,0.9420331850881282,False,False
pathway|Purine Ribonucleoside Monophosphate Biosynthesis,pathway,9,0,0.10962443988759778,0.31600561245914527,0.05430135471253891,0.12170585523158603,0.17541229385307347,0.10694652673663169,0.32675455993976105,0.22146354539579663,False,False
pathway|Purine Salvage,pathway,10,1,0.09757727652464492,0.27185665601659104,0.07696425989215462,0.17225025633460325,0.3333333333333333,0.21739130434782608,0.4917527052076798,0.3623769976969781,False,False
pathway|Purinergic Signaling in Leishmaniasis Infection,pathway,21,0,0.11142336360381472,0.21948902071072698,0.040420479445366655,0.08875221496895039,0.02848575712143928,0.049475262368815595,0.09005314694251047,0.1281298253616334,False,False
pathway|Pyrimidine Salvage,pathway,9,0,0.18643009037745875,0.3664784311159367,0.052154384066226155,0.11792391680897185,0.030984507746126936,0.06496751624187906,0.09677416930632428,0.15545798529306776,False,False
pathway|Pyroptosis,pathway,18,0,0.0856584420051912,0.18627453917882314,0.037276582945777986,0.08153827770633676,0.08595702148925537,0.10594702648675662,0.20150421403293836,0.22027224625925276,False,False
pathway|Pyruvate Metabolism,pathway,36,0,0.08702394514424587,0.17555094661509477,0.04578423488374615,0.10004698780705364,0.03648175912043978,0.07146426786606697,0.1074788846711396,0.16640278515450793,False,False
pathway|RAB GEFs Exchange GTP for GDP on RABs,pathway,72,0,0.10128907415786584,0.23086248127259296,0.039899359541084894,0.08784999547826092,0.0004997501249375312,0.0004997501249375312,0.003264091224827838,0.003233585699362157,True,True
pathway|RAB Geranylgeranylation,pathway,44,0,0.11251627531253659,0.23459472469536846,0.034505692096375856,0.07534859786795861,0.001999000499750125,0.0029985007496251873,0.010868911094191124,0.014585213248176847,True,True
pathway|RAC1 GTPase Cycle,pathway,115,0,0.06273506733340527,0.13882484901771766,0.03849684214175963,0.08463722740867129,0.015492253873063468,0.018490754622688656,0.05605820782988297,0.062144494095994075,False,False
pathway|RAC2 GTPase Cycle,pathway,64,0,0.06483602811140404,0.1394000627742072,0.04304502137378077,0.09434114444890294,0.08095952023988005,0.09895052473763119,0.1952995627621729,0.21014339456038852,False,False
pathway|RAC3 GTPase Cycle,pathway,65,0,0.054864839108260156,0.11439664936182797,0.039168703714049104,0.08554691069636278,0.1344327836081959,0.19440279860069964,0.2710843607322552,0.33788670518297337,False,False
pathway|RAF Activation,pathway,28,1,0.062099151196895554,0.1482767464586627,0.04929181169011996,0.1086957327197951,0.27586206896551724,0.23638180909545228,0.4321006917355802,0.380888299062261,False,False
pathway|RAF-independent MAPK1 3 Activation,pathway,20,0,0.03397956614023096,0.0936168621313026,0.04102925423606864,0.0895247511633324,0.5552223888055972,0.4332833583208396,0.6759653584696514,0.5717468457639033,False,False
pathway|RAS Processing,pathway,19,0,0.06440063476074556,0.14582905313158867,0.03329245002458298,0.07153824723869402,0.15142428785607195,0.13843078460769614,0.29475936820718035,0.26871097161699525,False,False
pathway|RHO GTPases Activate Formins,pathway,85,3,0.06816217396049327,0.16509725190410868,0.04052739624079296,0.08938260199458113,0.02498750624687656,0.01249375312343828,0.08046364414691878,0.04658801658416752,False,True
pathway|RHO GTPases Activate NADPH Oxidases,pathway,18,1,0.11201622594811446,0.20723973435384446,0.041125916618641074,0.08835960095681475,0.02448775612193903,0.06146926536731634,0.07922284963437286,0.1494984357938127,False,False
pathway|RHO GTPases Activate ROCKs,pathway,16,0,0.09074162679425839,0.23953454522350903,0.04515492680565048,0.09730575226411839,0.10494752623688156,0.051974012993503245,0.23017530305596937,0.13294338052648552,False,False
pathway|RHO GTPases Activate WASPs and WAVEs,pathway,29,0,0.09198758203165772,0.18012434125453433,0.04095695707585129,0.08662106338252414,0.02348825587206397,0.04147926036981509,0.0765857259753169,0.1127649526022329,False,False
pathway|RHO GTPases Activate CIT,pathway,12,0,0.11115081091157644,0.2273008545226014,0.04302182315292363,0.08981331643641662,0.06746626686656672,0.07746126936531735,0.16822021162288003,0.17699346146508704,False,False
pathway|RHO GTPases Activate IQGAPs,pathway,20,0,0.09494765622189442,0.17520189444993053,0.04192297352232255,0.08866333741083388,0.04997501249375312,0.10194902548725637,0.13711770270743096,0.2138869958959914,False,False
pathway|RHO GTPases Activate KTN1,pathway,8,0,-0.022629626013084683,-0.05671178129785792,0.02197341079972658,0.046607557533504436,0.7796101949025487,0.7856071964017991,0.8464455696877123,0.8489626154664603,False,False
pathway|RHO GTPases Activate PAKs,pathway,15,0,0.07589167724506071,0.16566517566042027,0.045467407154249254,0.09684140180411496,0.18040979510244878,0.1774112943528236,0.33160278267945675,0.3173843741350686,False,False
pathway|RHOA GTPase Cycle,pathway,92,0,0.06918176625597348,0.159296288955261,0.03939569352680663,0.0861736869702556,0.014992503748125937,0.013493253373313344,0.0547265910102945,0.04882489069054323,False,True
pathway|RHOB GTPase Cycle,pathway,42,0,0.07394595135288332,0.17257433216735535,0.03616727021068667,0.07945475576883608,0.03498250874562719,0.02448775612193903,0.10469549087127905,0.07636797217007112,False,False
pathway|RHOBTB GTPase Cycle,pathway,28,1,0.06371954417067198,0.17623533947185757,0.0458370346862828,0.09983082032560267,0.22338830584707647,0.08495752123938032,0.3756902925055691,0.188120225601485,False,False
pathway|RHOBTB1 GTPase Cycle,pathway,17,1,0.06148023802822563,0.177250484522231,0.051379221030517466,0.11333314185776526,0.3468265867066467,0.19790104947526238,0.5055149618173369,0.3425337331334333,False,False
pathway|RHOBTB2 GTPase Cycle,pathway,18,1,0.035028301591769076,0.06702527532396298,0.03849508798734804,0.08238595586431544,0.5002498750624688,0.5592203898050975,0.6374349634998452,0.675291133503016,False,False
pathway|RHOBTB3 ATPase Cycle,pathway,6,0,0.06971064023695603,0.15756197867428615,0.05499929824561402,0.12106820988621488,0.3873063468265867,0.3793103448275862,0.5417072608476906,0.5231258872555753,False,False
pathway|RHOC GTPase Cycle,pathway,49,0,0.08471462747778537,0.1924261725635479,0.04257452806994294,0.0940875695031239,0.013493253373313344,0.01699150424787606,0.050770810247050394,0.058429394574236064,False,False
pathway|RHOD GTPase Cycle,pathway,37,1,0.07546076493444914,0.13680332451980112,0.04221906065327117,0.09318004521602904,0.06746626686656672,0.16941529235382308,0.16822021162288003,0.3075835334081211,False,False
pathway|RHOF GTPase Cycle,pathway,28,0,0.06547537675357225,0.11800384373607647,0.03719532154701327,0.0806609929418939,0.11044477761119441,0.21739130434782608,0.23870322903064597,0.3623769976969781,False,False
pathway|RHOG GTPase Cycle,pathway,52,0,0.0726748483714428,0.18158725031199174,0.03767207354049459,0.08240259575514128,0.02048975512243878,0.0079960019990005,0.06908639835926193,0.033215392303848075,False,True
pathway|RHOH GTPase Cycle,pathway,32,0,0.042867065023261965,0.09835876234661639,0.04398628384561108,0.0966212815756824,0.4687656171914043,0.44627686156921537,0.6158293402318449,0.5815037901375536,False,False
pathway|RHOJ GTPase Cycle,pathway,40,0,0.08807946439525385,0.15915340514405718,0.036487962739015375,0.07991275242027168,0.01199400299850075,0.05297351324337831,0.04604721668740491,0.13434186447679702,True,False
pathway|RHOQ GTPase Cycle,pathway,40,0,0.11594738594738593,0.22218613457258354,0.03729070802005012,0.08195947228757579,0.0004997501249375312,0.00399800099950025,0.003264091224827838,0.018494093710383113,True,True
pathway|RHOT1 GTPase Cycle,pathway,5,0,0.09424470266575531,0.23458091317587693,0.05344998291182502,0.11866085608124774,0.3078460769615192,0.28085957021489255,0.4677368704089798,0.42562513353665477,False,False
pathway|RHOT2 GTPase Cycle,pathway,7,0,0.16170946847638573,0.370886134367015,0.05826302932656315,0.13165761639257811,0.0944527736131934,0.10044977511244378,0.21558067120286012,0.2122423020432815,False,False
pathway|RHOU GTPase Cycle,pathway,32,0,0.047086190549687996,0.09773063333222519,0.049514798083919474,0.11051709840359143,0.5037481259370314,0.5657171414292853,0.6391477443929227,0.6803674017073685,False,False
pathway|RHOV GTPase Cycle,pathway,27,0,0.030024751077382648,0.057261807573340553,0.038893143016827225,0.08597013913564698,0.6021989005497251,0.6526736631684158,0.7138706999776465,0.7470491076047879,False,False
pathway|RIP-mediated NFkB Activation via ZBP1,pathway,13,1,0.10230296019769704,0.22177947914325935,0.057368877175456114,0.12851120175936023,0.1679160419790105,0.1839080459770115,0.31850376181772133,0.3261972771086703,False,False
pathway|RIPK1-mediated Regulated Necrosis,pathway,31,0,0.04436781102315907,0.09603859187424968,0.03703497078473309,0.07950183615509483,0.3213393303348326,0.31984007996002,0.4808514330730888,0.4661809446154116,False,False
pathway|RNA Pol II CTD Phosphorylation and Interaction With CE,pathway,23,0,0.09563812513677292,0.2760655476939544,0.04919636906675599,0.10859743960537184,0.08295852073963018,0.02498750624687656,0.1980515489381746,0.0771159739595284,False,False
pathway|RNA Pol II CTD Phosphorylation and Interaction With CE During HIV Infection,pathway,23,0,0.09563812513677292,0.2760655476939544,0.05161507244575686,0.11507102640741061,0.09295352323838081,0.02848575712143928,0.21309543903544917,0.08500706543280084,False,False
pathway|RNA Polymerase I Transcription Initiation,pathway,37,0,0.1304116146221409,0.3180482441886477,0.0445961537237853,0.0983909485753852,0.0009995002498750624,0.0009995002498750624,0.00584778033518452,0.005782624008330097,True,True
pathway|RNA Polymerase I Transcription Termination,pathway,21,0,0.13338671353708947,0.32359032943975546,0.047227222439214914,0.10394769129245217,0.01199400299850075,0.0069965017491254375,0.04604721668740491,0.030148826001936795,True,True
pathway|RNA Polymerase II HIV Promoter Escape,pathway,37,0,0.11148766675082461,0.31193635349790455,0.0497995611982454,0.1107781304391254,0.009495252373813094,0.0024987506246876563,0.038594205832504495,0.012475733287202553,True,True
pathway|RNA Polymerase II Pre-transcription Events,pathway,66,0,0.0945301588363789,0.2539190618183271,0.05250691005963732,0.11656508736271388,0.009995002498750625,0.0024987506246876563,0.04007648685309855,0.012475733287202553,True,True
pathway|RNA Polymerase II Promoter Escape,pathway,37,0,0.11148766675082461,0.31193635349790455,0.049357831874937134,0.10866971557398744,0.0074962518740629685,0.0024987506246876563,0.03243690654672664,0.012475733287202553,True,True
pathway|RNA Polymerase II Transcription Elongation,pathway,49,0,0.08093261911736667,0.22353776173117013,0.05320758959086026,0.11819807594175302,0.08195902048975512,0.01899050474762619,0.19589054724651483,0.0634136308051762,False,False
pathway|RNA Polymerase II Transcription Initiation,pathway,37,0,0.11148766675082461,0.31193635349790455,0.049066626075836596,0.10881020494851379,0.00849575212393803,0.0014992503748125937,0.035792448603284566,0.008194586917067781,True,True
pathway|RNA Polymerase II Transcription Initiation And Promoter Clearance,pathway,37,0,0.11148766675082461,0.31193635349790455,0.04883802873276557,0.10754766268533222,0.010494752623688156,0.0014992503748125937,0.041598475571374624,0.008194586917067781,True,True
pathway|RNA Polymerase II Transcription Pre-Initiation And Promoter Opening,pathway,37,0,0.11148766675082461,0.31193635349790455,0.04953097429281639,0.1097553801003164,0.009995002498750625,0.0029985007496251873,0.04007648685309855,0.014585213248176847,True,True
pathway|RNA Polymerase II Transcription Termination,pathway,56,2,0.13303237432424037,0.3223240281255807,0.048193947324036174,0.1063925927533842,0.0004997501249375312,0.0004997501249375312,0.003264091224827838,0.003233585699362157,True,True
pathway|RNA Polymerase III Abortive And Retractive Initiation,pathway,36,1,0.10844199242695482,0.31598954503132626,0.03593358059651292,0.079387795262686,0.00399800099950025,0.0004997501249375312,0.019311274595260507,0.003233585699362157,True,True
pathway|RNA Polymerase III Chain Elongation,pathway,16,0,0.11280473912052862,0.29307791133462613,0.037684315333789006,0.08428224686355189,0.03698150924537731,0.0239880059970015,0.10864299109285527,0.07537532292855084,False,False
pathway|RNA Polymerase III Transcription,pathway,36,1,0.10844199242695482,0.31598954503132626,0.035906497249617544,0.07921039655916622,0.0014992503748125937,0.0004997501249375312,0.008461801707841731,0.003233585699362157,True,True
pathway|RNA Polymerase III Transcription Initiation,pathway,32,1,0.11743434833417857,0.3527058070945238,0.04052484262342071,0.09025865938368585,0.00399800099950025,0.0004997501249375312,0.019311274595260507,0.003233585699362157,True,True
pathway|RNA Polymerase III Transcription Initiation From Type 1 Promoter,pathway,26,0,0.11983511225616487,0.3603555585414918,0.04209751806088647,0.09446233400274483,0.009995002498750625,0.0004997501249375312,0.04007648685309855,0.003233585699362157,True,True
pathway|RNA Polymerase III Transcription Initiation From Type 2 Promoter,pathway,25,0,0.11245067213488262,0.34435679845073625,0.040779033948507626,0.09142313015233298,0.017991004497751123,0.00399800099950025,0.06290793996940923,0.018494093710383113,False,True
pathway|RNA Polymerase III Transcription Initiation From Type 3 Promoter,pathway,24,1,0.11763029114287696,0.3331837842165798,0.03804054602910438,0.08410191006251631,0.009495252373813094,0.001999000499750125,0.038594205832504495,0.010431969944675903,True,True
pathway|RNA Polymerase III Transcription Termination,pathway,20,0,0.10538799150987517,0.2600281493719879,0.031911951649458564,0.0703047768327684,0.02148925537231384,0.014492753623188406,0.07152753751329463,0.0514554688467732,False,False
pathway|RNA Polymerase II Transcribes snRNA Genes,pathway,71,1,0.0899182380681904,0.2585308172369157,0.04704476185891838,0.10388338391128306,0.008995502248875561,0.0009995002498750624,0.037442200743315716,0.005782624008330097,True,True
pathway|RORA Activates Gene Expression,pathway,18,0,0.10485616894285624,0.2250241112550075,0.04035901652527039,0.08971174548034466,0.04847576211894053,0.06346826586706647,0.13335650055766818,0.15310521278269112,False,False
pathway|ROS and RNS Production in Phagocytes,pathway,22,0,0.204305332398292,0.3772816157409337,0.04811731483371948,0.10562609443891381,0.0004997501249375312,0.001999000499750125,0.003264091224827838,0.010431969944675903,True,True
pathway|RSK Activation,pathway,5,0,0.07614490772385514,0.17737075045725542,0.0503250956937799,0.10591345375022528,0.3493253373313343,0.3218390804597701,0.5073767312148121,0.467454384695764,False,False
pathway|RUNX1 and FOXP3 Control the Development of Regulatory T Lymphocytes (Tregs),pathway,7,0,0.032470787358005376,0.049973901950395666,0.03876892718810011,0.08701716197084179,0.4767616191904048,0.527736131934033,0.622397160941842,0.6501233369080585,False,False
pathway|RUNX1 Interacts With Co-Factors Whose Precise Effect on RUNX1 Targets Is Not Known,pathway,30,1,0.08724507192746755,0.22504755329877926,0.04514550341370668,0.09935687538721795,0.05897051474262868,0.025487256371814093,0.15329381617076318,0.07842523182853019,False,False
pathway|RUNX1 Regulates Estrogen Receptor Mediated Transcription,pathway,4,0,-0.041831852358168144,-0.14240613949544625,0.03594122807017541,0.08036710754068978,0.6931534232883558,0.7581209395302348,0.7815850489521797,0.8296191735533708,False,False
pathway|RUNX1 Regulates Expression of Components of Tight Junctions,pathway,3,0,-0.14994303941672368,-0.44129662064835334,0.015117156527682843,0.0368851903684609,0.8525737131434283,0.9190404797601199,0.8970595755820165,0.9426405315860588,False,False
pathway|RUNX1 Regulates Transcription of Genes Involved in BCR Signaling,pathway,6,0,0.05227614490772385,0.08911305815826794,0.04749880382775117,0.10502006337530077,0.43478260869565216,0.4862568715642179,0.5879189311594203,0.6154512627902989,False,False
pathway|RUNX1 Regulates Transcription of Genes Involved in WNT Signaling,pathway,4,0,-0.0944292549555708,-0.2346546926715046,0.022783828890407812,0.0514463515901884,0.8390804597701149,0.8610694652673663,0.8882620361582715,0.9041664708596157,False,False
pathway|RUNX1 Regulates Transcription of Genes Involved in Differentiation of Keratinocytes,pathway,5,0,0.0485987696514012,0.10620832622504865,0.02312442925495557,0.0503621857740181,0.3363318340829585,0.3458270864567716,0.49298604050127376,0.49197456066487305,False,False
pathway|RUNX1 Regulates Transcription of Genes Involved in Differentiation of Myeloid Cells,pathway,6,0,0.04339940760993392,0.04000848657099289,0.04156286853497379,0.09160598960783699,0.4407796101949025,0.5687156421789106,0.593708982084833,0.682393061123973,False,False
pathway|RUNX1 Regulates Transcription of Genes Involved in Interleukin Signaling,pathway,3,0,-0.12408293460925039,-0.24120453039685077,0.04436527682843473,0.09803739684409586,0.8500749625187406,0.8310844577711144,0.8957918301123411,0.8821248211440754,False,False
pathway|RUNX2 Regulates Chondrocyte Maturation,pathway,3,0,-0.13098655730234676,-0.34421780806405416,0.04441589200273411,0.09813959061746771,0.847576211894053,0.8700649675162418,0.8949749832760285,0.9117683842236298,False,False
pathway|RUNX2 Regulates Genes Involved in Cell Migration,pathway,6,0,0.033980405559352916,0.06698114013751547,0.0635175734791524,0.14129423740193084,0.5862068965517241,0.6056971514242878,0.7005475973175667,0.7087509766243638,False,False
pathway|RUNX3 Regulates Immune Response and Cell Migration,pathway,5,0,0.07774436090225563,0.13898954757695164,0.02932440533151059,0.058310975314370565,0.26286856571714146,0.3028485757121439,0.4180536071933406,0.448756746982634,False,False
pathway|RUNX3 Regulates BCL2L11 (BIM) Transcription,pathway,5,0,0.023622693096377302,0.017942404167571268,0.04047015037593985,0.08971495951510738,0.511744127936032,0.5847076461769115,0.6457427422376296,0.6935654179751628,False,False
pathway|RUNX3 Regulates CDKN1A Transcription,pathway,7,0,0.0737200143215181,0.19991833640249063,0.03274723008820753,0.07192574233365748,0.25037481259370314,0.19590204897551225,0.4050066088451102,0.3399236054487376,False,False
pathway|RUNX3 Regulates NOTCH Signaling,pathway,9,0,0.11502430318219793,0.2152538439634712,0.05042899768360293,0.11303007729158313,0.13343328335832083,0.2098950524737631,0.2693303494025582,0.35472093082832057,False,False
pathway|RUNX3 Regulates WNT Signaling,pathway,6,0,-0.018646616541353408,-0.059311121970294776,0.048266436545910216,0.099864804795942,0.7931034482758621,0.8315842078960519,0.8552834174812904,0.8821248211440754,False,False
pathway|RUNX3 Regulates p14-ARF,pathway,8,0,0.07300068352699927,0.15853060523745238,0.04796348134947758,0.10522460069810967,0.296351824087956,0.3053473263368316,0.45493180977877656,0.4507508150686562,False,False
pathway|Rab Regulation of Trafficking,pathway,99,0,0.09762962249047592,0.2309955489326329,0.04365458886717552,0.09612854345279999,0.0004997501249375312,0.0004997501249375312,0.003264091224827838,0.003233585699362157,True,True
pathway|Reactions Specific to the Complex N-glycan Synthesis Pathway,pathway,6,0,-0.10103440419229893,-0.2505266620491437,0.03847550011392115,0.0838445132014503,0.9830084957521239,0.9825087456271864,0.9872865791475636,0.985831238969887,False,False
pathway|Receptor Mediated Mitophagy,pathway,9,0,0.03004101161995898,0.09087188625509073,0.03829865573023467,0.08474709665042482,0.4992503748125937,0.4272863568215892,0.6369428921902686,0.5673148757254026,False,False
pathway|Recognition of DNA Damage by PCNA-containing Replication Complex,pathway,25,1,0.10885942128047392,0.2792505681870272,0.03600110344041922,0.08033368142192354,0.011494252873563218,0.006496751624187906,0.04487511883156166,0.028348220847559412,True,True
pathway|Recruitment of NuMA to Mitotic Centrosomes,pathway,63,0,0.06709039740812721,0.17050758500609456,0.04874419656528558,0.10814150749322425,0.1374312843578211,0.0559720139930035,0.2747302960646722,0.13972821281666858,False,False
pathway|Recruitment of Mitotic Centrosome Proteins and Complexes,pathway,57,1,0.08975960064206998,0.22489230058767612,0.04897626148419579,0.10886645699233065,0.01899050474762619,0.008995502248875561,0.0655203959482053,0.03593011186714335,False,True
pathway|Recycling of eIF2 GDP,pathway,8,0,0.28444487842984084,0.7483332930521177,0.0396448283858998,0.08888692616322981,0.0024987506246876563,0.0014992503748125937,0.013172347836234168,0.008194586917067781,True,True
pathway|Recycling Pathway of L1,pathway,31,0,0.15738539898132423,0.3218587577278642,0.03746196106101029,0.08089058079122097,0.0004997501249375312,0.0009995002498750624,0.003264091224827838,0.005782624008330097,True,True
pathway|Regulated Necrosis,pathway,49,0,0.058046263618229225,0.13350077040867098,0.03759007691422433,0.08167490728246751,0.11544227886056972,0.09845077461269365,0.24466695223816665,0.209296068444795,False,False
pathway|Regulated Proteolysis of p75NTR,pathway,9,0,0.17108680792891315,0.2969303957183332,0.0500867386268702,0.11220024812880348,0.031484257871064465,0.08995502248875563,0.09804018530464902,0.19523153783609762,False,False
pathway|Regulation by c-FLIP,pathway,11,0,0.031454669732181674,0.05154744087988196,0.035714893431926915,0.07773512152597539,0.48225887056471767,0.5392303848075962,0.6269379364034411,0.6615366268431053,False,False
pathway|Regulation of APC C Activators Between G1 S and Early Anaphase,pathway,54,0,0.1621299293593236,0.4093156495419399,0.050752651401708,0.11179850248687478,0.0004997501249375312,0.0004997501249375312,0.003264091224827838,0.003233585699362157,True,True
pathway|Regulation of Apoptosis,pathway,37,0,0.22640169219116593,0.6058472963175855,0.04877473803263277,0.10802437236880755,0.0004997501249375312,0.0004997501249375312,0.003264091224827838,0.003233585699362157,True,True
pathway|Regulation of BACH1 Activity,pathway,10,0,0.002179691653375827,-0.09448356788157249,0.04945832156147945,0.10358014632315073,0.8265867066466767,0.992503748125937,0.8790684023067831,0.9944188542487078,False,False
pathway|Regulation of CDH11 mRNA Translation by microRNAs,pathway,8,0,0.1653793574846206,0.3374864309064827,0.07641765452592521,0.17217544326142636,0.11244377811094453,0.14392803598200898,0.24126624704176836,0.27450737441196754,False,False
pathway|Regulation of FOXO Transcriptional Activity by Acetylation,pathway,10,0,-0.05084985190248348,-0.09231483316049578,0.04275932558669401,0.09440566805160949,0.9905047476261869,0.9750124937531235,0.992415996536223,0.9830587133617658,False,False
pathway|Regulation of Glucokinase by Glucokinase Regulatory Protein,pathway,26,0,0.3199331195120668,0.8353915292104881,0.0515513917661286,0.11480888763325946,0.0004997501249375312,0.0004997501249375312,0.003264091224827838,0.003233585699362157,True,True
pathway|Regulation of HMOX1 Expression and Activity,pathway,4,0,0.351993620414673,0.8099942913524439,0.0709244702665755,0.16126577174158355,0.02848575712143928,0.03498250874562719,0.09005314694251047,0.0987210199248202,False,False
pathway|Regulation of HSF1-mediated Heat Shock Response,pathway,61,3,0.13973006286207323,0.35781680720718134,0.04032845791826809,0.08884143257364963,0.0004997501249375312,0.0004997501249375312,0.003264091224827838,0.003233585699362157,True,True
pathway|Regulation of IFNG Signaling,pathway,13,0,0.0732740943267259,0.14317319155276825,0.03825961056487372,0.08271491607819093,0.17491254372813594,0.2353823088455772,0.32640912248278375,0.380888299062261,False,False
pathway|Regulation of KIT Signaling,pathway,13,0,0.026378007956955305,0.06140631431438838,0.028728383020488277,0.06153513192859193,0.47476261869065467,0.44227886056971516,0.6209584124814167,0.5781077365659525,False,False
pathway|Regulation of MECP2 Expression and Activity,pathway,27,1,0.08818569344885135,0.184418246373063,0.05676835688677793,0.12698619519441998,0.11594202898550725,0.15942028985507245,0.24547563119561525,0.29302295754777474,False,False
pathway|Regulation of MITF-M-dependent Genes Involved in Apoptosis,pathway,15,0,0.04449370178693484,0.06781379239473087,0.05331293135435992,0.11955250033183583,0.5462268865567217,0.6816591704147926,0.6693293471258471,0.7686243740236288,False,False
pathway|Regulation of MITF-M-dependent Genes Involved in Lysosome Biogenesis and Autophagy,pathway,15,0,0.24098167496663728,0.42285536886993735,0.043997036096735345,0.09533503860807707,0.0009995002498750624,0.00399800099950025,0.00584778033518452,0.018494093710383113,True,True
pathway|Regulation of MITF-M-dependent Genes Involved in Pigmentation,pathway,26,1,0.05408086650191912,0.1386914575750096,0.043681973184710024,0.09598863501909796,0.30634682658670664,0.22638680659670166,0.46648266775703057,0.37288294789956333,False,False
pathway|Regulation of NF-kappa B Signaling,pathway,16,0,0.005006835269993178,0.016591879242150696,0.024641115573023464,0.05194223177314573,0.697151424287856,0.6341829085457271,0.7843897661136928,0.7325906012510986,False,False
pathway|Regulation of NFE2L2 Gene Expression,pathway,7,0,0.044761253783810157,0.07740186380434141,0.058178499820981014,0.13093054340263796,0.5147426286856571,0.5737131434282858,0.6475593214900726,0.6864067966016991,False,False
pathway|Regulation of NPAS4 Gene Expression,pathway,11,0,0.12467656745168709,0.3083803843522799,0.07847960293295221,0.17499045965155324,0.1854072963518241,0.1344327836081959,0.33720749082551543,0.2651632398425669,False,False
pathway|Regulation of NPAS4 Gene Transcription,pathway,3,0,-0.027090453406242904,-0.006888111789562797,0.08019958988380041,0.18867492295200147,0.6991504247876063,0.6531734132933533,0.7849380715047882,0.7470491076047879,False,False
pathway|Regulation of NPAS4 mRNA Translation,pathway,8,0,0.1653793574846206,0.3374864309064827,0.07591152231227419,0.16879481926300105,0.10794602698650675,0.14592703648175911,0.23600410321155213,0.27679493586540066,False,False
pathway|Regulation of PLK1 Activity at G2 M Transition,pathway,62,0,0.0878694018831512,0.23352829159100702,0.047636092466636026,0.10548954773797876,0.014992503748125937,0.0034982508745627187,0.0547265910102945,0.01666483272125405,False,True
pathway|Regulation of PTEN Gene Transcription,pathway,50,2,0.07332966925662952,0.15557445400594788,0.04443436324577677,0.09817858101524508,0.05347326336831584,0.0769615192403798,0.1438652435440311,0.17623933347548937,False,False
pathway|Regulation of PTEN Localization,pathway,8,0,0.0324968264817889,0.08838229916930627,0.031971728835074695,0.06467619644530169,0.4407796101949025,0.3808095952023988,0.593708982084833,0.5244824677608286,False,False
pathway|Regulation of PTEN Stability and Activity,pathway,47,1,0.18743966973189427,0.5053955543766263,0.04740065690675262,0.10373237874495632,0.0004997501249375312,0.0004997501249375312,0.003264091224827838,0.003233585699362157,True,True
pathway|Regulation of RAS by GAPs,pathway,44,0,0.14471133628805818,0.3942341637561534,0.04909174453286781,0.1078620773889143,0.0004997501249375312,0.0004997501249375312,0.003264091224827838,0.003233585699362157,True,True
pathway|Regulation of RUNX2 Expression and Activity,pathway,49,1,0.14343139853343934,0.3963795078130619,0.045079636533355644,0.09892552652790555,0.0004997501249375312,0.0004997501249375312,0.003264091224827838,0.003233585699362157,True,True
pathway|Regulation of RUNX3 Expression and Activity,pathway,42,0,0.17755197305903336,0.4814548056904793,0.04763083230724895,0.10455978936564873,0.0004997501249375312,0.0004997501249375312,0.003264091224827838,0.003233585699362157,True,True
"pathway|Regulation of TBK1, IKKε (IKBKE)-mediated Activation of IRF3, IRF7",pathway,13,0,0.05031372136635294,0.11956247392949106,0.04144488406330511,0.08915382431722738,0.367816091954023,0.3293353323338331,0.5246936971074903,0.47502047587317453,False,False
"pathway|Regulation of TBK1, IKKε-mediated Activation of IRF3, IRF7 Upon TLR3 Ligation",pathway,10,0,0.0242378673957621,0.05857304389363129,0.03866380952380952,0.08416751483482407,0.5657171414292853,0.5367316341829086,0.6851279899408895,0.6592499137775879,False,False
pathway|Regulation of TNFR1 Signaling,pathway,44,1,0.026416367653710478,0.05677344056540747,0.03684958410344523,0.08015876607604237,0.6991504247876063,0.6796601699150425,0.7849380715047882,0.7680381789518734,False,False
pathway|Regulation of TP53 Activity,pathway,115,2,0.08955059794274532,0.2272682219980006,0.04248577664777712,0.09355877308505266,0.0009995002498750624,0.0009995002498750624,0.00584778033518452,0.005782624008330097,True,True
pathway|Regulation of TP53 Activity Through Acetylation,pathway,28,0,0.11010968980893793,0.2771166541767956,0.042496983711081446,0.09319893158056834,0.010494752623688156,0.005997001499250375,0.041598475571374624,0.026278000240386137,True,True
pathway|Regulation of TP53 Activity Through Association With Co-factors,pathway,9,0,0.05592769803296117,0.10049519308098197,0.0536784024455077,0.11915258452731715,0.44627686156921537,0.5077461269365318,0.5982946631133177,0.6326266980486962,False,False
pathway|Regulation of TP53 Activity Through Methylation,pathway,15,0,0.05515997786674477,0.1329858663478532,0.04594258926537121,0.10125814030205009,0.3708145927036482,0.3233383308345827,0.5260805389654899,0.4683219756927673,False,False
pathway|Regulation of TP53 Activity Through Phosphorylation,pathway,63,1,0.08483756521593046,0.2163933419546186,0.04140923352929174,0.0911822915261054,0.010494752623688156,0.00399800099950025,0.041598475571374624,0.018494093710383113,True,True
pathway|Regulation of TP53 Degradation,pathway,27,1,0.06850732113890007,0.18003883173001953,0.047598924759451065,0.10350304153326229,0.17991004497751126,0.08495752123938032,0.33127053494529335,0.188120225601485,False,False
pathway|Regulation of TP53 Expression and Degradation,pathway,28,1,0.06714115736672127,0.17335355278317258,0.04892673557993106,0.10631012249048674,0.21189405297351324,0.10844577711144428,0.36372227109585703,0.2243445010562448,False,False
pathway|Regulation of Activated PAK-2p34 by Proteasome Mediated Degradation,pathway,35,0,0.2489921135918482,0.6766437413202978,0.04834384607431488,0.10573004174698215,0.0004997501249375312,0.0004997501249375312,0.003264091224827838,0.003233585699362157,True,True
pathway|Regulation of Cholesterol Biosynthesis by SREBP (SREBF),pathway,44,0,0.09869580736388348,0.21963326084140342,0.03661881693470655,0.08156068851547216,0.004497751124437781,0.00849575212393803,0.02108765030577262,0.034531657850135594,True,True
pathway|Regulation of Cytoskeletal Remodeling and Cell Spreading by IPP Complex Components,pathway,7,0,0.045994857273052775,0.1260376389238715,0.05433035185366012,0.11836616371508082,0.49075462268865566,0.4122938530734633,0.6306151621346311,0.5524737631184408,False,False
pathway|Regulation of Expression of SLITs and ROBOs,pathway,118,2,0.19462181192778877,0.42799437263473855,0.040778236972661586,0.08603694976245858,0.0004997501249375312,0.0004997501249375312,0.003264091224827838,0.003233585699362157,True,True
pathway|Regulation of Gene Expression by Hypoxia-inducible Factor,pathway,7,0,0.1230706636721674,0.304917031817643,0.04486739738957783,0.09655099847065599,0.1294352823588206,0.10194902548725637,0.2648641196643058,0.2138869958959914,False,False
"pathway|Regulation of Glycolysis by Fructose 2,6-Bisphosphate Metabolism",pathway,8,1,0.08390049799824231,0.2174990497585343,0.03203098696416364,0.06882892053637726,0.1794102948525737,0.13393303348325838,0.3306434626519925,0.2651632398425669,False,False
pathway|Regulation of Innate Immune Responses to Cytosolic DNA,pathway,12,0,0.05940574576938212,0.13948968494014025,0.03352192361067959,0.07289404501630048,0.24087956021989004,0.22288855572213892,0.3951870826040376,0.36917027929416474,False,False
pathway|Regulation of Lipid Metabolism by PPARalpha,pathway,80,1,0.07774799484326465,0.17305078927702022,0.041848376969466236,0.09288922855141368,0.009495252373813094,0.010994502748625687,0.038594205832504495,0.04197717317811682,True,True
pathway|Regulation of Localization of FOXO Transcription Factors,pathway,10,0,0.037249183564973025,0.08550639942245869,0.04393503075871496,0.09549295830565847,0.5017491254372813,0.4827586206896552,0.6380250241851552,0.6140169351943747,False,False
pathway|Regulation of mRNA Stability by Proteins That Bind AU-rich Elements,pathway,69,0,0.1161963558046476,0.2957234558107366,0.0507141078399323,0.11155563069961318,0.0004997501249375312,0.0004997501249375312,0.003264091224827838,0.003233585699362157,True,True
pathway|Regulation of Mitotic Cell Cycle,pathway,58,0,0.14522517314570035,0.3719806129041807,0.048283435676305095,0.10669587157326715,0.0004997501249375312,0.0004997501249375312,0.003264091224827838,0.003233585699362157,True,True
pathway|Regulation of Necroptotic Cell Death,pathway,31,0,0.04436781102315907,0.09603859187424968,0.03727927127202169,0.0804713003830353,0.328335832083958,0.33183408295852074,0.48572188264841937,0.4769684361971263,False,False
pathway|Regulation of Ornithine Decarboxylase (ODC),pathway,34,0,0.2574380774493355,0.6799801263862237,0.04947456816567426,0.10989199122090029,0.0004997501249375312,0.0004997501249375312,0.003264091224827838,0.003233585699362157,True,True
pathway|Regulation of Pyruvate Dehydrogenase (PDH) Complex,pathway,11,0,0.16307587149692407,0.30563298627532653,0.06844970794755482,0.15092562239675525,0.046476761619190406,0.10644677661169415,0.1287096451774113,0.2208690859365522,False,False
pathway|Regulation of Pyruvate Metabolism,pathway,28,0,0.0708092381024712,0.14715637635932602,0.04864405494255118,0.1076254008206783,0.1744127936031984,0.22088955522238882,0.3260624413265914,0.3670300849575212,False,False
pathway|Regulation of Signaling by CBL,pathway,21,0,0.03925430459265046,0.0784740748040487,0.04072976581063047,0.08753917783409022,0.46276861569215394,0.49825087456271866,0.609879704817642,0.6245425868839871,False,False
pathway|Regulation of the Apoptosome Activity,pathway,10,0,0.10066074276600594,0.22987459131517649,0.02779949343054606,0.061228241487412675,0.0864567716141929,0.09495252373813093,0.20221927324625974,0.20458131929885678,False,False
pathway|Release of Apoptotic Factors From the Mitochondria,pathway,5,0,0.05671223513328769,0.11901815091793252,0.02796806903622693,0.06098790199928529,0.3493253373313343,0.36081959020489757,0.5073767312148121,0.5064004385947188,False,False
pathway|Removal of the Flap Intermediate,pathway,10,0,0.22662869294448237,0.5526608022653641,0.025524066985645927,0.05909830447954116,0.0014992503748125937,0.004497751124437781,0.008461801707841731,0.020441639136667987,True,True
pathway|Removal of the Flap Intermediate From the C-strand,pathway,14,0,0.14199184274372245,0.3889576541983906,0.03424625337068945,0.07638770397801607,0.018490754622688656,0.008995502248875561,0.0641156883995398,0.03593011186714335,False,True
pathway|Repression of WNT Target Genes,pathway,11,0,0.003539427080096935,0.005114164657588625,0.036879162990119924,0.08071011891469872,0.7551224387806097,0.7561219390304847,0.827209549233822,0.8296171512764484,False,False
pathway|Resolution of AP Sites via the Multiple-Nucleotide Patch Replacement Pathway,pathway,20,1,0.1705820772025758,0.4396551012145011,0.02934566176206065,0.06670468897873434,0.0004997501249375312,0.0004997501249375312,0.003264091224827838,0.003233585699362157,True,True
pathway|Resolution of Abasic Sites (AP Sites),pathway,27,1,0.12302765460660195,0.31599840175595556,0.029124791972160387,0.06559451780305194,0.0029985007496251873,0.0024987506246876563,0.01518996599261345,0.012475733287202553,True,True
pathway|Respiratory Electron Transport,pathway,106,3,0.16828180473236506,0.40342657926186853,0.03867419401849392,0.08582773900708575,0.0004997501249375312,0.0004997501249375312,0.003264091224827838,0.003233585699362157,True,True
pathway|Response of EIF2AK1 (HRI) to Heme Deficiency,pathway,8,2,0.046328483546528645,0.11393641379056373,0.045479757836148806,0.09924633623349112,0.44627686156921537,0.4142928535732134,0.5982946631133177,0.5544370211801316,False,False
pathway|Response of EIF2AK4 (GCN2) to Amino Acid Deficiency,pathway,76,3,0.3134537540022304,0.6131552277464142,0.04343751079852741,0.08854979724442032,0.0004997501249375312,0.0004997501249375312,0.003264091224827838,0.003233585699362157,True,True
pathway|Response of Endothelial Cells to Shear Stress,pathway,61,1,0.06427592827075138,0.13393168829273525,0.04576539379372424,0.09986404948530404,0.11044477761119441,0.16491754122938532,0.23870322903064597,0.300468186959152,False,False
pathway|Response to Elevated Platelet Cytosolic Ca2+,pathway,80,0,0.09209299860698927,0.18061063431549249,0.03155660932754787,0.06831761127578602,0.0004997501249375312,0.0004997501249375312,0.003264091224827838,0.003233585699362157,True,True
pathway|Response to Metal Ions,pathway,10,0,0.3428465102149313,0.8126277638982625,0.025884991266043895,0.058627990469706875,0.0004997501249375312,0.0004997501249375312,0.003264091224827838,0.003233585699362157,True,True
pathway|Retrograde Neurotrophin Signalling,pathway,10,0,0.1316305916305916,0.277748124926208,0.03680558745348219,0.08019865428759604,0.05147426286856572,0.06596701649175413,0.13993723033771072,0.1571255656575382,False,False
pathway|Retrograde Transport at the Trans-Golgi-Network,pathway,38,2,0.10810052416700613,0.2906267230173974,0.04229652976356577,0.09364553188844374,0.004497751124437781,0.0009995002498750624,0.02108765030577262,0.005782624008330097,True,True
pathway|Rev-mediated Nuclear Export of HIV RNA,pathway,30,0,0.27514821536600115,0.7028346778431392,0.0479647684257666,0.1060345317632933,0.0004997501249375312,0.0004997501249375312,0.003264091224827838,0.003233585699362157,True,True
pathway|Reversal of Alkylation Damage by DNA Dioxygenases,pathway,6,0,0.11473228525860103,0.31626857173639483,0.04670832535885165,0.10171820245297777,0.1934032983508246,0.13093453273363317,0.346890026489346,0.2617430457052513,False,False
pathway|Ribavirin ADME,pathway,7,0,0.06884093350258762,0.17576978663728995,0.04294464245028153,0.09450789674449467,0.3183408295852074,0.2723638180909545,0.4787790753428499,0.41934740561520567,False,False
pathway|Ribosomal Scanning and Start Codon Recognition,pathway,49,0,0.2251661737832522,0.4461606368867455,0.04581267352634833,0.093503587529381,0.0004997501249375312,0.0004997501249375312,0.003264091224827838,0.003233585699362157,True,True
pathway|Role of ABL in ROBO-SLIT Signaling,pathway,5,0,0.02149692412850306,0.05877427383700642,0.03500732399179768,0.07592245149001219,0.4917541229385307,0.4707646176911544,0.6308667778525807,0.6031943929330832,False,False
pathway|S Phase,pathway,112,2,0.1278377916535811,0.31734140254819226,0.04487083048530416,0.09948672287538761,0.0004997501249375312,0.0004997501249375312,0.003264091224827838,0.003233585699362157,True,True
pathway|SARS-CoV-1 Infection,pathway,115,2,0.0641735605917227,0.13556987247768806,0.04026554112032733,0.08692956635611429,0.013493253373313344,0.025987006496751622,0.050770810247050394,0.07914224705828903,False,False
pathway|SARS-CoV-1 Activates Modulates Innate Immune Responses,pathway,36,1,0.05061018346732631,0.12755823690317317,0.03805786815523657,0.08379086048530095,0.2463768115942029,0.1729135432283858,0.4013526570048309,0.3122968950307455,False,False
pathway|SARS-CoV-1 Modulates Host Translation Machinery,pathway,28,0,0.40985345759781855,0.7820929412868155,0.041393727012336026,0.08349534552875638,0.0004997501249375312,0.0004997501249375312,0.003264091224827838,0.003233585699362157,True,True
pathway|SARS-CoV-1 Targets Host Intracellular Signalling and Regulatory Pathways,pathway,13,0,0.0824167061009166,0.1404691943451473,0.04951434311302732,0.10533316521757166,0.20539730134932535,0.30434782608695654,0.3575944634556151,0.44959490382831346,False,False
pathway|SARS-CoV-1-host Interactions,pathway,79,1,0.07622417555795306,0.15615724582767604,0.03805836098167876,0.0809772392154307,0.004997501249375313,0.0079960019990005,0.022964181626001157,0.033215392303848075,True,True
pathway|SARS-CoV-2 Activates Modulates Innate and Adaptive Immune Responses,pathway,89,1,0.1243928025095704,0.31366204180255136,0.047486107095554835,0.10480941925295652,0.0004997501249375312,0.0004997501249375312,0.003264091224827838,0.003233585699362157,True,True
pathway|SARS-CoV-2 Modulates Autophagy,pathway,9,1,0.12044884939621776,0.3728331867119254,0.0561587396521607,0.12378313054748168,0.1409295352323838,0.0544727636181909,0.2798380924260623,0.13697328091402242,False,False
pathway|SARS-CoV-2 Modulates Host Translation Machinery,pathway,37,1,0.3214680846259793,0.6403848095014986,0.03143614621114621,0.06352461951864047,0.0004997501249375312,0.0004997501249375312,0.003264091224827838,0.003233585699362157,True,True
pathway|SARS-CoV-2 Targets Host Intracellular Signalling and Regulatory Pathways,pathway,10,0,0.0906766917293233,0.17220885522219692,0.050599056732740934,0.1067507459201452,0.20039980009995004,0.25087456271864067,0.35391718898820307,0.3956465199442799,False,False
pathway|SARS-CoV-2-host Interactions,pathway,145,3,0.07239660017336966,0.17659443286099366,0.04101852874414353,0.08957337164192176,0.001999000499750125,0.0004997501249375312,0.010868911094191124,0.003233585699362157,True,True
pathway|SCF(Skp2)-mediated Degradation of P27 P21,pathway,42,0,0.19893207837458707,0.5642345171939314,0.048896754040628966,0.1067771767693624,0.0004997501249375312,0.0004997501249375312,0.003264091224827838,0.003233585699362157,True,True
pathway|SCF-beta-TrCP Mediated Degradation of Emi1,pathway,39,0,0.18797868797868797,0.5048118493508157,0.04735830259306713,0.10413832008831472,0.0004997501249375312,0.0004997501249375312,0.003264091224827838,0.003233585699362157,True,True
pathway|SHC-related Events Triggered by IGF1R,pathway,7,0,-0.035956775054519434,-0.021678879214572958,0.048142759496142946,0.10620420907105874,0.8770614692653673,0.7501249375312344,0.9126536431183206,0.8247800398371486,False,False
pathway|SHC1 Events in EGFR Signaling,pathway,9,0,0.017025518341307794,0.01894026303493786,0.04688807909926329,0.10603415378958059,0.6536731634182908,0.7031484257871065,0.7546854699387382,0.7860275997630894,False,False
pathway|SHC1 Events in ERBB4 Signaling,pathway,9,0,-0.002960051644262175,-0.031343943490782164,0.035179574884180144,0.07744024853467711,0.7246376811594203,0.7766116941529235,0.8039917007308311,0.842309393606069,False,False
pathway|SHOC2 M1731 Mutant Abolishes MRAS Complex Function,pathway,5,0,0.16261790840738205,0.4108309754139811,0.0526441934381408,0.10991052706841026,0.136431784107946,0.09695152423788106,0.27325825997319564,0.20738240560461274,False,False
pathway|SLBP Dependent Processing of Replication-Dependent Histone Pre-mRNAs,pathway,8,0,0.13000195293428374,0.2872144904025244,0.05351398911239136,0.11977139389652373,0.12243878060969515,0.14142928535732133,0.2543053473263368,0.27173785910005216,False,False
pathway|SLBP Independent Processing of Histone Pre-mRNAs,pathway,7,0,0.13819288480942615,0.3076419284016467,0.05067341242717181,0.11219928325320366,0.11644177911044477,0.12443778110944528,0.2460321212740527,0.250929389674095,False,False
pathway|SLC15A4 TASL-dependent IRF5 Activation,pathway,4,0,0.19914559125085432,0.4203377276109553,0.05557587719298243,0.12724020780546139,0.12243878060969515,0.13793103448275862,0.2543053473263368,0.26871097161699525,False,False
pathway|SMAC (DIABLO) Binds to IAPs,pathway,7,0,0.17242456791328967,0.2703607354312031,0.03759540572209745,0.08501573469117232,0.06196901549225387,0.1504247876061969,0.15890079651532257,0.2817243317024986,False,False
pathway|SMAC(DIABLO)-mediated Dissociation of IAP Caspase Complexes,pathway,7,0,0.17242456791328967,0.2703607354312031,0.03650572209745141,0.08249804391772692,0.05647176411794103,0.13193403298350825,0.14922627744651848,0.2629817528855534,False,False
"pathway|SMAC, XIAP-regulated Apoptotic Response",pathway,7,0,0.17242456791328967,0.2703607354312031,0.03303378088077335,0.07193926579684959,0.047976011994003,0.13343328335832083,0.1323322402543748,0.264700028209391,False,False
pathway|SMAD2 3 Phosphorylation Motif Mutants in Cancer,pathway,5,0,-0.028236500341763504,-0.050529386212762484,0.06020774436090225,0.1353960738176955,0.8250874562718641,0.8030984507746127,0.8779234870269783,0.8606994232501913,False,False
pathway|SMAD2 SMAD3 SMAD4 Heterotrimer Regulates Transcription,pathway,30,1,0.06566510319686361,0.1397769039225647,0.04634683047744753,0.10175647301079806,0.1794102948525737,0.21189405297351324,0.3306434626519925,0.3566224163585144,False,False
pathway|SOS-mediated Signalling,pathway,6,0,-0.032781954887218044,-0.09994564928701297,0.040528359535201626,0.09017525562413166,0.8280859570214892,0.8715642178910544,0.8802121457183384,0.9124187906046977,False,False
pathway|SRP-dependent Cotranslational Protein Targeting to Membrane,pathway,89,1,0.26170571404833004,0.535207438727546,0.04411998406209133,0.09069621679497658,0.0004997501249375312,0.0004997501249375312,0.003264091224827838,0.003233585699362157,True,True
pathway|STAT3 Nuclear Events Downstream of ALK Signaling,pathway,10,0,0.045569985569985545,0.09499063715536711,0.051902850307587144,0.11082758025650563,0.4892553723138431,0.4912543728135932,0.630386729712067,0.6191355171928599,False,False
pathway|STAT5 Activation,pathway,6,0,0.03264524948735475,0.0946836252609226,0.05163549100022783,0.1132066711069,0.5452273863068465,0.4847576211894053,0.6688938460480331,0.6146773987853449,False,False
pathway|STAT5 Activation Downstream of FLT3 ITD Mutants,pathway,8,0,0.08372717508055853,0.1533369045288997,0.04555732960648373,0.09979543129381246,0.2413793103448276,0.3058470764617691,0.39538235614054174,0.45116788196810687,False,False
pathway|STING Mediated Induction of Host Immune Responses,pathway,11,0,0.13082333934008572,0.47030878550467525,0.04240389796806064,0.09258922936938137,0.06296851574212893,0.0069965017491254375,0.16067027911105872,0.030148826001936795,False,True
pathway|SUMO E3 Ligases SUMOylate Target Proteins,pathway,124,5,0.11757109854960697,0.2955320822515035,0.04101030259648836,0.09096365827897437,0.0004997501249375312,0.0004997501249375312,0.003264091224827838,0.003233585699362157,True,True
pathway|SUMO Is Conjugated to E1 (UBA2 SAE1),pathway,4,0,0.14250398724082927,0.4033518721160969,0.05631390407837773,0.12189309622887662,0.22788605697151423,0.15442278860569716,0.380787884416601,0.28714067317281383,False,False
pathway|SUMO Is Proteolytically Processed,pathway,5,0,0.21730006835269985,0.4924395978323795,0.06776429596719069,0.1508268466669288,0.08945527236381809,0.08745627186406797,0.20644288966627797,0.1914085107077652,False,False
"pathway|SUMO Is Transferred From E1 to E2 (UBE2I, UBC9)",pathway,5,0,0.13909774436090222,0.3551566422249236,0.052257891319207106,0.11353107015367499,0.1874062968515742,0.14392803598200898,0.33906174090655017,0.27450737441196754,False,False
pathway|SUMOylation,pathway,129,5,0.12060460513069143,0.3001794719051216,0.0414296713970444,0.09152087205001255,0.0004997501249375312,0.0004997501249375312,0.003264091224827838,0.003233585699362157,True,True
pathway|SUMOylation of DNA Damage Response and Repair Proteins,pathway,64,1,0.1806474044960887,0.4613852932596608,0.04432374696888324,0.09811970473019653,0.0004997501249375312,0.0004997501249375312,0.003264091224827838,0.003233585699362157,True,True
pathway|SUMOylation of DNA Methylation Proteins,pathway,10,1,0.026011999696210233,0.07250986389086549,0.04857090605301131,0.10694941525135913,0.6131934032983508,0.5502248875562219,0.721996994699929,0.6694886300259362,False,False
pathway|SUMOylation of DNA Replication Proteins,pathway,37,0,0.17643001853528167,0.4505398864484677,0.043403141042614723,0.09625696618901372,0.0009995002498750624,0.0004997501249375312,0.00584778033518452,0.003233585699362157,True,True
pathway|SUMOylation of RNA Binding Proteins,pathway,36,1,0.2010534995497401,0.5197032481876076,0.04903771392767632,0.10873416722511774,0.0004997501249375312,0.0004997501249375312,0.003264091224827838,0.003233585699362157,True,True
pathway|SUMOylation of SUMOylation Proteins,pathway,30,0,0.22566243194192379,0.608483015370403,0.04854865235188283,0.10777005922662425,0.0004997501249375312,0.0004997501249375312,0.003264091224827838,0.003233585699362157,True,True
pathway|SUMOylation of Chromatin Organization Proteins,pathway,45,1,0.1803584028942881,0.45927390257507433,0.045823064548423394,0.10085175813361563,0.0004997501249375312,0.0004997501249375312,0.003264091224827838,0.003233585699362157,True,True
pathway|SUMOylation of Immune Response Proteins,pathway,10,1,0.045583656109971886,0.1083253375311737,0.044376504898610156,0.0992801666138071,0.4367816091954023,0.41379310344827586,0.5894706967503903,0.5541252584539451,False,False
pathway|SUMOylation of Intracellular Receptors,pathway,17,1,0.01562763861525472,0.044431932914776165,0.03500317538498652,0.07690254147777824,0.6686656671664168,0.5977011494252874,0.7650685108490859,0.7033571033180295,False,False
pathway|SUMOylation of Transcription Cofactors,pathway,35,1,0.05352625260630567,0.1517840617075251,0.04367054963612239,0.09646839696678935,0.2893553223388306,0.13543228385807096,0.4478323431428846,0.26587226235653444,False,False
pathway|SUMOylation of Transcription Factors,pathway,12,1,0.0041767642246111,0.007060428417989097,0.03329531162617286,0.07380301522881531,0.6991504247876063,0.7051474262868566,0.7849380715047882,0.7874146260203231,False,False
pathway|SUMOylation of Ubiquitinylation Proteins,pathway,34,1,0.2045525822334153,0.5484487614915713,0.048840533638422744,0.10838058713179376,0.0004997501249375312,0.0004997501249375312,0.003264091224827838,0.003233585699362157,True,True
pathway|Scavenging by Class F Receptors,pathway,4,1,0.14768740031897928,0.3934604839663673,0.010289012303485966,0.019228814191646598,0.10844577711144428,0.07396301849075462,0.23684740174602498,0.1706902104503304,False,False
pathway|Sealing of the Nuclear Envelope (NE) by ESCRT-III,pathway,19,0,0.07182789509659311,0.15282367928485738,0.04780177497171956,0.10522881482815329,0.21839080459770116,0.24587706146926536,0.3711928814643415,0.39073194848635356,False,False
pathway|Selective Autophagy,pathway,62,1,0.06123082573025515,0.1576338692331426,0.042078666457258954,0.09240443082127459,0.10194902548725637,0.04297851074462768,0.22622663027460627,0.11503397785643261,False,False
pathway|Selenoamino Acid Metabolism,pathway,76,1,0.3004064227554532,0.6042015003523331,0.040346046467844246,0.08176356919790462,0.0004997501249375312,0.0004997501249375312,0.003264091224827838,0.003233585699362157,True,True
pathway|Selenocysteine Synthesis,pathway,70,1,0.3672206207217649,0.7217754958071548,0.04493694047371392,0.09106419066943144,0.0004997501249375312,0.0004997501249375312,0.003264091224827838,0.003233585699362157,True,True
pathway|Sema3A PAK Dependent Axon Repulsion,pathway,10,0,0.07463051568314726,0.11342224053413451,0.03559009873167767,0.07251810795514281,0.1934032983508246,0.31134432783608196,0.346890026489346,0.45668232268046766,False,False
pathway|Sema4D in Semaphorin Signaling,pathway,17,0,0.10414438502673795,0.21011285734189256,0.04058928018575851,0.08880629365649889,0.04247876061969016,0.06746626686656672,0.11987552419442453,0.1595984467902723,False,False
pathway|Sema4D Induced Cell Migration and Growth-Cone Collapse,pathway,14,0,0.07884070816401642,0.17070371413104118,0.03824186565314384,0.08359758196279213,0.1519240379810095,0.15642178910544727,0.2951788838976209,0.28930370077650397,False,False
pathway|Sema4D Mediated Inhibition of Cell Attachment and Migration,pathway,5,0,0.03398496240601503,0.06716407142783365,0.05289831168831168,0.11040324958070363,0.5282358820589705,0.5282358820589705,0.6577613471441737,0.650353246613208,False,False
pathway|Semaphorin Interactions,pathway,40,0,0.12375159927791504,0.23672912585816186,0.03460364736141051,0.07445798603921742,0.0004997501249375312,0.0014992503748125937,0.003264091224827838,0.008194586917067781,True,True
pathway|Sensing of DNA Double Strand Breaks,pathway,5,0,-0.0051811346548188645,-0.02053377772378191,0.06439846206425154,0.14336204924009077,0.7411294352823589,0.7461269365317341,0.8166184812103232,0.8216891024265174,False,False
pathway|Separation of Sister Chromatids,pathway,119,2,0.1015165128576773,0.2580206115047798,0.0468690434360428,0.10389774139431447,0.0004997501249375312,0.0004997501249375312,0.003264091224827838,0.003233585699362157,True,True
pathway|Serine Biosynthesis,pathway,7,0,0.029131269732773468,0.05655323410931635,0.007837659082771857,0.016567617417158845,0.31284357821089454,0.32733633183408295,0.4729083784163231,0.4727938534209946,False,False
pathway|Sialic Acid Metabolism,pathway,20,0,0.1519638809943519,0.3396881021096711,0.03556602780875633,0.0805311259611696,0.0034982508745627187,0.0079960019990005,0.01729968349158754,0.033215392303848075,True,True
pathway|Signal Attenuation,pathway,7,0,0.14567262311623214,0.20477958228501125,0.040425384890798416,0.09011012761863714,0.08095952023988005,0.21389305347326337,0.1952995627621729,0.3579821692699178,False,False
pathway|Signal Regulatory Protein Family Interactions,pathway,13,0,0.10461906514538089,0.20159311146775521,0.04224700869306132,0.09202005793990889,0.07896051974012994,0.11744127936031984,0.1915899526872078,0.2389084595802001,False,False
pathway|Signal Transduction by L1,pathway,15,0,0.11211860820883376,0.2160582075089329,0.038409781596849255,0.08332308768923999,0.03798100949525238,0.06996501749125437,0.11033084856173313,0.16346157629846494,False,False
pathway|Signaling by ALK,pathway,23,0,0.0062973639632678624,0.008988346496086342,0.0428046421749667,0.09329051436114624,0.9395302348825587,0.9420289855072463,0.9523691058326376,0.9581754176780365,False,False
pathway|Signaling by ALK Fusions and Activated Point Mutants,pathway,76,3,0.043824921154561026,0.10028038961722535,0.049435692185007964,0.10760264171435137,0.6616691654172914,0.5752123938030984,0.7609561775037177,0.6874085971973737,False,False
pathway|Signaling by ALK in Cancer,pathway,76,3,0.043824921154561026,0.10028038961722535,0.04888629651880898,0.10679361578757282,0.6181909045477262,0.5557221389305347,0.726645449205222,0.6732359344803124,False,False
pathway|Signaling by AMER1 Mutants,pathway,13,0,0.13581506213085162,0.3435549449325296,0.04749709632472789,0.10472167738935952,0.0399800099950025,0.026486756621689155,0.11485267048356874,0.08031093942080056,False,False
pathway|Signaling by APC Mutants,pathway,13,0,0.13581506213085162,0.3435549449325296,0.04572558625584941,0.09963166586744962,0.03498250874562719,0.017991004497751123,0.10469549087127905,0.06125789564234276,False,False
pathway|Signaling by AXIN Mutants,pathway,13,0,0.13581506213085162,0.3435549449325296,0.04611827295511505,0.10195931259222127,0.03698150924537731,0.02148925537231384,0.10864299109285527,0.06941397108599666,False,False
pathway|Signaling by Activin,pathway,11,0,-0.008086745790095084,-0.019620050143409107,0.02697554216118809,0.059235161250792784,0.7556221889055472,0.743128435782109,0.8273206570146661,0.8196907918849922,False,False
pathway|Signaling by BRAF and RAF1 Fusions,pathway,46,2,0.0617203747180864,0.13406114487075882,0.044573320257164636,0.09826526464333421,0.15542228885557222,0.17641179410294852,0.29973267776511003,0.3172357544171637,False,False
pathway|Signaling by CSF1 (M-CSF) in Myeloid Cells,pathway,30,0,0.049421359040233814,0.11794102310752341,0.04133846120002199,0.08888290470138005,0.31634182908545727,0.2513743128435782,0.47646263887635587,0.3958335464564912,False,False
pathway|Signaling by CSF3 (G-CSF),pathway,28,0,0.07089024870979757,0.14365398370206117,0.042788935903973487,0.09224893208441655,0.11694152923538231,0.16491754122938532,0.24683694737996856,0.300468186959152,False,False
pathway|Signaling by CTNNB1 Phospho-Site Mutants,pathway,14,0,0.12786236320070907,0.31143202634010725,0.04289075548511639,0.09296186779701776,0.03648175912043978,0.028985507246376812,0.1074788846711396,0.08612717961477058,False,False
pathway|Signaling by EGFR,pathway,39,0,0.015314048832054365,0.03788821019068466,0.0456773857721226,0.09974149729099145,0.9635182408795602,0.9315342328835582,0.9709982466311725,0.9526324971438456,False,False
pathway|Signaling by EGFR in Cancer,pathway,20,0,0.03566751807749036,0.09537410801077158,0.04425398784041443,0.0961390591918775,0.5622188905547226,0.45527236381809094,0.6824831301473752,0.5895266207295354,False,False
pathway|Signaling by EGFRvIII in Cancer,pathway,13,0,0.007153372942846616,0.06370400221724391,0.04891008421403157,0.10677454964030496,0.8530734632683659,0.632183908045977,0.8971309282067826,0.7315019370537573,False,False
pathway|Signaling by ERBB2,pathway,39,0,0.034042042906308835,0.07692185431033936,0.03912455005751404,0.0856324156429749,0.5797101449275363,0.5412293853073463,0.6967928073000537,0.6624239441858328,False,False
pathway|Signaling by ERBB2 ECD Mutants,pathway,13,0,0.02488739330844594,0.12095256378152364,0.046951719333298274,0.10202106311573211,0.6661669165417291,0.3778110944527736,0.7635919898770261,0.521751092538837,False,False
pathway|Signaling by ERBB2 KD Mutants,pathway,16,0,0.014008885850991115,0.06247994684656539,0.038701922989291405,0.08502803798658712,0.7446276861569215,0.559720139930035,0.8187356824499343,0.675501877184592,False,False
pathway|Signaling by ERBB2 in Cancer,pathway,17,0,0.031475413131759875,0.09864848553215723,0.040475480981866416,0.088074522335506,0.5647176411794103,0.4017991004497751,0.6843165348480952,0.5433181846576711,False,False
pathway|Signaling by Erythropoietin,pathway,23,0,0.035297550379722216,0.09391025721128313,0.051723694206770955,0.11405529696409526,0.7051474262868566,0.5807096451774113,0.7878381949423352,0.6896134551363541,False,False
pathway|Signaling by FGFR in Disease,pathway,40,0,0.04036752720963247,0.13226546426379784,0.04936600456560983,0.10921627682754236,0.6401799100449775,0.2813593203398301,0.7449040185789458,0.42562513353665477,False,False
pathway|Signaling by FGFR1 in Disease,pathway,25,0,0.03404579630895419,0.11453124915196805,0.04762265960355433,0.1044173108960696,0.671664167916042,0.3938030984507746,0.7656676601326121,0.5352938713889128,False,False
pathway|Signaling by FGFR2,pathway,48,0,0.03502009375469621,0.10578176183782115,0.0446713507050993,0.09720160459151538,0.7096451774112944,0.37881059470264866,0.7915578652260151,0.5227837908288381,False,False
pathway|Signaling by FGFR2 IIIa TM,pathway,15,0,0.07540149073983661,0.26899636362407814,0.05385483318686326,0.11869577751842533,0.25487256371814093,0.06846576711644178,0.40972934585338905,0.16141134880913688,False,False
pathway|Signaling by FGFR2 in Disease,pathway,26,0,0.047234870392765124,0.17753208660820366,0.0469090959566749,0.10367705111092028,0.44627686156921537,0.12143928035982009,0.5982946631133177,0.24559823301591657,False,False
pathway|Signaling by FGFR3,pathway,26,0,0.027379778116620214,0.06697434220708136,0.0368621883379778,0.0793187652227918,0.6231884057971014,0.56071964017991,0.7316915312835385,0.6763151525282655,False,False
pathway|Signaling by FGFR4,pathway,26,0,0.027379778116620214,0.06697434220708136,0.03787344108523055,0.08235091947276868,0.638680659670165,0.5702148925537232,0.744828596369979,0.683008265186899,False,False
pathway|Signaling by FGFR4 in Disease,pathway,10,0,0.04009417483101693,0.19663040716768748,0.04584585782638413,0.1003494500147526,0.49025487256371814,0.19440279860069964,0.6305011580896858,0.33788670518297337,False,False
pathway|Signaling by FLT3 ITD and TKD Mutants,pathway,14,0,0.03426423200859291,0.09280683726452292,0.04334437254474848,0.09630095559013611,0.5462268865567217,0.4622688655672164,0.6693293471258471,0.5948775921828429,False,False
pathway|Signaling by FLT3 Fusion Proteins,pathway,15,1,0.005680434853367174,0.02181662719473235,0.04474803144224196,0.09861585738624327,0.863568215892054,0.8190904547726137,0.904047976011994,0.8742296374936889,False,False
pathway|Signaling by GSK3beta Mutants,pathway,14,0,0.12786236320070907,0.31143202634010725,0.046872108718349306,0.102431764048816,0.04147926036981509,0.030484757621189407,0.11801701888781636,0.08892814828540786,False,False
pathway|Signaling by Hedgehog,pathway,89,0,0.08798750171929033,0.22427067930098388,0.04100529121636387,0.08956323287271349,0.0004997501249375312,0.0004997501249375312,0.003264091224827838,0.003233585699362157,True,True
pathway|Signaling by KIT in Disease,pathway,18,0,0.02478924584187742,0.056900288969437926,0.03132635957094161,0.06666190806788419,0.5452273863068465,0.5122438780609695,0.6688938460480331,0.6367028933169561,False,False
pathway|Signaling by LTK,pathway,9,0,-0.041539454697349446,-0.1646674517746361,0.03932447976000606,0.08811250574852175,0.9575212393803099,0.9945027486256871,0.9658919932942708,0.9954613054918323,False,False
pathway|Signaling by LTK in Cancer,pathway,7,0,8.788204276923733e-05,-0.06965264768110895,0.03819858086775379,0.08128601042228019,0.672663668165917,0.8480759620189905,0.7659662493314746,0.8941389711235753,False,False
pathway|Signaling by Leptin,pathway,8,0,-0.011407577385020993,-0.005283281387048129,0.02905830241187383,0.0630225865996253,0.7256371814092953,0.6511744127936032,0.8042414225117964,0.7464068738257803,False,False
pathway|Signaling by Ligand-Responsive EGFR Variants in Cancer,pathway,17,0,0.027865787463310678,0.0825164501203309,0.045853969733826536,0.09867650115300639,0.664167916041979,0.5427286356821589,0.7621418572481715,0.6638677127867162,False,False
pathway|Signaling by MAPK Mutants,pathway,7,0,0.01728997819223381,0.038764763907695024,0.024787499593138685,0.05161261189460841,0.4912543728135932,0.46976511744127936,0.6306151621346311,0.6022852771145292,False,False
pathway|Signaling by MRAS-complex Mutants,pathway,5,0,0.16261790840738205,0.4108309754139811,0.052942406015037594,0.11278890106939767,0.14592703648175911,0.09195402298850575,0.28620439544156157,0.1989463601532567,False,False
pathway|Signaling by NOTCH,pathway,126,1,0.07348284130239015,0.17480607455731795,0.041407469131703706,0.09133861131602213,0.0029985007496251873,0.0009995002498750624,0.01518996599261345,0.005782624008330097,True,True
pathway|Signaling by NOTCH1,pathway,50,0,0.0597149831908156,0.11804856724654433,0.0392988673818126,0.08631819172578628,0.11494252873563218,0.1874062968515742,0.24466695223816665,0.33042689181724927,False,False
pathway|Signaling by NOTCH1 HD Domain Mutants in Cancer,pathway,10,0,0.037641072377914496,0.076947167288521,0.021629858737753468,0.04504741259909396,0.31284357821089454,0.3213393303348326,0.4729083784163231,0.4670551358330632,False,False
pathway|Signaling by NOTCH1 HD+PEST Domain Mutants in Cancer,pathway,41,0,0.04803152559891968,0.09682792927996045,0.040966417401597115,0.09029069803188335,0.3078460769615192,0.39980009995002497,0.4677368704089798,0.5409673013656039,False,False
pathway|Signaling by NOTCH1 PEST Domain Mutants in Cancer,pathway,41,0,0.04803152559891968,0.09682792927996045,0.04094410703866094,0.09027377720083882,0.328335832083958,0.4047976011994003,0.48572188264841937,0.5455967668339743,False,False
pathway|Signaling by NOTCH1 in Cancer,pathway,41,0,0.04803152559891968,0.09682792927996045,0.041178478318857,0.09085623095252394,0.32283858070964516,0.40429785107446276,0.48170670411920474,0.5455967668339743,False,False
pathway|Signaling by NOTCH4,pathway,58,0,0.13681981723819528,0.3474005997909256,0.04669167724210708,0.10238555547593561,0.0004997501249375312,0.0004997501249375312,0.003264091224827838,0.003233585699362157,True,True
pathway|Signaling by NTRK1 (TRKA),pathway,83,3,0.052605045325091096,0.12848410213532854,0.04181177728267988,0.09162703888098585,0.19490254872563717,0.1089455272363818,0.348375726078441,0.224706911688148,False,False
pathway|Signaling by NTRK2 (TRKB),pathway,19,0,0.01842045304649183,0.06299406529737268,0.03816471281872943,0.08317625137828143,0.7051474262868566,0.551224387806097,0.7878381949423352,0.66991986745071,False,False
pathway|Signaling by NTRK3 (TRKC),pathway,13,0,-0.014666035718667305,-0.041320774953474346,0.03829175736544157,0.08372365380902289,0.9180409795102449,0.9235382308845578,0.9379100415360446,0.9458525175282182,False,False
pathway|Signaling by NTRKs,pathway,94,3,0.05456923959615141,0.13126646276454282,0.041889777315003984,0.09200116647705289,0.14492753623188406,0.08195902048975512,0.2853217940792637,0.1838324898026149,False,False
pathway|Signaling by Non-Receptor Tyrosine Kinases,pathway,34,0,0.03794525204601197,0.09701331022079822,0.04152795582782916,0.09084790510494609,0.5247376311844077,0.3983008495752124,0.6561589765021161,0.5396417903246681,False,False
pathway|Signaling by PDGFR in Disease,pathway,16,0,0.0885942128047391,0.2216145202626266,0.04174192384370015,0.09277337032781961,0.10444777611194403,0.07546226886556721,0.22932138581871855,0.17337957127630874,False,False
pathway|Signaling by PDGFRA Extracellular Domain Mutants,pathway,11,0,0.014797738147020421,0.02577785216771053,0.03632722860871185,0.07874978193271209,0.6346826586706646,0.6516741629185407,0.7422499335917626,0.74656769794915,False,False
"pathway|Signaling by PDGFRA Transmembrane, Juxtamembrane and Kinase Domain Mutants",pathway,11,0,0.014797738147020421,0.02577785216771053,0.035194713229354364,0.0755240010960792,0.6351824087956022,0.6501749125437282,0.7424163551313819,0.7456727185827297,False,False
pathway|Signaling by PTK6,pathway,34,0,0.03794525204601197,0.09701331022079822,0.040600954927425506,0.0885265831705548,0.5022488755622189,0.3853073463268366,0.6380250241851552,0.5278913973092609,False,False
pathway|Signaling by RAF1 Mutants,pathway,28,2,0.0704034617568452,0.13404429056086772,0.04041203287801032,0.08731176873667994,0.11094452773613193,0.1774112943528236,0.23903712044392741,0.3173843741350686,False,False
pathway|Signaling by RAS Mutants,pathway,32,2,0.062228380702489344,0.12294067362777622,0.043531608300443184,0.09485467554339971,0.1874062968515742,0.272863568215892,0.33906174090655017,0.4194949157545579,False,False
pathway|Signaling by ROBO Receptors,pathway,148,2,0.11855167553341558,0.26033354445820994,0.040503791168238,0.08578746174021254,0.0004997501249375312,0.0004997501249375312,0.003264091224827838,0.003233585699362157,True,True
pathway|Signaling by SCF-KIT,pathway,32,0,0.03851784887438537,0.09223305314945318,0.036766667929905406,0.07875800729045883,0.4352823588205897,0.35782108945527236,0.5882117496879407,0.5042024442324292,False,False
pathway|Signaling by TGF-beta Receptor Complex,pathway,70,1,0.04307737157688122,0.08781834177916535,0.04282916028071307,0.0935754974415176,0.45977011494252873,0.544727636181909,0.606697921687187,0.6655290002057794,False,False
pathway|Signaling by TGF-beta Receptor Complex in Cancer,pathway,7,0,0.03232757217719622,0.045839108833518924,0.05686656251017152,0.12475737450940651,0.5902048975512244,0.6546726636681659,0.704301695306193,0.7483517459762139,False,False
pathway|Signaling by TGFB Family Members,pathway,105,1,0.04007275932087961,0.07691961847417329,0.038203174826426704,0.08396705654639694,0.3983008495752124,0.5912043978010995,0.5533584378379373,0.6976883717232293,False,False
pathway|Signaling by TGFBR3,pathway,32,0,0.06755327651974512,0.11302823959252191,0.04687178204859656,0.10353090528768272,0.17191404297851073,0.3778110944527736,0.3243690654672664,0.521751092538837,False,False
pathway|Signaling by VEGF,pathway,77,0,0.05383709537934815,0.13107211460808535,0.046630151249620964,0.10243856544126981,0.26786606696651677,0.16391804097951024,0.4234077786068914,0.2996987421782067,False,False
pathway|Signaling by WNT,pathway,175,0,0.04421036020413773,0.1091965090894466,0.04191401909161618,0.09214840291257158,0.36681659170414793,0.18190904547726136,0.5239876622899005,0.32320366762726416,False,False
pathway|Signaling by WNT in Cancer,pathway,22,0,0.061345808440818675,0.1436226728329215,0.04803425579888326,0.10603150810757139,0.31334332833583206,0.28085957021489255,0.4733193403298351,0.42562513353665477,False,False
pathway|Signaling by Cytosolic FGFR1 Fusion Mutants,pathway,16,0,0.04920198222829802,0.1248770535653407,0.054898146502620176,0.12016055037835187,0.5102448775612194,0.42528735632183906,0.644634191420105,0.5651451305697119,False,False
pathway|Signaling by High-Kinase Activity BRAF Mutants,pathway,26,1,0.06956243756243755,0.13154024209754758,0.03905681129396918,0.0838510600055912,0.11394302848575712,0.18440779610194902,0.2437277756590294,0.32652599531436327,False,False
pathway|Signaling by Moderate Kinase Activity BRAF Mutants,pathway,32,2,0.062228380702489344,0.12294067362777622,0.04331266853901616,0.09468925305359385,0.17791104447776113,0.2703648175912044,0.32875555105009774,0.4168876957215527,False,False
"pathway|Signaling by Phosphorylated Juxtamembrane, Extracellular and Kinase Domain KIT Mutants",pathway,18,0,0.02478924584187742,0.056900288969437926,0.031039520816300997,0.06582843370433308,0.5322338830584707,0.49375312343828087,0.6615498354951788,0.6215304468977633,False,False
pathway|Signaling Downstream of RAS Mutants,pathway,32,2,0.062228380702489344,0.12294067362777622,0.04336783233744184,0.09408589117843286,0.18240879560219891,0.2518740629685157,0.3338000603222618,0.39632002180727816,False,False
pathway|Signalling to ERKs,pathway,27,0,0.06513389144968092,0.17526593567786325,0.04785436843857896,0.10617569040056708,0.23088455772113944,0.13493253373313344,0.383853999517813,0.26564442897034896,False,False
pathway|Signalling to RAS,pathway,15,0,0.02479184975425578,0.07937346530495637,0.03994146697913614,0.08815544980177514,0.6011994002998501,0.4802598700649675,0.7131302994990226,0.6115878296290236,False,False
pathway|Small Interfering RNA (siRNA) Biogenesis,pathway,8,0,0.07942095498486472,0.18735725103678572,0.05818021555512156,0.13037474849890532,0.34332833583208394,0.32233883058470764,0.5021781362839707,0.46785307555865674,False,False
pathway|Somitogenesis,pathway,36,0,0.1985776128633271,0.546448143959582,0.05161661144202496,0.11419336500572197,0.0004997501249375312,0.0004997501249375312,0.003264091224827838,0.003233585699362157,True,True
pathway|Sphingolipid De Novo Biosynthesis,pathway,25,0,0.05075324675324674,0.10837499590988531,0.044688125768967864,0.09959800475779695,0.3798100949525237,0.40679660169915044,0.5355278293056862,0.5472257394618754,False,False
pathway|Sphingolipid Metabolism,pathway,65,0,0.09173369393764128,0.19130209522816888,0.04004532206280561,0.08849862423229911,0.004997501249375313,0.011494252873563218,0.022964181626001157,0.04372447475895752,True,True
pathway|Spry Regulation of FGF Signaling,pathway,14,0,0.10674513456468343,0.23274692637010216,0.043002199680019226,0.09116770590793173,0.06646676661669165,0.06096951524237881,0.16693044046296077,0.14898080371578917,False,False
pathway|Stabilization of P53,pathway,40,0,0.17579219026587448,0.47653716798685875,0.05038216555374449,0.11093737883555062,0.0004997501249375312,0.0004997501249375312,0.003264091224827838,0.003233585699362157,True,True
pathway|Switching of Origins to a Post-Replicative State,pathway,61,1,0.15182229045041812,0.3962508182837238,0.050949833787150435,0.11257206412461544,0.0004997501249375312,0.0004997501249375312,0.003264091224827838,0.003233585699362157,True,True
"pathway|Synthesis And Processing Of GAG, GAGPOL Polyproteins",pathway,14,0,0.08448093260123334,0.19765926511320536,0.032137363764055495,0.07072117335444698,0.08845577211394302,0.09245377311344327,0.20504758781323623,0.19981944511615157,False,False
pathway|Synthesis of DNA,pathway,79,2,0.14932937371311789,0.39037257236372386,0.04299509990342768,0.09513572143096195,0.0004997501249375312,0.0004997501249375312,0.003264091224827838,0.003233585699362157,True,True
pathway|Synthesis of Dolichyl-phosphate,pathway,6,0,0.22773752563226246,0.5981615845981896,0.018156570972886747,0.04000142047358855,0.01999000499750125,0.015492253873063468,0.06817609257768488,0.054262076381707956,False,False
pathway|Synthesis of GDP-mannose,pathway,5,0,0.09831852358168147,0.20645462862984995,0.049242204374572794,0.11085977697414057,0.2928535732133933,0.30834582708645675,0.45156412142852104,0.45420871124721324,False,False
"pathway|Synthesis of IP2, IP, and Ins in the Cytosol",pathway,11,0,0.04555396756353693,0.11100775932189758,0.024088019635866514,0.051581950176315075,0.28085957021489255,0.25687156421789104,0.4372903503270853,0.40144637989507875,False,False
pathway|Synthesis of IP3 and IP4 in the Cytosol,pathway,17,0,0.029624864299786908,0.07761987911267501,0.02864674344618229,0.06139246361918086,0.4272863568215892,0.35282358820589704,0.5804275756170313,0.49987352844723615,False,False
pathway|Synthesis of PG,pathway,8,0,0.06970266575529734,0.18793165729248074,0.022661661458841898,0.04610161163587923,0.20439780109945027,0.1619190404797601,0.357051499481546,0.29708997091560224,False,False
pathway|Synthesis of PI,pathway,3,0,0.0782638414217361,0.1384425014985681,0.01885975165185691,0.037736721177306816,0.335832083958021,0.36281859070464767,0.4929492850747771,0.5067748573594844,False,False
pathway|Synthesis of PIPs at the ER Membrane,pathway,5,0,0.1454272043745728,0.31637048607445484,0.05237585099111415,0.11435094874821243,0.1744127936031984,0.18140929535232383,0.3260624413265914,0.32286812891754635,False,False
pathway|Synthesis of PIPs at the Golgi Membrane,pathway,14,1,0.10816927433468786,0.29813823618995466,0.03671294344752991,0.08071719215043015,0.050974512743628186,0.01899050474762619,0.1389423398536952,0.0634136308051762,False,False
pathway|Synthesis of PIPs at the Early Endosome Membrane,pathway,14,1,0.20558839656584016,0.43733299863272995,0.06396912824018086,0.14250878601416325,0.004497751124437781,0.00849575212393803,0.02108765030577262,0.034531657850135594,True,True
pathway|Synthesis of PIPs at the Late Endosome Membrane,pathway,9,1,0.366089466089466,0.8903742545560829,0.07852770562770561,0.17443376425121498,0.0014992503748125937,0.0009995002498750624,0.008461801707841731,0.005782624008330097,True,True
pathway|Synthesis of PIPs at the Plasma Membrane,pathway,42,1,0.049919064369825406,0.09361544307375133,0.03888776510487495,0.08562123276760769,0.25037481259370314,0.3818090954522739,0.4050066088451102,0.5244824677608286,False,False
pathway|Synthesis of UDP-N-acetyl-glucosamine,pathway,6,0,0.0954112554112554,0.17760845257412897,0.013704233310549086,0.028141091334613715,0.1519240379810095,0.1984007996001999,0.2951788838976209,0.3428273384106616,False,False
pathway|Synthesis of Active Ubiquitin Roles of E1 and E2 Enzymes,pathway,26,0,0.10592565329407434,0.19385715775613768,0.05119602839265997,0.11193205663325821,0.03248375812093953,0.08745627186406797,0.10054957618061312,0.1914085107077652,False,False
pathway|Synthesis of diphthamide-EEF2,pathway,6,0,0.22539530644793798,0.44457565860309894,0.01861808840282523,0.045267032180847065,0.01649175412293853,0.035982008995502246,0.05875364204690109,0.10058496996454665,False,False
pathway|Synthesis of Glycosylphosphatidylinositol (GPI),pathway,12,0,0.18051223099069988,0.4621583139100288,0.03501429296381449,0.07958255272038399,0.0079960019990005,0.00849575212393803,0.034032164245745976,0.034531657850135594,True,True
pathway|Synthesis of Pyrophosphates in the Cytosol,pathway,6,0,0.06977899293688766,0.18642537211303534,0.029374274322169044,0.06673491883766482,0.2768615692153923,0.23588205897051473,0.4326873433110382,0.380888299062261,False,False
pathway|Synthesis of Substrates in N-glycan Biosythesis,pathway,43,0,0.10877889377627092,0.2515689240977066,0.03275033146896234,0.07337510095336705,0.0004997501249375312,0.001999000499750125,0.003264091224827838,0.010431969944675903,True,True
pathway|Synthesis of Wybutosine at G37 of tRNA(Phe),pathway,5,0,0.24074504442925485,0.46727541408161777,0.014829084073820912,0.0363240292366344,0.0239880059970015,0.04597701149425287,0.07797040446912694,0.12087880110577622,False,False
pathway|TAK1-dependent IKK and NF-kappa-B Activation,pathway,36,1,0.02829649882281461,0.06107526980854881,0.032296292245765926,0.07034828871701314,0.5352323838080959,0.5412293853073463,0.6628966375488463,0.6624239441858328,False,False
pathway|TBC RABGAPs,pathway,37,0,0.12164071111439533,0.30596656303093306,0.04787687862161546,0.10536065359973974,0.0034982508745627187,0.0029985007496251873,0.01729968349158754,0.014585213248176847,True,True
pathway|TCR Signaling,pathway,95,1,0.06016295957240143,0.1377752653757974,0.049664997477915494,0.10806534313888586,0.1724137931034483,0.12193903048475763,0.3243690654672664,0.24636903338214164,False,False
pathway|TFAP2 (AP-2) Family Regulates Transcription of Cell Cycle Factors,pathway,3,0,-0.1561631351105036,-0.6883103730774153,0.03356142629300524,0.06901265482585359,0.8755622188905547,0.984007996001999,0.9115502399176352,0.9868588158841872,False,False
pathway|TFAP2A Acts as a Transcriptional Repressor During Retinoic Acid Induced Cell Differentiation,pathway,3,0,0.17994987468671667,0.3097146287922463,0.043898336750968325,0.10207764259226229,0.20439780109945027,0.2623688155922039,0.357051499481546,0.40819477901498685,False,False
pathway|TGF-beta Receptor Signaling Activates SMADs,pathway,35,0,0.040433896046456856,0.07527909801327448,0.036638606006996095,0.07936571946528191,0.391304347826087,0.4987506246876562,0.5458288317224866,0.6247919466081193,False,False
pathway|TGF-beta Receptor Signaling in EMT (Epithelial to Mesenchymal Transition),pathway,12,0,0.026006131030054464,0.05543439056899994,0.04243953323391122,0.08838704673869527,0.6066966516741629,0.5902048975512244,0.7167855207777226,0.6969048164945384,False,False
pathway|TGFBR1 KD Mutants in Cancer,pathway,5,0,-0.028236500341763504,-0.050529386212762484,0.061223496240601506,0.13871157591668345,0.8185907046476761,0.7956021989005497,0.8745951098524811,0.8561998793349439,False,False
pathway|TGFBR3 PTM Regulation,pathway,8,0,0.2897593008495264,0.49326461579621317,0.04610714407772678,0.10157792381800301,0.001999000499750125,0.014492753623188406,0.010868911094191124,0.0514554688467732,True,False
pathway|TGFBR3 Expression,pathway,18,0,0.08176233810908733,0.176887765184232,0.06659303472585205,0.14850789661036595,0.2988505747126437,0.32733633183408295,0.45741536011655193,0.4727938534209946,False,False
pathway|TGFBR3 Regulates TGF-beta Signaling,pathway,7,0,0.06694007746639329,0.1146272231491945,0.03140795657976109,0.06514350960242897,0.26036981509245377,0.3248375812093953,0.415351847885581,0.4698382006768204,False,False
"pathway|TICAM1, RIP1-mediated IKK Complex Recruitment",pathway,17,0,0.03394264404326324,0.03995076345883312,0.043675457862570856,0.0937347760427612,0.5807096451774113,0.7731134432783608,0.6969814746206573,0.8402703410199663,False,False
"pathway|TICAM1,TRAF6-dependent Induction of TAK1 Complex",pathway,9,0,0.10311004784688994,0.19361639711953416,0.04388861832611832,0.09286345878022323,0.14642678660669664,0.1934032983508246,0.2869136186623669,0.3372784640425379,False,False
pathway|TICAM1-dependent Activation of IRF3 IRF7,pathway,12,0,0.03185753640299094,0.06794230659431999,0.04044877120487168,0.08821189529512523,0.5167416291854073,0.5212393803098451,0.6492875764174779,0.6451812830176091,False,False
pathway|TLR3-mediated TICAM1-dependent Programmed Cell Death,pathway,5,0,0.021196172248803834,0.09775866172780719,0.043206114149008885,0.09755474384689455,0.5297351324337831,0.43928035982008995,0.6592329958447978,0.5763646919433524,False,False
pathway|TNF Receptor Superfamily (TNFSF) Members Mediating Non-Canonical NF-kB Pathway,pathway,13,0,-0.010760292339239716,-0.03116604065380209,0.023748026973026966,0.05239698943251811,0.7941029485257372,0.8075962018990505,0.8554729378049565,0.8646274800743958,False,False
pathway|TNF Signaling,pathway,52,1,0.03436547972151687,0.07468478757833555,0.03777209145343819,0.08258479783277745,0.5487256371814093,0.545727136431784,0.6712032676241385,0.6663581789352236,False,False
pathway|TNFR1-induced NF-kappa-B Signaling Pathway,pathway,28,1,0.024789788323622924,0.04908424430791038,0.03589174586900151,0.0781535329108587,0.6456771614192903,0.6731634182908546,0.7487836204734036,0.7636048169252349,False,False
pathway|TNFR1-induced Proapoptotic Signaling,pathway,22,1,0.019406248797909764,0.03767411012221734,0.03895948238364506,0.08526560132763764,0.7221389305347327,0.7321339330334833,0.8020762346099678,0.8114419311155522,False,False
pathway|TNFR1-mediated Ceramide Production,pathway,6,0,0.055557074504442916,0.10105867145567474,0.01619939621781725,0.031002108584872307,0.26686656671664166,0.2913543228385807,0.4227931800690044,0.43629627147493305,False,False
pathway|TNFR2 Non-Canonical NF-kB Pathway,pathway,71,0,0.05790342877497385,0.15452812441493535,0.03270165105465327,0.07131516653239348,0.034482758620689655,0.008995502248875561,0.10394875131374805,0.03593011186714335,False,True
pathway|TP53 Regulates Metabolic Genes,pathway,67,0,0.06054466374397818,0.13068380685370576,0.04629424792399154,0.10162812962138594,0.15742128935532235,0.18490754622688654,0.3016273228699304,0.326853594479356,False,False
pathway|TP53 Regulates Transcription of Caspase Activators and Caspases,pathway,7,1,0.13234384662956092,0.34131199351396513,0.02656478859486378,0.05649486032232461,0.08445777111444278,0.05897051474262868,0.1993395347780655,0.14529271544536154,False,False
pathway|TP53 Regulates Transcription of Cell Cycle Genes,pathway,29,2,0.06476519332365842,0.1427825724818483,0.04683361925862573,0.10319944062591613,0.2288855572213893,0.2283858070964518,0.38215056458908814,0.37528269093301453,False,False
pathway|TP53 Regulates Transcription of Cell Death Genes,pathway,28,2,0.04552181319098614,0.0998406769477125,0.03882660990499336,0.08645565477651153,0.3568215892053973,0.37031484257871067,0.5164588437488573,0.5137901990888324,False,False
pathway|TP53 Regulates Transcription of DNA Repair Genes,pathway,47,1,0.0828568140559961,0.20331361544819349,0.04845284096836996,0.10728759616992903,0.05147426286856572,0.03298350824587706,0.13993723033771072,0.09384485839272146,False,False
pathway|TP53 Regulates Transcription of Death Receptors and Ligands,pathway,8,0,0.13830924714383358,0.27266724049795055,0.0642619824724148,0.14086779963364687,0.14942528735632185,0.19440279860069964,0.29168827240515083,0.33788670518297337,False,False
pathway|TP53 Regulates Transcription of Genes Involved in Cytochrome C Release,pathway,12,1,-0.010379253919923764,-0.023157871159089127,0.041260170571055736,0.08918421771473337,0.895552223888056,0.8780609695152424,0.9240248231572242,0.9155284305638346,False,False
pathway|TP53 Regulates Transcription of Genes Involved in G2 Cell Cycle Arrest,pathway,12,0,0.09641562584146314,0.23087354271689742,0.060842088174982906,0.13664576136821965,0.20689655172413793,0.191904047976012,0.3590009506524933,0.3355090131701826,False,False
pathway|TP53 Regulates Transcription of Additional Cell Cycle Genes With Uncertain Roles in the P53 Pathway,pathway,14,2,0.09060338158082518,0.15427383186657975,0.04413255391225316,0.0959561796020115,0.11794102948525736,0.22538730634682658,0.24869392714810107,0.37182639815914126,False,False
pathway|TP53 Regulates Transcription of Cell Death Genes With Uncertain Role in P53-Dependent Apoptosis,pathway,9,0,0.06945773524720893,0.14884548396954736,0.046072676008202314,0.10226920486269554,0.3188405797101449,0.3233383308345827,0.4788372263615119,0.4683219756927673,False,False
pathway|TRAF3-dependent IRF Activation Pathway,pathway,13,0,0.11436984068563016,0.282311500700132,0.04481016089173983,0.1008571006723232,0.07246376811594203,0.05897051474262868,0.17874969878481187,0.14529271544536154,False,False
pathway|TRAF6 Mediated IRF7 Activation in TLR7 8 or 9 Signaling,pathway,13,0,0.027068545489598115,0.05270457823981285,0.03602644197907355,0.07595350000365422,0.5422288855572214,0.5552223888055972,0.6675811471857432,0.6732359344803124,False,False
pathway|TRAF6 Mediated NF-kB Activation,pathway,18,1,0.07693878189234227,0.16933233194846012,0.041482892391406324,0.0916151948690844,0.136431784107946,0.15442278860569716,0.27325825997319564,0.28714067317281383,False,False
pathway|TRAF6 Mediated Induction of NFkB and MAP Kinases Upon TLR7 8 or 9 Activation,pathway,86,2,0.04538086292712253,0.10349850429523719,0.03880534860344493,0.08513560608176104,0.2813593203398301,0.2433783108445777,0.4374126559474753,0.3879483895811112,False,False
pathway|TRAF6-mediated Induction of TAK1 Complex Within TLR4 Complex,pathway,14,0,0.057214965485642186,0.11914716129938133,0.03167030751203683,0.06678776828138827,0.21639180409795103,0.2223888055972014,0.3693063082263306,0.368930949860533,False,False
pathway|TRAIL Signaling,pathway,8,0,0.12229518601699049,0.3096834604950791,0.04643024973147153,0.10406624614959277,0.11544227886056972,0.09645177411294353,0.24466695223816665,0.20652611838410692,False,False
pathway|TRIF (TICAM1)-mediated TLR4 Signaling,pathway,95,2,0.04425339027095376,0.10314083807942474,0.04073495615247014,0.08957305270588549,0.3638180909545227,0.2958520739630185,0.5218539006358889,0.4411233005177239,False,False
pathway|TRIF-mediated Programmed Cell Death,pathway,8,0,0.03768674934088466,0.10232861607309081,0.03936786812811248,0.08789962617571671,0.4732633683158421,0.40379810094952523,0.619778068090797,0.5455967668339743,False,False
pathway|TYSND1 Cleaves Peroxisomal Proteins,pathway,6,0,0.2265527455001139,0.29812592131020765,0.057367331966279314,0.12831434681251708,0.04847576211894053,0.20239880059970014,0.13335650055766818,0.347419859732129,False,False
pathway|Tat-mediated HIV Elongation Arrest and Recovery,pathway,26,0,0.10443093748356905,0.30843768993340565,0.05883152805089647,0.13173249675967885,0.06046976511744128,0.010494752623688156,0.15582593318725252,0.04051598735948011,False,True
pathway|Tat-mediated Elongation of the HIV-1 Transcript,pathway,35,0,0.08513794034360156,0.23671177906832397,0.05341566695577753,0.11901290108443624,0.09345327336331834,0.02948525737131434,0.21400490493452282,0.08736216770359471,False,False
pathway|Telomere C-strand (Lagging Strand) Synthesis,pathway,27,0,0.15246936299567876,0.392724265364595,0.029445763495763486,0.06713479210726775,0.0004997501249375312,0.0009995002498750624,0.003264091224827838,0.005782624008330097,True,True
pathway|Telomere C-strand Synthesis Initiation,pathway,10,0,0.17750588592693847,0.5250541232740814,0.03877137161084528,0.08738718111051784,0.021989005497251374,0.008995502248875561,0.07284077259615807,0.03593011186714335,False,True
pathway|Telomere Extension By Telomerase,pathway,17,1,0.09435637891520242,0.27481962671049376,0.03233176993285352,0.07181793108838097,0.05647176411794103,0.017991004497751123,0.14922627744651848,0.06125789564234276,False,False
pathway|Termination of Translesion DNA Synthesis,pathway,24,2,0.07683314016265959,0.20030916392623968,0.03386847516518569,0.07517261722886096,0.0734632683658171,0.0399800099950025,0.18078579193815417,0.1092611588942371,False,False
"pathway|Tetrahydrobiopterin (BH4) Synthesis, Recycling, Salvage and Regulation",pathway,7,0,0.03215506298213066,0.048269093812629074,0.023409195065586037,0.05070914029799746,0.3873063468265867,0.44627686156921537,0.5417072608476906,0.5815037901375536,False,False
pathway|The NLRP3 Inflammasome,pathway,16,0,0.13053884711779445,0.2642168136508959,0.050492451013898376,0.11205903719903776,0.028985507246376812,0.05847076461769116,0.09149376679441434,0.14440401677876877,False,False
pathway|The Role of GTSE1 in G2 M Progression After G2 Checkpoint,pathway,48,0,0.16043493647077073,0.448215722102907,0.045818379422928684,0.10059883713362669,0.0004997501249375312,0.0004997501249375312,0.003264091224827838,0.003233585699362157,True,True
pathway|The Role of Nef in HIV-1 Replication and Disease Pathogenesis,pathway,24,0,0.06887946149959878,0.13764863458317456,0.0464648497478875,0.10116276732536007,0.1889055472263868,0.24737631184407796,0.34058751874062965,0.39191502646845916,False,False
pathway|Tie2 Signaling,pathway,12,0,0.020047018372377216,0.03921612395639889,0.04444337185940056,0.09861570109360332,0.670664667666167,0.6756621689155422,0.7656676601326121,0.7647685693937771,False,False
pathway|Toll Like Receptor 10 (TLR10) Cascade,pathway,81,2,0.04467929081964168,0.10188806003133667,0.04001564080656185,0.08773693480582716,0.328335832083958,0.296351824087956,0.48572188264841937,0.44123493808651226,False,False
pathway|Toll Like Receptor 2 (TLR2) Cascade,pathway,94,2,0.06021384965502291,0.13468013246107552,0.03806539424464324,0.08281533210062966,0.034482758620689655,0.033483258370814596,0.10394875131374805,0.0950064585193742,False,False
pathway|Toll Like Receptor 3 (TLR3) Cascade,pathway,91,2,0.0422539198479048,0.09936016371939765,0.040107038658918355,0.08797990492607044,0.4062968515742129,0.32033983008495753,0.560716651640957,0.4665819264280903,False,False
pathway|Toll Like Receptor 4 (TLR4) Cascade,pathway,121,2,0.05536613886331153,0.12442537735045638,0.038986549629144225,0.08529079481416674,0.07196401799100449,0.0544727636181909,0.17772802065079232,0.13697328091402242,False,False
pathway|Toll Like Receptor 5 (TLR5) Cascade,pathway,81,2,0.04467929081964168,0.10188806003133667,0.039494197087837433,0.08648799475814184,0.30934532733633185,0.26936531734132935,0.4689855802025995,0.41658359204612144,False,False
pathway|Toll Like Receptor 7 8 (TLR7 8) Cascade,pathway,90,2,0.049320884779193455,0.11117905927104708,0.03890349749074764,0.08521387709539083,0.19590204897551225,0.1774112943528236,0.34956061488156265,0.3173843741350686,False,False
pathway|Toll Like Receptor 9 (TLR9) Cascade,pathway,92,3,0.047107371216557205,0.11061767935450038,0.03739986863414454,0.08180982890048732,0.18490754622688654,0.13943028485757122,0.3371843490019696,0.26964311140519126,False,False
pathway|Toll Like Receptor TLR1 TLR2 Cascade,pathway,94,2,0.06021384965502291,0.13468013246107552,0.03813967039174025,0.08319442630138343,0.03548225887056472,0.03298350824587706,0.10588599378471684,0.09384485839272146,False,False
pathway|Toll Like Receptor TLR6 TLR2 Cascade,pathway,94,2,0.06021384965502291,0.13468013246107552,0.03827360376201,0.08343160265969853,0.034482758620689655,0.030484757621189407,0.10394875131374805,0.08892814828540786,False,False
pathway|Toll-like Receptor Cascades,pathway,138,3,0.06287872822473363,0.14253574310598674,0.038367528855750635,0.08392549204485954,0.006496751624187906,0.0069965017491254375,0.028832805819312562,0.030148826001936795,True,True
pathway|Trafficking and Processing of Endosomal TLR,pathway,10,0,0.15533834586466166,0.3378439855229516,0.03856682311840205,0.08468492303082217,0.025487256371814093,0.03398300849575212,0.08181921404058404,0.09616172840010512,False,False
pathway|Transcription of E2F Targets Under Negative Control by DREAM Complex,pathway,14,0,0.16693607144734968,0.3116932119660248,0.042037875658176405,0.09384761486941931,0.01199400299850075,0.02448775612193903,0.04604721668740491,0.07636797217007112,True,False
pathway|Transcription of E2F Targets Under Neg Control by P107 (RBL1) and P130 (RBL2) in Complex With HDAC1,pathway,11,0,0.15952774498229044,0.30529548131060474,0.04112402783819051,0.09143046169018831,0.01899050474762619,0.04047976011994003,0.0655203959482053,0.11048155291605183,False,False
pathway|Transcription of the HIV Genome,pathway,56,0,0.09641041801670644,0.2532517071732166,0.0533872677117824,0.11761500757433825,0.015992003998001,0.0024987506246876563,0.05746607665025619,0.012475733287202553,False,True
pathway|Transcription-Coupled Nucleotide Excision Repair (TC-NER),pathway,64,1,0.11806169238030143,0.3060394950774215,0.03798188199123349,0.0839018548822908,0.0004997501249375312,0.0004997501249375312,0.003264091224827838,0.003233585699362157,True,True
pathway|Transcriptional Regulation by E2F6,pathway,25,0,0.1128478013214855,0.2753538570610831,0.0333718582820688,0.07264352134214543,0.005497251374312844,0.0034982508745627187,0.024821285009669077,0.01666483272125405,True,True
pathway|Transcriptional Regulation by MECP2,pathway,36,2,0.04746834619015069,0.08958177984576128,0.050304177923162885,0.11094485536842953,0.5142428785607196,0.6421789105447276,0.6475593214900726,0.7393600871404652,False,False
pathway|Transcriptional Regulation by NPAS4,pathway,24,0,0.030936531050947517,0.07771237563864634,0.05475568627596659,0.1212194977867113,0.7981009495252374,0.736631684157921,0.857999830312587,0.8155565074605554,False,False
pathway|Transcriptional Regulation by VENTX,pathway,32,0,0.061153341565056335,0.1510897370591707,0.05505619356768019,0.12199170172826099,0.3698150924537731,0.2863568215892054,0.5260805389654899,0.4316132934983887,False,False
pathway|Transcriptional Activation of Mitochondrial Biogenesis,pathway,45,1,0.0550317943619379,0.11685009518844912,0.04007762657332035,0.08827410153604386,0.2013993003498251,0.2368815592203898,0.3541967373637483,0.38139767325639506,False,False
pathway|Transcriptional Activity of SMAD2 SMAD3 SMAD4 Heterotrimer,pathway,42,1,0.0634141578209064,0.1304058547300301,0.049128819554429305,0.10803163813434202,0.20939530234882558,0.27636181909045476,0.3611864324672792,0.4218939686429712,False,False
pathway|Transcriptional Regulation by RUNX1,pathway,131,2,0.055744456427461626,0.140068447130363,0.04246732718868114,0.09387003651790168,0.09845077461269365,0.0399800099950025,0.2217811918335843,0.1092611588942371,False,False
pathway|Transcriptional Regulation by RUNX2,pathway,76,1,0.0939318631506997,0.255992662737297,0.03684950649350649,0.08039309001053795,0.0004997501249375312,0.0004997501249375312,0.003264091224827838,0.003233585699362157,True,True
pathway|Transcriptional Regulation by RUNX3,pathway,68,0,0.07371160561632348,0.21251345034528124,0.045274783134706426,0.09940300410606316,0.03398300849575212,0.0014992503748125937,0.10349370769160873,0.008194586917067781,False,True
pathway|Transcriptional Regulation of Brown and Beige Adipocyte Differentiation,pathway,19,0,0.058019050816834755,0.1270846874940773,0.03394800877792567,0.07356319451943705,0.19890054972513743,0.20589705147426288,0.3524718491817921,0.3502442063161703,False,False
pathway|Transcriptional Regulation of Brown and Beige Adipocyte Differentiation by EBF2,pathway,19,0,0.058019050816834755,0.1270846874940773,0.03218525360450568,0.06982189629033704,0.17491254372813594,0.1794102948525737,0.32640912248278375,0.32013331822061475,False,False
pathway|Transcriptional Regulation of White Adipocyte Differentiation,pathway,62,1,0.06754501030712447,0.14845235601058912,0.0426338138384758,0.09479684220481434,0.07146426786606697,0.08345827086456771,0.17670390994978702,0.18579081306077935,False,False
pathway|Transferrin Endocytosis and Recycling,pathway,19,0,0.1918972071326642,0.3699831488971562,0.048313261023371815,0.10690779155745923,0.0009995002498750624,0.001999000499750125,0.00584778033518452,0.010431969944675903,True,True
pathway|Translation Initiation Complex Formation,pathway,49,0,0.228551899228591,0.4543704088951668,0.04588366492530025,0.09339072699305094,0.0004997501249375312,0.0004997501249375312,0.003264091224827838,0.003233585699362157,True,True
pathway|Translation of Replicase and Assembly of the Replication Transcription Complex 9694676,pathway,10,1,0.06434115592010325,0.15008237770726904,0.056860788334472535,0.12634398046311313,0.4007996001999001,0.384807596201899,0.5553440757939909,0.5278913973092609,False,False
pathway|Translation of Structural Proteins 9683701,pathway,27,0,0.05847427426374794,0.12383744500833856,0.041676794550478756,0.09074624996014576,0.22038980509745126,0.24887556221889057,0.3730640792073401,0.393689674583881,False,False
pathway|Translation of Structural Proteins 9694635,pathway,51,0,0.07526264860010988,0.18997699840140253,0.04517330856553147,0.09897133186599685,0.049475262368815595,0.01699150424787606,0.13592608457675925,0.058429394574236064,False,False
pathway|Translesion Synthesis by POLH,pathway,17,1,0.11877538096578343,0.3069597053579872,0.03187499371758272,0.07001015849340475,0.015492253873063468,0.00849575212393803,0.05605820782988297,0.034531657850135594,False,True
pathway|Translesion Synthesis by POLI,pathway,16,0,0.10572055137844615,0.26166161517723074,0.030179366598313963,0.06680220342803037,0.03298350824587706,0.020989505247376312,0.1017930856265775,0.0684383083183683,False,False
pathway|Translesion Synthesis by POLK,pathway,16,0,0.10228867623604462,0.26144752350191536,0.027506233766233762,0.06133463583824857,0.03248375812093953,0.018490754622688656,0.10054957618061312,0.062144494095994075,False,False
pathway|Translesion Synthesis by REV1,pathway,15,0,0.10587898317221628,0.2758717527332912,0.029120770432574935,0.0655116643410965,0.04047976011994003,0.022488755622188907,0.11612770962585005,0.0718602237342867,False,False
pathway|Translesion Synthesis by Y Family DNA Polymerases Bypasses Lesions on DNA Template,pathway,31,2,0.06944634313055364,0.17839869064246464,0.03859659397761265,0.08541552564437678,0.095952023988006,0.04997501249375312,0.21780585117277426,0.12894174030996924,False,False
pathway|Translocation of SLC2A4 (GLUT4) to the Plasma Membrane,pathway,55,0,0.08659214611367723,0.20259401996224624,0.04354874495697462,0.09517497962254447,0.009995002498750625,0.005997001499250375,0.04007648685309855,0.026278000240386137,True,True
pathway|Transport and Synthesis of PAPS,pathway,4,1,0.25271132376395533,0.4846793749504192,0.0222927090453406,0.04944958225103686,0.047976011994003,0.08245877061469266,0.1323322402543748,0.18415792103948025,False,False
pathway|Transport of Mature Transcript to Cytoplasm,pathway,71,1,0.1758157695317496,0.43432007514928156,0.049392096695002545,0.10931866481878193,0.0004997501249375312,0.0004997501249375312,0.003264091224827838,0.003233585699362157,True,True
pathway|Transport of Mature mRNA Derived From an Intronless Transcript,pathway,37,0,0.24926320715794398,0.6464240138281363,0.05150248148011305,0.11454623643152766,0.0004997501249375312,0.0004997501249375312,0.003264091224827838,0.003233585699362157,True,True
pathway|Transport of Mature mRNA Derived From an Intron-Containing Transcript,pathway,63,1,0.19167112026680302,0.4744504070101269,0.04808426620944204,0.10582712809359646,0.0004997501249375312,0.0004997501249375312,0.003264091224827838,0.003233585699362157,True,True
pathway|Transport of Mature mRNAs Derived From Intronless Transcripts,pathway,38,0,0.23096153677871128,0.600488675295362,0.051440194401690245,0.11409659740403004,0.0004997501249375312,0.0004997501249375312,0.003264091224827838,0.003233585699362157,True,True
pathway|Transport of RCbl Within the Body,pathway,5,0,-0.10326725905673277,-0.17688230320760762,0.031956913875598084,0.06981738592492187,0.9510244877561219,0.8740629685157422,0.9616737395664388,0.9141131850992933,False,False
pathway|Transport of Ribonucleoproteins Into the Host Nucleus,pathway,28,0,0.3176481969715052,0.8415128305492209,0.052114962008195084,0.11515316036342779,0.0004997501249375312,0.0004997501249375312,0.003264091224827838,0.003233585699362157,True,True
pathway|Transport of Nucleotide Sugars,pathway,8,0,0.259508348794063,0.5690619378000036,0.02678393955668391,0.06458553306080497,0.0029985007496251873,0.005997001499250375,0.01518996599261345,0.026278000240386137,True,True
pathway|Transport of the SLBP Dependant Mature mRNA,pathway,31,0,0.25790502649585845,0.6746867965662273,0.04975546204220227,0.11005472198107663,0.0004997501249375312,0.0004997501249375312,0.003264091224827838,0.003233585699362157,True,True
pathway|Transport of the SLBP Independent Mature mRNA,pathway,30,0,0.2828854267329767,0.7382834907178203,0.048298989637102156,0.10646764348275964,0.0004997501249375312,0.0004997501249375312,0.003264091224827838,0.003233585699362157,True,True
pathway|Transport to the Golgi and Subsequent Modification,pathway,136,2,0.08835034705003744,0.22551966423798253,0.047862005544908014,0.10579542892470963,0.0004997501249375312,0.0004997501249375312,0.003264091224827838,0.003233585699362157,True,True
"pathway|Tristetraprolin (TTP, ZFP36) Binds and Destabilizes mRNA",pathway,17,0,0.02445418358731052,0.023418556684226603,0.05785759996582364,0.13056975367055948,0.823088455772114,0.9165417291354323,0.877144547274849,0.941472389423488,False,False
pathway|Truncations of AMER1 Destabilize the Destruction Complex,pathway,13,0,0.13581506213085162,0.3435549449325296,0.04455617934696881,0.10051638050133599,0.03398300849575212,0.02048975512243878,0.10349370769160873,0.06712495487272137,False,False
pathway|Turbulent Flow Shear Stress Activates Signaling by PIEZO1 and Integrins in Endothelial Cells,pathway,25,1,0.07191729323308269,0.13268262060374444,0.04816992936887672,0.10499948942476531,0.1744127936031984,0.29035482258870565,0.3260624413265914,0.4354274126474669,False,False
pathway|UCH Proteinases,pathway,61,0,0.11828864261996269,0.3078397574024483,0.04559486603991349,0.1006106294939919,0.0009995002498750624,0.0004997501249375312,0.00584778033518452,0.003233585699362157,True,True
pathway|Ub-specific Processing Proteases,pathway,122,4,0.08951289371215353,0.21953855207126394,0.04380555507143046,0.09623558651930215,0.0004997501249375312,0.0004997501249375312,0.003264091224827838,0.003233585699362157,True,True
pathway|Ubiquinol Biosynthesis,pathway,8,0,0.19074309149497118,0.496830933284297,0.030682001269407275,0.0649783620195353,0.02348825587206397,0.012993503248375811,0.0765857259753169,0.047513215223374226,False,True
pathway|Ubiquitin Mediated Degradation of Phosphorylated Cdc25A,pathway,34,0,0.2501756335418029,0.6843043569282249,0.04757337351643571,0.10475211148729821,0.0004997501249375312,0.0004997501249375312,0.003264091224827838,0.003233585699362157,True,True
pathway|Ubiquitin-dependent Degradation of Cyclin D,pathway,36,0,0.24744534496414192,0.6838803150260224,0.04870067538977312,0.10736223547452663,0.0004997501249375312,0.0004997501249375312,0.003264091224827838,0.003233585699362157,True,True
pathway|Unfolded Protein Response (UPR),pathway,69,4,0.07692015437337824,0.1928331154906425,0.04391486758631057,0.09625852065798937,0.017991004497751123,0.005497251374312844,0.06290793996940923,0.024449231487040205,False,True
pathway|Uptake and Function of Anthrax Toxins,pathway,10,0,0.038266879319510866,0.08111118224185583,0.03590345484924432,0.07763043967353778,0.4237881059470265,0.42128935532233885,0.5771855056078519,0.5609089685926267,False,False
pathway|Uptake and Function of Diphtheria Toxin,pathway,6,0,0.13090909090909086,0.26656958489855864,0.0389111164274322,0.08424325249580403,0.12093953023488256,0.1409295352323838,0.2529621392727604,0.2712795594788333,False,False
pathway|VEGFA-VEGFR2 Pathway,pathway,75,0,0.05654859507491086,0.13807580721250642,0.046464903474903466,0.10182176080138355,0.2063968015992004,0.11594202898550725,0.35873318570840107,0.23678622832143417,False,False
pathway|VEGFR2 Mediated Cell Proliferation,pathway,17,0,0.010935426802299864,0.016219853236867678,0.039935939950142725,0.08745346368949407,0.7926036981509246,0.8000999500249875,0.8551885096412833,0.858371692253047,False,False
pathway|VEGFR2 Mediated Vascular Permeability,pathway,20,0,0.08555527574918154,0.19133236063351777,0.04871925945245889,0.10583776995530376,0.12243878060969515,0.11294352823588207,0.2543053473263368,0.23180208314814926,False,False
pathway|VLDLR Internalisation and Degradation,pathway,13,0,0.18526648789806685,0.42070325354590354,0.046967605639974055,0.1002277771589191,0.004997501249375313,0.004497751124437781,0.022964181626001157,0.020441639136667987,True,True
pathway|Vif-mediated Degradation of APOBEC3G,pathway,37,0,0.23200343200343196,0.6437296693906364,0.04837868806947754,0.10607469465641026,0.0004997501249375312,0.0004997501249375312,0.003264091224827838,0.003233585699362157,True,True
pathway|Viral Messenger RNA Synthesis,pathway,39,0,0.17482831111639974,0.48697489261134336,0.05155047344160917,0.11460556391512071,0.0004997501249375312,0.0004997501249375312,0.003264091224827838,0.003233585699362157,True,True
pathway|Viral mRNA Translation,pathway,68,1,0.3803828351307673,0.7479912118825985,0.04535380260652428,0.09170204233954116,0.0004997501249375312,0.0004997501249375312,0.003264091224827838,0.003233585699362157,True,True
pathway|Vitamin B5 (Pantothenate) Metabolism,pathway,14,0,0.005267664666160897,0.039659042207981034,0.041040919982273355,0.09230135510579501,0.7766116941529235,0.6361819090454772,0.8445143920186503,0.7344912868746282,False,False
pathway|Vitamin C (Ascorbate) Metabolism,pathway,6,0,0.01605832763727498,0.016115864654594483,0.05147104123946228,0.11554278046767393,0.6376811594202898,0.68015992003998,0.7440807686044618,0.7681849667879492,False,False
pathway|Vpr-mediated Nuclear Import of PICs,pathway,30,0,0.27727641988985,0.7293039114897497,0.053679585798351664,0.1184739503033731,0.0004997501249375312,0.0004997501249375312,0.003264091224827838,0.003233585699362157,True,True
pathway|Vpu Mediated Degradation of CD4,pathway,37,0,0.21694972484446173,0.5893429502297437,0.047888323747534274,0.10483062777708156,0.0004997501249375312,0.0004997501249375312,0.003264091224827838,0.003233585699362157,True,True
pathway|VxPx Cargo-Targeting to Cilium,pathway,17,0,0.06449730609947325,0.1690790221631031,0.03469207460496159,0.07646143205645296,0.1854072963518241,0.1344327836081959,0.33720749082551543,0.2651632398425669,False,False
pathway|WNT Mediated Activation of DVL,pathway,5,0,0.10819548872180448,0.4288160363118202,0.027608725222146278,0.059837918114455206,0.1854072963518241,0.06296851574212893,0.33720749082551543,0.15225332618905912,False,False
pathway|WNT5 FZD7-mediated Leishmania Damping,pathway,7,1,-0.026943983334960772,-0.0005557795373924872,0.03776178107606678,0.08610312543791755,0.8095952023988006,0.6496751624187906,0.8676621441601181,0.7456727185827297,False,False
"pathway|WNT5A-dependent Internalization of FZD2, FZD5 and ROR2",pathway,9,0,0.27337282600440493,0.5673326093348202,0.04519211190855927,0.09722030352449346,0.0024987506246876563,0.00399800099950025,0.013172347836234168,0.018494093710383113,True,True
pathway|WNT5A-dependent Internalization of FZD4,pathway,12,0,0.16319103543983926,0.3555883625428608,0.04861047142650013,0.10662667650335902,0.014992503748125937,0.01999000499750125,0.0547265910102945,0.06590355615842872,False,False
pathway|Wax and Plasmalogen Biosynthesis,pathway,5,0,0.46492139439507857,0.9288267985042907,0.05228536226930963,0.1170957585339236,0.0009995002498750624,0.005997001499250375,0.00584778033518452,0.026278000240386137,True,True
pathway|XBP1(S) Activates Chaperone Genes,pathway,37,0,0.13812695128484603,0.3341159372956867,0.03983709950552056,0.08737851687187326,0.0004997501249375312,0.0004997501249375312,0.003264091224827838,0.003233585699362157,True,True
pathway|Z-decay Degradation of Maternal mRNAs by Zygotically Expressed Factors,pathway,9,0,0.0870262778157515,0.19282371622599642,0.053687053808764325,0.11969648815142156,0.2493753123438281,0.25087456271864067,0.40496678947469195,0.3956465199442799,False,False
pathway|ZBP1(DAI) Mediated Induction of Type I IFNs,pathway,16,1,0.08536511733880155,0.19179758734729577,0.05367518284347231,0.11872244952503175,0.20089955022488756,0.20539730134932535,0.35391718898820307,0.34996734610545427,False,False
pathway|Zinc Influx Into Cells by the SLC39 Gene Family,pathway,7,0,0.050450802330501594,0.1708656964418982,0.03604007258405754,0.08172909743974308,0.3728135932033983,0.27636181909045476,0.5281949748181843,0.4218939686429712,False,False
pathway|Zinc Transporters,pathway,9,0,0.09746525404420142,0.28095538869855063,0.02888463488266119,0.06523434862431776,0.12843578210894552,0.07296351824087956,0.26333772896375107,0.16913529842221744,False,False
pathway|Activated TAK1 Mediates P38 MAPK Activation,pathway,20,0,0.037535705291937976,0.08510493012728036,0.03722687664136417,0.08142024767624154,0.45527236381809094,0.4292853573213393,0.6038318643998563,0.5682764099148642,False,False
pathway|Alpha-Linolenic (Omega3) and Linoleic (Omega6) Acid Metabolism,pathway,11,0,0.30189026284720066,0.5513322956981378,0.04292076182191013,0.09571095257745335,0.0004997501249375312,0.0034982508745627187,0.003264091224827838,0.01666483272125405,True,True
pathway|Alpha-Linolenic Acid (ALA) Metabolism,pathway,11,0,0.30189026284720066,0.5513322956981378,0.04548626110731373,0.10261381251901752,0.0009995002498750624,0.00399800099950025,0.00584778033518452,0.018494093710383113,True,True
pathway|eNOS Activation,pathway,8,0,0.16660970608339026,0.3949074244399248,0.046062753881456885,0.09764424286650265,0.04297851074462768,0.027486256871564217,0.12112125755304165,0.08249849063907352,False,False
pathway|mRNA 3'-End Processing,pathway,50,2,0.1602454559404076,0.3889952794440171,0.04681520953589911,0.10288031998196287,0.0004997501249375312,0.0004997501249375312,0.003264091224827838,0.003233585699362157,True,True
pathway|mRNA Capping,pathway,25,0,0.09926953748006381,0.2836400719966354,0.050548829915698326,0.11210448313498131,0.06346826586706647,0.01649175412293853,0.16135078115776874,0.05708895552223889,False,False
pathway|mRNA Splicing,pathway,182,8,0.10300756029580851,0.24909963542236846,0.04344452610489248,0.09583052452142851,0.0004997501249375312,0.0004997501249375312,0.003264091224827838,0.003233585699362157,True,True
pathway|mRNA Splicing - Major Pathway,pathway,172,8,0.10778111779206921,0.2606271333526412,0.04428065797073076,0.09769677793217008,0.0004997501249375312,0.0004997501249375312,0.003264091224827838,0.003233585699362157,True,True
pathway|mRNA Splicing - Minor Pathway,pathway,47,2,0.0806208397960674,0.20893128920903625,0.04589889450099051,0.10113795454007493,0.03398300849575212,0.0074962518740629685,0.10349370769160873,0.031774928862099566,False,True
pathway|mRNA Decay by 3' to 5' Exoribonuclease,pathway,13,0,0.060161768056504895,0.07248395798207764,0.05717055269292111,0.12679898101523393,0.42528735632183906,0.6461769115442278,0.578847863093355,0.7427279719299177,False,False
pathway|mRNA Decay by 5' to 3' Exoribonuclease,pathway,14,0,0.0561483629152802,0.17714746572147214,0.042231406187797166,0.09445919633875867,0.33183408295852074,0.1794102948525737,0.4905476087578986,0.32013331822061475,False,False
pathway|mTORC1-mediated Signalling,pathway,23,0,0.048719805262347385,0.11359605647582995,0.035482022699580416,0.07767733237326913,0.2943528235882059,0.26436781609195403,0.4535391799649137,0.4103826263251036,False,False
pathway|Mitochondrial Fatty Acid Beta-Oxidation of Saturated Fatty Acids,pathway,6,1,0.13785372522214623,0.4013277891784857,0.021386454773296863,0.0451679727589496,0.08195902048975512,0.04447776111944028,0.19589054724651483,0.11768192336952543,False,False
pathway|Mitochondrial Fatty Acid Beta-Oxidation of Unsaturated Fatty Acids,pathway,5,0,0.30235816814764177,0.7540351305902899,0.05519274777853725,0.12039795651214073,0.01649175412293853,0.010994502748625687,0.05875364204690109,0.04197717317811682,False,True
pathway|p130Cas Linkage to MAPK Signaling for Integrins,pathway,8,1,0.19387755102040818,0.3139578378219869,0.0342505358363441,0.07453383556577306,0.01649175412293853,0.06646676661669165,0.05875364204690109,0.15813456387499264,False,False
pathway|p38MAPK Events,pathway,11,0,0.00681787112409121,0.02473507646489262,0.04285881625551481,0.09588852654258852,0.7406296851574213,0.6881559220389805,0.8166184812103232,0.7746882656232859,False,False
pathway|p53-Dependent G1 DNA Damage Response,pathway,44,0,0.15791128310879063,0.4304415505226467,0.048656955645889656,0.10698953875214308,0.0004997501249375312,0.0004997501249375312,0.003264091224827838,0.003233585699362157,True,True
pathway|p53-Dependent G1 S DNA Damage Checkpoint,pathway,44,0,0.15791128310879063,0.4304415505226467,0.04844481531042675,0.10678234285002462,0.0004997501249375312,0.0004997501249375312,0.003264091224827838,0.003233585699362157,True,True
pathway|p53-Independent DNA Damage Response,pathway,34,0,0.2501756335418029,0.6843043569282249,0.04850580504494098,0.10629063082412055,0.0004997501249375312,0.0004997501249375312,0.003264091224827838,0.003233585699362157,True,True
pathway|p53-Independent G1 S DNA Damage Checkpoint,pathway,34,0,0.2501756335418029,0.6843043569282249,0.04891409795758233,0.10759833318070681,0.0004997501249375312,0.0004997501249375312,0.003264091224827838,0.003233585699362157,True,True
pathway|P75 NTR Receptor-Mediated Signalling,pathway,65,2,0.038645137756979864,0.08137424976227232,0.03688895847573479,0.08016954424975722,0.41829085457271364,0.46026986506746626,0.5719487195177921,0.5934081376443994,False,False
pathway|p75NTR Negatively Regulates Cell Cycle via SC1,pathway,5,0,-0.038653451811346565,-0.05238707396200937,0.0282016985645933,0.061495214347322844,0.744127936031984,0.670664667666167,0.8187356824499343,0.7616022497225964,False,False
pathway|p75NTR Recruits Signalling Complexes,pathway,12,0,0.025211789805091228,0.01838659646723719,0.035233355081919666,0.07357453267318101,0.5452273863068465,0.6956521739130435,0.6688938460480331,0.7822791365551659,False,False
pathway|p75NTR Signals via NF-kB,pathway,14,1,0.013706594157721984,0.004130697584333649,0.04036627695612657,0.08629053796920147,0.7306346826586707,0.8190904547726137,0.8084860073958758,0.8742296374936889,False,False
pathway|rRNA Modification in the Mitochondrion,pathway,6,0,0.12513100934153562,0.3196665295959723,0.02173268170426064,0.05233814737288136,0.10644677661169415,0.09545227386306847,0.23321725213342695,0.20523226999336772,False,False
pathway|rRNA Modification in the Nucleus and Cytosol,pathway,49,1,0.13307567387857397,0.4322083749472064,0.03490905772083269,0.0780903235073217,0.0004997501249375312,0.0004997501249375312,0.003264091224827838,0.003233585699362157,True,True
pathway|rRNA Processing,pathway,161,3,0.15556295984172738,0.3661000753915074,0.033469143242953504,0.07250228746072558,0.0004997501249375312,0.0004997501249375312,0.003264091224827838,0.003233585699362157,True,True
pathway|rRNA Processing in the Nucleus and Cytosol,pathway,152,3,0.15959112386943464,0.3696436692584152,0.03407940679850867,0.07366381184552724,0.0004997501249375312,0.0004997501249375312,0.003264091224827838,0.003233585699362157,True,True
pathway|snRNP Assembly,pathway,43,1,0.20683110676116445,0.5082410842188941,0.04490995988915205,0.09963471013171699,0.0004997501249375312,0.0004997501249375312,0.003264091224827838,0.003233585699362157,True,True
pathway|tRNA Modification in the Mitochondrion,pathway,8,0,0.08216970998925888,0.1791223344574829,0.0250696806952446,0.0569358471338798,0.1729135432283858,0.1924037981009495,0.3244276687311268,0.336099822250355,False,False
pathway|tRNA Modification in the Nucleus and Cytosol,pathway,31,2,0.13105285207152778,0.2882716186031035,0.02657617386574941,0.06050258257328063,0.0004997501249375312,0.0009995002498750624,0.003264091224827838,0.005782624008330097,True,True
pathway|tRNA Processing,pathway,85,3,0.1647653702629377,0.3955272113254222,0.03453933360904169,0.0770600646512259,0.0004997501249375312,0.0004997501249375312,0.003264091224827838,0.003233585699362157,True,True
pathway|tRNA Processing in the Nucleus,pathway,48,1,0.19705065371358763,0.5052031146748908,0.041244789924521165,0.09114167575109944,0.0004997501249375312,0.0004997501249375312,0.003264091224827838,0.003233585699362157,True,True
pathway|trans-Golgi Network Vesicle Budding,pathway,55,0,0.11717986426120394,0.2485689245972937,0.043374674933430904,0.09423005744834605,0.0004997501249375312,0.0009995002498750624,0.003264091224827838,0.005782624008330097,True,True
signature|TNF-alpha Signaling via NF-kB,signature,129,12,0.13599517259056731,0.4378395945732412,0.043617109940880215,0.09627891971288716,0.0004997501249375312,0.0004997501249375312,0.003264091224827838,0.003233585699362157,True,True
signature|Cholesterol Homeostasis,signature,49,0,0.08511951260340088,0.18305832474812841,0.030252875841040444,0.06709827887426249,0.0034982508745627187,0.0074962518740629685,0.01729968349158754,0.031774928862099566,True,True
signature|Mitotic Spindle,signature,134,0,0.06647710061822719,0.17038729036792793,0.04314771201782523,0.0956274549677594,0.012993503248375811,0.001999000499750125,0.049247274173132405,0.010431969944675903,True,True
signature|Wnt-beta Catenin Signaling,signature,27,0,0.004195998932841039,0.018507198883448126,0.03879362450415081,0.08633381993147425,0.9340329835082459,0.881559220389805,0.9477217912782739,0.9173943323781274,False,False
signature|TGF-beta Signaling,signature,41,1,0.052320657519630547,0.11891721910616855,0.037099394995248655,0.08084742934858928,0.20389805097451275,0.18590704647676162,0.357051499481546,0.3280619673171061,False,False
signature|IL-6/JAK/STAT3 Signaling,signature,56,1,0.11079009507239171,0.2275221398960476,0.04564350169994052,0.09981329882128596,0.0004997501249375312,0.0009995002498750624,0.003264091224827838,0.005782624008330097,True,True
signature|DNA Repair,signature,120,3,0.12515044295230054,0.330036283511081,0.03885718677423122,0.08620297219857431,0.0004997501249375312,0.0004997501249375312,0.003264091224827838,0.003233585699362157,True,True
signature|Apoptosis,signature,111,6,0.05490584849436524,0.12686164673378222,0.03877135710618964,0.08480744656899308,0.07896051974012994,0.05697151424287856,0.1915899526872078,0.141712377344262,False,False
signature|Adipogenesis,signature,134,4,0.11813346273121006,0.28463309599891556,0.0338824586575855,0.07480564814641394,0.0004997501249375312,0.0004997501249375312,0.003264091224827838,0.003233585699362157,True,True
signature|Androgen Response,signature,68,3,0.1009722106367363,0.21606105080112536,0.0388655805898736,0.08473575147739171,0.0004997501249375312,0.0004997501249375312,0.003264091224827838,0.003233585699362157,True,True
signature|Protein Secretion,signature,81,1,0.19642774866459076,0.43845081216324217,0.04716540291174063,0.10366154835750513,0.0004997501249375312,0.0004997501249375312,0.003264091224827838,0.003233585699362157,True,True
signature|Interferon Alpha Response,signature,78,1,0.21997141614366494,0.4910535062911311,0.043259822212419606,0.0952856356347982,0.0004997501249375312,0.0004997501249375312,0.003264091224827838,0.003233585699362157,True,True
signature|Interferon Gamma Response,signature,160,2,0.13725389803840643,0.3067172021244651,0.042031434944565516,0.09232408302870777,0.0004997501249375312,0.0004997501249375312,0.003264091224827838,0.003233585699362157,True,True
signature|Complement,signature,130,0,0.10223565907776432,0.2044768497663636,0.041002902311886386,0.08976390295444649,0.0004997501249375312,0.0004997501249375312,0.003264091224827838,0.003233585699362157,True,True
signature|Unfolded Protein Response,signature,90,2,0.07531622723816693,0.20244586303272288,0.04194897350628869,0.09234166068367264,0.009495252373813094,0.0009995002498750624,0.038594205832504495,0.005782624008330097,True,True
signature|PI3K/AKT/mTOR  Signaling,signature,83,1,0.06109556342168432,0.15553473548400673,0.043453502478312624,0.0943591994243277,0.07896051974012994,0.025987006496751622,0.1915899526872078,0.07914224705828903,False,False
signature|mTORC1 Signaling,signature,156,2,0.12733422208804207,0.2879268023344788,0.03791796751352778,0.08297402649725219,0.0004997501249375312,0.0004997501249375312,0.003264091224827838,0.003233585699362157,True,True
signature|E2F Targets,signature,121,3,0.1563312676883795,0.3747801433879223,0.03582062767738278,0.07929960551444157,0.0004997501249375312,0.0004997501249375312,0.003264091224827838,0.003233585699362157,True,True
signature|Myc Targets V1,signature,165,4,0.1276833840295154,0.2946125308762456,0.042145833031480125,0.09177904744882423,0.0004997501249375312,0.0004997501249375312,0.003264091224827838,0.003233585699362157,True,True
signature|Myc Targets V2,signature,44,0,0.10099631646866541,0.24701568786440886,0.04072354923923299,0.08986638014965896,0.004497751124437781,0.0024987506246876563,0.02108765030577262,0.012475733287202553,True,True
signature|Inflammatory Response,signature,119,4,0.0893790554904956,0.19748806999857604,0.033953754706002086,0.07406633907360358,0.0004997501249375312,0.0004997501249375312,0.003264091224827838,0.003233585699362157,True,True
signature|Fatty Acid Metabolism,signature,106,2,0.11413065867314699,0.24842185401119501,0.03477549639229168,0.07672583098440548,0.0004997501249375312,0.0004997501249375312,0.003264091224827838,0.003233585699362157,True,True
signature|Oxidative Phosphorylation,signature,161,3,0.1570332646268409,0.3716526876583829,0.04393934404758366,0.09716356556798318,0.0004997501249375312,0.0004997501249375312,0.003264091224827838,0.003233585699362157,True,True
signature|Glycolysis,signature,125,1,0.06937916345114988,0.15938211856304801,0.038279514188697544,0.08445506614496683,0.004997501249375313,0.004497751124437781,0.022964181626001157,0.020441639136667987,True,True
signature|Reactive Oxygen Species Pathway,signature,39,1,0.16488267042283658,0.3690278677308655,0.040155051273749326,0.08893151504205792,0.0004997501249375312,0.0004997501249375312,0.003264091224827838,0.003233585699362157,True,True
signature|p53 Pathway,signature,133,5,0.05670792435011596,0.12728493792410245,0.03499671356122862,0.07712772934730142,0.017991004497751123,0.019490254872563718,0.06290793996940923,0.06466654851487995,False,False
signature|UV Response Up,signature,98,7,0.06025875084973494,0.15692266165676141,0.03952244390311317,0.08719037226623563,0.04247876061969016,0.01199400299850075,0.11987552419442453,0.044966686331924285,False,True
signature|heme Metabolism,signature,134,2,0.0850201809601487,0.1903599485976281,0.0356475977144072,0.07903201233950317,0.0004997501249375312,0.0004997501249375312,0.003264091224827838,0.003233585699362157,True,True
signature|IL-2/STAT5 Signaling,signature,138,3,0.04281333870436745,0.08741862272516335,0.03659886883259329,0.08020843330041262,0.24687656171914044,0.3548225887056472,0.40153689795665987,0.5013377664909042,False,False
signature|Pperoxisome,signature,68,1,0.09949950700840214,0.19972332765839637,0.03710437838350365,0.08242080037473909,0.001999000499750125,0.0034982508745627187,0.010868911094191124,0.01666483272125405,True,True
signature|Allograft Rejection,signature,135,0,0.05149542029353497,0.10666337653415117,0.0415493459564787,0.09030225568168233,0.136431784107946,0.21189405297351324,0.27325825997319564,0.3566224163585144,False,False
regulon|AATF mouse,regulon,5,0,-0.01437457279562544,0.052939397642218645,0.01728863294600137,0.03738204172453922,0.592703648175912,0.41529235382308843,0.7050661381794784,0.5554167539539953,False,False
regulon|ABL1 human,regulon,9,1,0.10880041011619958,0.2515398078905798,0.033733371307055504,0.07532613718550435,0.09895052473763119,0.10044977511244378,0.22242450203469694,0.2122423020432815,False,False
regulon|APC human,regulon,7,1,-0.018819776714513587,-0.041063762713493164,0.05575467402271913,0.12292941511637573,0.8750624687656172,0.8685657171414293,0.9115502399176352,0.911116663890277,False,False
regulon|APEX1 mouse,regulon,6,0,-0.03856003645477335,-0.1026197481692319,0.052173141945773514,0.11666335059532841,0.8780609695152424,0.8950524737631185,0.9127790959375167,0.926731798607177,False,False
regulon|ARNTL human,regulon,6,0,0.06416040100250621,0.25582943389202106,0.022890084301663238,0.050478436643442044,0.26936531734132935,0.1344327836081959,0.4244854052488172,0.2651632398425669,False,False
regulon|ARNTL mouse,regulon,8,0,-0.04093838492334734,-0.06287599964394593,0.040411201298701294,0.08926506426864557,0.9260369815092454,0.8535732133933034,0.941909309791725,0.8981112280739063,False,False
regulon|ATF5 human,regulon,5,0,-0.071120984278879,-0.243830931175346,0.05360593984962406,0.11956104310171431,0.936031984007996,0.9810094952523738,0.9492863431565468,0.9852788789357739,False,False
regulon|ATF6 human,regulon,8,1,0.1385802167757055,0.3122175627283531,0.029160754564983883,0.06367479801040389,0.050974512743628186,0.04997501249375312,0.1389423398536952,0.12894174030996924,False,False
regulon|ATM human,regulon,17,1,0.031352277753206544,0.11409612673869264,0.041846239093723606,0.09179587894318789,0.5722138930534733,0.3453273363318341,0.6905800440860337,0.491600327320918,False,False
regulon|BCL11B mouse,regulon,8,0,0.08838248217947463,0.15594783151331373,0.026585189434625515,0.055865914408452025,0.14592703648175911,0.19890054972513743,0.28620439544156157,0.3434051885113138,False,False
regulon|BCL3 mouse,regulon,9,0,0.03852813852813851,0.11526741621438935,0.026894718804587214,0.05764175969467246,0.36431784107946025,0.272863568215892,0.5218539006358889,0.4194949157545579,False,False
regulon|BCL6 human,regulon,14,0,0.04609225361105059,0.1013024696390344,0.04518661376217766,0.0990609914579858,0.44877561219390305,0.4472763618190905,0.5990404540660261,0.582440754544358,False,False
regulon|BCL6 mouse,regulon,12,0,0.04201826881252716,0.11002748793620865,0.03499147248286003,0.07621230210767985,0.3748125937031484,0.32083958020989506,0.5292221326454379,0.4666553277982857,False,False
regulon|BRCA1 human,regulon,35,1,0.02465028116509761,0.09065351126470247,0.02964533380816441,0.0635373967542769,0.5572213893053474,0.23938030984507747,0.6772082068971367,0.38334071206493897,False,False
regulon|BRCA1 mouse,regulon,5,0,0.008434723171565262,0.08028841274132006,0.04032380382775119,0.0875109957514308,0.5837081459270365,0.44877561219390305,0.6987676190723082,0.5836612063411,False,False
regulon|CDX1 human,regulon,5,0,-0.05062200956937797,-0.1708627996266346,0.04776873205741626,0.10504356489318838,0.8525737131434283,0.9180409795102449,0.8970595755820165,0.9420805901397128,False,False
regulon|CEBPZ human,regulon,4,0,-0.11210982000455687,-0.5138533996178781,0.022488026885395283,0.047841271731387,0.8790604697651174,0.992503748125937,0.9133609783402445,0.9944188542487078,False,False
regulon|CLOCK human,regulon,9,0,0.04671717171717171,0.16954728839119104,0.030524428495481117,0.06697760226389489,0.3363318340829585,0.20189905047476261,0.49298604050127376,0.3468522149181819,False,False
regulon|CREB1 mouse,regulon,19,1,0.04030490900296995,0.17574706892677402,0.03404279158822094,0.07435723303795061,0.36681659170414793,0.08945527236381809,0.5239876622899005,0.19455350858602113,False,False
regulon|CREB5 human,regulon,10,0,0.07100022784233309,0.14016831956676828,0.024144031290347076,0.05371459823252305,0.16741629185407297,0.21189405297351324,0.31784610437011845,0.3566224163585144,False,False
regulon|CUX1 mouse,regulon,8,0,0.026410995020017567,0.15119994753899604,0.033444103359046955,0.07456557200104291,0.4852573713143428,0.27136431784107945,0.6278267213624052,0.41811846302368105,False,False
regulon|DDIT3 human,regulon,11,1,0.052540856272913675,0.12986408397185337,0.03586302429627787,0.07950330014057515,0.3258370814592704,0.29035482258870565,0.4840941474899174,0.4354274126474669,False,False
regulon|DMTF1 mouse,regulon,5,1,0.03257006151742994,0.14908856986177668,0.04897895078605605,0.10544887979227052,0.5092453773113443,0.36481759120439783,0.6437630241483032,0.5081999577005595,False,False
regulon|ELK1 human,regulon,15,0,0.025311981251830894,0.10392056972434548,0.03053306838524883,0.06576756532482718,0.49975012493753124,0.27886056971514245,0.6371890788798357,0.424006883820169,False,False
regulon|ERCC2 human,regulon,7,0,-0.006210331022361116,-0.016153254060896637,0.057369065520945214,0.1286771262789829,0.7951024487756122,0.7936031984007996,0.8556620653403868,0.85449136499661,False,False
regulon|ESR2 human,regulon,11,1,0.16769651401230348,0.5295431806877924,0.01574910022991362,0.032813617943453034,0.0034982508745627187,0.0009995002498750624,0.01729968349158754,0.005782624008330097,True,True
regulon|ESR2 mouse,regulon,13,0,-0.036517868096815474,-0.06205982339739997,0.041965532274742784,0.09150655590390831,0.9930034982508745,0.9770114942528736,0.9939606100564176,0.9836417225221612,False,False
regulon|ETV2 mouse,regulon,4,0,0.19086352244246982,0.525855041913449,0.00353463203463201,0.0037918711439222145,0.059470264867566215,0.0399800099950025,0.15401463856600378,0.1092611588942371,False,False
regulon|FLI1 mouse,regulon,8,0,0.04826188848745239,0.10527431910261871,0.027908866321648268,0.06083828543774115,0.32033983008495753,0.3238380809595202,0.48074120454223757,0.468718950629215,False,False
regulon|FOSL1 human,regulon,6,0,0.07702437912964229,0.11274557514770607,0.04850591478696741,0.11105663079451378,0.3353323338330835,0.45027486256871563,0.4929124255989486,0.5848786051002015,False,False
regulon|FOSL1 mouse,regulon,4,1,0.20655046707678282,0.5128045648624272,0.054581818181818155,0.12370218444876781,0.11394302848575712,0.0864567716141929,0.2437277756590294,0.1900219202568028,False,False
regulon|FOXO3 human,regulon,13,0,-0.048794188267872476,-0.11622580875977202,0.02937600820232398,0.06383210887860521,0.999000499750125,0.9985007496251874,0.999000499750125,0.9989817230113267,False,False
regulon|FOXO3 mouse,regulon,7,0,-0.056599290433876896,-0.1547699855985924,0.02271678709761416,0.05022454895813476,0.9010494752623688,0.9415292353823088,0.9273933399999702,0.958136316457156,False,False
regulon|FOXO4 human,regulon,6,0,0.20714969241285028,0.6106908669757322,0.05105519024834813,0.10825238756758455,0.04097951024487756,0.012993503248375811,0.11707626241899681,0.047513215223374226,False,True
regulon|GFI1 human,regulon,4,0,0.02384370015948963,0.20936016817041292,0.03218946798815217,0.07102657858250248,0.47626186906546725,0.2843578210894553,0.6221357874521858,0.42922325174621995,False,False
regulon|GFI1 mouse,regulon,9,0,0.0443798891167312,0.1421746031468799,0.033272463355358085,0.07015941652930138,0.37031484257871067,0.24887556221889057,0.5260805389654899,0.393689674583881,False,False
regulon|GLI1 human,regulon,10,2,0.007752715121136155,0.04088546206427566,0.03505614186982608,0.07900392681995543,0.6671664167916042,0.5762118940529735,0.7643158564126651,0.6876177295967402,False,False
regulon|HDAC3 mouse,regulon,4,3,0.06359079516974253,0.28679867665947106,0.021539462292093844,0.04339498204579768,0.32283858070964516,0.1549225387306347,0.48170670411920474,0.28755506071807707,False,False
regulon|HDAC7 human,regulon,8,0,0.11358021677570547,0.40983907998871427,0.030142455570745037,0.06463729441547095,0.08845577211394302,0.020989505247376312,0.20504758781323623,0.0684383083183683,False,False
regulon|HDAC9 human,regulon,11,0,0.055982104020381514,0.11386152185837811,0.040977958118436575,0.0876070736220779,0.335832083958021,0.35082458770614694,0.4929492850747771,0.49738066120523355,False,False
regulon|HDGF human,regulon,4,0,-0.0186830713146503,-0.0012532275594546356,0.04261667236272497,0.09166690324417581,0.6656671664167916,0.5922038980509745,0.7634404774421182,0.6980746289738218,False,False
regulon|HIPK2 human,regulon,8,0,0.07159212967483645,0.24798996540837928,0.034362713602187275,0.07451905840846329,0.23588205897051473,0.11244377811094453,0.38883098133472943,0.2312333932043879,False,False
regulon|HOXA1 human,regulon,5,0,-0.04546821599453179,-0.08379702397212255,0.04997416609706083,0.10785602127195346,0.8200899550224887,0.7811094452773614,0.8752964216761094,0.8454217393648148,False,False
regulon|HSF1 human,regulon,17,2,0.06061527481806119,0.1737335048624115,0.03892081942824976,0.0857194097929708,0.24387806096951525,0.14592703648175911,0.3979063100028933,0.27679493586540066,False,False
regulon|HSF2 human,regulon,6,0,0.1621508316245158,0.27116892272445886,0.041391676919571636,0.09131091211094909,0.08595702148925537,0.15942028985507245,0.20150421403293836,0.29302295754777474,False,False
regulon|ING1 human,regulon,5,0,0.07066985645933008,0.05931555478571724,0.028967720437457278,0.06427928544203941,0.30434782608695654,0.44877561219390305,0.46446027537296747,0.5836612063411,False,False
regulon|ING4 human,regulon,10,1,-0.023979646084909233,-0.04657218626001263,0.03183413761676919,0.07000165119211219,0.8840579710144928,0.8535732133933034,0.9162616795394719,0.8981112280739063,False,False
regulon|IRF2 human,regulon,5,0,-0.036418318523581704,-0.13031782838456546,0.038020102529049894,0.08368490688582485,0.768615692153923,0.8595702148925537,0.8362570940826076,0.9035057370100374,False,False
regulon|IRF8 human,regulon,7,0,0.29953455066237017,0.5291845586557723,0.0434107557855678,0.09211220925957922,0.0024987506246876563,0.01249375312343828,0.013172347836234168,0.04658801658416752,True,True
regulon|IRF9 human,regulon,6,0,-0.004593301435406705,-0.06784296783080326,0.021877295511506023,0.04548256235820409,0.5862068965517241,0.744127936031984,0.7005475973175667,0.8203576025150907,False,False
regulon|KAT2B human,regulon,11,0,0.01852606723420119,0.04657955912046532,0.04411560057167712,0.09863003988271976,0.6501749125437282,0.6261869065467266,0.7527387365403141,0.7282140005025481,False,False
regulon|MBD1 human,regulon,5,0,0.0631715652768284,0.15258840499813137,0.02367515721120984,0.05170628803725524,0.2983508245877061,0.27636181909045476,0.456987214357423,0.4218939686429712,False,False
regulon|MEF2A human,regulon,6,1,-0.017912964228753717,-0.05939220314029061,0.018066024151287295,0.03814465573547945,0.6431784107946027,0.6861569215392304,0.746719708899044,0.7728567928617036,False,False
regulon|MEF2C human,regulon,5,1,0.17766233766233758,0.45744430879692005,0.032577484620642506,0.0705834488125599,0.0944527736131934,0.06946526736631684,0.21558067120286012,0.1632119460631675,False,False
regulon|MEF2D human,regulon,4,1,-0.10819093187514243,-0.2578195231063564,0.018490675552517637,0.034524828195656644,0.8900549725137431,0.8995502248875562,0.9197234715975345,0.9301053103483067,False,False
regulon|MTA1 mouse,regulon,7,0,0.02605539823584938,0.08229727521877644,0.04036725091950655,0.08799364431748502,0.5377311344327836,0.4642678660669665,0.663617092226317,0.5970800977220369,False,False
regulon|MTF1 human,regulon,5,0,0.08410116199589882,0.18510160551482785,0.03416718045112782,0.07535548517920486,0.27936031984008,0.2768615692153923,0.43528235882058974,0.4218939686429712,False,False
regulon|MYB mouse,regulon,11,0,0.08495743490958803,0.2472004865825682,0.02386405890759957,0.052393806364365324,0.11044477761119441,0.062468765617191405,0.23870322903064597,0.15139746346196797,False,False
regulon|MYC human,regulon,58,2,0.039179494686228854,0.08498809465185522,0.03896690633529872,0.08596987330059377,0.4592703648175912,0.4802598700649675,0.6064237429918226,0.6115878296290236,False,False
regulon|MYCN mouse,regulon,6,0,0.05813169286853495,0.09134852774986565,0.037836147186147175,0.08169120691488159,0.36031984007996004,0.42828585707146427,0.5193506647092831,0.5673148757254026,False,False
regulon|NF1 human,regulon,8,1,-0.0073552387462162095,-0.10239359511939115,0.038678798457181904,0.08714243204694105,0.7491254372813593,0.935032483758121,0.8232452556790387,0.9543304514818758,False,False
regulon|NFE2L2 human,regulon,9,1,0.20837890179995439,0.4862347407705656,0.04672850307587149,0.10128912964471648,0.009495252373813094,0.0079960019990005,0.038594205832504495,0.033215392303848075,True,True
regulon|NFE2L2 mouse,regulon,33,0,0.04912953872284014,0.12702750466218105,0.033591019128399506,0.07388459905012981,0.22338830584707647,0.1504247876061969,0.3756902925055691,0.2817243317024986,False,False
regulon|NFIL3 human,regulon,7,0,0.19352927773980402,0.6595427573660612,0.025586772125117983,0.05555931294809835,0.02148925537231384,0.0029985007496251873,0.07152753751329463,0.014585213248176847,False,True
regulon|NFKB2 human,regulon,5,0,0.0012440191387559363,-0.02930695234230356,0.023568492822966504,0.048911663420883246,0.5382308845577212,0.6096951524237881,0.663839398590491,0.7122254395861687,False,False
regulon|NFKB2 mouse,regulon,6,0,0.008302574618364093,0.04381368265792946,0.029948154477101835,0.06476657052560196,0.5577211394302849,0.4827586206896552,0.67741918514427,0.6140169351943747,False,False
regulon|NFKBIA human,regulon,11,1,-0.006046107003044812,0.001936980468905538,0.03710897346672465,0.0805696609206275,0.8115942028985508,0.7486256871564217,0.8693559357505364,0.8240040022384144,False,False
regulon|NFYA human,regulon,14,2,0.010328768975385507,0.02655261490103741,0.02584075548511638,0.05661870539262892,0.6116941529235382,0.5782108945527237,0.7206402470914288,0.6890097693551389,False,False
regulon|NFYB human,regulon,12,0,0.011102135504049374,-0.005852050658160867,0.035005575405455784,0.07523564823708996,0.6696651674162919,0.7821089455272364,0.7650685108490859,0.8460626457604532,False,False
regulon|NFYC human,regulon,12,0,-0.0017088174982911983,-0.028857684607733875,0.029025451542078334,0.06324578229014166,0.743128435782109,0.8260869565217391,0.8183869359063841,0.8790684023067831,False,False
regulon|NPM1 human,regulon,8,0,0.04125329557660381,0.13796567037946803,0.04439445000488233,0.09690574586966258,0.47476261869065467,0.33833083458270863,0.6209584124814167,0.48429575701466976,False,False
regulon|NRF1 human,regulon,11,0,0.20365376250543712,0.4295098897579741,0.0523794016031815,0.11769615302617849,0.005497251374312844,0.012993503248375811,0.024821285009669077,0.047513215223374226,True,True
regulon|PAX3 human,regulon,4,0,-0.04818865345181137,-0.08946165324965001,0.018284945317840032,0.03684733964641951,0.7021489255372314,0.6696651674162919,0.7871635918825917,0.7612997004508146,False,False
regulon|PAX5 human,regulon,15,0,0.0706923152035934,0.11924305032768055,0.03360019659538456,0.07295963453800848,0.15642178910544727,0.25337331334332835,0.3008222740481611,0.39777503538480197,False,False
regulon|PER1 mouse,regulon,6,0,0.1024242424242424,0.28510608142729116,0.049131672362724976,0.10719603692007859,0.23138430784607697,0.17391304347826086,0.383853999517813,0.31355676328502413,False,False
regulon|PLAG1 mouse,regulon,4,0,0.032034632034632006,0.23601001202270577,0.025320038733196604,0.0525178418569451,0.431784107946027,0.23388305847076463,0.5850069094611207,0.3804033770115725,False,False
regulon|PML human,regulon,14,0,0.038266245033162324,0.13334069419938066,0.04119088768374482,0.09074152657086816,0.47176411794102946,0.2768615692153923,0.6185947430325242,0.4218939686429712,False,False
regulon|POU2AF1 mouse,regulon,9,0,0.14792853345484927,0.24255769796188842,0.03768712311080731,0.08150809262687742,0.043478260869565216,0.12093953023488256,0.12236361494049723,0.24506478468083032,False,False
regulon|POU4F1 mouse,regulon,5,1,0.16371155160628836,0.40557098171630557,0.03979477785372522,0.08778944490778393,0.1089455272363818,0.08695652173913043,0.23743951738716162,0.19071667967494604,False,False
regulon|PPARD human,regulon,6,0,0.220997949419002,0.4449878810347224,0.04027441330599224,0.08651037440857315,0.029985007496251874,0.0384807596201899,0.09421915366068856,0.10614148437069644,False,False
regulon|PRDM1 human,regulon,5,0,-0.008421052631578973,-0.03375947626196298,0.025070092276144904,0.05542072997040771,0.5787106446776612,0.6041979010494752,0.6959942148207888,0.7085653903600623,False,False
regulon|PRDM1 mouse,regulon,7,0,0.02918334798034045,0.06315603198638582,0.036981951632327564,0.08247326741473918,0.4877561219390305,0.4877561219390305,0.6296267652376422,0.6165973616965102,False,False
regulon|PTTG1 human,regulon,9,0,0.16031176425913266,0.2980754004681397,0.04938534214323687,0.10589175218427269,0.04147926036981509,0.0734632683658171,0.11801701888781636,0.17010391125507482,False,False
regulon|RB1 human,regulon,20,1,0.08097852286217935,0.18863724297661713,0.03543790948663524,0.07824944650175973,0.07146426786606697,0.06596701649175413,0.17670390994978702,0.1571255656575382,False,False
regulon|RBMX human,regulon,5,1,0.07051264524948735,0.5739537493895632,0.030562860560492136,0.06583884828531816,0.2898550724637681,0.027486256871564217,0.4482717688065871,0.08249849063907352,False,False
regulon|RFXANK human,regulon,9,0,0.13194919115971748,0.20589638672065,0.0430889031290347,0.09198465592061691,0.05897051474262868,0.16241879060469766,0.15329381617076318,0.2972192317937947,False,False
regulon|RFXAP human,regulon,9,0,0.13194919115971748,0.20589638672065,0.041479158122579164,0.0877153641580523,0.06746626686656672,0.14992503748125938,0.16822021162288003,0.28129566652987875,False,False
regulon|RUNX1 human,regulon,23,2,0.04514060933865385,0.07805390768706617,0.038153018190463586,0.08412858808419535,0.3598200899550225,0.48575712143928035,0.5193506647092831,0.6154512627902989,False,False
regulon|RUNX3 human,regulon,22,1,0.016075904045828857,0.023387995492704608,0.03640734406855391,0.07993853622783513,0.7531234382808596,0.7991004497751124,0.826327195620362,0.8577424466061543,False,False
regulon|SATB1 human,regulon,9,0,0.037956634009265605,0.09885378242969717,0.05738286150983518,0.12612045463214375,0.5732133933033483,0.5187406296851574,0.6905824929762497,0.6432383808095953,False,False
regulon|SIN3A mouse,regulon,4,1,-0.009797220323536138,-0.13332495311079104,0.06826851788562313,0.15098282867041132,0.7026486756621689,0.8315842078960519,0.7871635918825917,0.8821248211440754,False,False
regulon|SIRT1 human,regulon,30,0,0.02843708016121808,0.12694632394933553,0.03602012735600756,0.07959375035349052,0.592703648175912,0.19140429785107446,0.7050661381794784,0.33491720862399466,False,False
regulon|SMAD7 mouse,regulon,5,1,0.13041695146958304,0.35353272361991694,0.058778096377306896,0.12740269718164368,0.2178910544727636,0.15592203898050974,0.3706467814413841,0.2886364304478777,False,False
regulon|SOX4 human,regulon,8,0,-0.038546040425739676,-0.05384173212375993,0.031995330045893944,0.07062770261773238,0.888055972013993,0.8020989505247377,0.919029523603918,0.8600720290345277,False,False
regulon|SOX4 mouse,regulon,4,0,-0.026019594440647092,-0.024719133296268254,0.043655986557302316,0.09989416522133923,0.7051474262868566,0.6501749125437282,0.7878381949423352,0.7456727185827297,False,False
regulon|SOX6 human,regulon,4,0,-0.10336067441330603,-0.3669712360999851,0.02871050353155614,0.063150161643804,0.8840579710144928,0.9695152423788106,0.9162616795394719,0.9789417396309138,False,False
regulon|SPI1 human,regulon,47,0,0.12609808517593707,0.22500582804820454,0.02631593291318448,0.05656696940768769,0.0004997501249375312,0.0004997501249375312,0.003264091224827838,0.003233585699362157,True,True
regulon|STAT4 human,regulon,8,0,0.08114197832242942,0.15140923274450582,0.0393813555805097,0.08583880525594535,0.22088955522238882,0.2753623188405797,0.37360554250562017,0.4217754691975546,False,False
regulon|TBP human,regulon,9,0,0.013220551378446096,0.07177752627635245,0.0404978079668869,0.08746733093243725,0.6596701649175413,0.5017491254372813,0.7594982996306725,0.6270354594062776,False,False
regulon|TCF7L2 human,regulon,8,0,0.0013719363343423258,0.026965769093934062,0.03658730348598769,0.07853826384333953,0.7001499250374813,0.6046976511744128,0.7856355452743645,0.7085653903600623,False,False
regulon|TP63 human,regulon,10,0,0.09937723095617829,0.2751574227407596,0.01844053618895724,0.04202379778070147,0.062468765617191405,0.04397801099450275,0.15998474252392916,0.11680604710432509,False,False
regulon|TP73 human,regulon,7,1,0.053350909741887165,0.22746022001964067,0.011856205448686645,0.025191542166110643,0.2318840579710145,0.10644677661169415,0.3843760482089362,0.2208690859365522,False,False
regulon|TRERF1 human,regulon,5,0,0.2582091592617908,0.5240964672374081,0.05355312371838687,0.11602390516265669,0.034482758620689655,0.043478260869565216,0.10394875131374805,0.1156265657184212,False,False
regulon|TRP63 mouse,regulon,6,0,0.0064205969469126895,0.1283925617752627,0.025760396445659587,0.05869802636769903,0.5417291354322838,0.31084457771114443,0.6673614556897115,0.4562715108876657,False,False
regulon|TRP73 mouse,regulon,11,1,-0.005633505250730134,-0.012671747013108617,0.029598390604610694,0.06514455397625298,0.7641179410294853,0.7581209395302348,0.8335467245368912,0.8296191735533708,False,False
regulon|VHL human,regulon,13,0,0.04560614823772717,0.13518658162931196,0.05443527612738138,0.11999484804786678,0.5372313843078461,0.392303848075962,0.663394521526395,0.5339548443340584,False,False
regulon|WWTR1 human,regulon,6,0,0.009359763043973561,0.04459644280318707,0.028108013214855305,0.06021269774466967,0.526736631684158,0.4612693653173413,0.6574711442355746,0.5939593749312573,False,False
regulon|XBP1 mouse,regulon,13,0,0.07499167499167499,0.14140616777966675,0.03302687531766479,0.0736799732380984,0.15592203898050974,0.22638680659670166,0.30013908708296455,0.37288294789956333,False,False
regulon|ZBTB16 human,regulon,8,0,0.031547212186309945,0.12695374407128224,0.023349205399863286,0.04896345480410452,0.3793103448275862,0.2463768115942029,0.5352089580209894,0.3912267872180118,False,False
regulon|ZBTB7A human,regulon,5,0,0.07347915242652081,0.3437999656648632,0.04380221120984278,0.0919600026911057,0.34182908545727136,0.11544227886056972,0.5003375690590223,0.23599765078090876,False,False
regulon|ZFP36 human,regulon,5,1,0.23053998632946007,0.5666373537716941,0.040999398496240604,0.09336714891278731,0.03798100949525238,0.0399800099950025,0.11033084856173313,0.1092611588942371,False,False
regulon|ZNF382 human,regulon,6,1,0.18392344497607654,0.43215373050896083,0.04658922533606742,0.10156241061691751,0.05697151424287856,0.043478260869565216,0.14978460137020097,0.1156265657184212,False,False
celltype|Alveolar Macrophages,celltype,99,1,0.4195918620974767,0.7584361031639824,0.04223360732184088,0.0917328926014827,0.0004997501249375312,0.0004997501249375312,0.003264091224827838,0.003233585699362157,True,True
celltype|B Cells,celltype,143,0,0.08258324329488156,0.16575609295960134,0.038840890425700714,0.08370989609623927,0.0004997501249375312,0.0004997501249375312,0.003264091224827838,0.003233585699362157,True,True
celltype|B Cells Memory,celltype,120,0,0.10395630979664595,0.19497299606692908,0.04118452178000386,0.08959089607221951,0.0004997501249375312,0.0004997501249375312,0.003264091224827838,0.003233585699362157,True,True
celltype|B Cells Naive,celltype,124,1,0.09294450631980136,0.17576784110005775,0.04321741390795492,0.09397892057335289,0.0004997501249375312,0.0024987506246876563,0.003264091224827838,0.012475733287202553,True,True
celltype|Basophils,celltype,117,1,0.2777691556275948,0.4881637879038914,0.037100067733234696,0.08085415479347509,0.0004997501249375312,0.0004997501249375312,0.003264091224827838,0.003233585699362157,True,True
celltype|Decidual Cells,celltype,68,1,0.19178351337678534,0.3247867589036831,0.042615911386335574,0.09241425080470157,0.0004997501249375312,0.0004997501249375312,0.003264091224827838,0.003233585699362157,True,True
celltype|Dendritic Cells,celltype,137,5,0.18689524809330008,0.35040099438200883,0.04117941127678675,0.08852386248252327,0.0004997501249375312,0.0004997501249375312,0.003264091224827838,0.003233585699362157,True,True
celltype|Eosinophils,celltype,111,0,0.21229145009049308,0.39553625547490956,0.04430634468682315,0.09611245846440826,0.0004997501249375312,0.0004997501249375312,0.003264091224827838,0.003233585699362157,True,True
celltype|Erythroblasts,celltype,93,0,0.08590239144974508,0.18255950082148834,0.04120580119973527,0.09053801911449302,0.0009995002498750624,0.001999000499750125,0.00584778033518452,0.010431969944675903,True,True
celltype|Erythroid-like And Erythroid Precursor Cells,celltype,103,0,0.10846182482841234,0.19793331783280543,0.03293318859294542,0.07188315197381484,0.0004997501249375312,0.0004997501249375312,0.003264091224827838,0.003233585699362157,True,True
celltype|Hemangioblasts,celltype,63,1,0.21458061436232667,0.4876273967581734,0.03373933549136071,0.0744224241811696,0.0004997501249375312,0.0004997501249375312,0.003264091224827838,0.003233585699362157,True,True
celltype|Hematopoietic Stem Cells,celltype,108,4,0.1548518823727874,0.2806755487073792,0.03220941327168577,0.07012129221680874,0.0004997501249375312,0.0004997501249375312,0.003264091224827838,0.003233585699362157,True,True
celltype|Kupffer Cells,celltype,110,0,0.35629524945885066,0.6418197431414788,0.036643179757339356,0.0796345315949884,0.0004997501249375312,0.0004997501249375312,0.003264091224827838,0.003233585699362157,True,True
celltype|Langerhans Cells,celltype,92,0,0.2608664790586987,0.48155688726128565,0.04167349625693038,0.08881280244214732,0.0004997501249375312,0.0004997501249375312,0.003264091224827838,0.003233585699362157,True,True
celltype|Macrophages,celltype,153,3,0.2411809439632479,0.45143557984470367,0.03970512533562068,0.0861637075277603,0.0004997501249375312,0.0004997501249375312,0.003264091224827838,0.003233585699362157,True,True
celltype|Megakaryocytes,celltype,120,0,0.22418543493952603,0.39564086433253765,0.03940706831057781,0.08578703995405013,0.0004997501249375312,0.0004997501249375312,0.003264091224827838,0.003233585699362157,True,True
celltype|Microfold Cells,celltype,91,5,0.2437350452388046,0.5149599294108426,0.033969012224200186,0.07431599912862218,0.0004997501249375312,0.0004997501249375312,0.003264091224827838,0.003233585699362157,True,True
celltype|Microglia,celltype,119,4,0.2809723062041295,0.5217671927109627,0.03824192968891392,0.0822077765673103,0.0004997501249375312,0.0004997501249375312,0.003264091224827838,0.003233585699362157,True,True
celltype|Monocytes,celltype,149,2,0.31933184956851485,0.5796188795527811,0.0404076602695995,0.08695803929819997,0.0004997501249375312,0.0004997501249375312,0.003264091224827838,0.003233585699362157,True,True
celltype|Myeloid-derived Suppressor Cells,celltype,104,0,0.3538753658196683,0.6395704232831948,0.044325967619503644,0.09605650652204076,0.0004997501249375312,0.0004997501249375312,0.003264091224827838,0.003233585699362157,True,True
celltype|Natural Killer T Cells,celltype,106,4,0.10151666841693795,0.1906639568252636,0.04374594712092655,0.09370212307482033,0.0004997501249375312,0.0004997501249375312,0.003264091224827838,0.003233585699362157,True,True
celltype|Neutrophils,celltype,119,1,0.3661998284026933,0.6562105613180579,0.039164109507236505,0.08535854332809183,0.0004997501249375312,0.0004997501249375312,0.003264091224827838,0.003233585699362157,True,True
celltype|NK Cells,celltype,126,3,0.11443142054269875,0.20681718376410047,0.0476866272477731,0.1033210831190199,0.0004997501249375312,0.0004997501249375312,0.003264091224827838,0.003233585699362157,True,True
celltype|Osteoclast Precursor Cells,celltype,87,3,0.2903374204264762,0.5562891005811174,0.0471100115967545,0.10298676506720487,0.0004997501249375312,0.0004997501249375312,0.003264091224827838,0.003233585699362157,True,True
celltype|Osteoclasts,celltype,86,1,0.2520672343712159,0.4439973084658285,0.03614882985040015,0.07898963099517874,0.0004997501249375312,0.0004997501249375312,0.003264091224827838,0.003233585699362157,True,True
celltype|Plasmacytoid Dendritic Cells,celltype,124,1,0.12233270752878189,0.24211466451136346,0.04028642305283987,0.08671102914523149,0.0004997501249375312,0.0004997501249375312,0.003264091224827838,0.003233585699362157,True,True
celltype|Platelets,celltype,161,4,0.1827372390603838,0.33190319180385747,0.04182851311384757,0.09085326800462944,0.0004997501249375312,0.0004997501249375312,0.003264091224827838,0.003233585699362157,True,True
celltype|Red Pulp Macrophages,celltype,86,2,0.4760447069670195,0.8367423078762817,0.04337682952874039,0.09489060363432267,0.0004997501249375312,0.0004997501249375312,0.003264091224827838,0.003233585699362157,True,True
celltype|Reticulocytes,celltype,83,8,0.17396390824789915,0.5615904038307639,0.0435801467243028,0.09619017201567993,0.0004997501249375312,0.0004997501249375312,0.003264091224827838,0.003233585699362157,True,True
celltype|T Cells,celltype,120,5,0.11310383483536954,0.21476494029230073,0.0455313728027096,0.09739544219590571,0.0004997501249375312,0.0004997501249375312,0.003264091224827838,0.003233585699362157,True,True
celltype|T Cells Naive,celltype,90,3,0.1179213611147378,0.25330344601552846,0.04697664734700216,0.10081634599486847,0.0004997501249375312,0.0004997501249375312,0.003264091224827838,0.003233585699362157,True,True
celltype|T Cytotoxic Cells,celltype,72,1,0.2022050163821846,0.37799730692119277,0.043479063321984,0.09296476883359611,0.0004997501249375312,0.0004997501249375312,0.003264091224827838,0.003233585699362157,True,True
celltype|T Follicular Helper Cells,celltype,100,4,0.08781066992550247,0.18043250900466543,0.04446659536582503,0.09514702584126099,0.0009995002498750624,0.0014992503748125937,0.00584778033518452,0.008194586917067781,True,True
celltype|T Helper Cells,celltype,97,2,0.09908092337216046,0.18635053591975184,0.04018657549156396,0.08593971149193501,0.0004997501249375312,0.0009995002498750624,0.003264091224827838,0.005782624008330097,True,True
celltype|T Memory Cells,celltype,117,4,0.12016681644630829,0.243833543000867,0.04616657275976695,0.09898471010271677,0.0004997501249375312,0.0004997501249375312,0.003264091224827838,0.003233585699362157,True,True
celltype|T Regulatory Cells,celltype,94,4,0.09353562667509853,0.1822301187136429,0.04205089750644784,0.08979602777273143,0.0004997501249375312,0.0009995002498750624,0.003264091224827838,0.005782624008330097,True,True
celltype|Thymocytes,celltype,102,3,0.09109733618209234,0.19307767462398648,0.047285469418237705,0.10124050537497548,0.0009995002498750624,0.0014992503748125937,0.00584778033518452,0.008194586917067781,True,True
celltype|Trophoblast Progenitor Cells,celltype,84,3,0.15644595764171806,0.3315469534927497,0.037005298618553895,0.08119580267706297,0.0004997501249375312,0.0004997501249375312,0.003264091224827838,0.003233585699362157,True,True
data_derived|MODULE_0025,data_derived,5,0,0.3276213260423786,0.6539766680589338,0.04578415242652084,0.10166443232155456,0.01199400299850075,0.02498750624687656,0.04604721668740491,0.0771159739595284,True,False
data_derived|MODULE_0026,data_derived,8,0,0.08237965042476321,0.11717647896480488,0.05995075920320281,0.13248472633778782,0.32083958020989506,0.48425787106446777,0.4807963983376277,0.6144188138062917,False,False
data_derived|MODULE_0045,data_derived,4,0,0.42035771246297565,1.3176944521202454,0.07266681476418316,0.1643147985638338,0.010994502748625687,0.0034982508745627187,0.04333127553870124,0.01666483272125405,True,True
data_derived|MODULE_0095,data_derived,4,0,0.08350421508316248,0.36199163911848453,0.04429466279334697,0.09535128826818146,0.33483258370814595,0.15342328835582209,0.4928754616313389,0.2860504218267886,False,False
data_derived|MODULE_0114,data_derived,10,4,0.3649973418394471,1.8482333540488902,0.05323074884180147,0.11619640144234687,0.0004997501249375312,0.0004997501249375312,0.003264091224827838,0.003233585699362157,True,True
data_derived|MODULE_0121,data_derived,8,0,0.5141856264036715,0.9195120959087891,0.03833898911239136,0.08634440517412031,0.0004997501249375312,0.0004997501249375312,0.003264091224827838,0.003233585699362157,True,True
data_derived|MODULE_0183,data_derived,6,0,0.5178309409888356,0.8734381049161309,0.019223832308042817,0.038786298605402676,0.0004997501249375312,0.0004997501249375312,0.003264091224827838,0.003233585699362157,True,True
data_derived|MODULE_0198,data_derived,5,0,0.19505126452494875,0.4040942616628051,0.005854261790840739,0.012837837934159865,0.04097951024487756,0.05847076461769116,0.11707626241899681,0.14440401677876877,False,False
data_derived|MODULE_0200,data_derived,5,0,0.25153110047846877,0.336609515470604,0.011090047846889953,0.023783942213095266,0.0069965017491254375,0.07796101949025487,0.030657666947117163,0.17774427824507066,True,False
data_derived|MODULE_0201,data_derived,23,0,0.2903101267361721,0.44118582092471476,0.04931490885856394,0.10564301175493623,0.0004997501249375312,0.0009995002498750624,0.003264091224827838,0.005782624008330097,True,True
data_derived|MODULE_0209,data_derived,14,0,0.12744623797255378,0.2528761654488451,0.04723696754373446,0.10377167792278684,0.046476761619190406,0.07846076961519241,0.1287096451774113,0.17849180557585392,False,False
data_derived|MODULE_0219,data_derived,6,1,0.3866757803599908,0.9034178964520272,0.01882256322624742,0.03871751612934402,0.0004997501249375312,0.0004997501249375312,0.003264091224827838,0.003233585699362157,True,True
data_derived|MODULE_0221,data_derived,6,0,0.22203691045796312,0.5427208473418774,0.02109537024379128,0.04497383316610067,0.014492753623188406,0.01199400299850075,0.054042099237634325,0.044966686331924285,False,True
data_derived|MODULE_0224,data_derived,10,0,0.1081309333940913,0.34260864314606515,0.05006978582820688,0.11218127167240771,0.14492753623188406,0.053973013493253376,0.2853217940792637,0.13654317786295647,False,False
data_derived|MODULE_0225,data_derived,4,0,0.14020277967646386,0.2863167534177678,0.06421232627022098,0.14465488357039782,0.2518740629685157,0.27386306846576713,0.40648207364849037,0.42009866558596626,False,False
data_derived|MODULE_0229,data_derived,6,0,0.36338118022328547,0.5324564469555539,0.024748553201184766,0.053200789660504344,0.0009995002498750624,0.010994502748625687,0.00584778033518452,0.04197717317811682,True,True
data_derived|MODULE_0231,data_derived,5,0,0.15276144907723851,0.7364412589488261,0.016485232399179765,0.035276225292948125,0.09195402298850575,0.008995502248875561,0.21150443604332939,0.03593011186714335,False,True
data_derived|MODULE_0233,data_derived,58,11,0.22414405093744091,0.7443523732091147,0.038146997112480915,0.08380679783772611,0.0004997501249375312,0.0004997501249375312,0.003264091224827838,0.003233585699362157,True,True
data_derived|MODULE_0239,data_derived,6,0,0.11157439052175894,0.20744010029155494,0.05757174982911823,0.12806161439393343,0.23138430784607697,0.28335832083958024,0.383853999517813,0.4280256235518605,False,False
data_derived|MODULE_0273,data_derived,13,0,0.2530381898802951,0.4628046639852815,0.03170541344620291,0.06739574173367979,0.0004997501249375312,0.001999000499750125,0.003264091224827838,0.010431969944675903,True,True
data_derived|MODULE_0275,data_derived,6,0,0.11005696058327637,0.1824961901159549,0.02487215311004783,0.05571345202100836,0.15742128935532235,0.23888055972013994,0.3016273228699304,0.38334071206493897,False,False
data_derived|MODULE_0281,data_derived,11,0,0.14272043745727955,0.31292239209164585,0.015300307587149686,0.035688896424055684,0.01249375312343828,0.017491254372813594,0.04761380777501158,0.05994939823817465,True,False
data_derived|MODULE_0288,data_derived,4,0,-0.009079516974253835,-0.06129373914750073,0.02633530416951467,0.05381893350969388,0.5757121439280359,0.655672163918041,0.6931907959063945,0.7490820046522393,False,False
data_derived|MODULE_0298,data_derived,34,0,0.25124978220953453,0.5053826023813365,0.04539033247922918,0.09572181100783782,0.0004997501249375312,0.0004997501249375312,0.003264091224827838,0.003233585699362157,True,True
data_derived|MODULE_0304,data_derived,5,0,0.08850991114149002,0.17752007814577553,0.033716141490088856,0.07442763191169408,0.26286856571714146,0.29485257371314344,0.4180536071933406,0.4399488474153728,False,False
data_derived|MODULE_0306,data_derived,7,0,0.3939198645965563,0.7054367968710755,0.05860639097744359,0.12988911678089415,0.0024987506246876563,0.009995002498750625,0.013172347836234168,0.039021842462227535,True,True
data_derived|MODULE_0328,data_derived,11,0,0.07216180948238363,0.16174759245842416,0.04408103150438077,0.09789122469064594,0.26486756621689156,0.2703648175912044,0.4202673300477339,0.4168876957215527,False,False
data_derived|MODULE_0340,data_derived,7,0,0.17442958044461804,0.2653154409792509,0.02009646193405591,0.04434716884537474,0.029985007496251874,0.09745127436281859,0.09421915366068856,0.20780933968334106,False,False
data_derived|MODULE_0342,data_derived,9,1,0.19687096529201792,0.5200049843406366,0.04547364718614717,0.10109190166979073,0.019490254872563718,0.013493253373313344,0.06702195259985902,0.04882489069054323,False,True
data_derived|MODULE_0343,data_derived,150,1,0.23508172505699876,0.49517885675985157,0.04464323048316336,0.09883090039025655,0.0004997501249375312,0.0004997501249375312,0.003264091224827838,0.003233585699362157,True,True
data_derived|MODULE_0376,data_derived,11,0,0.09412166780587831,0.20007244920122708,0.04587221773441868,0.09798002441237157,0.14592703648175911,0.1489255372313843,0.28620439544156157,0.28043367255628754,False,False
data_derived|MODULE_0396,data_derived,73,1,0.07282285726770225,0.15804145126614957,0.0468234523627458,0.10302498097293572,0.03398300849575212,0.047476261869065464,0.10349370769160873,0.12403546654345782,False,False
data_derived|MODULE_0426,data_derived,8,0,0.18586319695342254,0.3952938527006986,0.05194196977834195,0.10972914910841686,0.034482758620689655,0.035982008995502246,0.10394875131374805,0.10058496996454665,False,False
data_derived|MODULE_0427,data_derived,44,0,0.20767342149338364,0.4000508409986827,0.05003323259860201,0.11062522187739288,0.0004997501249375312,0.0004997501249375312,0.003264091224827838,0.003233585699362157,True,True
data_derived|MODULE_0471,data_derived,5,0,0.04644565960355433,0.14999169621995448,0.06734861927546137,0.15173035715087918,0.5372313843078461,0.45577211394302847,0.663394521526395,0.5897178977406131,False,False
data_derived|MODULE_0473,data_derived,102,5,0.18233688472783588,0.49244857297935296,0.03586388399122973,0.07955455444232368,0.0004997501249375312,0.0004997501249375312,0.003264091224827838,0.003233585699362157,True,True
data_derived|MODULE_0488,data_derived,10,1,0.13016936280094174,0.29935151637382973,0.04172291714133819,0.089619593866654,0.05347326336831584,0.04897551224387806,0.1438652435440311,0.12747135204327661,False,False
data_derived|MODULE_0512,data_derived,74,1,0.26542266946016047,0.5450086519674511,0.044008592764432704,0.09678439777635646,0.0004997501249375312,0.0004997501249375312,0.003264091224827838,0.003233585699362157,True,True
data_derived|MODULE_0522,data_derived,3,0,0.18587377534745952,0.8358829554191208,0.0499889724310777,0.10885702564363021,0.20389805097451275,0.03648175912043978,0.357051499481546,0.10157186822138528,False,False
data_derived|MODULE_0531,data_derived,7,0,0.18822380626891894,0.5327922680028336,0.06325596458679164,0.14269153965032236,0.05847076461769116,0.02798600699650175,0.15237613313794798,0.08387725329254565,False,False
data_derived|MODULE_0532,data_derived,9,0,0.3188311688311688,0.7661672436291881,0.052580346700083526,0.11735761341041259,0.0009995002498750624,0.0009995002498750624,0.00584778033518452,0.005782624008330097,True,True
data_derived|MODULE_0540,data_derived,30,0,0.22830885992410493,0.5240499500340361,0.047460541714788536,0.10482979076978921,0.0004997501249375312,0.0004997501249375312,0.003264091224827838,0.003233585699362157,True,True
data_derived|MODULE_0541,data_derived,18,2,0.18416808509687765,0.413593322480711,0.05252800383311218,0.11398921227791231,0.0024987506246876563,0.0014992503748125937,0.013172347836234168,0.008194586917067781,True,True
anchor|NOX2_complex,anchor,5,0,0.28983595352016395,0.503970214125197,0.043799958988380044,0.09555959748105272,0.015992003998001,0.031484257871064465,0.05746607665025619,0.09094965729930583,False,False
anchor|NRF2_targets,anchor,4,0,0.2697994987468672,0.5051595682464364,0.025085765550239208,0.055001033601737165,0.029985007496251874,0.06546726636681659,0.09421915366068856,0.15647354688593562,False,False
