set,family,n_genes,ic,expr_z_20,expr_pn_20,expr_pe_20,expr_skew_20,expr_z_100,expr_pn_100,expr_pe_100,expr_skew_100,expr_z_500,expr_pn_500,expr_pe_500,expr_skew_500,expr_z_2000,expr_pn_2000,expr_pe_2000,expr_skew_2000,expr_z_10000,expr_pn_10000,expr_pe_10000,expr_skew_10000,expr_z_50000,expr_pn_50000,expr_pe_50000,expr_skew_50000,var_z_20,var_pn_20,var_pe_20,var_skew_20,var_z_100,var_pn_100,var_pe_100,var_skew_100,var_z_500,var_pn_500,var_pe_500,var_skew_500,var_z_2000,var_pn_2000,var_pe_2000,var_skew_2000,var_z_10000,var_pn_10000,var_pe_10000,var_skew_10000,var_z_50000,var_pn_50000,var_pe_50000,var_skew_50000,expr_qpn_20,var_qpn_20,pass_pn_20,expr_qpe_20,var_qpe_20,pass_pe_20,expr_qpn_100,var_qpn_100,pass_pn_100,expr_qpe_100,var_qpe_100,pass_pe_100,expr_qpn_500,var_qpn_500,pass_pn_500,expr_qpe_500,var_qpe_500,pass_pe_500,expr_qpn_2000,var_qpn_2000,pass_pn_2000,expr_qpe_2000,var_qpe_2000,pass_pe_2000,expr_qpn_10000,var_qpn_10000,pass_pn_10000,expr_qpe_10000,var_qpe_10000,pass_pe_10000,expr_qpn_50000,var_qpn_50000,pass_pn_50000,expr_qpe_50000,var_qpe_50000,pass_pe_50000
"complex|Ubiquitin E3 ligase (SKP1A, FBXW8, CUL7, RBX1) (human)",complex,3,-0.021755816764259084,-0.025625492271085192,0.5102219735739595,0.6190476190476191,-0.53636450268669,-0.2441272482004878,0.5964338650704923,0.6039603960396039,0.21531259891767676,-0.31870292340311657,0.6250241011927022,0.6167664670658682,0.2886233364101724,-0.2836285706582786,0.6116524801724157,0.5882058970514743,0.42898897160690724,-0.26826742038975415,0.6057532589399719,0.5877412258774123,0.41499287809810587,-0.2566171549001301,0.601262834657144,0.5838083238335233,0.40781433594064326,-0.15185327730312292,0.5603486699347786,0.47619047619047616,0.3887653567154587,-0.33606433248808254,0.6315888228463686,0.594059405940594,0.33248582020305656,-0.3774212239683788,0.6470697016454318,0.6207584830339321,0.6082870154581466,-0.3750633066205508,0.6461933072826076,0.6146926536731634,0.5882826957170283,-0.394878681223663,0.6535337879723901,0.6300369963003699,0.4745124909911338,-0.4087397892534776,0.6586346847249083,0.6355872882542349,0.4629798885604415,0.7835551737028663,0.7666588620471289,False,0.7962962962962964,0.6697819314641744,False,0.805088909068784,0.8265575464206825,False,0.7703054203725457,0.7707408671901672,False,0.8144253439783695,0.8271104869129714,False,0.7858544514346834,0.7785345974717232,False,0.8070879745281859,0.8235051941277354,False,0.768909536647985,0.7806856065638066,False,0.8134809355076817,0.8291440912976076,False,0.7630624868547627,0.7806790749496478,False,0.8092559415847503,0.8329791600932663,False,0.763551282165846,0.7808643827123458,False
complex|NUMAC complex (nucleosomal methylation activator complex) (human),complex,10,0.024308614715959603,0.20211809386747104,0.4199122014575416,0.38095238095238093,1.6892395933010547,0.029735797616451815,0.4881388810835597,0.38613861386138615,1.0042632832760725,0.00787897509874874,0.4968567762278838,0.41916167664670656,1.1867470200807162,0.015684048082716257,0.49374322660962516,0.41679160419790107,1.0509349067399243,-0.033353067575668714,0.5133034822655667,0.42505749425057493,1.1909703826417262,-0.026881263991243264,0.5107227813566819,0.42289154216915664,1.1988453462885778,0.021541385467636003,0.4914068951419265,0.38095238095238093,0.7625231213964354,0.015048838749938419,0.49399660854811805,0.38613861386138615,0.8863114451150915,0.06896882233862707,0.47250721827746567,0.3812375249500998,1.273767713371758,0.10029573484160552,0.46005477176176757,0.3758120939530235,1.077343522257582,0.09999916535875565,0.460172494035953,0.38306169383061695,1.0736574751496384,0.10702958535125587,0.4573827544213257,0.38065238695226095,1.1201121271883445,0.7454144740624993,0.7171755932623693,False,0.647834274952919,0.6035087719298246,False,0.7681692592938163,0.7080618055856358,False,0.6493168869959621,0.5899884404684124,False,0.7708963383741909,0.7122960542625091,False,0.6774960716864145,0.5915077062370105,False,0.7692072497282472,0.7016597614753792,False,0.6717382049715883,0.5922483784285867,False,0.7824617109511466,0.6924217532752452,False,0.6756147301936474,0.5899624323281958,False,0.7788099262190702,0.6920949421271807,False,0.6776166581931519,0.5933574185659144,False
complex|Anaphase-promoting complex (mouse),complex,7,0.12090076800925259,1.818165619275451,0.034519411539465736,0.09523809523809523,1.0223780204336528,1.806253358877032,0.035439386809919204,0.06930693069306931,1.1621793391101787,2.137649462158244,0.016272602050576426,0.043912175648702596,1.0823167008184058,2.3431251547804104,0.009561483567690664,0.026486756621689155,1.0377642692764664,2.3310276548517326,0.009875950745178413,0.027097290270972903,0.9795361974008124,2.343246375855777,0.009558377313214657,0.026939461210775784,0.98793754606184,2.2632142344238813,0.011811243087300105,0.047619047619047616,0.698989379382587,2.0514764845753453,0.020110283685171787,0.0297029702970297,0.6462380637552114,1.8546265861747055,0.03182478444137485,0.04790419161676647,0.7576694761230851,1.8471943171387615,0.032359491359208625,0.05147426286856572,0.8576365742295012,1.857039422377726,0.03165277279739791,0.0491950804919508,0.9019373590586374,1.8447209120014862,0.03253907362378474,0.050838983220335594,0.9019695792489472,0.19981428602652282,0.0697094935152418,False,0.44791666666666663,0.27044025157232704,False,0.18714483210150318,0.11421123375918317,False,0.3419899366985879,0.19022540551927533,False,0.13994437763495726,0.165159657187135,False,0.3174029299890785,0.2529677487131001,False,0.09283892109273839,0.17088082279161046,False,0.25717786268156245,0.27182023023575935,False,0.09291823855354239,0.16148279003418253,False,0.2631059474697692,0.25978454786100336,False,0.09280876036379393,0.16600442645354588,False,0.2533993070138597,0.2684655078828248,False
complex|Rnase/Mrp complex (human),complex,8,0.06389401719709868,0.8562538225701202,0.19592869870834329,0.23809523809523808,1.0463098438160479,1.2148352815207033,0.11221446073413588,0.13861386138613863,1.0301908783176734,1.1482112427124165,0.12544068458338575,0.13373253493013973,1.1973991412698026,1.1093604621325694,0.13363735580718727,0.12893553223388307,1.1611901577638608,1.1362509525344333,0.12792577576889358,0.12688731126887312,1.0632963582224935,1.1109593787807805,0.13329291730850767,0.13149737005259896,1.0480296136590752,0.8625152278227162,0.19420202853277924,0.19047619047619047,0.8351114935448882,0.8942380564283554,0.18559726721883113,0.18811881188118812,0.7260251654879271,0.7844126879043817,0.2163989979370055,0.19560878243512975,1.0452710801487666,0.794597704438211,0.21342377704900406,0.19990004997501248,0.8299801486720124,0.7908688365629399,0.21451026768408804,0.1907809219078092,1.005812544150474,0.7767114550356999,0.2186645135039028,0.19183616327673447,1.052882710755886,0.519422327556045,0.4845156477948873,False,0.5643044619422573,0.46612466124661245,False,0.37851976326252407,0.45799327421052216,False,0.4391870766023971,0.4423731435643564,False,0.4005917833935219,0.48554293704427726,False,0.4193072188955423,0.4322290670457646,False,0.41900879268711844,0.4758559769759276,False,0.4032004616248577,0.43710391181220987,False,0.4106606735694059,0.4818476908426157,False,0.40491311693572907,0.42626255892929227,False,0.41174931866641923,0.48754087825685,False,0.4038847794472682,0.42772359367627466,False
complex|Condensin II (human),complex,5,0.062039322011884265,1.0699904261800457,0.1423118090502749,0.19047619047619047,0.2440410243147266,0.9586315016219258,0.1688722085436798,0.1782178217821782,0.6284864332088708,1.066962238106646,0.14299444411792195,0.15169660678642716,0.5940560056348813,1.019704073397093,0.15393441461656576,0.14842578710644677,0.8729875223658866,1.0683333795762455,0.1426850783111826,0.13538646135386462,0.8286839778777653,1.0741618953171508,0.14137506368344338,0.1381972360552789,0.7702031140434017,1.068781042352643,0.1425841718027428,0.14285714285714285,0.9080218398829294,1.065504175293617,0.14332391858026255,0.10891089108910891,0.8130737901730638,0.875232255283981,0.19072377306219435,0.18762475049900199,0.8180490981174164,0.8487129483559883,0.19802051970498857,0.18290854572713644,0.7570833142625388,0.8276488967876164,0.20393468404002985,0.19008099190080993,0.7148754504852752,0.8323303230225383,0.2026112596384535,0.1892762144757105,0.6777302525415693,0.4279271283256199,0.4126714972367845,False,0.5259938837920489,0.4056603773584906,False,0.47953334690233607,0.39944906937647245,False,0.47896039603960394,0.3576237623762376,False,0.43476088565145965,0.4514619822633709,False,0.44330755963800555,0.42784128712272423,False,0.4587550376196663,0.4549937132152791,False,0.442338236822183,0.4139509192772035,False,0.42948208571665963,0.4685827472980838,False,0.4075132486751325,0.42626255892929227,False,0.42553894168716455,0.4655419019173626,False,0.41597368052638944,0.42772359367627466,False
"complex|Ubiquitin E3 ligase (ASB7, TCEB1, TCEB2, CUL5, RNF7) (human)",complex,5,-0.00600829626262298,-0.47911006343804885,0.6840698345413302,0.8095238095238095,1.587265399793354,-0.3155227675635,0.6238176163883881,0.5742574257425742,1.0445357299091642,-0.3073801661118287,0.6207229884606256,0.5608782435129741,0.7851976509767012,-0.296855911263902,0.6167117413338298,0.5572213893053474,0.8445846337146549,-0.3239937342011008,0.6270286110100289,0.5629437056294371,0.890675737459922,-0.3271624983073233,0.628227508262343,0.5682086358272834,0.9141604432728452,-0.09362447116969021,0.5372962650940727,0.5238095238095238,0.2919859568862532,-0.3881075039637246,0.6510317604956485,0.6138613861386139,1.0496349346844043,-0.3764686148518642,0.6467157280374317,0.6087824351297405,0.8384665303011342,-0.35828811818683687,0.6399361454884068,0.5997001499250375,0.8221305445914163,-0.36809471376252023,0.6435986937929769,0.5987401259874012,0.7727770422139887,-0.37054495334418386,0.6445117557764883,0.5981880362392752,0.8086492220543816,0.8514817271372884,0.7592778206258962,False,0.8925518925518926,0.7134238310708899,False,0.8147339727908509,0.8325854529050102,False,0.7450495049504949,0.7763541059988353,False,0.8123374762028187,0.8271104869129714,False,0.7496688039849504,0.7775038158976166,False,0.8070879745281859,0.8235051941277354,False,0.7467755011383198,0.7714091672112662,False,0.8135155685949081,0.8291440912976076,False,0.7497613070551352,0.7701742646248195,False,0.8118271217755209,0.8290514465330042,False,0.7546860516534162,0.7694640978975292,False
"complex|Ubiquitin E3 ligase (WSB1, TCEB1, TCEB2, CUL5, RBX1) (human)",complex,5,-0.027907886049506957,-0.5027368876727515,0.6924253643346701,0.6190476190476191,0.48339835146071974,-0.7995876915867967,0.7880251394545645,0.7623762376237624,0.5879434339617001,-0.6379729351976174,0.7382543508828207,0.7045908183632734,0.8408614750757849,-0.6102362862398419,0.7291473520478067,0.6831584207896052,0.9651565317160846,-0.6171200776505199,0.7314222367203367,0.6919308069193081,1.0024703664052517,-0.6241577610487304,0.7337380082754794,0.6976460470790584,0.9657657547084332,-0.32444962957075196,0.6272011744505868,0.6190476190476191,0.29868941490689976,-0.4573016142813849,0.676272865209331,0.6435643564356436,0.6889841714639923,-0.41629366149091257,0.6614024349038224,0.624750499001996,0.7830358567846993,-0.4310318796187176,0.666777404737781,0.624687656171914,0.9373219231745732,-0.43891460152713824,0.6696382918952923,0.625037496250375,0.9144228271478194,-0.43008183851576426,0.6664319446619958,0.624927501449971,0.9729958731736811,0.8514817271372884,0.8137394547828732,False,0.7962962962962964,0.7862165963431786,False,0.8806109131265043,0.8325854529050102,False,0.8758597233769179,0.797172309823575,False,0.865186054210691,0.8309600036342915,False,0.8382681277760684,0.780290042321995,False,0.8634996919835333,0.8324463294227351,False,0.8225227386306847,0.7825818495710822,False,0.8636371408194906,0.8319319726394951,False,0.8232062169277145,0.7806790749496478,False,0.8656094339404021,0.8345591379640651,False,0.8267380321684905,0.7808643827123458,False
complex|NAT complex (human),complex,5,0.04323391888820338,0.5652311154975196,0.2859582876276353,0.3333333333333333,0.263282856789785,0.34455794331539435,0.3652133639983626,0.297029702970297,0.9461453307394747,0.28309573095561524,0.38855172700113183,0.3273453093812375,0.9597786926093571,0.3067882295367737,0.3795022839972929,0.32233883058470764,1.0007676361743256,0.32915339558162604,0.371019873426749,0.31856814318568144,0.9266775792852224,0.3224314163559101,0.37356294359008646,0.3226535469290614,0.9161868153964255,0.24023447804747738,0.40507424327324193,0.38095238095238093,0.3740370946867621,0.23883277874528247,0.4056176259281419,0.38613861386138615,0.4266853332440945,0.2252998974499769,0.4108729897211198,0.3413173652694611,1.0234993389066647,0.18257728080101643,0.42756485598792493,0.3713143428285857,0.9688457761142336,0.20955989554163051,0.41700559163902245,0.36106389361063895,0.9458101505202191,0.21801311476120563,0.41370944654552866,0.3572328553428931,0.8902722252559017,0.619977403899186,0.6574314302850267,False,0.6270833333333332,0.6035087719298246,False,0.7046745036122253,0.66353752937158,False,0.6040941932031041,0.5899884404684124,False,0.713134572117931,0.6756970320110981,False,0.608215667430571,0.564486411791801,False,0.7095042700818955,0.6845586258104543,False,0.6203909879379836,0.5882400904810753,False,0.703394450529872,0.6821667558877487,False,0.6146731480698084,0.57808634030214,False,0.707185195098214,0.6767746924467616,False,0.6162337622812762,0.57501117357332,False
complex|Dysbindin-pallidin-muted-beta-dystrobrevin complex (mouse),complex,3,0.1643973258578577,1.784774461512438,0.03714895368362428,0.09523809523809523,0.2052787012933328,1.263739997240033,0.10316168200420739,0.10891089108910891,0.7265874289967219,1.2594609913466608,0.10393193575593251,0.10578842315369262,0.45914297776803953,1.2205687054417136,0.11112468061447806,0.11594202898550725,0.5377753997464068,1.2558149859134558,0.10459152849277292,0.10728927107289271,0.5204203974117707,1.2529374749993938,0.10511423113170404,0.10859782804343913,0.5451616697481454,1.9576683116610512,0.025134472943026412,0.09523809523809523,1.0284541754600236,1.570237912407228,0.05817988623408221,0.09900990099009901,0.23328239464731815,1.4676620765032447,0.0710980184264334,0.08183632734530938,0.4525543987831643,1.4320742836600526,0.07606128164613728,0.0864567716141929,0.43603264751346904,1.4000929502293658,0.08074274293700356,0.0862913708629137,0.5077404515620332,1.385350382184855,0.0829726775219819,0.08639827203455931,0.4704918642216532,0.20707101960686866,0.12646765164153087,False,0.44791666666666663,0.3412698412698413,False,0.36106588701472586,0.23989240762272254,False,0.39026402640264024,0.3576237623762376,False,0.37458454333571495,0.26750629432945566,False,0.3798150824787207,0.32411492803865954,False,0.37582616702199884,0.2861805721935915,False,0.4011327669498584,0.3271739130434782,False,0.36186264455545575,0.3037945703004759,False,0.383825146897075,0.32467128287171276,False,0.35953844966639675,0.30090091486887416,False,0.38456407342441384,0.32507349853002937,False
complex|SMCC complex (human),complex,14,0.04271082847729924,0.5521543354058582,0.29042130880327316,0.3333333333333333,0.6931202004378328,1.1349034859997407,0.1282078795850552,0.12871287128712872,0.9399161704172365,1.1370270334283632,0.12776349237800033,0.1277445109780439,0.9277403111868093,1.067221533180207,0.14293590556190505,0.13393303348325838,1.1769586905055203,1.1069439501794376,0.13415908115928066,0.12708729127087293,1.1755215962256815,1.0987112358309694,0.13594702005100145,0.13039739205215894,1.1786250977376056,0.5334818805829599,0.2968500252862323,0.3333333333333333,0.3189759288725851,0.742909692438496,0.22876817859927306,0.22772277227722773,0.6774629103105511,0.6147214728742687,0.2693693382715525,0.19560878243512975,1.245243065573873,0.5875671687005616,0.27841142667659347,0.2413793103448276,1.0164022213357067,0.6174100693416193,0.2684821410184972,0.23177682231776822,0.9992202743228666,0.6397109225807501,0.2611802765449891,0.22365552688946222,1.051440588702942,0.619977403899186,0.5691201121729677,False,0.6270833333333332,0.5733333333333333,False,0.40198512244897516,0.4918515839884371,False,0.4211149375807146,0.4827081299679264,False,0.4005917833935219,0.5571340407929353,False,0.4154457043360088,0.4322290670457646,False,0.4383517936730548,0.5662286447949637,False,0.40721053614606845,0.4956951054674005,False,0.4106606735694059,0.5573318927349494,False,0.40491311693572907,0.48113671391481544,False,0.4133338690439539,0.542174229241667,False,0.4038847794472682,0.4653989678827113,False
complex|Cell cycle kinase complex CDK5 (human),complex,4,-0.10953628239402831,-1.0402313491938988,0.8508837849286358,0.8095238095238095,-0.10254624775306774,-1.0188214046819435,0.8458561190238618,0.8217821782178217,0.3916385376733278,-1.1494056122459817,0.8748056165292324,0.8922155688622755,0.8055123439604795,-1.1805630597497339,0.8811118271677298,0.9110444777611194,0.8151125705261802,-1.1646777232363983,0.8779252652382856,0.9068093190680931,0.8500279129516028,-1.1598794036130369,0.876951045257549,0.9029819403611927,0.8336825877128046,-1.5541858061912952,0.9399299489020574,1.0,0.9792696211621652,-1.1611088075787044,0.8772011732994196,0.9207920792079208,1.0818232766171423,-1.1426906190800132,0.8734164669780735,0.9141716566866267,1.1398336821618194,-1.1376602967273275,0.8723688209034857,0.9075462268865567,0.99864457492363,-1.1471864671762884,0.8743477183095223,0.9028097190280971,0.9666900753930157,-1.134591794074834,0.8717268035256448,0.9011819763604728,1.0365686866246375,0.908667143265497,0.9597520851229447,False,0.8925518925518926,1.0,False,0.8840371243964666,0.9136247514294994,False,0.8929835221789326,0.952434418699602,False,0.9033376503086832,0.9077320722715084,False,0.9228758976891578,0.9476510895734305,False,0.9074814763488122,0.9054586727308592,False,0.9359194123074981,0.9452298072417079,False,0.9051280673017632,0.908141487391047,False,0.931568617882239,0.9402966277766687,False,0.9032966167132165,0.9070332017182184,False,0.9293009361655771,0.9386012971782087,False
complex|STAGA core complex (SPT3-TAF9-GCN5 acetyltransferase complex) (human),complex,3,-0.12013570946665086,-1.948978824879495,0.9743510232259185,1.0,0.46249493341070436,-1.2836460652741384,0.9003670880491861,0.9207920792079208,0.7840203844719038,-1.3257349595084003,0.9075362483471658,0.9261477045908184,0.49222333168588994,-1.2951062970331766,0.9023582185300346,0.9175412293853074,0.561904139945027,-1.3163197227027517,0.9059666230687484,0.9207079292070793,0.47030598966268894,-1.3344117895102772,0.908965530809047,0.9212415751684966,0.4438895269350034,-1.116364281567113,0.8678668818933388,0.9047619047619048,0.7095555384209967,-1.1225769801828802,0.8691914017064863,0.9108910891089109,0.8168882761551145,-1.1629487935350782,0.877574860568136,0.8922155688622755,0.6229437505888203,-1.1328773792026972,0.8713671246705179,0.8760619690154923,0.5380253773981275,-1.1583933261162132,0.8766482192774404,0.8832116788321168,0.3890154837956191,-1.1596248391044353,0.876899208305653,0.882702345953081,0.3512927249063287,0.9743510232259185,0.9173430703674993,False,1.0,0.939080459770115,False,0.9124932441171886,0.9095294958170302,False,0.9331933193319332,0.948713556476755,False,0.9166725193036809,0.9077320722715084,False,0.9449846070570723,0.9324891882900865,False,0.9114423616695987,0.9054586727308592,False,0.9393874491325767,0.9220092750827383,False,0.9150870924285008,0.908141487391047,False,0.9426295465691527,0.9295339696799552,False,0.9181161905151782,0.9070332017182184,False,0.9431758983867942,0.9289979235380328,False
complex|TIF-IB complex (mouse),complex,3,0.06207269467083735,0.4560979361929163,0.3241597770944791,0.3333333333333333,-0.03660800447000074,0.3003899976658217,0.38193984615793464,0.33663366336633666,0.4459071854521385,0.30873268253955505,0.37876244021490957,0.3473053892215569,0.500266665805265,0.3157511287004796,0.37609570766323236,0.34132933533233384,0.5817877945641878,0.3443211401422546,0.36530239382717594,0.33296670332966705,0.5672353851516947,0.33877371720970034,0.36739010116131987,0.3375332493350133,0.5887028965816458,0.6060256153141009,0.2722488718467403,0.23809523809523808,0.6006954222326272,0.3826682470147592,0.35098288041447745,0.27722772277227725,1.462405239621767,0.44274395537754313,0.3289754725632559,0.29141716566866266,0.760828306503572,0.3907407204172227,0.3479944481979829,0.3233383308345827,0.5866946769474287,0.43493243284801175,0.33180573608527586,0.3080691930806919,0.48865877094438426,0.4362738247980973,0.33131903532173634,0.30593388132237354,0.47878377925744103,0.6548462611103235,0.5528569927936168,False,0.6270833333333332,0.48423423423423423,False,0.7151365427890584,0.6160020313296566,False,0.6254736584769589,0.5026840033400931,False,0.6994324816238514,0.6085847666597639,False,0.6259815697945427,0.5284130534112498,False,0.7075300500414559,0.6177567670259003,False,0.6203909879379836,0.5468481228998759,False,0.7030533442987459,0.606489302366851,False,0.622502967094595,0.5270393415203933,False,0.7011367206735052,0.6052379556901553,False,0.6232975953977853,0.5262062758744824,False
complex|TFIID complex (human),complex,11,0.008040482101267265,-0.3392591067070381,0.6327927270635754,0.5714285714285714,0.3624382804656458,-0.1669443917172976,0.5662930981457395,0.504950495049505,0.6999380681373818,-0.1254824472092539,0.549929189851872,0.4810379241516966,2.009710118499275,-0.14347761880022125,0.5570435070147428,0.4847576211894053,1.5572965643092458,-0.14794065131580864,0.5588051969690505,0.48375162483751627,1.1685942559636107,-0.15279499847327188,0.5607200289691416,0.48831023379532407,1.1384292005996193,-0.39443223661046706,0.653369026247242,0.5238095238095238,1.493247717818038,-0.18697985409051915,0.5741617857599421,0.5148514851485149,1.1018274880820873,-0.22800841149037177,0.5901801493374881,0.5429141716566867,0.947178746964361,-0.32256750931405975,0.6264885983930648,0.5687156421789106,1.0894748393712161,-0.294526729012091,0.6158222790522112,0.5504449555044496,1.029941454572202,-0.28671084389204804,0.612833133095179,0.5466490670186597,1.0707351284310298,0.8427903134784787,0.8355759259305302,False,0.7782805429864252,0.7134238310708899,False,0.7990785739730849,0.7804695781032555,False,0.7272253541143588,0.7044104410441044,False,0.7958109910837187,0.7939287514086288,False,0.7052850820098933,0.7167419546871171,False,0.8013975556371731,0.816333628209145,False,0.7017424302202966,0.7430465801581967,False,0.8044600042457161,0.805923939107459,False,0.6985368129853681,0.7291919930813937,False,0.8040373434829536,0.8020120567897776,False,0.7028926088144903,0.7254617903236649,False
complex|Mediator complex (mouse),complex,12,0.018160076755475665,0.530182730582054,0.297992621668111,0.23809523809523808,0.7142139376355772,0.4775336211679239,0.31649109278487586,0.2376237623762376,0.6711071635447303,0.31946915454454583,0.37468538899002335,0.3033932135728543,1.1243224060287924,0.2288985386848262,0.4094738881900796,0.3353323338330835,1.012889545213467,0.19645734520702926,0.4221261078259598,0.34726527347265274,1.1124981345464036,0.18690640968908886,0.4258670067786278,0.3531329373412532,1.0970422589238924,0.05518318552552463,0.47799626226452113,0.38095238095238093,0.7613911899179581,0.14630597197813655,0.44183992581645165,0.297029702970297,0.9414232508538174,0.02621186095008706,0.4895441777318059,0.4031936127744511,1.3195552734368137,0.07891477349925792,0.4685502061679443,0.3843078460769615,1.1736427294670804,0.09748324493846997,0.4611713197276997,0.38246175382461756,1.1248899566858144,0.09498576291813587,0.46216306766632337,0.3844323113537729,1.122463533640009,0.6272163293596379,0.709918070665231,False,0.5643044619422573,0.6035087719298246,False,0.6678183903053092,0.6837583902153779,False,0.5501904036557501,0.5198019801980198,False,0.6981384166109448,0.7243780238612235,False,0.5893908385760126,0.6067764967577283,False,0.7345997629160662,0.7016597614753792,False,0.6203909879379836,0.5932569429570929,False,0.7367705148731647,0.6924217532752452,False,0.6234376562343766,0.5899624323281958,False,0.740959358614838,0.6920949421271807,False,0.6289527463888592,0.5933574185659144,False
complex|Decapping complex (human),complex,4,0.13104180421613934,1.0618253530391344,0.14415748894215447,0.19047619047619047,1.2794349554132043,1.4682655844576926,0.0710160477317482,0.09900990099009901,0.5845484973610473,1.5153173294495341,0.064846030907635,0.08782435129740519,0.6197214852167714,1.4388420878387072,0.07509763434571885,0.08895552223888056,0.6790805341082876,1.3909970967024354,0.0821131535744084,0.08919108089191082,0.7651994279030169,1.3942307692190512,0.08162396460012328,0.09063818723625527,0.7544379257686903,1.0554154443540533,0.14561768122007196,0.19047619047619047,1.3385328736103788,1.4915878401432563,0.06790361394905826,0.1188118811881188,0.8878955612187441,1.2031779207214648,0.11445373854714724,0.1317365269461078,0.742029727595666,1.1346993811829147,0.12825064834765482,0.12743628185907047,0.7736086325527215,1.206139514082139,0.11388185063236611,0.11608839116088392,0.8043752770406852,1.205742260388378,0.1139584424201362,0.11849763004739905,0.7747825238234504,0.4279271283256199,0.41362205985432776,False,0.5259938837920489,0.46612466124661245,False,0.2803022220898811,0.2554873474833317,False,0.3772402556711368,0.3576237623762376,False,0.27491063807321314,0.35516057013083835,False,0.35723148297998597,0.3833666001330672,False,0.3134904451296307,0.3979736613674649,False,0.3638653646149898,0.38745778625838595,False,0.32719297297250716,0.3570670525035646,False,0.3706882476309331,0.3642989867679899,False,0.32758417792849476,0.35730719967146873,False,0.37393615764048355,0.3715394442111158,False
complex|p300-CBP-p270 complex (human),complex,3,0.1569313208718021,1.1861568141413545,0.1177801886562086,0.19047619047619047,-0.5920424268522951,0.9111267443224119,0.18111429821670638,0.15841584158415842,0.5354565160289184,0.7834155758319317,0.21669155623057745,0.1996007984031936,0.8224297444258191,0.8756641313990915,0.19060632508692055,0.1724137931034483,0.7502397661447737,0.9126921966243094,0.18070222457291435,0.16728327167283272,0.6688270356053629,0.9222114559113012,0.1782091443527365,0.17015659686806264,0.5967884240826807,0.8201695133480876,0.20605973947652145,0.14285714285714285,0.5277945477537297,1.2310050914942505,0.1091604800085364,0.10891089108910891,0.6217783051363208,0.990584624188687,0.1609442243472553,0.14770459081836326,0.7342389678644342,1.052938849803597,0.14618450955458723,0.14042978510744628,0.7279607013295214,1.020428064864421,0.15376274467621082,0.1486851314868513,0.6651581982080756,1.0037112307167437,0.1577589111018829,0.1511169776604468,0.6391854427517547,0.4028617816536225,0.4940329328163872,False,0.5259938837920489,0.4056603773584906,False,0.4943142928671582,0.3458663629744153,False,0.46294338171681243,0.3576237623762376,False,0.5481021716420489,0.42998150435713284,False,0.5091511891471294,0.4022294394262323,False,0.5127311059492944,0.4151088431691581,False,0.4717868338557994,0.39352198900549723,False,0.4981399485821791,0.4207507831594496,False,0.4590468881039824,0.3953075280707224,False,0.4936669944145962,0.4257381459746907,False,0.46141563655213386,0.395526496249736,False
complex|NuRD.1 complex (human),complex,8,-0.0318671848061886,-1.2829565406902577,0.9002463488653409,0.9047619047619048,-0.2234970526227103,-1.0110783823813054,0.8440105419820998,0.8316831683168316,0.8491674586414116,-1.0703249212394685,0.8577634596855421,0.874251497005988,0.7521156120447613,-0.9500437148333848,0.8289549796102271,0.8450774612693653,1.048512869196577,-0.9412255814889616,0.826705365063791,0.8463153684631537,1.0864152939128568,-0.9457750293544993,0.82786832780508,0.8454830903381932,1.089837270995515,-1.6657757009040437,0.9521209511757273,1.0,0.29939081171486676,-1.2906888373864618,0.9015942015435935,0.9306930693069307,0.534497717260336,-1.1622778721943128,0.8774386940553234,0.9161676646706587,0.9082550447940437,-1.1817097905058593,0.8813395638850603,0.9190404797601199,0.9133540762336299,-1.1649020285597977,0.8779706738564608,0.917008299170083,0.9912384052035577,-1.157032221805856,0.876370401977907,0.9140417191656167,1.0293889449044011,0.9248264539538144,0.9609399074620628,False,0.9456018518518519,1.0,False,0.8840371243964666,0.9245419506216543,False,0.8940594059405941,0.9561044841685534,False,0.8996055796702027,0.9077320722715084,False,0.922058660456864,0.9476510895734305,False,0.8911266030809942,0.9110075069746684,False,0.9062959623391151,0.9506226268309145,False,0.8887082674435753,0.908141487391047,False,0.9097890210978903,0.9485206118563401,False,0.889958452390461,0.9070332017182184,False,0.9088943221135577,0.9454520875218235,False
complex|CTF18-CTF8-DCC1-RFC3 complex (human),complex,4,-0.006924375750884855,-0.22076503308405038,0.5873623043091887,0.6190476190476191,-0.1542442774887652,-0.15405253365547708,0.5612158429689149,0.5544554455445545,0.24571221159442147,-0.30604033451965074,0.6202130321698024,0.5828343313373253,0.7862647318461058,-0.3559370734157471,0.6390561545108879,0.6221889055472264,0.5805042780521061,-0.33995806333284345,0.6330559452098286,0.6041395860413958,0.7813245734249533,-0.31895100350869765,0.625118166363515,0.5926881462370752,0.7433688792543403,-0.4956788447612048,0.6899394924261273,0.6666666666666666,1.2543859443324827,-0.20426093112028543,0.5809252006273848,0.5742574257425742,0.770880594181105,-0.19504336264928662,0.5773204995177333,0.5429141716566867,0.6972529466912178,-0.2452048889600374,0.5968511044578583,0.5632183908045977,0.6539815997213527,-0.23352536150990572,0.5923232608762197,0.561943805619438,0.7182243425886531,-0.2558583767792296,0.600969902231889,0.5690486190276195,0.6689708337325893,0.8229101548000582,0.8520170987825172,False,0.7962962962962964,0.819047619047619,False,0.7990785739730849,0.7804695781032555,False,0.728782048510528,0.7548099788144753,False,0.8123374762028187,0.7863052957232476,False,0.759450795378939,0.7167419546871171,False,0.8220337714007576,0.7949211612469705,False,0.7902061627414141,0.7430465801581967,False,0.8178104699920962,0.7976940459895309,False,0.7724894177248941,0.7353567673535677,False,0.8118271217755209,0.8013088298054227,False,0.763551282165846,0.7445366244190268,False
complex|BHC complex (human),complex,4,0.028136984843401065,-0.175533325914761,0.5696697065104004,0.5238095238095238,0.42516059889467167,0.06504709397785274,0.4740682520252012,0.36633663366336633,0.783530270195786,-0.007080503650726947,0.5028246886708554,0.437125748502994,0.8739341730645647,-0.031124431195626644,0.5124148470854406,0.4527736131934033,0.7995586230312584,-0.045154999650589736,0.518008118643348,0.45235476452354767,0.823018317414445,-0.04102018699752381,0.5163600987456592,0.45475090498190035,0.8417937775491864,0.008707473719745132,0.4965262644742598,0.47619047619047616,-0.07135133509941945,-0.06333819140972727,0.5252513977729139,0.4752475247524752,0.6520379829985917,-0.03395376426827251,0.5135429899044601,0.4630738522954092,0.6988494433610336,-0.015575255132283469,0.5062133765835991,0.4472763618190905,0.8032098902158459,0.00027483189708906965,0.4998903579376285,0.43745625437456254,0.8798038820588522,0.009115072850747459,0.49636366240488133,0.43547129057418854,0.8894549799160703,0.8226847887485862,0.7185307961863087,False,0.7367601246105919,0.6697819314641744,False,0.7681692592938163,0.7422566700922398,False,0.6410891089108911,0.6653465346534653,False,0.7761550322560383,0.7362028149868639,False,0.6817349756445659,0.6666001330671989,False,0.7715389656713457,0.7325491651522276,False,0.6795308813255063,0.641096118607363,False,0.7824617109511466,0.7256569490179337,False,0.6762883117628832,0.6355095259704799,False,0.7793302402851783,0.7249904365921468,False,0.677623873265109,0.6301772041482248,False
complex|HDAC1-associated protein complex (human),complex,7,-0.04083763312340769,-1.2586460159953785,0.8959208908431915,0.9523809523809523,0.7442472131360911,-1.0749082346206997,0.8587920925650561,0.900990099009901,1.0741721343527064,-1.0557634054700746,0.8544618395056303,0.8762475049900199,1.0245108068013098,-1.0547294716054412,0.8542254655659656,0.8855572213893054,1.0754468001583934,-1.048631164577936,0.8528260466624359,0.8787121287871212,1.0331150413674124,-1.0542629123359903,0.854118718152506,0.8819623607527849,1.0344969398688553,-1.5781697167486572,0.9427366873378449,0.9047619047619048,-0.20166855406414752,-1.3106915564324768,0.9050190037560842,0.9504950495049505,0.8487595117492425,-1.1908288156743105,0.8831396029312876,0.9321357285429142,0.8378537456759935,-1.2454928330051367,0.89352467581993,0.9320339830084957,0.9995482238851936,-1.2089820609515465,0.8866651313197479,0.9251074892510749,1.027552521508199,-1.2016182385232235,0.8852442640850503,0.9228215435691286,0.9830812203817232,0.9235348909034268,0.9597520851229447,False,0.9684684684684685,0.939080459770115,False,0.8887363569070741,0.9245419506216543,False,0.9255905112695569,0.9632963296329632,False,0.8996055796702027,0.910359659186019,False,0.922058660456864,0.957586533417806,False,0.9016640485374282,0.9147990728632617,False,0.9284840338451464,0.9574820098483181,False,0.9007040001592744,0.913993851120699,False,0.9247984292479843,0.9536210762485395,False,0.9000091741865295,0.9125291900328771,False,0.9255668679729854,0.9512646733366702,False
"complex|Retromer complex (SNX1, SNX2, VPS35, VPS29, VPS26A) (human)",complex,4,0.1611585995028376,1.5212184801685191,0.06410250969733883,0.09523809523809523,0.682474820130568,1.1882424962723346,0.11736894278096965,0.1485148514851485,0.6980238724182521,1.2422455812232247,0.10707298339514049,0.12974051896207583,0.6822489319311906,1.213089397565878,0.11254782157742937,0.12393803098450774,0.7318458634442379,1.1783058725100255,0.11933734373849691,0.12808719128087193,0.7547854453546091,1.1796830425449045,0.11906315039098148,0.12565748685026298,0.7787775811186978,1.1978040856898908,0.11549664813281946,0.19047619047619047,0.6299406724867934,1.5498216807427365,0.06059216087550057,0.0891089108910891,0.780421039778918,1.5237943030894516,0.06378005156104165,0.08982035928143713,0.7436278255800141,1.4870865449363244,0.06849597736021808,0.08695652173913043,0.6615208975693296,1.5131777400615258,0.06511725845588562,0.08049195080491951,0.6175765639495636,1.5183234159396588,0.06446644373383495,0.07747845043099139,0.6445080312611295,0.2879829166999849,0.3621301154997777,False,0.44791666666666663,0.46612466124661245,False,0.38028493156020154,0.24317653898034228,False,0.4561527581329561,0.3483348334833483,False,0.37458454333571495,0.25597060693164714,False,0.4154457043360088,0.332206175883527,False,0.3764099366089582,0.27256114284394,False,0.4011327669498584,0.3271739130434782,False,0.394731213904259,0.2578986157265996,False,0.40491311693572907,0.32304102923041034,False,0.39530161730726904,0.2553210468932147,False,0.4038847794472682,0.315148832158492,False
complex|DDB2 complex (human),complex,13,-0.01798141066576303,-1.1375037645335808,0.8723361241193512,0.9047619047619048,0.8174149850006064,-0.9436218056543363,0.8273185274126073,0.8415841584158416,0.982201418961141,-1.003907296790479,0.8422883504288634,0.8802395209580839,1.095450990801739,-0.9991506213776731,0.8411391340237488,0.8790604697651174,1.1594562959041377,-0.9929155244654829,0.8396244382111231,0.8669133086691331,1.2441251001874525,-0.9858396418587868,0.8378940952929093,0.870802583948321,1.2481077808002385,-1.1185550460713038,0.868334994704784,0.8571428571428571,0.30405922080001885,-1.3289973069371024,0.9080755708158942,0.9504950495049505,0.8487027749986016,-1.2575279770068644,0.8957187425448357,0.936127744510978,1.057250751714018,-1.20965674472637,0.8867946828690294,0.9365317341329336,1.1563771335000512,-1.239432847272124,0.8924073783568591,0.9471052894710529,1.197976305668403,-1.2506713342179094,0.8944727934704393,0.9442211155776884,1.092765162655884,0.9167213656596443,0.9173430703674993,False,0.9456018518518519,0.9148936170212765,False,0.8840371243964666,0.9245419506216543,False,0.8951124794458244,0.9632963296329632,False,0.8958614610568476,0.9170453792720937,False,0.922058660456864,0.958416500332668,False,0.8977001471534389,0.9110075069746684,False,0.9284840338451464,0.9588301087551463,False,0.8983585261582812,0.9148428230212987,False,0.9247984292479843,0.966549136332158,False,0.897530685705216,0.9174726475952836,False,0.9233732226763915,0.9667025707104906,False
"complex|Apoptosis- and splicing-associated protein complex (ASAP-S), SAP18-RNPS1-Acinus-S (human)",complex,3,0.1082158074559932,0.7437118284280921,0.22852541596115605,0.2857142857142857,0.1046504410284662,0.7081426275930169,0.23942834507093064,0.26732673267326734,0.5404618320118056,0.6914487963618464,0.2446417740153889,0.23552894211576847,0.49027856862366487,0.6655783816899808,0.2528403140882683,0.23788105947026486,0.5493531132656403,0.6620356774916019,0.25397417848820847,0.23577642235776422,0.5711788323530839,0.6626850746535237,0.253766135379343,0.23195536089278215,0.5888022712771479,0.6744540436217487,0.25001134684944804,0.3333333333333333,0.07405957313021493,0.5556085221639592,0.28923925214515145,0.26732673267326734,0.5268906158245087,0.5498359194248815,0.2912159597521782,0.25149700598802394,0.7279857489147932,0.5473200561323879,0.29207943364170863,0.25487256371814093,0.6410334045841051,0.517286254371498,0.30247817400734733,0.27207279272072793,0.6153708708061217,0.5016613854349421,0.30795286566442603,0.2783944321113578,0.5881362452021996,0.5638209033139998,0.5332754971852696,False,0.5890410958904109,0.5733333333333333,False,0.5724611813067775,0.5751842430093094,False,0.5754865141686583,0.5026840033400931,False,0.5857603525834961,0.575435487466051,False,0.545340089052664,0.4947751555712105,False,0.6040074169886409,0.5822245663983728,False,0.5553275993582156,0.501415958687323,False,0.5972361541011777,0.5956357794934698,False,0.545881289733622,0.5196493008926956,False,0.6014457224345059,0.5941911061858477,False,0.5412291754164917,0.5219200818295774,False
complex|DMAP1-associated complex (human),complex,10,0.08989704384385687,2.5239041064962278,0.00580297913209152,0.047619047619047616,0.3932950835644534,2.1051527349218455,0.017639007519769625,0.04950495049504951,1.050777193384584,1.9416866347097876,0.02608752383816453,0.0499001996007984,1.1501966955770562,1.9162427299347058,0.027667103384789084,0.04897551224387806,1.048408679570772,1.9280249363741606,0.02692601228463666,0.048095190480951906,1.0631385707279513,1.9174993788400296,0.027587259907747727,0.04759904801903962,1.0895821751760024,2.1116083175460894,0.01736002927971281,0.09523809523809523,0.31356049888172505,1.7999144872197088,0.035937070880071115,0.04950495049504951,0.5676798398514697,1.4788061474807035,0.06959606618770478,0.06786427145708583,1.0044820337909428,1.2878654655166069,0.09889639939663458,0.11044477761119441,1.0608143335153843,1.2993850424920548,0.09690591111700175,0.10728927107289271,0.9418601813459464,1.3029350289314938,0.09629847186469148,0.10497790044199116,0.9492972196569741,0.04990562053598707,0.09456366248134096,False,0.3412698412698413,0.3412698412698413,False,0.1327335315862664,0.17140196917180148,False,0.3041018387553041,0.24834983498349836,False,0.17449654833972272,0.26695342817186607,False,0.3174029299890785,0.3003992015968064,False,0.18506218041825587,0.3408224618895216,False,0.32005273958765296,0.3606959960879775,False,0.18010510439279187,0.3343024511868917,False,0.32170338521703384,0.34931719593998045,False,0.18452811627182367,0.3256835958569903,False,0.3211029396433348,0.34961608460138494,False
"complex|Upf complex (UPF1, UPF2, UPF3b) (human)",complex,3,0.19223373127974228,1.190420492218177,0.11694058135638419,0.19047619047619047,0.34106076974644217,1.2097956039240063,0.11317866675623645,0.12871287128712872,0.47424469248007034,1.3178886182646445,0.09377046817666801,0.10778443113772455,0.4972841028156234,1.3130679114946573,0.0945800326942765,0.10444777611194403,0.46524238048589106,1.3598051318716147,0.08694579900170124,0.09379062093790622,0.5117704656364415,1.3341557925729213,0.0910764020746277,0.09565808683826324,0.5860495208689486,0.6622925017064998,0.2538918907023555,0.3333333333333333,0.18326657693173132,0.8467471386613229,0.198568039056309,0.22772277227722773,0.6609870284372257,0.9586146280505788,0.1688764602948955,0.18562874251497005,0.6454675114641506,1.085372712499283,0.13887830652741245,0.1424287856071964,0.6597376208488009,1.0854478065258286,0.13886168423407175,0.1404859514048595,0.6451518914138022,1.0959798126564873,0.13654380450054354,0.13683726325473491,0.6451024293820441,0.4028617816536225,0.5344157979119512,False,0.5259938837920489,0.5733333333333333,False,0.37851976326252407,0.45815681235701905,False,0.4211149375807146,0.4827081299679264,False,0.361857832322783,0.43820529783416845,False,0.3798150824787207,0.42784128712272423,False,0.35146407211083,0.40586225783549734,False,0.38813309394685375,0.39352198900549723,False,0.3398790324611957,0.4101743373818346,False,0.3706882476309331,0.3907136559071366,False,0.35225979979163585,0.402938089751604,False,0.37393615764048355,0.3850472523259815,False
complex|20S methylosome-SmD complex (human),complex,3,0.0830068224538465,0.03937573095688605,0.4842954143954609,0.5238095238095238,0.23446604061550713,0.350639869180469,0.36292927099172834,0.36633663366336633,0.40644172378373233,0.5302401742809508,0.2979727100239753,0.2934131736526946,0.405892262482214,0.5357565238912639,0.2960634165245092,0.2798600699650175,0.4212210756861548,0.5715928664165443,0.28379891469459206,0.261973802619738,0.5340663406141953,0.5743439496137074,0.282867537020807,0.2608947821043579,0.5640909694487223,0.44180568512563145,0.3293149121391715,0.38095238095238093,0.033626471817978426,0.3405621209293865,0.3667166247807625,0.36633663366336633,0.3036362279918964,0.43457930689443675,0.3319339089593836,0.31736526946107785,0.6436247732358726,0.44823488365497477,0.3269918447943684,0.29535232383808097,0.6198136135359518,0.45540787822421513,0.3244079142653318,0.28987101289871015,0.5555639655089545,0.4736791978904171,0.31786434478738645,0.2886342273154537,0.5392025828576539,0.7746035959387005,0.6008773627984475,False,0.7367601246105919,0.6035087719298246,False,0.7046745036122253,0.6307525946229114,False,0.6410891089108911,0.5803543512245961,False,0.6641458660724944,0.6085847666597639,False,0.5810352978254019,0.5366682365605867,False,0.6601117657324241,0.611332579398167,False,0.5841839354295455,0.5296020628738884,False,0.6487046329817894,0.606489302366851,False,0.5769657076845507,0.5252810013116335,False,0.6468409526132747,0.6052379556901553,False,0.5815203695926081,0.5219200818295774,False
complex|MTA1 complex (human),complex,6,-0.03331520386184801,-0.5480650791179669,0.7081763911869773,0.7619047619047619,1.96748605317925,-0.6675522580306855,0.7477902793161089,0.7623762376237624,1.5465952647243117,-0.6412120993119863,0.7393075551723891,0.7265469061876247,1.0201964882680394,-0.6762375147646456,0.7505550711149042,0.7316341829085458,1.0827833163431335,-0.7056169597787417,0.759786812790579,0.7427257274272573,1.040838290804878,-0.7156585901094615,0.7628989069045622,0.744785104297914,1.0045364701262354,-0.9532607692818585,0.8297710183944564,0.8095238095238095,0.35129665685741707,-1.011947088727518,0.844218323598518,0.8217821782178217,0.6892022282070481,-0.8593097607026755,0.8049151797423466,0.7884231536926147,0.9652887958067916,-0.8730331387102588,0.8086774923339498,0.8100949525237381,0.910387585588258,-0.869727562627459,0.8077753470795797,0.813018698130187,0.9630778819318253,-0.8667923316171555,0.8069720977619298,0.8109037819243615,0.998951563142468,0.85890541374395,0.9082220964972051,False,0.8686868686868686,0.8828502415458938,False,0.8713809343221868,0.9026670820373021,False,0.8758597233769179,0.8897713512358429,False,0.865186054210691,0.8778241634146606,False,0.8401970006347459,0.8683071812579222,False,0.8692570405761209,0.8851342734273414,False,0.84433836721486,0.8845631532060056,False,0.8762493373948366,0.8809434038802662,False,0.8598478613677094,0.8866116998408462,False,0.8764601945735618,0.8809793663171759,False,0.8589284153014257,0.8843552114464958,False
complex|Kif13a-AP1 complex (mouse),complex,5,0.004102401749088181,-0.07135143558396112,0.5284409700840687,0.47619047619047616,0.4543350628978469,0.11388947147582414,0.45466270590252506,0.38613861386138615,0.9141129790159034,0.012194612532375667,0.4951351740415768,0.4550898203592814,0.7481359035666807,-0.06826246969333696,0.5272116503710759,0.45977011494252873,0.9298571137751537,-0.08381551094679979,0.5333984422686189,0.4727527247275273,0.8447871397990848,-0.09949491555558895,0.5396273376652347,0.48069038619227616,0.8635515076459395,-0.7310825068804688,0.7676356207218283,0.8095238095238095,0.3701859837982968,-0.48571358460046016,0.6864148746483174,0.6633663366336634,0.8296704978660562,-0.36698368839564377,0.6431844073971584,0.5748502994011976,0.9603780011856978,-0.3481791634731686,0.636147182461511,0.5727136431784108,0.8754934746426793,-0.3389551286649507,0.6326782333276323,0.5815418458154185,0.8779595557433316,-0.33892463488390295,0.6326667471529825,0.5795084098318034,0.8925822859330302,0.8074148832248969,0.8829043838198622,False,0.7095709570957096,0.8828502415458938,False,0.7519421674541761,0.8325854529050102,False,0.6493168869959621,0.8051341424465028,False,0.7708963383741909,0.8271104869129714,False,0.6913710267906398,0.7523040874772194,False,0.7715389656713457,0.8235051941277354,False,0.6846921366902756,0.7430465801581967,False,0.7831850298675819,0.8208454665155919,False,0.6985368129853681,0.7545004120277626,False,0.7923308714011496,0.8208305641941712,False,0.7028926088144903,0.7518622041352276,False
complex|GAA1-GPI8-PIGT-PIG-PIGS complex (human),complex,5,0.07069357404942042,0.8471692655066538,0.19845039092672817,0.2857142857142857,0.40005806506161407,0.8118411051465096,0.20844140612343542,0.22772277227722773,0.6124869080203296,0.6765604364246838,0.2493424441939684,0.249500998003992,0.6913537228387084,0.6193320083842669,0.26784883111943014,0.24287856071964017,0.8861151557281162,0.6456205110817819,0.2592625752965936,0.23047695230476953,0.8674529871267329,0.6378048322665257,0.26180036679467356,0.22971540569188617,0.905326298454784,0.5059845057564877,0.30643376340182427,0.2857142857142857,0.6439917723937536,0.40970076387659915,0.34101273482646605,0.297029702970297,0.818285260526881,0.37624782332455725,0.3533663325340741,0.3193612774451098,0.6981865384931747,0.4092810298298928,0.3411667176948495,0.29735132433783107,0.8877834940520805,0.4224177930146225,0.3363600464150375,0.2896710328967103,0.8912824993788004,0.4294834535377107,0.3337857164271288,0.2883142337153257,0.8664823796997189,0.519422327556045,0.5749907450396794,False,0.5890410958904109,0.5308641975308642,False,0.531702230874187,0.6073658768211022,False,0.5397209012239808,0.5198019801980198,False,0.5857603525834961,0.626881437519694,False,0.5599277635205779,0.537026505647922,False,0.6305652730691335,0.6177567670259003,False,0.5553275993582156,0.5296020628738884,False,0.6049460090253851,0.606489302366851,False,0.5415125154151251,0.5252810013116335,False,0.610867522520905,0.6052379556901553,False,0.540190133697326,0.5219200818295774,False
"complex|Ubiquitin E3 ligase (FBXW11, SKP1A, CUL1, RBX1) (human)",complex,4,-0.030004049817262086,-0.4234006022931977,0.6639984972387736,0.6666666666666666,-0.021048780074546955,-0.3744821071541048,0.6459771668867289,0.5742574257425742,0.3401759861284805,-0.3699805223719611,0.6443014984168091,0.5768463073852296,0.745335018774541,-0.4087412698433579,0.6586352280581907,0.6126936531734133,0.731359241668592,-0.4129487041846658,0.6601779017797335,0.6179382061793821,0.8014780214866762,-0.42538994064442326,0.66472378104418,0.623687526249475,0.8100049331506078,-0.5798078074673301,0.7189778840224563,0.6666666666666666,0.28742804852226866,-0.5520879833882193,0.709555962762524,0.6435643564356436,1.1432574458590739,-0.6440624906594732,0.7402325438530946,0.7045908183632734,0.7109581477321419,-0.6465904723029507,0.7410514870063624,0.7136431784107946,0.699515591214345,-0.6295500032610255,0.7355054782477589,0.7093290670932907,0.7596354326746043,-0.6367743090908058,0.7378640686571318,0.7131457370852583,0.8022338757221548,0.8508868228029516,0.8520170987825172,False,0.819047619047619,0.819047619047619,False,0.8246381174768264,0.8365747308155944,False,0.7450495049504949,0.797172309823575,False,0.826847937826128,0.8569615219222364,False,0.759450795378939,0.8252211530246898,False,0.8327222353692537,0.8612219984127996,False,0.7847693174689251,0.8325837081459271,False,0.8345135766655019,0.8553643635320589,False,0.7815100842856891,0.8319417085528801,False,0.8371625861686116,0.8575177014123424,False,0.787218899973465,0.8320033599328014,False
"complex|eIF3 complex (EIF3S6, EIF3S5, EIF3S4, EIF3S3, EIF3S6IP, EIF3S2, EIF3S9, EIF3S12,  EIF3S10, EIF3S8,  EIF3S1, EIF3S7, PCID1) (human)",complex,13,0.10086726590363305,1.1130657354158133,0.13284009917767237,0.19047619047619047,0.6259173855833016,1.3561904436317,0.0875192909063558,0.12871287128712872,0.6819455877301104,1.3031374591192104,0.09626391850397942,0.09780439121756487,1.0323031185352045,1.3226341415364928,0.09297853731512506,0.10844577711144428,0.9514932520805574,1.2807180425304152,0.1001463600388528,0.11358864113588642,1.0051461937309087,1.2588352150901823,0.10404492892801909,0.11513769724605508,1.060105093967967,3.2251779690298297,0.0006294719061202815,0.047619047619047616,0.6226078997127679,3.3036777878206753,0.00047712720288466224,0.0297029702970297,1.2023477229384996,2.676119330584309,0.0037240060648110335,0.021956087824351298,0.9490269015522259,2.640959353354098,0.00413358185422421,0.0239880059970015,1.0640679097565997,2.668815155373359,0.003805966443866875,0.019498050194980503,1.0813601206449457,2.673030700059887,0.0037584685460526315,0.019459610807783845,1.1030285624909069,0.4279271283256199,0.006111969152974347,False,0.5259938837920489,0.27044025157232704,False,0.3173892356965433,0.004538785678107707,False,0.4211149375807146,0.19022540551927533,False,0.3653650775258058,0.029876846757050355,False,0.37742463790367986,0.1652195608782435,False,0.35146407211083,0.03274231942424967,False,0.3950916108210955,0.1640997682976693,False,0.36186264455545575,0.03182210832233137,False,0.38618834745738906,0.14461236803148952,False,0.35953844966639675,0.03142497312116228,False,0.3893982794501413,0.14286202080836433,False
complex|DNA synthesome complex (17 subunits) (human),complex,17,0.021852479424084467,0.7049381104311284,0.24042437600209032,0.14285714285714285,0.910027276443749,0.1975133976770583,0.42171289905893516,0.3465346534653465,1.205360217343696,0.3332591529259881,0.3694693349694028,0.2934131736526946,1.47027648137303,0.3596867334864651,0.35954070705699026,0.28335832083958024,1.2593862534642022,0.3695225305928823,0.35586914133128594,0.28887111288871115,1.2055989712090232,0.3594177709757806,0.35964129119360777,0.29447411051778966,1.1817632147899304,0.7843002915149297,0.21643196423378125,0.23809523809523808,0.16938197477342504,0.5520457974898826,0.2904584881641695,0.2376237623762376,1.100390878173943,0.3688083190649678,0.3561353017138461,0.28542914171656686,1.0541966201471735,0.33984688132292007,0.36698592033663047,0.2958520739630185,1.1783669531575873,0.3509614719173493,0.36280862652181334,0.3017698230176982,1.0934483168661804,0.35764235254444743,0.3603054895669143,0.2973140537189256,1.1285765700298511,0.5698247021781826,0.4972978720180775,False,0.5058823529411764,0.48423423423423423,False,0.7253461863813685,0.5751842430093094,False,0.6360178700796908,0.48989556489895564,False,0.695064186411189,0.626881437519694,False,0.5810352978254019,0.5284130534112498,False,0.6981619043472771,0.6348434598926769,False,0.5841839354295455,0.5296020628738884,False,0.6910749131659165,0.6276172217417575,False,0.5858880778588808,0.5270393415203933,False,0.6984001848340382,0.6264523163821802,False,0.5863837986398167,0.5219200818295774,False
complex|RNF20-RNF40-UbE2E1 complex (human),complex,3,-0.06998291680647102,-0.3575205911467092,0.6396489430314141,0.6666666666666666,0.5599254515439881,-0.49087469156880875,0.6882424609293669,0.7029702970297029,0.20102411415419078,-0.5308017103444002,0.7022219026354745,0.6906187624750499,0.4585071331585225,-0.554507765961709,0.7103843038391854,0.6906546726636682,0.5485030987789129,-0.5581242747918078,0.7116202372491434,0.690930906909309,0.5692053275975254,-0.5637579883846059,0.713540576601752,0.6944661106777864,0.5793912710147501,-0.4906927839326667,0.6881781244892102,0.6190476190476191,0.37350504474676677,-0.6859521759738822,0.7536283667227923,0.7029702970297029,0.9747353050785457,-0.7700012404547006,0.7793504215695327,0.7604790419161677,0.7174441582474781,-0.6927280513503173,0.755759884147281,0.7386306846576711,0.6282664095847755,-0.7195067708534665,0.7640856340479498,0.7510248975102489,0.63029986257732,-0.7270373957124462,0.7663984761320135,0.75392492150157,0.6508541506276395,0.8433764760130542,0.8520170987825172,False,0.819047619047619,0.7862165963431786,False,0.8525143240318496,0.8724697630136942,False,0.8330474779761441,0.8169654803318169,False,0.8627297660950115,0.8735323074743268,False,0.8315049900199601,0.8660565661130569,False,0.8634996919835333,0.8642194088456377,False,0.827933255594425,0.852407129768449,False,0.8624877374269655,0.8625332151805986,False,0.8232062169277145,0.856852193568522,False,0.8656094339404021,0.8659646621070146,False,0.8267380321684905,0.8590708940538171,False
complex|p400-associated complex (human),complex,6,0.09421291034841062,2.227734910313969,0.01294909879239393,0.047619047619047616,-0.036770222459287905,1.277406922041164,0.10072931111651345,0.1188118811881188,0.6697946944783237,1.2409604919434127,0.10731017207150179,0.10778443113772455,0.9329251555986695,1.220679686949147,0.11110366084621887,0.11394302848575712,1.0668318276428157,1.2131050270031374,0.11254483414235827,0.11808819118088192,1.0041076929091213,1.1774408768917002,0.11950979127894179,0.12065758684826304,1.0221755337972533,1.6374772978371317,0.05076538934518826,0.09523809523809523,0.23509624438739382,1.2583888867435178,0.10412557452498433,0.12871287128712872,0.9545393283544876,1.1901125744690124,0.11700107431413115,0.1217564870259481,0.8723102179054905,1.0853510664601134,0.1388830981962001,0.1374312843578211,0.9458885157291066,1.0326881560872438,0.15087492899145993,0.1466853314668533,0.9638282079979026,1.044735900379196,0.14807252378149366,0.14431711365772684,0.9465244886433434,0.09506533503684324,0.21222753045696757,False,0.3412698412698413,0.3412698412698413,False,0.3609466981675066,0.333423382255535,False,0.4110617958347559,0.368976897689769,False,0.37458454333571495,0.3593604425362599,False,0.3798150824787207,0.37782167623515855,False,0.37582616702199884,0.40586225783549734,False,0.3988005997001499,0.39352198900549723,False,0.37639994529833154,0.416636271802105,False,0.39493939494939395,0.3953075280707224,False,0.39530161730726904,0.4088975198002715,False,0.4035325960147464,0.3913464073060881,False
complex|E2F-6 complex (human),complex,10,-0.0235641037667209,-1.3451672627306603,0.9107143871825806,1.0,0.3705933447159603,-1.1663251904408969,0.8782585039363957,0.9108910891089109,0.8799296328203934,-1.1419715114883244,0.8732670692106053,0.8862275449101796,0.7688151968543953,-1.1104129688691606,0.8665894438778146,0.8855572213893054,0.8721962673651181,-1.1063330817815757,0.8657088109932058,0.8974102589741025,1.0125131234036302,-1.0996026292235412,0.8642473520446029,0.8978620427591448,1.0516630237534468,-1.1458809976671707,0.8740778026004882,0.9047619047619048,1.2771316192524347,-1.2698084587349354,0.897923566541134,0.9405940594059405,0.9906751297900362,-1.4275118961298856,0.9232838006536314,0.9700598802395209,0.8832929791198598,-1.3714470569563588,0.9148821815800465,0.9600199900049975,0.9840459395427356,-1.3911487331197014,0.917909835181071,0.9586041395860414,0.9309711262010695,-1.391170380890227,0.9179131166838488,0.9594608107837843,0.899363552566547,0.9323980630678802,0.9181850150049071,False,1.0,0.939080459770115,False,0.9014996801277267,0.9245419506216543,False,0.929417687531465,0.9597247860379258,False,0.9033376503086832,0.9315606724323595,False,0.9228758976891578,0.9732934131736527,False,0.9025723965647827,0.9272038271232121,False,0.9284840338451464,0.9687356321839081,False,0.9009599041608743,0.9302722572037118,False,0.9282490994886765,0.9682545168301961,False,0.9001330552436868,0.930275582901813,False,0.9287164084896996,0.9690596823515035,False
"complex|TRF-Rap1 complex I, 2MD (human)",complex,4,0.22396752208909235,1.636136368419632,0.05090552508679561,0.14285714285714285,0.5122230757951568,2.3979568353325202,0.008243403973027738,0.039603960396039604,0.6684767196218704,2.5717472241339774,0.005059337065206344,0.017964071856287425,0.613408601539525,2.5072302284154877,0.006084071319909724,0.01899050474762619,0.7131832766127559,2.4060762119442223,0.00806245021165,0.0197980201979802,0.7300597950047699,2.3792752924336487,0.008673357808912678,0.022019559608807825,0.7586883011571818,3.6666370197162834,0.00012288062929926164,0.047619047619047616,0.3198212789956358,2.408641087034527,0.008006018006643658,0.019801980198019802,0.48109507473580654,2.2229441716238494,0.013109782374632492,0.02594810379241517,0.7776358674298651,2.2933944998279037,0.01091265150436383,0.02498750624687656,0.8271844294172144,2.3123105054252675,0.010380289085876328,0.025097490250974904,0.7773306636894537,2.3162784108551735,0.010271536163743763,0.025739485210295794,0.7673309147118307,0.2511895582151718,0.0012754161868647502,False,0.5058823529411764,0.27044025157232704,False,0.08270881986271164,0.05536513997653247,False,0.298019801980198,0.1453755131610722,False,0.06091441826508438,0.079910100513627,False,0.2162874251497006,0.17750861912538557,False,0.06712844083544149,0.06988740644284071,False,0.21266952730531283,0.16713865289577431,False,0.08912652286634468,0.06509306280934947,False,0.21067893210678929,0.1661604672866047,False,0.08702269001609053,0.06578154011248666,False,0.2285478428362467,0.1696035644504501,False
complex|TRF2-Ku complex (human),complex,3,-0.0563398130409527,-0.7620891337570561,0.7769965961223626,0.8095238095238095,0.6885403330488141,-0.56734673841812,0.7147606857563481,0.7227722772277227,0.7513082835369618,-0.5268179948242142,0.7008400072950508,0.6786427145708582,0.537207170744453,-0.506297686482238,0.6936761565600515,0.6686656671664168,0.524448485879292,-0.4939053485452886,0.6893134864616957,0.6553344665533447,0.5203719660475532,-0.48908615117936666,0.6876096472077776,0.6588668226635467,0.5777489325943175,-0.45243312547926295,0.6745215061308198,0.6190476190476191,1.0524312654623573,-0.5434968920692399,0.7066061349201682,0.6534653465346535,0.6182286038517626,-0.5625689048594384,0.7131357644910641,0.6826347305389222,0.5115994552820639,-0.5504699475265056,0.7090014579955833,0.688655672163918,0.5709906475287827,-0.5592246983783439,0.7119958104161506,0.6944305569443056,0.5575529425869761,-0.5542176805007153,0.7102850601807605,0.6949061018779624,0.5519502562319761,0.8724925730377253,0.8459623889390699,False,0.8925518925518926,0.7862165963431786,False,0.8664448337811499,0.8365747308155944,False,0.8465153908386946,0.7995653223858972,False,0.8627297660950115,0.8418792166370331,False,0.8315049900199601,0.8121464580719984,False,0.8592449511299405,0.8373544402065686,False,0.8200577130789444,0.8128837542013306,False,0.853840985287944,0.8427970200593151,False,0.8084248952153965,0.8197003829028862,False,0.8517304683520209,0.843221788708886,False,0.8127824328759327,0.8202617124128105,False
"complex|Ubiquitin E3 ligase (FBXW7, CUL1, SKP1A, RBX1) (human)",complex,4,-0.08184644608241058,-0.7977778285896164,0.7875002851174537,0.7142857142857143,0.4863997095851642,-0.8745368846109889,0.809087028764351,0.8217821782178217,0.6198201840007375,-0.907248177411256,0.8178622140190444,0.8303393213572854,0.7804418449198341,-0.9018127576005595,0.8164218291913846,0.8210894552723638,0.8137962920130745,-0.9278448962884257,0.8232559842874296,0.8267173282671733,0.8298903247053346,-0.9337957338972044,0.8247953647284387,0.8265434691306174,0.7947941597060445,-0.9246002705454501,0.8224130638641519,0.8571428571428571,-0.20192448103281607,-0.8358274864916216,0.7983740194933133,0.8118811881188119,0.765442000523537,-0.8343462349578193,0.7979570475042586,0.7904191616766467,0.6942743991906677,-0.883979727782479,0.8116464218577486,0.8110944527736131,0.7263166246575541,-0.8677082894069021,0.8072229766211751,0.8072192780721927,0.7830520895775523,-0.8698482217737392,0.8078083226031247,0.8106237875242495,0.8460134875453192,0.877916984519828,0.9067631216963726,False,0.8365758754863813,0.9148936170212765,False,0.8840371243964666,0.8873394496157576,False,0.8929835221789326,0.8897713512358429,False,0.8873673586962004,0.8735323074743268,False,0.8990364594551903,0.8683071812579222,False,0.882587214705694,0.885165119489791,False,0.8890213166797895,0.8845631532060056,False,0.8881722267760442,0.8809434038802662,False,0.8951148050662558,0.8835381916353818,False,0.889958452390461,0.8809793663171759,False,0.8949265619004166,0.8843552114464958,False
"complex|Ubiquitin E3 ligase (GLMN, FBXW8, SKP1A, RBX1) (human)",complex,4,0.0015592698423007405,0.08980237002259403,0.46422213239830235,0.38095238095238093,0.858386064771965,0.07035153593690409,0.4719569321690065,0.43564356435643564,0.5415163586010676,-0.06895852732667095,0.5274886843620815,0.48502994011976047,0.7757422233800795,-0.0647802078535955,0.5258254999051832,0.4867566216891554,0.6731952732482309,-0.06297600634428023,0.5251071947246897,0.4844515548445156,0.6666976668440938,-0.0677759893671032,0.5270180212445226,0.48385032299354014,0.6679496180842516,-0.3756767384745695,0.6464213833738961,0.7142857142857143,1.134976151560813,-0.23621202522304638,0.5933659256301944,0.5445544554455446,0.9029844701221417,-0.15742627519903576,0.5625455464911925,0.5229540918163673,0.7358420401549394,-0.20081493533039896,0.5795783579423487,0.5502248875562219,0.6406352353675705,-0.24418172420728013,0.5964549596502193,0.5582441755824418,0.64045267857836,-0.24573438503691367,0.5970560736202319,0.5550288994220116,0.6674658053100977,0.7726922310628576,0.8315078478441997,False,0.647834274952919,0.8431372549019608,False,0.7681692592938163,0.783347121117055,False,0.6690240452616689,0.725269429597827,False,0.7783043823185615,0.7738440332921138,False,0.7052850820098933,0.7085649329144402,False,0.7715389656713457,0.7932686286292696,False,0.7017424302202966,0.7295933531031841,False,0.7824617109511466,0.7976940459895309,False,0.6985368129853681,0.7337619949795414,False,0.7793302402851783,0.8013088298054227,False,0.7028926088144903,0.732735520728182,False
"complex|Neddylin ligase (FBXO11, SKP1, CUL1, RBX1) (human)",complex,4,-0.00636222684027669,-0.24648792057194874,0.5973477229840051,0.47619047619047616,0.45116169438392595,-0.1846251697555722,0.5732384786455601,0.5148514851485149,0.7246826225344158,-0.14330329763598543,0.5569746742114647,0.5109780439121756,0.8887505850300536,-0.16779416855467807,0.5666273948618974,0.5182408795602199,0.849225262050768,-0.19944333632283892,0.5790420180685272,0.5252474752524747,0.7718251848776335,-0.21282655199521885,0.5842688736680739,0.5287294254114918,0.8140119652570735,-0.6647145603423981,0.7468834604260448,0.7619047619047619,0.3267588520451066,-0.4649828620547794,0.6790281352432062,0.6732673267326733,0.5418423287241748,-0.4472342825766768,0.6726470445337398,0.6467065868263473,0.7670962549885408,-0.3864385306720682,0.6504140406107012,0.6121939030484758,0.851860079263697,-0.40049034888376805,0.6556023047469455,0.6106389361063893,0.9084239660739631,-0.4032302866271865,0.6566105894222725,0.6132877342453151,0.8391977512358378,0.8229101548000582,0.8699260600915906,False,0.7095709570957096,0.8654088050314465,False,0.7990785739730849,0.8325854529050102,False,0.728782048510528,0.8095813518359711,False,0.7983303663697661,0.8309600036342915,False,0.7187121084932937,0.7945252352437981,False,0.8013975556371731,0.8235051941277354,False,0.7188502522932083,0.7806856065638066,False,0.8069057751788272,0.8291440912976076,False,0.7219154796849082,0.7806790749496478,False,0.8061829751268373,0.8329791600932663,False,0.7267011737390824,0.7808643827123458,False
complex|SF3b complex (human),complex,8,0.2441501529988233,4.684202380914248,1.4052610580459207e-06,0.047619047619047616,0.4374350005614551,3.4240311254206297,0.000308497768823364,0.009900990099009901,0.8539810119307422,3.0227856740710046,0.001252297798940246,0.013972055888223553,1.1538359095132238,3.4030234896988425,0.0003332227532402555,0.006496751624187906,1.150689837558273,3.436654331504626,0.0002944733573551536,0.006399360063993601,1.1616002199612747,3.4215583756250814,0.00031131678607709183,0.005979880402391952,1.1491386554036915,2.758083698958081,0.0029070654454600854,0.047619047619047616,0.594177427920616,3.7663776100711557,8.281661074204257e-05,0.009900990099009901,0.8946829965299561,4.074868159591998,2.302021148770906e-05,0.003992015968063872,0.924264470792558,4.0725062034499375,2.325498051608366e-05,0.0024987506246876563,0.9588367911429394,4.060227074650935,2.4512506763960522e-05,0.0016998300169983002,0.9215954113327121,3.9523688140478983,3.869067650556518e-05,0.002239955200895982,0.9717866808727645,3.253719834398632e-05,0.023649370245499613,True,0.3412698412698413,0.27044025157232704,False,0.005158768245324031,0.0009587615320521082,True,0.16556655665566555,0.09030903090309031,False,0.01713371079459155,0.0003012645068608881,True,0.19116312828887677,0.044503585421749085,False,0.005572224929184272,0.00029165621397254926,True,0.11281859070464767,0.03008495752123938,False,0.004924248920216735,0.0003074276889980049,True,0.10701152107011522,0.02325676523256765,False,0.0052059084782891465,0.00047563049788325833,True,0.09999688895110986,0.027691446171076575,False
complex|SMN containing complex (human),complex,7,-0.053178172374035604,-1.437766206435534,0.9247497996033632,1.0,0.4406733660799443,-1.3232535158743433,0.9071244577553743,0.9306930693069307,0.7320788009185069,-1.2764945120698539,0.8991096172264408,0.9441117764471058,0.9528559063206207,-1.2838775277496122,0.900407594330674,0.9495252373813093,0.9445457391742058,-1.251993890526169,0.8947139549128167,0.9425057494250575,1.0455323800485425,-1.2424669560548434,0.8929678375068648,0.9402011959760804,1.0655281465386974,-1.3039792794631573,0.9038796763614066,1.0,0.9433812151063986,-1.237700228039023,0.8920863827139307,0.9702970297029703,1.1721995321352299,-1.313580514180467,0.9055062951580298,0.9680638722554891,1.3086380374767965,-1.3175553986711277,0.9061737377563617,0.9535232383808095,1.0988824185244694,-1.3092215848289868,0.9047703486587417,0.9504049595040496,1.0656274677202853,-1.3104143563393966,0.9049721502170063,0.9505409891802163,1.050217380503664,0.9362912773158316,0.9414110124040949,False,1.0,1.0,False,0.9141116371077849,0.922742272154272,False,0.9400624626221011,0.9767873108381072,False,0.9135426734323283,0.9208020096032669,False,0.9556323594421894,0.9732934131736527,False,0.9114423616695987,0.9221625654649801,False,0.9623134560665795,0.9687356321839081,False,0.9103097433350217,0.9200536315752745,False,0.9559087862257545,0.966549136332158,False,0.9080517536809672,0.9202588419436449,False,0.9553366508427408,0.9686736231605334,False
complex|ITGAM-ITGB2-CD11 complex (human),complex,3,0.00261343998152778,-0.3057977854415458,0.6201206926420553,0.5238095238095238,0.4982768015428367,-0.23947652174602677,0.5946319500914278,0.5346534653465347,0.3574183865624567,-0.22660635459297956,0.5896350747104044,0.5469061876247505,0.565698201974092,-0.27321806692568773,0.6076572036273438,0.5752123938030984,0.6016459201772398,-0.29549349399043723,0.616191539188543,0.5825417458254175,0.5615359719942166,-0.29936295029841914,0.6176684359929585,0.5810883782324353,0.5371716941153936,0.06341783674366078,0.4747168920861615,0.5238095238095238,0.25151932993611525,0.13770186792971267,0.44523802153559494,0.43564356435643564,0.233253947991763,-0.02261120751943729,0.5090197980968099,0.500998003992016,0.18880820691103584,-0.051283616897885055,0.5204502386266463,0.49325337331334335,0.44980604223219717,-0.03527039921970965,0.5140679366802325,0.48175182481751827,0.5025501956323866,-0.03000502269901588,0.5119684762794686,0.48035039299214016,0.5199416878708195,0.8357681478372302,0.709918070665231,False,0.7367601246105919,0.7134238310708899,False,0.805088909068784,0.6837583902153779,False,0.728782048510528,0.642787808192584,False,0.8095696470453474,0.7362028149868639,False,0.7448812781676466,0.6917449504660405,False,0.8070879745281859,0.7354719334583124,False,0.7619770900575913,0.6873577100338719,False,0.8134809355076817,0.7316308011801993,False,0.7630624868547627,0.6744525547445256,False,0.8118271217755209,0.73729775367501,False,0.763551282165846,0.6756330293954869,False
complex|LIG1-9-1-1 complex (human),complex,4,0.054696886060330595,0.5559661700797991,0.2891169908273502,0.38095238095238093,0.20867389219497154,0.8147469735178146,0.20760857965597568,0.21782178217821782,0.3717965400091528,0.7922606315838733,0.2141043608553026,0.17564870259481039,0.7355475868121034,0.7244452745398019,0.23439620655299143,0.21039480259870064,0.8108131227691836,0.7358359939345149,0.23091525669076374,0.20377962203779623,0.7646525102001915,0.7384689218730653,0.23011477292480104,0.20553588928221436,0.7319154770451864,0.6218311658795157,0.2670264454199437,0.23809523809523808,-0.107381318232404,0.5432089981772437,0.293492955942561,0.27722772277227725,0.3290352450449423,0.4316895818687487,0.3329835201610335,0.28542914171656686,0.6499477456657754,0.38068141492025803,0.35171983054540834,0.31284357821089454,0.6596190122055928,0.4220596415290914,0.33649074250918304,0.2996700329967003,0.6857160608136172,0.4367247185076336,0.33115550028043095,0.2949741005179896,0.668173547657628,0.619977403899186,0.5467684358598848,False,0.647834274952919,0.48423423423423423,False,0.531702230874187,0.5773946388151037,False,0.5245148514851485,0.5026840033400931,False,0.5481021716420489,0.6085847666597639,False,0.4861005262202867,0.5284130534112498,False,0.5879438181037535,0.6191091754044907,False,0.5315009162085623,0.5468481228998759,False,0.5815871120280931,0.606489302366851,False,0.5154425733897199,0.5270393415203933,False,0.5808044507572097,0.6052379556901553,False,0.5190641187176257,0.5219200818295774,False
complex|BRCA1-BARD1-POLR2A complex (human),complex,3,-0.021990327340686067,-0.8391231164978094,0.7992998873495969,0.8095238095238095,0.057641244789264176,-0.46943515628298543,0.6806206879618315,0.6732673267326733,0.41845548109045116,-0.4382690508592482,0.6694043708233668,0.6786427145708582,0.2914816810186048,-0.34438315126642066,0.6347209209193273,0.6261869065467266,0.40934455695881855,-0.31096258318049924,0.6220854666575405,0.6082391760823918,0.3670824988687113,-0.3239235108488635,0.6270020281198965,0.6108277834443311,0.4279024838710314,-0.5649338399494974,0.7139406172538851,0.7619047619047619,0.09628368431310631,-0.3577529079039554,0.6397358824219992,0.5841584158415841,0.3435706988485166,-0.431438056638589,0.6669250583003608,0.6447105788423154,0.40401007040993064,-0.4497083975328003,0.6735396422638487,0.6541729135432284,0.5183000903133141,-0.42230085978424375,0.6635972846619311,0.6459354064593541,0.4590009907489886,-0.4191894869221329,0.6624611726154048,0.6439671206575869,0.44489166727503954,0.8817956177498121,0.8520170987825172,False,0.8925518925518926,0.8654088050314465,False,0.8483762452279122,0.8266591309372621,False,0.8258380054872958,0.7644855789926818,False,0.8430573875223155,0.8309600036342915,False,0.8315049900199601,0.7945252352437981,False,0.8199613613593026,0.8324463294227351,False,0.7919422641620366,0.7907873372550672,False,0.8135155685949081,0.8319319726394951,False,0.7724894177248941,0.7839780538075226,False,0.8118271217755209,0.8343130249256773,False,0.7762342643442489,0.7879435094224945,False
complex|MDC1-MRN-ATM-FANCD2 complex (human),complex,6,0.10595575687386584,2.3012479362756832,0.010688810376562318,0.09523809523809523,0.7046721813226837,2.2673655296048345,0.011683952703250301,0.04950495049504951,0.6552343589178076,1.833120479627136,0.03339232807790209,0.05389221556886228,0.8727284442597705,1.838224981141481,0.0330146300787615,0.05147426286856572,0.8276453206860559,1.859225705233786,0.0314975763530048,0.049595040495950406,0.8773931178281323,1.8475042255343754,0.03233704813914205,0.0501189976200476,0.8690580012093262,2.4877980162980724,0.0064268355590763274,0.09523809523809523,1.455101698019478,1.801209925733056,0.035834899251629124,0.0891089108910891,0.6034429239112831,1.7936698115119594,0.036432943245853215,0.05588822355289421,0.8725930890074413,1.7689598043409873,0.03845029136633094,0.06096951524237881,0.8033990205126725,1.6865783066410194,0.045842233087433654,0.06569343065693431,0.9438530173944091,1.6849529287879654,0.045998826764011944,0.06403871922561549,0.9462511778263457,0.08695491684716912,0.04487826477433041,False,0.44791666666666663,0.3412698412698413,False,0.10657181102055578,0.17140196917180148,False,0.3041018387553041,0.3483348334833483,False,0.20568517420264784,0.18586976130511554,False,0.3174029299890785,0.27655799512086937,False,0.20243209022946107,0.18492006003935482,False,0.3227865234049642,0.29129879504692097,False,0.19751605171363426,0.2090683660502656,False,0.3221018323699545,0.2925604498373692,False,0.20278023937253664,0.2130099516302707,False,0.3211029396433348,0.2916496893942718,False
complex|RPA-MSH4-BLM complex (mouse),complex,4,0.04687009557207963,0.22884706982350506,0.40949389048627416,0.47619047619047616,0.5532282982318871,0.43182855406766013,0.3329330123789512,0.27722772277227725,0.6085872087990363,0.3633488904772688,0.3581721379693958,0.3193612774451098,0.8633432483419988,0.3473677262183896,0.3641575381479153,0.3363318340829585,0.6732418640825997,0.34058267417941146,0.3667088872255917,0.3250674932506749,0.7478744293651093,0.3450142307519862,0.3650418361403887,0.3226335473290534,0.7349381798653211,0.6434508466234578,0.2599657996925613,0.38095238095238093,0.5323826862553493,0.15532966713599214,0.4382807142268271,0.45544554455445546,0.28090552721457784,0.21123484295689915,0.41635201168140246,0.3652694610778443,0.681433118136836,0.1924137240043019,0.423709071527583,0.36481759120439783,0.7884680077654646,0.1660694185883801,0.4340511601850453,0.37816218378162186,0.81502505867566,0.16077566872443472,0.43613504472685194,0.377712445751085,0.8517441379009107,0.7454144740624993,0.5421270434716704,False,0.7095709570957096,0.6035087719298246,False,0.6817199777283286,0.6835362434314765,False,0.5754865141686583,0.6528052805280528,False,0.6866867103744467,0.6774159757627143,False,0.6007984031936128,0.5786637251812164,False,0.6981619043472771,0.6845586258104543,False,0.6203909879379836,0.5840962497474668,False,0.7030533442987459,0.68645617929697,False,0.622502967094595,0.5899624323281958,False,0.7011367206735052,0.6873122956166619,False,0.6162337622812762,0.5925818983620328,False
complex|Cofilin-actin-CAP1 complex (human),complex,3,0.0948459987083879,0.33374328049455776,0.36928664357302365,0.38095238095238093,0.20356520362803432,0.22590331513337605,0.4106383096839191,0.36633663366336633,0.4877537489547269,0.22483942746679852,0.41105209628405937,0.3812375249500998,0.5838791307602531,0.24710443716931615,0.4024136999182351,0.3713143428285857,0.5749889696139471,0.2091485121197024,0.4171661524167638,0.38806119388061194,0.5526583586332618,0.2004110658460279,0.4205795528770595,0.3897522049559009,0.5238274392102698,0.9000127413792502,0.18405673507311632,0.19047619047619047,0.679203065399848,0.7981453731357716,0.21239306678229203,0.2376237623762376,0.5643656809359541,0.8651300493027682,0.19348370668430181,0.18163672654690619,0.39434668664671063,0.8945415824840504,0.18551609586910728,0.18190904547726136,0.27385147381677855,0.8766208847827539,0.1903462957987162,0.17478252174782521,0.4622636863397469,0.8614336873802003,0.19449961448878994,0.18221635567288655,0.4474951667192083,0.7040198301931936,0.4817484978870262,False,0.647834274952919,0.46612466124661245,False,0.7198692144437155,0.47092092739430474,False,0.6410891089108911,0.48989556489895564,False,0.7408783292305502,0.4514619822633709,False,0.6520028125567048,0.4271301147704591,False,0.7341001434872046,0.4467227588528103,False,0.6498000999500251,0.4139509192772035,False,0.7367705148731647,0.4508816064158975,False,0.6612930885682381,0.4110120237976202,False,0.740959358614838,0.4566070993620909,False,0.659664460342078,0.41868032868350263,False
complex|ITGAV-ITGB3-CD47-FCER2 complex (human),complex,3,0.10845302392368665,0.978056716535522,0.1640231368165353,0.23809523809523808,-0.2353313046187871,0.9978267752346865,0.1591816821044918,0.2079207920792079,0.2690064599506785,0.8757817831583631,0.19057433758740944,0.20958083832335328,0.3413072593892123,0.929863514022911,0.1762208780520923,0.1794102948525737,0.3688099064542633,0.9295534092491273,0.17630117991136435,0.16898310168983102,0.4397704004314231,0.92006354988257,0.17876977538601657,0.16959660806783863,0.5036444925443104,1.0207307859891706,0.15369100225032606,0.14285714285714285,1.4512817062986507,0.9309390415544475,0.17594254880953675,0.15841584158415842,0.624883913763088,0.7731707864852362,0.2197106563842351,0.18562874251497005,0.8901978283776943,0.8062940397401416,0.2100366631810036,0.17041479260369816,0.9930884449045577,0.7993289542462553,0.21204984704403712,0.1743825617438256,0.9975241859430137,0.8104296398358621,0.2088466442306129,0.1762764744705106,0.9526580185627462,0.4657638130356333,0.42834251553100133,False,0.5643044619422573,0.4056603773584906,False,0.4743929337965548,0.4565405792385393,False,0.5129849050478819,0.40409464675281087,False,0.5258713094787798,0.48554293704427726,False,0.5213539862423912,0.42784128712272423,False,0.4911341138303683,0.47375738193081773,False,0.48216516741629184,0.4038964769583712,False,0.49135791808630247,0.47990228541545243,False,0.4590468881039824,0.4110120237976202,False,0.4936669944145962,0.4726529316798081,False,0.46141563655213386,0.4113117737645247,False
complex|CD98-LAT2-ITGB1 complex (human),complex,4,-0.010152053049900226,0.014791391469915356,0.494099303721696,0.42857142857142855,0.9877051489702676,-0.3760499491427245,0.6465601186861496,0.5841584158415841,1.0123389588716603,-0.36394122521549743,0.6420490503585632,0.6007984031936128,0.7853538139795532,-0.28330451249481226,0.6115282907699833,0.5662168915542228,0.7329413149143406,-0.24871067679287967,0.5982077052885738,0.5613438656134386,0.6846501386335002,-0.2484286990442353,0.5980986346010839,0.5630687386252275,0.6318415498409081,-0.23737551887159472,0.5938172599236582,0.7142857142857143,1.0280389014951923,-0.10771881903830431,0.5428906295292616,0.5346534653465347,0.7396973576882029,-0.2105584701312801,0.5833840891244406,0.5409181636726547,1.1016544441791702,-0.28952189828461966,0.6139089876546968,0.5662168915542228,0.9369132216833566,-0.2612516027057113,0.6030507568897495,0.5523447655234477,0.9115612102741213,-0.25683286280573664,0.6013461000327321,0.5471090578188437,0.9235655539709775,0.7746035959387005,0.7862748981760083,False,0.6861702127659575,0.8431372549019608,False,0.8246381174768264,0.7565281457792025,False,0.7482199283758163,0.7152475247524753,False,0.826847937826128,0.7909847334525074,False,0.7728218776122968,0.7167419546871171,False,0.8070879745281859,0.8069284073539902,False,0.7541207272469959,0.7430465801581967,False,0.8106183621897939,0.7976940459895309,False,0.7497613070551352,0.7291919930813937,False,0.8092559415847503,0.8013088298054227,False,0.7546860516534162,0.7254617903236649,False
complex|ITGA7-ITGB1-CD151 complex (human),complex,3,0.004790780487277028,-0.22709509092531874,0.5898250993942183,0.6666666666666666,-0.010846446419468294,-0.18510116500874044,0.5734251560737088,0.5445544554455446,0.3995826638772738,-0.1818558085294036,0.5721520571008935,0.562874251497006,0.3840544726968146,-0.1757743141157632,0.5697643751041696,0.5537231384307846,0.33739252077733956,-0.19364450907901967,0.5767728777151625,0.5584441555844416,0.3370532328787099,-0.19635592020750764,0.577834202411335,0.5554488910221795,0.36502920447041176,0.8382887000807566,0.20093429035222893,0.23809523809523808,0.41406877163506406,-0.05098504472457442,0.5203312811852953,0.49504950495049505,0.5384014969137753,0.17736154142060115,0.4296122069287237,0.405189620758483,0.4346531440904589,0.14565451198141424,0.44209706623897943,0.41879060469765117,0.39267991474476033,0.14317371723730996,0.44307649327799087,0.4246575342465753,0.3731384903975171,0.13353386515127086,0.4468855917816678,0.4301913961720766,0.3545548137412319,0.8229101548000582,0.4940329328163872,False,0.819047619047619,0.48423423423423423,False,0.7990785739730849,0.7387722435696882,False,0.728782048510528,0.6898606527319399,False,0.8055984418885156,0.6839496217072231,False,0.7496688039849504,0.6067764967577283,False,0.8013975556371731,0.6894881706628643,False,0.7467755011383198,0.615640960007801,False,0.8069057751788272,0.6882912073565689,False,0.7497613070551352,0.6245855996924579,False,0.8061829751268373,0.6898080160322154,False,0.7497314627698477,0.6277251266568872,False
complex|ITGA9-ITGB1-TNC complex (human),complex,3,-0.01591379751996036,-0.37035364659018477,0.6444404966212707,0.7142857142857143,0.35292840188848884,-0.4686257958123779,0.6803314322696089,0.6831683168316832,0.3106555556663257,-0.26779338206196873,0.6055708174554509,0.592814371257485,0.17366384923534212,-0.2901179506368739,0.6141369982643615,0.6026986506746627,0.2897241243022521,-0.2451971211186839,0.5968480973101988,0.5823417658234177,0.3067131610357572,-0.255469886521934,0.6008199004042084,0.5863082738345233,0.3677328689652756,-0.5547497917651829,0.7104670931759722,0.7619047619047619,0.7793560596629446,-0.4668411246507832,0.6796932247334367,0.6336633663366337,0.555112159213968,-0.3536771195106894,0.6382095641528396,0.6187624750499002,0.29741675653272837,-0.37625065524189333,0.6466347200347841,0.6256871564217891,0.40233815428718145,-0.3977229413818624,0.6545827876268943,0.6342365763423657,0.44332193596275615,-0.3946227843248058,0.6534393520042989,0.6327873442531149,0.43008896188107926,0.8433764760130542,0.8520170987825172,False,0.8365758754863813,0.8654088050314465,False,0.8483762452279122,0.8325854529050102,False,0.8258380054872958,0.797172309823575,False,0.8095696470453474,0.8271104869129714,False,0.7691255420194094,0.7785345974717232,False,0.8070879745281859,0.8235051941277354,False,0.7752662130473225,0.7825818495710822,False,0.8106183621897939,0.8291440912976076,False,0.7630624868547627,0.7806790749496478,False,0.8092559415847503,0.8329791600932663,False,0.763551282165846,0.7808643827123458,False
complex|PLC-gamma-2-SLP-76-Lyn-Grb2 complex (human),complex,4,0.05867229131264592,-0.3179633525687674,0.6247436321042419,0.7142857142857143,-0.12814937419119518,0.2988823822480465,0.382514894980194,0.37623762376237624,0.3852672746273655,0.36748434217791687,0.35662888461096376,0.33532934131736525,0.5009028712796925,0.26086872537492756,0.39709687174698993,0.35082458770614694,0.8353453956823625,0.2623923146203824,0.3965094986085471,0.34656534346565343,0.8252183501468427,0.27087395480701354,0.3932439887232734,0.3464730705385892,0.7989747790948886,0.42102324222388865,0.33686905502470305,0.38095238095238093,-0.08758941949866507,0.4388447728686687,0.33038700795003095,0.3069306930693069,0.8132845746510876,0.37096548947955355,0.3553316180112085,0.2994011976047904,0.8139040645913712,0.38829418304413227,0.3488991707455251,0.30934532733633185,0.7188465607117114,0.4112454314563871,0.34044628907804003,0.2966703329667033,0.7892894566506763,0.41194625671388807,0.3401894076881846,0.29681406371872565,0.801737144075981,0.8357681478372302,0.6071711710325486,False,0.8365758754863813,0.6035087719298246,False,0.7151365427890584,0.6035114533039144,False,0.6471287128712871,0.5249212421242123,False,0.6866867103744467,0.626881437519694,False,0.6190044154116009,0.5355688622754491,False,0.7332893153119262,0.6177567670259003,False,0.621165887644413,0.5445201375920228,False,0.7322046569397097,0.6099662679314884,False,0.6234376562343766,0.5252810013116335,False,0.7261744822435907,0.6128087128884465,False,0.6267523751321381,0.5219200818295774,False
complex|POLR2A-CCNT1-CDK9-NCL-LEM6-CPSF2 complex (human),complex,5,-0.045622544403675656,-1.2079185694684806,0.8864607069590895,0.8571428571428571,0.1996916084356049,-0.789130107033317,0.7849820165338646,0.801980198019802,0.8005399966792944,-0.7636730317248365,0.7774689421403285,0.7604790419161677,1.1495730330388954,-0.7825929284148994,0.7830669022639882,0.768615692153923,0.9474619891201295,-0.7979402422611116,0.7875474155328368,0.77992200779922,0.9177374192209846,-0.7853289750323668,0.7838696441914494,0.7756844863102738,0.9183484071695046,-0.9378305166175763,0.8258342421536544,0.7619047619047619,0.5423526098896447,-0.9711986742182899,0.8342753230176072,0.8217821782178217,0.7515468848954312,-1.011855346773558,0.8441963889125641,0.8642714570858283,0.9098248671222985,-0.9951133848321806,0.8401594392570395,0.8580709645177411,0.9584883835650033,-1.0129123893532168,0.8444489949695907,0.8649135086491351,0.9262857674009177,-1.0175705085125342,0.8455589457224332,0.8645827083458331,0.9123196592004592,0.917049878833709,0.9072120689352189,False,0.9148936170212765,0.8654088050314465,False,0.8806109131265043,0.9026670820373021,False,0.8874854397204427,0.8897713512358429,False,0.8699559538447542,0.8978336197691754,False,0.857319069725717,0.919242786511782,False,0.8762344418773178,0.8965136890721564,False,0.8632586691728763,0.9137109890284539,False,0.8798750592352099,0.8954779698370984,False,0.8759571804013628,0.9209255130824946,False,0.8790736440994705,0.8967976921564793,False,0.8711978745499717,0.9228347347946657,False
complex|ESR1-CDK7-CCNH-MNAT1-MTA1-HDAC2 complex (human),complex,4,-0.09640053324097224,-0.8407932609001315,0.7997681184242481,0.9047619047619048,1.0812617827830127,-0.9997802292639841,0.8412915621408278,0.8712871287128713,0.9087727355277936,-1.0649569163477313,0.8565522866026889,0.874251497005988,0.8553312982866872,-1.099030087946654,0.8641225288773543,0.8765617191404298,0.7967304966971546,-1.0841212653931724,0.8608444823728396,0.8782121787821218,0.7897591316879485,-1.0919849833703041,0.8625801491678575,0.879282414351713,0.8067492663507069,-1.331082547981767,0.9084190746379173,0.9047619047619048,0.067447633706554,-1.335747621952828,0.9091841109103311,0.9108910891089109,0.46029929191323493,-1.3677422712891865,0.9143036183260234,0.9461077844311377,0.877965173092872,-1.4135568878277536,0.9212539764120047,0.9525237381309345,0.7277806789659992,-1.4385872978881167,0.9248662563355546,0.9532046795320468,0.7246805597571292,-1.4459443680322304,0.925903596923921,0.9558008839823203,0.7259824559816066,0.8817956177498121,0.9428763498828038,False,0.9456018518518519,0.939080459770115,False,0.8840371243964666,0.9245419506216543,False,0.9137889398695966,0.948713556476755,False,0.8996055796702027,0.9266174717714917,False,0.922058660456864,0.9653506546229575,False,0.9025723965647827,0.9305283453020584,False,0.9284840338451464,0.9687356321839081,False,0.9009599041608743,0.9315731006259409,False,0.9247984292479843,0.966549136332158,False,0.9001330552436868,0.9327310469267038,False,0.9255668679729854,0.9686736231605334,False
complex|RNA polymerase II (RNAPII) (human),complex,17,0.04974669674344394,1.2263606295035245,0.11003149741238522,0.14285714285714285,1.288776115543135,1.4072030155099675,0.07968359886167309,0.1188118811881188,1.0927823423583076,1.2911788430858924,0.09832083481591453,0.10978043912175649,1.236206149993006,1.2868337151109064,0.09907612640400981,0.11094452773613193,1.2446442187760978,1.348920178219152,0.08868130310654859,0.09659034096590341,1.3436626604806843,1.3318373511491575,0.09145682064568456,0.1000379992400152,1.2575234768883639,0.512681657483221,0.3040870112495571,0.3333333333333333,0.20650176669474452,0.3799233396950832,0.35200116075980376,0.3069306930693069,0.7118477114653511,0.5461043402777894,0.29249710824686315,0.2634730538922156,0.7881026039482925,0.46013449254282857,0.32270984367571476,0.2893553223388306,0.7730308551014478,0.4637255809753029,0.32142218356228025,0.27947205279472054,0.9417843580504083,0.45951230765945245,0.32293315792367305,0.2785744285114298,0.9411169881060883,0.3938004240046088,0.5749907450396794,False,0.5058823529411764,0.5733333333333333,False,0.29415793657250844,0.6160020313296566,False,0.4110617958347559,0.5249212421242123,False,0.3653650775258058,0.575435487466051,False,0.3798150824787207,0.5149700598802396,False,0.35930016924827657,0.6109161191596864,False,0.3975512243878061,0.5296020628738884,False,0.3422188748086042,0.606489302366851,False,0.3706882476309331,0.5226781669659122,False,0.35225979979163585,0.6052379556901553,False,0.38115744014233643,0.5219200818295774,False
complex|MMP-9-TIMP-1-LRP complex (human),complex,3,0.02455235538815111,0.02572981770227977,0.489736420319222,0.47619047619047616,1.0947891397722174,0.2606776296567324,0.3971705593506627,0.36633663366336633,0.7806747394082275,0.14294078077353137,0.44316847542510107,0.4111776447105788,0.4999108543465033,0.1808620432195385,0.4282379312889336,0.39480259870064965,0.4635091764979016,0.20275049297943734,0.41966502750987184,0.3932606739326067,0.4389044597280244,0.20486980482231107,0.41883692354198804,0.3922921541569169,0.46022689672658074,0.2677625362647383,0.3944410548623821,0.42857142857142855,-0.11022120146590653,0.106134081420293,0.4577379853926404,0.44554455445544555,1.1358594269765414,0.1390608964261289,0.44470101403046625,0.36327345309381237,1.6113558363801954,0.123545243086146,0.45083767493916077,0.3793103448275862,1.3906507712320568,0.13601947745115364,0.44590294164295996,0.38416158384161586,1.24266907871768,0.15431768619447578,0.43867962639265845,0.375372492550149,1.2426699093914393,0.7746035959387005,0.6487800957026066,False,0.7095709570957096,0.6323529411764706,False,0.7198692144437155,0.6923651134437798,False,0.6410891089108911,0.647869134739561,False,0.7576784743131372,0.6899742537276822,False,0.6763085850157609,0.5785466104827383,False,0.7409617856203322,0.6959084110599353,False,0.6638859341279081,0.5932569429570929,False,0.7367705148731647,0.6882912073565689,False,0.6612930885682381,0.5899624323281958,False,0.740959358614838,0.6877217059593239,False,0.659664460342078,0.5925818983620328,False
complex|Casein kinase II complex (human),complex,3,0.13939669448322892,1.4130834577074487,0.07881559326806731,0.14285714285714285,0.07306138189409707,0.974781004062453,0.16483445087212184,0.12871287128712872,0.9022115041771033,1.1418328978274392,0.12676174249617073,0.12974051896207583,0.45119468907330706,1.1702467838222215,0.12095083534247303,0.12093953023488256,0.49574455878228035,1.1189520997926206,0.13158028727947146,0.13018698130186981,0.5264693475483071,1.1209038145603603,0.13116440350799813,0.12899742005159898,0.4753333157954418,0.817427589758204,0.20684205709726305,0.23809523809523808,1.0176477109696427,1.0437807727629023,0.14829341463294166,0.1782178217821782,0.714792347195923,0.9742399180068856,0.16496871439812116,0.16367265469061876,0.6616094680202952,1.0367416523116377,0.14992813730053,0.1454272863568216,0.581360360649071,1.0787093402284351,0.14035866030009625,0.1406859314068593,0.5171854738536334,1.0960549173248337,0.1365273710791131,0.1367572648547029,0.5093618626950014,0.3205877509957873,0.4940329328163872,False,0.5058823529411764,0.48423423423423423,False,0.47706893954335267,0.4057847073137767,False,0.4211149375807146,0.42914851485148514,False,0.4005917833935219,0.4320212198726312,False,0.4154457043360088,0.4038153201793135,False,0.39571958084874326,0.4161028135958257,False,0.4011327669498584,0.39352198900549723,False,0.4106606735694059,0.4101743373818346,False,0.40491311693572907,0.3907136559071366,False,0.41174931866641923,0.402938089751604,False,0.4038847794472682,0.3850472523259815,False
complex|FYB-CARMA1-BCL-10-MALT1 complex (human),complex,3,0.24508745440573212,2.2857727742525022,0.011133777619559195,0.047619047619047616,0.16973098674077455,2.219740463538154,0.01321819521093973,0.039603960396039604,0.48764056685054497,2.010440375610363,0.022192300403909963,0.031936127744510975,0.6462780672772004,2.019227737296373,0.02173177732607186,0.031484257871064465,0.4445862714147011,2.0214456626969457,0.021616825924792374,0.0324967503249675,0.482137695740894,2.0203826106329332,0.021671857878533745,0.03231935361292774,0.4825413268544158,1.7452396466959692,0.040471581319343614,0.09523809523809523,0.779756228117459,1.7165819213601963,0.0430277940140349,0.0594059405940594,0.5927027074251686,1.8702319915474952,0.0307258044817198,0.03992015968063872,0.5045495247748275,1.8136793580795503,0.034863552412841274,0.04697651174412794,0.515524936924361,1.858596114552197,0.03154220413225866,0.0443955604439556,0.5717274568061895,1.8529690171703088,0.03194339979718278,0.04533909321813564,0.5727879094690544,0.08819123851282415,0.17914626436944747,False,0.3412698412698413,0.3412698412698413,False,0.11367647881408167,0.19656273149045952,False,0.298019801980198,0.2838283828382838,False,0.16424319738347376,0.16225380963153788,False,0.282728660326406,0.22251792710874546,False,0.16353162437869073,0.18092981510802109,False,0.26324337831084454,0.2524987506246877,False,0.16548531410139797,0.16148279003418253,False,0.27947205279472054,0.24624810246248102,False,0.16529048374388836,0.16577522998193134,False,0.27794644107117855,0.24812849197561504,False
complex|RAD50-MRE11-NBN-p200-p350 complex (human),complex,3,0.12688284933958224,0.5642074292711136,0.28630648617235,0.23809523809523808,0.6402298072823769,0.9799463269341434,0.16355630669812737,0.16831683168316833,0.47360219988379626,0.9436889499318388,0.17266431119160303,0.15169660678642716,0.7410541421238094,0.94655545042098,0.17193267698843873,0.16441779110444776,0.6056447893083851,0.9662499089364001,0.16695957221536661,0.1571842815718428,0.5988813495755562,0.9702686047092588,0.165956311063421,0.15857682846343074,0.563356472514945,1.2660083117780947,0.1027550532479165,0.14285714285714285,1.0295637169525305,1.5200689373961973,0.06424682527994771,0.06930693069306931,0.1397887404440119,1.3466502873380348,0.08904644505015158,0.09381237524950099,0.26919654654023645,1.3574581838397126,0.0873178357828055,0.09395302348825588,0.3371741765380868,1.340224616084983,0.09008616547897375,0.09099090090990901,0.4234451849851428,1.337622619233743,0.09050974357885683,0.09373812523749525,0.441467150017798,0.619977403899186,0.3361877285611181,False,0.5643044619422573,0.4056603773584906,False,0.47706893954335267,0.24654191982969798,False,0.4648015260241621,0.3113639722181174,False,0.49973036219877415,0.30200524644704846,False,0.44330755963800555,0.332206175883527,False,0.48366108199551455,0.3092078655367583,False,0.46507480204851703,0.3366650008329169,False,0.4777493490326344,0.31901100951965994,False,0.45059494050594934,0.33400318504734894,False,0.4712532983970729,0.3243265811575703,False,0.4545869082618348,0.3368265968013973,False
"complex|Ubiquitin E3 ligase (CRY1, SKP1A, CUL1, FBXL3) (human)",complex,4,0.013161229629148638,-0.10738494257840589,0.5427582002445481,0.5238095238095238,0.508522432827471,-0.160057581238895,0.5635821422151686,0.4752475247524752,0.6518372414385052,-0.10560045820466743,0.5420503194046997,0.48902195608782434,0.7629627746096644,-0.057101565293629454,0.5227678552321248,0.4767616191904048,0.757323616693658,-0.05904587093294122,0.5235422139499716,0.47395260473952605,0.7778979638831551,-0.055688427210897354,0.5222049905278955,0.47339053218935623,0.7644094613119924,0.21355760215193914,0.4154460325783994,0.5714285714285714,-0.5929179826177569,0.05164908686420308,0.47940415292290506,0.504950495049505,0.5384594971938078,-0.06351269202396466,0.525320873562029,0.48902195608782434,0.7994512022591713,-0.07150195158954092,0.5285008643041388,0.48575712143928035,0.726704754223083,-0.07113146963367586,0.5283534387742859,0.47635236476352366,0.7756147164064608,-0.0629535491168179,0.5250982533290977,0.47185056298874023,0.7825128328399837,0.8087634568000446,0.6629926357978849,False,0.7367601246105919,0.7577092511013215,False,0.7990785739730849,0.7039056099014361,False,0.7081658660915596,0.7004152028106037,False,0.7881987736271238,0.7423548494937593,False,0.7061516776872794,0.6783207777992403,False,0.7715389656713457,0.7399012100257942,False,0.7000255969576187,0.6800599700149925,False,0.7824617109511466,0.7431513321077572,False,0.6985368129853681,0.6704315549753436,False,0.7793302402851783,0.7385727768787775,False,0.6984830891617462,0.6667935185897221,False
complex|9-1-1 complex (human),complex,3,-0.012555335476399199,-0.2210118396253815,0.5874583928830024,0.6190476190476191,-0.19797745013133228,-0.15102318839736836,0.5600212880018349,0.5544554455445545,0.5100871637489396,-0.25795572019709806,0.6017794594578484,0.5768463073852296,0.4180855941628335,-0.2810313343605386,0.6106568167179658,0.5902048975512244,0.5917804684607392,-0.28594220601255493,0.6125388065156923,0.5881411858814118,0.5796576097034025,-0.29794037739134793,0.6171256650475393,0.5947281054378912,0.5803380267482564,-0.43360900349840104,0.6677138022140445,0.6666666666666666,0.40553459414935034,-0.45537485052385074,0.6755802073844505,0.6831683168316832,0.06673720683783844,-0.4498817026478237,0.6736021291919173,0.6746506986027944,0.5510449265424867,-0.3884099037947416,0.6511436418684419,0.6371814092953523,0.5780808727519269,-0.3946116121668936,0.6534352288235874,0.6354364563543645,0.5724210967107617,-0.3941705754698006,0.6532724459290146,0.6337073258534829,0.5359357002345457,0.8229101548000582,0.8444427736777399,False,0.7962962962962964,0.819047619047619,False,0.7990785739730849,0.8325854529050102,False,0.728782048510528,0.8095813518359711,False,0.8095696470453474,0.8309600036342915,False,0.759450795378939,0.809043268045582,False,0.8070879745281859,0.8235051941277354,False,0.768909536647985,0.782822874277147,False,0.8134809355076817,0.8291440912976076,False,0.7630624868547627,0.7806790749496478,False,0.8118271217755209,0.8329791600932663,False,0.763551282165846,0.7808643827123458,False
complex|BRCA1-BARD1-UbcH7c complex (human),complex,3,0.016285857569099393,0.5958688997505297,0.2756314055201611,0.19047619047619047,0.3928680890554304,0.33718413776428874,0.3679890470490252,0.3564356435643564,0.2734075199387556,0.1324995442875817,0.4472945917264835,0.4111776447105788,0.4411293917577396,0.10258386544425824,0.4591466243921112,0.42628685657171417,0.4463668690892536,0.0772801110955855,0.4692003563151831,0.43095690430956907,0.555700902515712,0.07509335012084907,0.47007021936110377,0.4355512889742205,0.5557592506341826,-0.11460380004886095,0.5456204162224955,0.6190476190476191,-0.09862492667576306,-0.1778957221196269,0.5705975647424926,0.5148514851485149,0.6397320892479816,-0.0011578085628201143,0.5004618986851223,0.4810379241516966,0.45832958445999933,-0.004767706295703495,0.5019020324160323,0.4752623688155922,0.4143429517583329,0.016941969737023537,0.49324145527806296,0.46285371462853714,0.4996397117589894,0.013590254468060293,0.4945784397809823,0.45909081818363634,0.48901201331708855,0.614555948604211,0.7638685827114936,False,0.5259938837920489,0.7862165963431786,False,0.705507663450679,0.7804695781032555,False,0.6410891089108911,0.7044104410441044,False,0.7576784743131372,0.7317976143981588,False,0.6763085850157609,0.6758982035928143,False,0.7613902506970043,0.7324342238979274,False,0.6729942320506414,0.6716148967769636,False,0.7627069954002632,0.7242228197009607,False,0.6756147301936474,0.6571649438829702,False,0.7648300622722441,0.7249904365921468,False,0.677623873265109,0.6518223409116723,False
complex|BRCA1-RNA polymerase II complex (human),complex,25,0.041184192724399576,1.5786753333733305,0.05720527272343209,0.14285714285714285,1.047203873303081,1.2380459260662224,0.10784951614070076,0.09900990099009901,1.1253849321807428,1.3920037116592952,0.08196063700043565,0.08183632734530938,1.122900578094048,1.391646236563678,0.0820147751329312,0.0944527736131934,1.1910481697693895,1.3955135159140821,0.08143052094193376,0.09369063093690631,1.1633784812132226,1.381634363646642,0.08354199857079819,0.09557808843823123,1.1554376551839192,0.8076086341294424,0.20965795737756726,0.23809523809523808,0.63109689872214,0.6345497090041181,0.26286106840714796,0.26732673267326734,0.7532902467713343,0.6120940289587964,0.2702377739394304,0.24550898203592814,0.9039782889957177,0.6794721099795703,0.2484193866821679,0.22988505747126436,0.855428796664978,0.5690426191679174,0.2846636087176402,0.24997500249975002,0.9172405397022731,0.5604727393343595,0.2875785144350169,0.251414971700566,0.9382161658351827,0.2733140807897311,0.4940329328163872,False,0.5058823529411764,0.48423423423423423,False,0.3731345328546084,0.5437196411819093,False,0.3772402556711368,0.5026840033400931,False,0.320391581001703,0.5571340407929353,False,0.3421213129296961,0.4861723920579893,False,0.3248216751975302,0.5228967509883394,False,0.369224478669756,0.4772096710265557,False,0.32719297297250716,0.5789442312433087,False,0.3706882476309331,0.5083951064353024,False,0.33087028381329286,0.5809472003016113,False,0.37393615764048355,0.5057501516636335,False
complex|RSmad complex (human),complex,9,0.06006439720559604,0.47815678143238877,0.3162693102857075,0.2857142857142857,0.7312744555825959,0.8422986645514412,0.19981039919147814,0.16831683168316833,1.2913528477547496,0.8681529414087592,0.19265530601755393,0.16766467065868262,1.1424483235211713,0.7734568356671003,0.21962603236845307,0.18690654672663667,1.066671418155654,0.8220705048388559,0.20551838556275703,0.1770822917708229,1.2219365393115489,0.806920735377814,0.20985607580853338,0.18235635287294255,1.2062598971995424,1.57382880502416,0.05776351639264721,0.09523809523809523,0.046155135395930524,0.7196951994954839,0.23585634129420696,0.2376237623762376,0.934006589410946,0.7361052192167454,0.2308333333772974,0.18962075848303392,1.1412026279102738,0.7816950307848122,0.217196911368278,0.18440779610194902,1.0942809263703825,0.7614459908267109,0.22319536320948774,0.19118088191180882,1.1354736441337123,0.7676810396479274,0.2213383516285462,0.19053618927621446,1.1551845795559907,0.6432233945675537,0.22877392676561592,False,0.5890410958904109,0.3412698412698413,False,0.5275695627774993,0.5034947427628106,False,0.4648015260241621,0.48989556489895564,False,0.5258713094787798,0.5034842996128008,False,0.4761043949836177,0.4291417165668662,False,0.5698916874388308,0.4807078700136153,False,0.4934988646027863,0.4142294524379601,False,0.5474427792423882,0.49037813376683076,False,0.47196342312671385,0.42626255892929227,False,0.5492754679858135,0.48987385176612064,False,0.48122394073857655,0.42772359367627466,False
"complex|ING4 complex (ING4, MYST2, C1orf149, PHF16) (human)",complex,3,0.06820153838938132,0.7968790110934046,0.2127606508798786,0.3333333333333333,0.2618965057949316,0.6970321589577319,0.24289133419175046,0.22772277227722773,1.0990320380825018,0.544867023732121,0.2929224888669795,0.2714570858283433,0.6871227298102812,0.5229506389783556,0.30050430190041943,0.2698650674662669,0.6172147487656825,0.5334905569470438,0.2968470230415071,0.265973402659734,0.6634568818403568,0.5335040594917326,0.29684235084202965,0.27047459050818984,0.5836171007280991,1.1076721663472266,0.13400171208443595,0.14285714285714285,-0.2217605690169283,0.8807287374386041,0.18923232935522993,0.2079207920792079,-0.16329185877557267,0.7688383967140646,0.220994625830784,0.2155688622754491,0.14982794008948497,0.734828045109301,0.23122211236992135,0.2143928035982009,0.3747329095645648,0.7212070547548572,0.2353910659669779,0.21827817218278173,0.340165948653164,0.7088678212026823,0.23920325282583232,0.22379552408951822,0.38149182315196883,0.5427199653800293,0.39543642487661984,False,0.6270833333333332,0.4056603773584906,False,0.5756715873363535,0.45815681235701905,False,0.5397209012239808,0.47055758207399684,False,0.65798260558926,0.48554293704427726,False,0.5599277635205779,0.45694526440077593,False,0.6603897168847996,0.5043322885749734,False,0.5841839354295455,0.46067591204397795,False,0.6521274442044955,0.5060907918290025,False,0.5769657076845507,0.4626882382184317,False,0.6532123421663626,0.5046507197986185,False,0.5815203695926081,0.4653989678827113,False
complex|HBO1 complex (human),complex,6,0.048848011891490135,0.34699950946762614,0.36429584364577117,0.2857142857142857,0.6118198152757517,0.7171521191760566,0.23664011975798027,0.16831683168316833,1.1198183271740914,0.798100903156598,0.21240596869446876,0.18762475049900199,0.8645266886376902,0.6704641629630416,0.2512809721284096,0.21489255372313842,0.9655079557933632,0.7005887709232133,0.24177984407698228,0.20997900209979,0.9171901779004207,0.6888502525338374,0.24545875403386336,0.2135557288854223,0.9483732263080237,1.5876190730168842,0.05618625131810841,0.09523809523809523,0.12810365177714456,0.6958599212672689,0.2432582794405353,0.16831683168316833,1.0862563180275697,0.6055387969175142,0.2724105271921094,0.21357285429141717,0.8911238310419943,0.6559419580338623,0.2559307351131299,0.21639180409795103,0.8189427546712351,0.6655409306863005,0.2528522865618774,0.22357764223577642,0.7839766163568033,0.6652626889488404,0.25294124524041245,0.2241955160896782,0.8518829180075703,0.7029041598549816,0.2254941552900084,False,0.5890410958904109,0.3412698412698413,False,0.5724611813067775,0.5156390289549375,False,0.4648015260241621,0.4187055069143278,False,0.5481021716420489,0.5577929842505097,False,0.49203317502925176,0.45592502937387636,False,0.6040074169886409,0.5312769053038077,False,0.5345674270302865,0.46067591204397795,False,0.58393119677635,0.528531515660591,False,0.5202479752024798,0.46733937717339374,False,0.5910646797135429,0.5287174640094732,False,0.5246519263163124,0.4653989678827113,False
"complex|Respiratory chain complex I (early intermediate NDUFAF1 assembly), mitochondrial (human)",complex,6,0.41851100215388953,4.61907853734684,1.927239768884268e-06,0.047619047619047616,0.3587327248548379,4.926352800100516,4.1889336162366e-07,0.009900990099009901,0.6879663455377241,5.122202076606834,1.509940001110022e-07,0.001996007984031936,0.818108494705925,5.242808796160701,7.907520151806158e-08,0.0004997501249375312,0.9842848595038197,5.071022860354319,1.9784161691398793e-07,0.00019998000199980003,1.0982756939601783,5.025348318746597,2.5125980754739523e-07,0.0003599928001439971,1.1227974358256128,6.801524499339969,5.175889508588454e-12,0.047619047619047616,-0.01798932699922295,6.168512536496514,3.446769274194651e-10,0.009900990099009901,0.886580055762036,5.8296188297833424,2.77770626232352e-09,0.001996007984031936,1.1668403253602828,5.267191458016582,6.926335639129601e-08,0.0004997501249375312,1.2064485520821513,5.281434287603871,6.408822801674119e-08,0.0004999500049995,1.2230534061094858,5.2541795962553675,7.434286979853038e-08,0.000499990000199996,1.1896084302046661,3.867327802894431e-05,1.1984174939116344e-10,True,0.3412698412698413,0.27044025157232704,False,1.0507241820726806e-05,7.410553939518499e-09,True,0.16556655665566555,0.09030903090309031,False,3.7874328361176385e-06,5.5739305663958636e-08,True,0.04621526178412406,0.027309018326982393,True,1.9834696380780447e-06,1.3030168921112562e-06,True,0.012535398967183076,0.008356932644788716,True,4.962527224259197e-06,1.2056597895649435e-06,True,0.0054721800547218,0.0088520559708735,True,6.302433505980497e-06,1.3985752380848528e-06,True,0.009029819403611928,0.008852764121188164,True
"complex|PLC-gamma-2-Lab-Blnk complex, BCR stimulated (mouse)",complex,3,0.07452655922474416,0.40831940112145243,0.3415195987496177,0.38095238095238093,0.019456118627749926,0.2545080413223573,0.39955154625342953,0.40594059405940597,0.028715198494390377,0.3572334831992214,0.36045851072253066,0.3473053892215569,0.205495351905461,0.43148680187671923,0.3330572235579995,0.30334832583708143,0.4098566089606217,0.43388278426179117,0.33218678096079685,0.3100689931006899,0.3767568349273229,0.44199470702547805,0.32924651804663296,0.30867382652346953,0.3743389193627836,0.4416131014484176,0.3293846008695809,0.3333333333333333,0.08452180686159017,0.5800720996595868,0.2809329988477163,0.27722772277227725,0.41132517915765304,0.5632068425966439,0.28664702200389935,0.2714570858283433,0.3585283681821453,0.6037720000124024,0.27299761878125517,0.24537731134432783,0.5215212905763059,0.5757039690766868,0.28240764605619195,0.26147385261473854,0.45578953044991316,0.5628769883362175,0.2867593254206236,0.26509469810603786,0.45775867496262024,0.6762986791028613,0.6008773627984475,False,0.647834274952919,0.5733333333333333,False,0.7198692144437155,0.5637388843544173,False,0.6640658631080499,0.5026840033400931,False,0.6866962767562135,0.575435487466051,False,0.6259815697945427,0.5271521473182667,False,0.6904629236952223,0.5628238578983411,False,0.5890828779158807,0.4956951054674005,False,0.6801919800625841,0.5782632752579169,False,0.602133980150372,0.5157797945695627,False,0.6794440228706694,0.5809472003016113,False,0.5994246566681569,0.5147968008381767,False
"complex|LAT-PLC-gamma-1-p85-GRB2-SOS signaling complex, C305 activated (human)",complex,5,-0.0017266292171315366,-0.42637666203169544,0.6650832978261865,0.5714285714285714,0.45375887646337476,-0.21159021276691983,0.5837866272307665,0.5544554455445545,0.41070374117063646,-0.16824106575140269,0.5668031822217742,0.5229540918163673,0.915858173082581,-0.16448068681645062,0.5653236253141158,0.5147426286856571,0.7720890931992206,-0.16024100607813663,0.5636543857294674,0.5136486351364864,0.7438074877751465,-0.15339418832156423,0.5609562861508979,0.5141297174056518,0.7565204601448448,0.01702800890796633,0.4932071355658154,0.23809523809523808,0.7849633517093498,-0.36618682702308536,0.6428871644538389,0.5247524752475248,0.6547552324839152,-0.3088481416595646,0.6212814768178584,0.5608782435129741,0.7088488638926512,-0.23056348820394634,0.5911730322187585,0.5402298850574713,0.738886043638085,-0.25433719511526254,0.6003824666108676,0.5482451754824518,0.7619324225934688,-0.2463178895883331,0.5972819186997248,0.5448291034179317,0.7976992939584349,0.8508868228029516,0.7171755932623693,False,0.7782805429864252,0.48423423423423423,False,0.805088909068784,0.826961694447032,False,0.728782048510528,0.7114887164392115,False,0.8047535747582738,0.8095485910050881,False,0.7248164222014687,0.7372242414733852,False,0.8013975556371731,0.7949211612469705,False,0.7188502522932083,0.7227075351213282,False,0.8044600042457161,0.7976940459895309,False,0.7157788850744555,0.7291919930813937,False,0.8040373434829536,0.8013088298054227,False,0.7164492821254684,0.7254617903236649,False
complex|SHARP-CtBP1-CtIP complex (human),complex,3,0.10007648652646539,0.7114553918781681,0.23840104209804175,0.2857142857142857,0.5926692513910996,0.47158657862913256,0.31861095421734736,0.3069306930693069,0.7918112085698534,0.5241727524107163,0.30007919530185795,0.2694610778443114,0.6561822052044716,0.5436223912927811,0.2933506740644679,0.26186906546726635,0.6039006133870078,0.5521302871182739,0.2904295462850906,0.26177382261773824,0.583799023586614,0.5408412051302136,0.29430851944871667,0.2655746885062299,0.60544946869839,0.3241831834320918,0.37289967643193767,0.38095238095238093,0.4048965115206548,0.39865007304746775,0.3450755302709352,0.3069306930693069,0.504981075573237,0.4961629240619256,0.3098897335071935,0.2834331337325349,0.5181979147294339,0.5031396411823472,0.30743304889472944,0.28285857071464265,0.5813149574647317,0.5542974640125771,0.2896876427974782,0.26217378262173785,0.5711118936861279,0.5710138935689109,0.2839951124805767,0.25747485050298996,0.5701492039046329,0.5695136005675442,0.6360886741113435,False,0.5890410958904109,0.6035087719298246,False,0.6678183903053092,0.6109866741855969,False,0.6113226707286114,0.5249212421242123,False,0.6641458660724944,0.5979282678568285,False,0.5599277635205779,0.5284130534112498,False,0.6601117657324241,0.602257013253655,False,0.5838710274492384,0.5296020628738884,False,0.6521274442044955,0.5820857772455847,False,0.5769657076845507,0.5157797945695627,False,0.6532123421663626,0.5809472003016113,False,0.5815203695926081,0.511531348320402,False
"complex|LCK-SLP76-PLC-gamma-1-LAT complex, pervanadate-activated (human)",complex,3,0.009212657798559029,-0.43350776884027403,0.6676770383208923,0.6666666666666666,0.005075444703381007,-0.01927022102528493,0.5076872301522313,0.49504950495049505,0.7051632297837701,0.06810030840302096,0.4728528924292039,0.47305389221556887,0.3570354409890686,0.08920869767148662,0.46445802659882734,0.4482758620689655,0.4022735663754654,0.06951971499857774,0.4722879701587903,0.4500549945005499,0.5309514253455124,0.06158738546014483,0.47544571140839204,0.4501909961800764,0.5002847196387491,-0.16482700883304988,0.5654599275909558,0.5714285714285714,0.7593252902826723,0.06899445913801788,0.4724970149791847,0.46534653465346537,0.6212840498636787,-0.026219293991747335,0.5104587866039798,0.48303393213572854,0.39643631911933247,-0.029667253564379957,0.5118337858550122,0.47876061969015493,0.41983115115261505,-0.03928361603496852,0.5156678654783003,0.48805119488051196,0.3976512940057635,-0.0503222763030926,0.5200672138331998,0.49089018219635605,0.41519314658701706,0.8508868228029516,0.7701513040944691,False,0.819047619047619,0.7577092511013215,False,0.7681692592938163,0.7039056099014361,False,0.7198545941550677,0.6607042779749673,False,0.7576784743131372,0.7362028149868639,False,0.6979863801808148,0.6758982035928143,False,0.7613902506970043,0.7336284263921841,False,0.6795308813255063,0.6733969463866198,False,0.7627069954002632,0.7316308011801993,False,0.6762883117628832,0.6801083780510838,False,0.7648300622722441,0.7375451587195578,False,0.677623873265109,0.6840645594495517,False
"complex|Ubiquitin E3 ligase (SKP1A, SKP2, CUL1, CKS1B, RBX1) (human)",complex,5,0.01864453788788949,0.09464459800002895,0.46229856236209416,0.42857142857142855,1.8898490208930128,0.04262747637642912,0.4829992462057061,0.43564356435643564,1.3615896746425953,0.026998522025395502,0.4892304564279061,0.437125748502994,0.7936952850939331,0.009201183015065673,0.4963293108601578,0.44127936031984005,0.9919833024682251,0.03000285433482598,0.48803238838339796,0.42475752424757524,0.8907595001241414,0.02944720983330846,0.48825396055535425,0.4249315013699726,0.9266567564447179,-0.08910527363950731,0.5355008768446547,0.42857142857142855,2.4078399472659906,-0.0963664208221315,0.5383852198627244,0.4752475247524752,1.3351868360594394,-0.1469644716584726,0.558419968361612,0.4750499001996008,1.2171109548261132,-0.0706601518609194,0.5281658821318305,0.44677661169415295,1.1167846580738585,-0.11632635715801869,0.546303051290808,0.47665233476652336,0.9933397712368436,-0.13046501181966585,0.5519007329843336,0.4835903281934361,0.9804194480537403,0.7726922310628576,0.7592778206258962,False,0.6861702127659575,0.6323529411764706,False,0.7681692592938163,0.7537393078078141,False,0.6690240452616689,0.6653465346534653,False,0.7708963383741909,0.7738440332921138,False,0.6817349756445659,0.6744812262267917,False,0.7692072497282472,0.7399012100257942,False,0.6795308813255063,0.641096118607363,False,0.7644090822876158,0.761283418696913,False,0.6756147301936474,0.6704315549753436,False,0.7648300622722441,0.769083891797613,False,0.6776166581931519,0.6770264594708105,False
complex|Multisynthetase complex (human),complex,10,0.1052191531402169,1.7237835726999642,0.04237346062542663,0.047619047619047616,0.08241288854184575,1.9338589471053642,0.02656523640448461,0.04950495049504951,1.156047860405903,1.7324320507157454,0.04159833277400617,0.0658682634730539,1.1577236119408183,1.758657535616305,0.03931784705550144,0.06146926536731634,1.1524871959826648,1.703128884830831,0.044271975742467586,0.0683931606839316,1.2866529156614168,1.6946926130827278,0.0450668738565106,0.06763864722705545,1.2232922987620833,2.058006732625255,0.019794743557835125,0.047619047619047616,0.38798151978567247,1.9687505845203548,0.024490869686464144,0.0297029702970297,0.5307398586493373,1.6278587865018919,0.05177741601617395,0.05788423153692615,1.007137592171998,1.6417739334891364,0.05031843150421436,0.06746626686656672,0.9555225713576894,1.581322639998864,0.056902142789272865,0.0714928507149285,0.9758840191727078,1.6034837161891446,0.05441395070519516,0.07211855762884742,0.9393729772632945,0.23189839360460754,0.10272789329152367,False,0.3412698412698413,0.27044025157232704,False,0.15678698348529152,0.13403185046592195,False,0.3041018387553041,0.19022540551927533,False,0.22359103866028318,0.22586959740388926,False,0.3294700920739167,0.27655799512086937,False,0.22502432829055233,0.22605743108609738,False,0.3416427379530574,0.2943093670556026,False,0.2422884490633226,0.23788256916071016,False,0.3424149388339855,0.3022239442722394,False,0.24172197065682122,0.23737100235164846,False,0.34152783610994447,0.3099825674719382,False
complex|SKI-NCOR1-SIN3A-HDAC1 complex (human),complex,4,0.10698507791162926,0.5751566599731132,0.2825926755367275,0.23809523809523808,0.9737620668006529,0.936112594632631,0.17460760954168925,0.1782178217821782,0.6879925300282812,1.148208565320911,0.12544123709074628,0.11976047904191617,0.7283431279109529,1.120715264475503,0.13120454129175435,0.12993503248375812,0.7088129258247998,1.1035213264298067,0.13490041770260852,0.13008699130086993,0.7719694433218879,1.1194625161180813,0.13147143674611533,0.13139737205255894,0.7220627833020298,0.9057746126901717,0.18252758049787243,0.14285714285714285,0.5707466596133838,1.1373335397745994,0.1276994394061301,0.10891089108910891,0.983731352589246,1.099226212441038,0.1358347039952974,0.13373253493013973,0.7622227645987458,0.952623700874161,0.17039038213783086,0.1679160419790105,0.6294814172983421,0.9073088821053584,0.18212173924712233,0.17228277172282772,0.6974865931615751,0.9206777517013417,0.17860934759098085,0.16947661046779064,0.7037420797317914,0.619977403899186,0.4817484978870262,False,0.5643044619422573,0.4056603773584906,False,0.48663787474118947,0.3843753126124516,False,0.47896039603960394,0.3576237623762376,False,0.4005917833935219,0.4008455480645541,False,0.40053226879574183,0.3833666001330672,False,0.41571123082966377,0.4361206288090864,False,0.4032004616248577,0.4038964769583712,False,0.4106606735694059,0.4420858347853534,False,0.40491311693572907,0.4110120237976202,False,0.41174931866641923,0.4360991191241866,False,0.4038847794472682,0.40777517782977674,False
"complex|RNA polymerase II complex, chromatin structure modifying (human)",complex,22,0.02763948447781288,0.3912698786167819,0.34779888055374236,0.2857142857142857,1.2604926322525765,0.23334083034002756,0.40774837774649775,0.3069306930693069,1.4259482161273123,0.36352167755301773,0.3581076112802556,0.2834331337325349,1.190390895024576,0.35000363630958053,0.3631679843351807,0.3008495752123938,1.163863322406257,0.32772308473308875,0.37156052370182613,0.3010698930106989,1.2170794041892807,0.3370528118334963,0.3680385444066904,0.3001739965200696,1.1986658444122889,0.5532610845104432,0.29004232222626564,0.2857142857142857,0.7468746574949477,0.14330818899305156,0.4430233943540521,0.37623762376237624,1.1777420865908093,0.15157000750912594,0.4397630452938087,0.34331337325349304,1.5567659818110529,0.19821874860701422,0.4214369596227909,0.3458270864567716,1.2985001035330161,0.19237071045344462,0.4237259167871581,0.3545645435456454,1.186329032100793,0.18750240384349084,0.4256333695595459,0.35525289494210116,1.132637163130058,0.6842317846188003,0.5691201121729677,False,0.5890410958904109,0.5308641975308642,False,0.7198692144437155,0.6837583902153779,False,0.6113226707286114,0.5837501275900786,False,0.6866867103744467,0.6858480654582199,False,0.5764417111722501,0.5646848379743247,False,0.6981619043472771,0.6845586258104543,False,0.5890828779158807,0.5688194154288976,False,0.703394450529872,0.685706994370616,False,0.5884547908845479,0.5765102634121615,False,0.7011367206735052,0.6814661927522517,False,0.5867037204710451,0.5748985020299594,False
complex|UTX-MLL2/3 complex (human),complex,10,0.03855837930341944,0.8690416384374637,0.19241217822266216,0.23809523809523808,0.2583882048580266,0.7898771493467915,0.2147997587594242,0.19801980198019803,0.9290874424916606,0.6239755070438466,0.26632183524894526,0.21956087824351297,1.0997688561673815,0.5889065982676749,0.2779619656220235,0.24187906046976512,1.035209591820281,0.56957862132407,0.2844817659587913,0.23757624237576241,1.1522489325468326,0.5719897159918861,0.28366447091346264,0.23609527809443812,1.1637163992385942,0.5046469772775237,0.3069034042187357,0.42857142857142855,0.23524486875314143,0.8941088570565169,0.1856318254275206,0.21782178217821782,0.6980481069366945,0.650579415111893,0.25765901098538146,0.2215568862275449,1.0179412842779156,0.6718071666828906,0.2508532328482261,0.22038980509745126,0.9658957529751497,0.7095599165597852,0.23898854180253143,0.2074792520747925,1.039020511156584,0.7128535442259046,0.23796819422845683,0.20301593968120638,1.110652002650363,0.5171077289734045,0.5749907450396794,False,0.5643044619422573,0.6323529411764706,False,0.5387893948882223,0.45799327421052216,False,0.5094355589405095,0.47857194478571946,False,0.6119303237399429,0.5437081116194512,False,0.5329663254136888,0.46311543579507647,False,0.6435888588633006,0.5243529381063614,False,0.5553275993582156,0.46067591204397795,False,0.6487046329817894,0.506588387905366,False,0.545881289733622,0.4460803919608039,False,0.6468409526132747,0.5046507197986185,False,0.542478463407831,0.4396244449211735,False
complex|SMAD4-SKI-NCOR complex (human),complex,3,-0.033647306916618915,-0.504561358723525,0.6930665220884906,0.7619047619047619,-0.1618007202398694,-0.5309556068836142,0.7022752287382468,0.7227722772277227,0.6240304902969985,-0.4010689198518456,0.6558153086548595,0.654690618762475,0.564862621324564,-0.38892285667504856,0.6513333932447698,0.6351824087956022,0.5090922969361702,-0.39770354530567287,0.6545756381131818,0.6367363263673632,0.5047912452908163,-0.40609450714366363,0.6576634192314019,0.6394072118557629,0.5243964280159874,-0.22314936338022284,0.5882903698055821,0.6666666666666666,-0.3408490250902777,-0.35531141768870805,0.638821848637374,0.6534653465346535,0.007048145185127887,-0.5210643323717877,0.698839021623512,0.6826347305389222,0.5265969339317792,-0.48412240380197136,0.6858504988629673,0.670664667666167,0.5415146062630904,-0.468819851273666,0.6804007953625497,0.6615338466153384,0.4910213613805707,-0.4693792174353212,0.6806006996238767,0.6629667406651867,0.4750495694473849,0.8514817271372884,0.7835194748295585,False,0.8686868686868686,0.819047619047619,False,0.8650501072528366,0.8266591309372621,False,0.8465153908386946,0.7995653223858972,False,0.8315139282155215,0.8418792166370331,False,0.8176841338070746,0.8121464580719984,False,0.8309827078108383,0.8326345533788367,False,0.799131684157921,0.8040563051807429,False,0.8345135766655019,0.8319319726394951,False,0.7932972134885278,0.7964867513248675,False,0.8363549932086897,0.8349041096238565,False,0.794202963677352,0.7982119557608848,False
complex|SKI-SMAD2-SMAD4  pentameric complex (human),complex,3,-0.033151677832977976,-0.23866524097099379,0.594317414197298,0.5714285714285714,0.27049388392313833,-0.31168441021465865,0.62235981149136,0.6336633663366337,0.45035271485284106,-0.3733223612857409,0.6455457321898341,0.6487025948103793,0.5988787494392256,-0.38946692849102177,0.6515346147619862,0.6451774112943528,0.5587022491839118,-0.4067803746956199,0.6579153489841907,0.6404359564043596,0.5573608493474514,-0.402576185381147,0.6563699840593679,0.6361672766544669,0.5413081791480582,-0.7712406560874434,0.7797178499444394,0.8095238095238095,1.466906014573124,-0.5577879937076282,0.7115054188996418,0.7128712871287128,0.9988727651213587,-0.5594957616193555,0.7120882885001363,0.7125748502994012,0.5478802952425934,-0.5002683680584401,0.6915569380222897,0.6826586706646677,0.44598951305093293,-0.5220306365501116,0.6991755001114699,0.6854314568543146,0.45135783309732447,-0.5217830612883019,0.6990893076509078,0.6843863122737546,0.4082581784720217,0.8229101548000582,0.8856196870410449,False,0.7782805429864252,0.8828502415458938,False,0.8147339727908509,0.8365747308155944,False,0.7947194719471947,0.8252856054836253,False,0.826847937826128,0.8418792166370331,False,0.8169852763093062,0.8281275287263311,False,0.8309827078108383,0.8326345533788367,False,0.8004084377564304,0.8107540717830062,False,0.8345135766655019,0.8405654806313595,False,0.7932972134885278,0.8136851669163793,False,0.8363549932086897,0.8399659275399071,False,0.794202963677352,0.8142303557090914,False
complex|SKI-SMAD3-SMAD4  pentameric complex (human),complex,3,-0.07319480973976537,-0.9111775506359878,0.8188990847529662,0.8571428571428571,0.28794103544349064,-0.86198015478193,0.8056507807435794,0.8316831683168316,0.38362066879438644,-0.7352936240380342,0.7689196547749289,0.780439121756487,0.33211195624304224,-0.7074921444793255,0.7603696536416674,0.751624187906047,0.6249523004002111,-0.7056730014204753,0.7598042427244264,0.7505249475052495,0.501123284806262,-0.7067945756793931,0.7601529270229903,0.752164956700866,0.5429623172990101,-0.6579090969496333,0.7447017275826572,0.7142857142857143,0.598238473902071,-0.7228052097597832,0.7651002169213991,0.7524752475247525,0.3795263390395713,-0.786804620951603,0.784301875988219,0.7784431137724551,0.4257953358950283,-0.7626718626054475,0.7771704423970531,0.7736131934032984,0.5121105433995838,-0.7714321577280614,0.7797745898585502,0.777022297770223,0.5381975181525355,-0.7738736230037359,0.7804972353580266,0.7774444511109778,0.5444996511289646,0.8940680415406673,0.8699260600915906,False,0.9148936170212765,0.8431372549019608,False,0.8840371243964666,0.8767206047093294,False,0.8940594059405941,0.8611979068629297,False,0.8689831803642449,0.8735323074743268,False,0.8700450949951948,0.8683071812579222,False,0.8735544494127553,0.8696219448383383,False,0.8602238804552097,0.8624354489421956,False,0.8762493373948366,0.8689850083837551,False,0.8605928880796131,0.868843884842285,False,0.8764601945735618,0.8717676789532346,False,0.8607296275127129,0.8694935730915011,False
"complex|EIF3 complex (EIF3B, EIF3J, EIF3I) (human)",complex,3,0.16535791725745294,1.0720432253151408,0.14185030882382077,0.23809523809523808,0.029859188923626028,0.9590887875896874,0.1687570092032446,0.2079207920792079,0.6198635466942505,1.072747644078102,0.14169217866264677,0.14770459081836326,0.6358385152740547,0.9967624263956432,0.15943992011436348,0.15692153923038482,0.6185096965406623,1.009859506809417,0.15628130270709611,0.15478452154784522,0.5699292581136786,1.0122140481152953,0.15571786036785745,0.15315693686126278,0.5834035335109492,0.803211656777417,0.21092620455512184,0.19047619047619047,0.8294220465051294,0.79682993323729,0.21277490407184535,0.19801980198019803,0.5437309814979394,0.8677194031714529,0.19277398056649292,0.1996007984031936,0.5080857790052193,0.9503355997709512,0.1709708777391103,0.16741629185407297,0.5579023883006912,0.9368758008067101,0.17441122415594973,0.16478352164783522,0.6239671392861434,0.93286052184903,0.1754459939351969,0.16637667246655066,0.6192683906275085,0.4279271283256199,0.4940329328163872,False,0.5643044619422573,0.46612466124661245,False,0.47953334690233607,0.47092092739430474,False,0.5129849050478819,0.4549920640919054,False,0.43476088565145965,0.4514619822633709,False,0.44330755963800555,0.4322290670457646,False,0.46721375019135314,0.4361206288090864,False,0.45857653697423134,0.4038964769583712,False,0.4567055545129702,0.4374814872578406,False,0.44798212486443667,0.398002599740026,False,0.4550589900070397,0.4360991191241866,False,0.44327151918500096,0.40464271359734094,False
complex|MGC1-DNA-PKcs-Ku complex (human),complex,3,-0.11540130171409187,-0.7060260348245921,0.7599140264582869,0.7142857142857143,-0.08288417494861154,-0.9255179247822112,0.8226517179027308,0.8118811881188119,0.2690424383660292,-0.9472843456730766,0.8282530472254606,0.8383233532934131,0.46807662193352656,-0.9999297639253515,0.8413277503978392,0.8460769615192404,0.5397326496407564,-1.027447601292807,0.8478951265793817,0.8503149685031497,0.4943617240746334,-1.0276532610457219,0.8479435195535305,0.8515429691406172,0.4891217634976974,-1.3705078802555157,0.9147357913988827,0.9523809523809523,0.38270612197835474,-1.0158842871384341,0.8451577539287884,0.8811881188118812,0.39083464184929584,-1.0241822888347332,0.8471254086858665,0.8602794411177644,0.4512564087849431,-1.0204797085084223,0.8462494960123239,0.848575712143928,0.5098960767669024,-1.0126548065505603,0.8443874641986087,0.8477152284771523,0.5513913363048857,-1.0117843677858684,0.8441794170701845,0.8490630187396252,0.5369105013696057,0.8697114903572029,0.9461700110345832,False,0.8365758754863813,0.9750566893424036,False,0.8840371243964666,0.9026670820373021,False,0.8886408640864087,0.9306583289907938,False,0.8903720257673701,0.8978336197691754,False,0.9044277037323203,0.919242786511782,False,0.8977001471534389,0.8969052757032024,False,0.9062959623391151,0.9127561219390304,False,0.8989904479588322,0.8954779698370984,False,0.910835606830776,0.9080508319274834,False,0.8987007020620166,0.8967976921564793,False,0.9121510096488462,0.9127427451450971,False
"complex|TNF-alpha/NF-kappa B signaling complex (CHUK, KPNA3, NFKB2, NFKBIB, REL, IKBKG,  NFKB1, NFKBIE, RELB,  NFKBIA, RELA, TNIP2) (human)",complex,12,0.007759450694233292,-0.4685041920200435,0.6802879630520376,0.7142857142857143,1.7894513576944782,-0.24182104216597644,0.5955405832811834,0.5742574257425742,1.710313246242878,-0.20389000499293816,0.5807802720591624,0.5189620758483033,1.2130576565270896,-0.2544345107569396,0.6004200538691999,0.5387306346826587,1.059752308398109,-0.22449248642119216,0.5888129436490254,0.5133486651334866,1.1368200568788425,-0.21534412097205072,0.5852504835615933,0.5100297994040119,1.1590287292649892,-0.033438179308799984,0.5133374180054668,0.42857142857142855,0.7822673113021777,0.1580309978038062,0.43721618645035676,0.32673267326732675,2.121143895088697,0.06701114642403772,0.4732864147923649,0.3912175648702595,1.5458166908313768,0.09457533051577045,0.46232607269118337,0.38630684657671166,1.339693975321886,0.0845118818740933,0.46632472813462583,0.38416158384161586,1.3791637747081273,0.0861254084965433,0.46568336280302014,0.3863722725545489,1.2879805484487836,0.8514817271372884,0.7393041283236628,False,0.8365758754863813,0.6323529411764706,False,0.805088909068784,0.6835362434314765,False,0.7450495049504949,0.5403655750190404,False,0.8055984418885156,0.7122960542625091,False,0.7248164222014687,0.6038794206458877,False,0.8070879745281859,0.7016597614753792,False,0.733746249047422,0.5932569429570929,False,0.8092817170701216,0.6948700156857543,False,0.7157788850744555,0.5899624323281958,False,0.8061829751268373,0.6939143178401439,False,0.7156096878062439,0.5933574185659144,False
complex|PTIP-HMT complex (human),complex,9,0.06097301294378123,1.0821785734436813,0.13958659367218917,0.2857142857142857,0.8239535892424369,0.9985564351780959,0.15900480647611942,0.16831683168316833,1.119272205809323,0.9202951737971847,0.1787092652168621,0.16167664670658682,1.163453443254675,0.9949629981824295,0.15987713046415075,0.15292353823088456,1.1231036771956608,1.022629840938242,0.15324144743756268,0.141985801419858,1.2077482894150162,1.0294043502694912,0.151644852866256,0.14505709885802284,1.1260663548062908,0.36870442989634267,0.3561740232323478,0.2857142857142857,1.0043890055769917,0.5259484450750882,0.29946201394459093,0.27722772277227725,0.8611712877514808,0.3449512542070389,0.36506550871704313,0.3033932135728543,0.9412838364408126,0.48534368313673765,0.3137162868127102,0.2673663168415792,0.976249374788519,0.4940583839267255,0.3106324736973568,0.2672732726727327,0.9371712877961346,0.510595080035437,0.30481731083468433,0.26475470490590186,0.9189665012658537,0.4279271283256199,0.6142648039629023,False,0.5890410958904109,0.5308641975308642,False,0.4743929337965548,0.5778081166494993,False,0.4648015260241621,0.5026840033400931,False,0.5122998936216713,0.6388646402548255,False,0.46347305389221555,0.5355688622754491,False,0.46721375019135314,0.6053115534014473,False,0.45127436281859074,0.5122059223552781,False,0.452212506653984,0.5998425864175829,False,0.41899731595467904,0.5196493008926956,False,0.4475009873798339,0.5941911061858477,False,0.42806065447318503,0.5147968008381767,False
complex|PTIP-DNA damage response complex (human),complex,6,0.08641083366705994,2.2011289443141426,0.013863448375151707,0.047619047619047616,-0.030230177471152895,1.4632081214101038,0.07170521960438819,0.06930693069306931,0.7300338626369703,1.5815546568304473,0.05687563609567289,0.05389221556886228,0.8663270991589513,1.4877939816393817,0.06840261666976721,0.07096451774112944,0.8217953428304688,1.4925053200241367,0.06778336181415211,0.07939206079392061,0.9007233696606741,1.4984583483720553,0.06700710324725115,0.08029839403211936,0.8755184884003344,0.5395163959376612,0.2947652933711231,0.2857142857142857,0.9670458617462909,1.0889836352082582,0.1380805511614409,0.13861386138613863,1.2028264894606955,1.2208214140003668,0.11107682204767916,0.11177644710578842,1.032290784755759,1.2479748797900083,0.10602012832820351,0.11144427786106946,1.0495698866491943,1.2889276294477705,0.09871162377799758,0.10318968103189681,0.9062535298570965,1.3092599358334127,0.09522315793979963,0.10317793644127117,0.8662673715223456,0.09704413862606195,0.5691201121729677,False,0.3412698412698413,0.5308641975308642,False,0.2803022220898811,0.39317801857833906,False,0.3419899366985879,0.3792979297929793,False,0.26482639847792283,0.3505372371875735,False,0.3174029299890785,0.3617710814929281,False,0.29839402344347726,0.34687020246510064,False,0.34315654672663665,0.3606959960879775,False,0.3045192821799968,0.3343024511868917,False,0.3643559886435599,0.34931719593998045,False,0.30559300117306964,0.3256835958569903,False,0.36620934247981707,0.34895009964969237,False
complex|RPA complex (human),complex,3,0.04338986842152748,-0.14664806183496595,0.5582950920542983,0.42857142857142855,0.7476805632445869,0.0610175104426568,0.4756726318611013,0.42574257425742573,1.0167455404664079,0.05437269859036235,0.47831911501861557,0.4550898203592814,0.510707848926792,0.10567662866047496,0.4579194620631337,0.4217891054472764,0.5886455693175575,0.13959624540906795,0.4444895036518941,0.40555944405559446,0.6035098615615774,0.1351501365950323,0.4462465852532682,0.40567188656226877,0.6173067540618125,0.017967083265512235,0.49283255645964125,0.38095238095238093,0.9331234321031647,0.028034963082742722,0.48881713279546213,0.4752475247524752,0.5008335060504301,0.04923394943019744,0.48036642816478065,0.4431137724550898,0.679880534878014,0.08108249747073108,0.46768817242362604,0.41329335332333833,0.6548889843285455,0.10665236151085479,0.45753238848178646,0.40845915408459155,0.669387445275755,0.11868910882895806,0.45276083272379936,0.40431191376172476,0.6573579867438396,0.8226847887485862,0.7171755932623693,False,0.6861702127659575,0.6035087719298246,False,0.7681692592938163,0.7080618055856358,False,0.6690240452616689,0.6653465346534653,False,0.7577581769505436,0.7193547008835769,False,0.6913710267906398,0.644334519367063,False,0.7613902506970043,0.7016597614753792,False,0.6717382049715883,0.615640960007801,False,0.7558832802215827,0.6924217532752452,False,0.672988438861032,0.6086445810864458,False,0.7631830804615553,0.6920949421271807,False,0.6704764265370431,0.6054621196133291,False
complex|Dolichol-phosphate mannose (DPM) synthase (human),complex,3,-0.07173227551024082,-0.7328542155797841,0.7681763248828103,0.7142857142857143,0.44117380222249863,-0.473532183068128,0.6820832270603149,0.6336633663366337,0.952334515385683,-0.6268773352567287,0.7346301774601776,0.6986027944111777,0.6038320588414123,-0.5993346892953392,0.7255251401156431,0.7031484257871065,0.614391430020342,-0.6201150514319798,0.7324089782662576,0.7134286571342866,0.5894513353407509,-0.6245409868775016,0.7338638191570316,0.7150456990860182,0.5633791174643795,-0.2107796933383974,0.5834704075354489,0.47619047619047616,1.366794658374056,-0.4737046258697818,0.6821447229209732,0.6138613861386139,0.9221438085154461,-0.5628160774807245,0.7132199343602772,0.6946107784431138,0.621241570956536,-0.5838763365166697,0.7203482425895535,0.7101449275362319,0.6478953040402852,-0.6052456812665635,0.7274921163732895,0.7142285771422858,0.6051656785668309,-0.6109852124909356,0.7293953149690889,0.7170056598868023,0.5883467563811371,0.8724925730377253,0.7835194748295585,False,0.8365758754863813,0.6697819314641744,False,0.8483762452279122,0.8325854529050102,False,0.7947194719471947,0.7763541059988353,False,0.865186054210691,0.8418792166370331,False,0.8344422266577955,0.8199131149465775,False,0.8634996919835333,0.8469719571072485,False,0.834710095932426,0.8317261602661704,False,0.8636371408194906,0.8553643635320589,False,0.8355720848148648,0.8326059285963295,False,0.8656094339404021,0.8539231347652005,False,0.8391759013068765,0.8332768479765541,False
complex|TCF4-CTNNB1-CREBBP complex (human),complex,3,0.082319977054042,1.0190591945304117,0.154087432454929,0.19047619047619047,0.17309176421243883,0.6292498535662489,0.26459274772437236,0.2376237623762376,0.47542784015407596,0.5115561184455666,0.30448085170608347,0.27345309381237526,0.45614097471003817,0.5214861914469032,0.3010140612260995,0.26636681659170414,0.6874017833004556,0.5384581267957218,0.2951304030385887,0.2673732626737326,0.6317653306569736,0.5167457701327577,0.30266682036816184,0.2744745105097898,0.594604741116574,0.5027978883863761,0.30755318920727037,0.3333333333333333,0.39606089628805,0.5998104223891357,0.2743162932667236,0.22772277227722773,0.8162437367084526,0.6767860416411351,0.2492708578183387,0.22355289421157684,0.7525384257800247,0.6826701903958506,0.24740763512646724,0.22038980509745126,0.7595395310482262,0.7015561001918907,0.2414780185546282,0.21457854214578542,0.7309554250945208,0.7071037385990783,0.23975100641595498,0.21113577728445432,0.7215655342834332,0.45029434144595754,0.5749907450396794,False,0.5259938837920489,0.5733333333333333,False,0.5988151659025269,0.5541557333777436,False,0.5501904036557501,0.4827081299679264,False,0.6655234618891586,0.5321314056973045,False,0.5599277635205779,0.4640649735012733,False,0.6603897168847996,0.5228967509883394,False,0.5841839354295455,0.46067591204397795,False,0.6521274442044955,0.5082858991954062,False,0.5769657076845507,0.4580719233041235,False,0.6601645864551936,0.5046507197986185,False,0.5823930501255746,0.4507224749122039,False
complex|VHL-VDU1-TCEB1-TCEB2 complex (human),complex,4,-0.09746575243620408,-1.0342612587754163,0.8494929785538483,0.8571428571428571,0.6221761083452514,-1.046691114751796,0.8523789684793179,0.8514851485148515,0.7662687220761091,-1.1255724115697658,0.869826724458233,0.8902195608782435,0.7469016197792463,-1.1479466422171578,0.8745047041635243,0.894552723638181,0.7459222388014519,-1.117147925815698,0.8680344591583175,0.8888111188881112,0.7893593012979238,-1.117586124645703,0.868128101222988,0.8884822303553929,0.7846020858295933,-1.0083597318930242,0.8433591014735633,0.9523809523809523,2.0121335903407194,-1.0943369035245902,0.8630963771263938,0.9108910891089109,1.2974011438906983,-1.0928412678005879,0.8627682505066148,0.874251497005988,0.9195760725759156,-1.0629952885437852,0.8561079560229138,0.8755622188905547,0.9178078593701939,-1.0586250740891667,0.8551147185252674,0.8734126587341265,0.918714974263311,-1.0674800129708435,0.8571224328149755,0.873442531149377,0.8573221966990784,0.908667143265497,0.9131334156242538,False,0.9148936170212765,0.9750566893424036,False,0.88777186682448,0.9083636696330228,False,0.9024543299400363,0.948713556476755,False,0.9033376503086832,0.9035118382934347,False,0.9228758976891578,0.9265834528126845,False,0.9074814763488122,0.8978693197313485,False,0.9284840338451464,0.9220092750827383,False,0.9009599041608743,0.8975586824692603,False,0.9282490994886765,0.9224463518560424,False,0.9010570981659289,0.9020764065640127,False,0.9255668679729854,0.9230482057025526,False
complex|VHL-TCEB1-TCEB2 complex (human),complex,3,0.014108968045228135,-0.17515686640695496,0.5695218120369578,0.42857142857142855,0.9171529480369992,-0.23424633094743894,0.5926031257517175,0.5247524752475248,0.6507832614537945,-0.19317524062802888,0.576589135685166,0.5389221556886228,0.6199471191088556,-0.1723075916610185,0.568402141832294,0.5367316341829086,0.5486828830085584,-0.1959077878274502,0.5776588292092331,0.5400459954004599,0.5664955791529962,-0.19555188990450545,0.5775195402897649,0.5384892302153957,0.5604862278892412,-0.20433209353653142,0.5809530040117059,0.5238095238095238,1.2949335313589492,0.05971346495348703,0.4761919236954357,0.43564356435643564,0.8553092941161976,0.15257716661783086,0.4393658662700546,0.405189620758483,0.6078211832417484,0.15468618110012808,0.4385343623711777,0.41379310344827586,0.46196752121778245,0.17897140715367305,0.42898007648265873,0.40535946405359463,0.4566003128557485,0.17389462430498978,0.4309741387238077,0.40775184496310074,0.4691954469897089,0.8226847887485862,0.7835194748295585,False,0.6861702127659575,0.7134238310708899,False,0.805088909068784,0.7039056099014361,False,0.728782048510528,0.642787808192584,False,0.8055984418885156,0.6858480654582199,False,0.7373434948285248,0.6067764967577283,False,0.8013975556371731,0.6874939743423151,False,0.733746249047422,0.615640960007801,False,0.8069057751788272,0.686249397423077,False,0.7388811118888111,0.6070308392046367,False,0.8061829751268373,0.6863662209305086,False,0.7367511740674278,0.6075906204648185,False
complex|HIF1A-OS9-EGLN1 complex (human),complex,3,-0.13419552048720473,-1.5099535035370892,0.9344723555469041,0.9523809523809523,0.6147721578192559,-1.256009669411056,0.8954437678279967,0.9108910891089109,0.6016392572824815,-1.177511744105859,0.8805043435817967,0.8822355289421158,0.5235864097390751,-1.1919642450007992,0.8833623673428637,0.8925537231384307,0.5599417315970319,-1.1685003297920231,0.8786974968509766,0.8876112388761124,0.6134480100220815,-1.1672808396044685,0.8784515131071428,0.8874022519549609,0.6093764126932593,-1.7768807970344829,0.9622060727501094,0.9523809523809523,-0.019596860657026843,-1.0736396655010247,0.858507893739247,0.8514851485148515,0.654281187104519,-1.0628759851450185,0.8560809025550037,0.8483033932135728,0.6780578226952213,-1.044053884926836,0.8517697700769665,0.8535732133933034,0.6658979091992953,-1.0746677578656423,0.8587382480640753,0.8689131086891311,0.717942032138069,-1.0882309239949381,0.8617534119131314,0.873982520349593,0.6856943945713869,0.9407230067545758,0.9622060727501094,False,0.9684684684684685,0.9750566893424036,False,0.9105695071494155,0.9067048281246082,False,0.929417687531465,0.9153465346534654,False,0.9033376503086832,0.9009802505911053,False,0.922058660456864,0.9119261477045908,False,0.9074814763488122,0.8978693197313485,False,0.9284840338451464,0.9137109890284539,False,0.9051280673017632,0.8975586824692603,False,0.9282490994886765,0.9209255130824946,False,0.9032966167132165,0.9022473554475333,False,0.9255668679729854,0.9230482057025526,False
complex|tRNA splicing endonuclease (human),complex,5,-0.06273351841629596,-0.8245875900386527,0.7951971153436999,0.8095238095238095,-0.13101670251212266,-1.0055589551537638,0.8426861118063673,0.8712871287128713,0.7770849947193403,-1.1741480939601103,0.879832143750642,0.9021956087824351,0.7210102255347288,-1.1695490250091591,0.878908749362595,0.9085457271364318,0.8261213152579326,-1.1803601977625162,0.8810715073734772,0.9047095290470953,0.7781981985932483,-1.1714385771150686,0.879288733212533,0.9046019079618408,0.8043702247137539,-1.6907207432224822,0.9545549246882284,1.0,0.8792966797183597,-1.4710841900559113,0.9293658249604528,0.9603960396039604,0.5071967818012124,-1.4868274812218625,0.9314698093238153,0.9560878243512974,0.5001350514971927,-1.4999659968101526,0.9331883946074341,0.9650174912543729,0.6836582776706047,-1.4963771536828303,0.9327223001643613,0.9653034696530347,0.7041185845861189,-1.4964443248904176,0.9327310469267038,0.9626207475850483,0.7125182206300299,0.8817956177498121,0.9609399074620628,False,0.8925518925518926,1.0,False,0.8840371243964666,0.9355823187728973,False,0.9137889398695966,0.9700644561100404,False,0.9033376503086832,0.9335562993077666,False,0.9300030076832636,0.9689644280462643,False,0.9074814763488122,0.9331883946074341,False,0.9359194123074981,0.9687356321839081,False,0.9051280673017632,0.9327223001643613,False,0.931568617882239,0.9716028397160283,False,0.9032966167132165,0.9327310469267038,False,0.9293009361655771,0.9690596823515035,False
"complex|TRBP containing complex (DICER, RPL7A, EIF6, MOV10 and subunits of the 60S ribosomal particle) (human)",complex,15,0.03940630683982308,0.2852981580032914,0.3877078619716471,0.42857142857142855,0.6319023236599803,0.027345912888574617,0.4890919186781434,0.4158415841584158,1.1210954680563205,0.0828437668427873,0.46698788390255297,0.3852295409181637,1.4287318550871306,0.07010311926233388,0.4720557920002816,0.392303848075962,1.166659852212793,0.08650939772989547,0.46553074288606905,0.38776122387761225,1.0999289431506047,0.08051477664107293,0.46791392216448724,0.3877122457550849,1.123591062929308,1.3058640614639896,0.09579939501834667,0.14285714285714285,1.2795895021301622,1.4157657949644924,0.07842204368733319,0.0891089108910891,1.5688837559028703,1.2170150140268223,0.11179925172759819,0.11976047904191617,1.174222272450203,1.1969257264576538,0.1156677528550702,0.1199400299850075,1.1741390385586965,1.2450519260570296,0.10655633183640034,0.10878912108789121,1.2153564943841408,1.238201850466948,0.10782061279475635,0.1121977560448791,1.1703747511741533,0.7159513279353729,0.32039575445024826,False,0.6861702127659575,0.4056603773584906,False,0.7681692592938163,0.28439801385406377,False,0.6690240452616689,0.3483348334833483,False,0.7576784743131372,0.3505372371875735,False,0.6551078633693067,0.375499001996008,False,0.7613902506970043,0.36266660009766805,False,0.6633902150048572,0.37218504149986864,False,0.7627069954002632,0.3402420327155715,False,0.6612930885682381,0.34931719593998045,False,0.7648300622722441,0.3452553665023581,False,0.659664460342078,0.3554897323106169,False
complex|Splicing-associated factors complex (human),complex,4,-0.059398372135814115,-0.9185069987131785,0.8208232517103544,0.8571428571428571,1.6787746080576156,-0.8289753977850082,0.7964408356334489,0.801980198019802,0.8532849956514195,-0.7415685631803343,0.7708256118181176,0.7365269461077845,0.744224800957581,-0.7619867933953206,0.7769660568132957,0.7616191904047976,0.8378918952733552,-0.769156034415092,0.7790996565692919,0.7636236376362364,0.8407646871839379,-0.7639680511553628,0.7775568590162161,0.7593648127037459,0.8295311450326142,-0.6701431616737948,0.7486167336584271,0.7142857142857143,-0.5059673563729431,-0.6379711570143849,0.7382537721130492,0.7029702970297029,0.5229121385565605,-0.6426112972098355,0.739761824623193,0.7125748502994012,0.6148902297549467,-0.6175494803719755,0.7315638224745821,0.7101449275362319,0.7738321305021272,-0.6269344002253342,0.7346488816284644,0.7164283571642835,0.8644637968800417,-0.6186730477047032,0.731934115513029,0.7111457770844584,0.8274238966298524,0.8940680415406673,0.8699260600915906,False,0.9148936170212765,0.8431372549019608,False,0.8840371243964666,0.8579706000232734,False,0.8874854397204427,0.8169654803318169,False,0.8689831803642449,0.8569615219222364,False,0.8429452881309625,0.8281275287263311,False,0.8759055546846516,0.856812103365172,False,0.8632586691728763,0.8317261602661704,False,0.8783108487915987,0.8553643635320589,False,0.860864100855832,0.8326059285963295,False,0.8765715901268952,0.8539231347652005,False,0.8607296275127129,0.8320033599328014,False
complex|IKB(alpha)-RELA-cREL complex (human),complex,3,-0.09806555833360393,-1.042065814057197,0.8513094166141866,0.8571428571428571,0.4606369705775351,-0.9908241369790212,0.8391142694489967,0.8415841584158416,0.8288575626441025,-0.9136966951120961,0.8195618794602781,0.8243512974051896,0.5651556629103449,-0.8749247008770091,0.8091925609698494,0.8060969515242379,0.5842116999638537,-0.8599374411062267,0.8050882359117235,0.7998200179982001,0.49377744037957666,-0.866169876754505,0.8068014949996084,0.8041439171216576,0.5361125943551269,-0.6084283886653438,0.728548306089327,0.7142857142857143,0.9539121671930925,-0.735396462787993,0.7689509622699766,0.8118811881188119,1.2078018887302182,-0.6977136198310182,0.7573218455824948,0.782435129740519,1.2963940374845864,-0.6981503277696585,0.7574584066071408,0.7721139430284858,1.031851955440863,-0.6998300403647653,0.7579832740554928,0.7661233876612339,1.023834261461009,-0.6943430681928634,0.756266456057552,0.7648847023059538,1.0635314542859093,0.908667143265497,0.8566134380190914,False,0.9148936170212765,0.8431372549019608,False,0.8840371243964666,0.8767206047093294,False,0.8951124794458244,0.8897713512358429,False,0.8873673586962004,0.8700529600012631,False,0.895775236530549,0.8683071812579222,False,0.879303107768681,0.8642194088456377,False,0.8846280830703782,0.8624354489421956,False,0.8812056691251956,0.8625332151805986,False,0.88185284035699,0.8604594764404158,False,0.8798813405611672,0.8659646621070146,False,0.8831929543227317,0.8598769069394733,False
complex|Tumor necrosis factor receptor 1 signaling complex (human),complex,3,-0.028350975744390643,0.06471579721664336,0.4742001424146287,0.47619047619047616,0.28400285250145707,-0.1788264058011774,0.5709629946739451,0.5346534653465347,0.3274597878341212,-0.26589151338816785,0.6048386193778221,0.5808383233532934,0.3180645233781972,-0.2833262645071678,0.6115366271905655,0.5797101449275363,0.5668448705906527,-0.2895819655998041,0.613931967261436,0.5847415258474152,0.5595594701801586,-0.2837827426799799,0.6117115597920273,0.5795684086318273,0.5902018886771161,-0.3437867977254602,0.6344966851814687,0.6666666666666666,0.8814876852431519,-0.2503711754651433,0.5988498407389773,0.6534653465346535,0.7709274111481594,-0.25380388858914693,0.6001764654322218,0.6087824351297405,0.5730423064176291,-0.266321047854973,0.6050040177879465,0.5722138930534733,0.6108329908424979,-0.2582510891698519,0.6018934343419864,0.5643435656434357,0.6666304492771371,-0.2725898458792617,0.6074157408678621,0.5713885722285554,0.6564752925765245,0.7727772376179286,0.8196716834318545,False,0.7095709570957096,0.819047619047619,False,0.7990785739730849,0.7871345068228479,False,0.728782048510528,0.7995653223858972,False,0.8095696470453474,0.7939287514086288,False,0.759450795378939,0.7775038158976166,False,0.8070879745281859,0.7987114445358418,False,0.7619770900575913,0.7430465801581967,False,0.8134809355076817,0.7976940459895309,False,0.7630624868547627,0.7353567673535677,False,0.8118271217755209,0.8017598427763014,False,0.763551282165846,0.7445366244190268,False
complex|MRIT complex (human),complex,3,-0.08564461545677249,-0.4173764176778859,0.6617984493914604,0.7619047619047619,-0.3818026222442268,-0.8630271790176759,0.8059387381358805,0.8118811881188119,0.46633778392034375,-0.8860547970994022,0.8122060001711847,0.8203592814371258,0.488107114246249,-0.8431444618186609,0.8004261725090964,0.7976011994002998,0.40949231764828187,-0.8278879158248376,0.796133010423778,0.7948205179482052,0.44504096169995483,-0.8181442560966826,0.7933625895717612,0.7926041479170417,0.46348947916561756,-0.5639874774751488,0.7136186727492984,0.6666666666666666,0.7120074573752938,-0.6053042313226066,0.7275115647698491,0.6831683168316832,0.9180738646216213,-0.610024159067984,0.7290770979960082,0.7045908183632734,0.6305315418470192,-0.6680512778036557,0.7479495694977443,0.7391304347826086,0.6154929389042745,-0.6850598575846584,0.7533469250549222,0.7424257574242575,0.659504863136848,-0.6760853617562553,0.7505067750072929,0.7388452230955381,0.6642750604635028,0.8508868228029516,0.8520170987825172,False,0.8686868686868686,0.819047619047619,False,0.8840371243964666,0.8487634922314907,False,0.8886408640864087,0.8095813518359711,False,0.8857753842446616,0.8538996361743131,False,0.895775236530549,0.8252211530246898,False,0.8762344418773178,0.8642194088456377,False,0.8846280830703782,0.852407129768449,False,0.8812056691251956,0.8625332151805986,False,0.88185284035699,0.856852193568522,False,0.8798813405611672,0.8659646621070146,False,0.8803463045130242,0.8553554313529115,False
"complex|Death induced signaling complex DISC (FAS, FADD, CASP8, CFLAR), membrane-associated, CD95L induced (human)",complex,4,0.10309851608922949,1.0996121999914685,0.1357505620423345,0.19047619047619047,0.13144914674499422,1.2300053573781464,0.10934754933805935,0.12871287128712872,0.7704923822979189,1.0312270293390629,0.1512171841027326,0.1437125748502994,0.8897213662500676,1.0537093491775087,0.1460080036230228,0.13993003498250875,0.7514642973838885,1.1058594397982648,0.13439368141470293,0.1352864713528647,0.7538747560754055,1.1074120107144365,0.1340579177053458,0.13465730685386293,0.7158964867111142,0.6801626841617654,0.24820072865073778,0.23809523809523808,0.5895911383417105,0.9008969703440928,0.18382155111086018,0.1782178217821782,0.9030592658171708,0.9329758489311638,0.17541621904045318,0.1497005988023952,1.0447518711960009,0.9143639572028629,0.1802628170579379,0.16591704147926037,0.9124708834281102,0.9305635981610315,0.17603967588391217,0.1583841615838416,1.0242470255852965,0.9207697853246082,0.17858531647912046,0.1608567828643427,1.0307133322289548,0.4279271283256199,0.5332754971852696,False,0.5259938837920489,0.48423423423423423,False,0.3740183221676802,0.45799327421052216,False,0.4211149375807146,0.42914851485148514,False,0.45054079978114636,0.44812726022170796,False,0.44330755963800555,0.4022294394262323,False,0.4394840909052986,0.4401948645538485,False,0.4211894052973513,0.4038964769583712,False,0.4106606735694059,0.43754365048465793,False,0.4075132486751325,0.3972802719728027,False,0.41174931866641923,0.4360991191241866,False,0.40941261982841154,0.403482430351393,False
complex|FAS-FADD-CASP10 complex (human),complex,3,0.04241168872870005,0.5242175264982938,0.3000636260059397,0.3333333333333333,-0.017830423620558603,0.49216371000246056,0.31130180832933924,0.33663366336633666,-0.023074164067661204,0.39311804986591625,0.34711614663340407,0.3093812375249501,0.6738417919017847,0.37806927743535296,0.35268956523834855,0.3268365817091454,0.4785825612878658,0.37406450854707335,0.35417816156323645,0.33026697330266974,0.43537310971772886,0.3618852174331534,0.35871890355464975,0.3356332873342533,0.45608640749337737,0.2971811786956726,0.3831640951760758,0.42857142857142855,0.0946237940191326,0.279356190490024,0.389985744067625,0.38613861386138615,0.20456729724653328,0.4299676420681871,0.3336095896972128,0.2874251497005988,0.33463636330537677,0.3612184815503278,0.35896806363191314,0.3238380809595202,0.5033989540051573,0.3570760342527219,0.36051744264737573,0.3280671932806719,0.4814517496369298,0.3527572277926405,0.36213522608139326,0.33271334573308536,0.47202631404285,0.6272163293596379,0.6371955394917062,False,0.6270833333333332,0.6323529411764706,False,0.6678183903053092,0.6521428275797506,False,0.6254736584769589,0.5899884404684124,False,0.6866867103744467,0.6085847666597639,False,0.5893908385760126,0.5284130534112498,False,0.6936170161145064,0.6272932013420631,False,0.6203909879379836,0.5468481228998759,False,0.6910749131659165,0.6272586718893647,False,0.622502967094595,0.5490622208497382,False,0.6984001848340382,0.6264523163821802,False,0.6232975953977853,0.5563706503647705,False
"complex|Ksr1-CK2-MEK-14-3-3 complex, PDGF treated (mouse)",complex,8,-0.025674221128526735,-0.5955873548548786,0.7242745368774546,0.7142857142857143,0.7837210029598407,-0.8540329660686333,0.8034566380697954,0.7920792079207921,0.8966598348375739,-0.8154304588760118,0.7925870223252975,0.780439121756487,1.1164621911257033,-0.8209096260127049,0.7941511261924364,0.7996001999000499,1.2223448582503622,-0.8026111743838202,0.7889002461963426,0.7863213678632137,1.1860827151501587,-0.7971768249358421,0.7873258282676548,0.7841843163136737,1.1857610210741534,-0.733942586501021,0.7685081347535014,0.8095238095238095,1.6606355593905606,-0.8376996743822968,0.7989003018135227,0.8118811881188119,1.1407939448468676,-0.830268488134306,0.7968064998287272,0.8163672654690619,1.5034787704040602,-0.8038958396240358,0.7892714334989839,0.7966016991504248,1.2803719982726627,-0.8005947528392223,0.788316855297307,0.7915208479152085,1.242243691311241,-0.7896179820073218,0.7851245483069955,0.7871642567148657,1.22613150868818,0.865273425275643,0.8829043838198622,False,0.8365758754863813,0.8828502415458938,False,0.8840371243964666,0.8873394496157576,False,0.8863042438072805,0.8897713512358429,False,0.8814363437633748,0.8735323074743268,False,0.8700450949951948,0.8903135757470566,False,0.8762344418773178,0.8715683248968377,False,0.8846280830703782,0.8761969380273367,False,0.8798750592352099,0.8689850083837551,False,0.8770485914371526,0.8695174278192619,False,0.8790736440994705,0.8717676789532346,False,0.8774701829383487,0.870060034696742,False
"complex|Ksr1-Mek-Braf-Erk complex, EGF induced (mouse)",complex,4,0.04453355846348672,0.07724043731051916,0.46921613669738127,0.47619047619047616,-0.00483604933744467,0.14869332399975815,0.44089781467575817,0.43564356435643564,0.29883776579280186,0.11429124553350867,0.4545034610389229,0.3812375249500998,0.8555988634993255,0.14628209797443556,0.44184934878951043,0.3793103448275862,0.8005833833290791,0.11900087411403715,0.4526373316303232,0.392960703929607,0.8446655942764595,0.09962336840386717,0.46032167040642985,0.4036719265614688,0.8114037669225634,0.304469130644654,0.38038525362140146,0.2857142857142857,1.3993216101219401,0.24306498949425925,0.4039775261609304,0.3465346534653465,0.6864675297310561,0.32795674181060036,0.3714721851581873,0.31736526946107785,0.8334076345230432,0.25617697615915574,0.3989070929669133,0.3503248375812094,0.7892673624222273,0.23749160179019665,0.4061377168332416,0.35576442355764426,0.8033785245715269,0.24312080890732346,0.40395590578714113,0.35469290614187715,0.8094858466737346,0.7726922310628576,0.6360886741113435,False,0.7095709570957096,0.5308641975308642,False,0.7372791234300178,0.66353752937158,False,0.6690240452616689,0.5577910732249696,False,0.7576784743131372,0.6425790518523888,False,0.6520028125567048,0.5366682365605867,False,0.7513935253426138,0.6628592911146456,False,0.6524137931034482,0.5730857397388263,False,0.7627069954002632,0.671689300916515,False,0.6612930885682381,0.5765102634121615,False,0.7648300622722441,0.6680809211095027,False,0.6704764265370431,0.5748985020299594,False
pathway|AKT Phosphorylates Targets in the Cytosol,pathway,11,0.13777835011477896,3.4615443953233447,0.0002685427645968728,0.047619047619047616,0.6939117357289242,3.7749450081651617,8.002148275680248e-05,0.009900990099009901,0.8093629038582291,3.6299499549100456,0.0001417380877739367,0.00998003992015968,1.1610678996271129,3.5059245468470306,0.0002275120956272562,0.0074962518740629685,1.1553851336092336,3.457798456861091,0.00027230431851162876,0.007699230076992301,1.1657509562686497,3.5172162491178107,0.00021804916850531433,0.0066398672026559465,1.1917113849051146,3.8865979243525275,5.082946422242471e-05,0.047619047619047616,0.47872480054933014,3.512741943907632,0.00022175400183469378,0.009900990099009901,0.4896218597078838,3.912424244020648,4.56871033890023e-05,0.001996007984031936,0.7974182044989475,3.9622901422694032,3.7117124671442424e-05,0.0029985007496251873,1.0556487094680271,3.777658358257645,7.915492136310481e-05,0.0037996200379962005,1.0869153974217451,3.809034474567863,6.975525362196176e-05,0.003499930001399972,1.0658974420262348,0.003849112959221844,0.0005666543974425865,True,0.3412698412698413,0.27044025157232704,False,0.0016057644206531698,0.0023016536052497525,True,0.16556655665566555,0.09030903090309031,False,0.002666447776247184,0.0005283297078582436,True,0.1501996007984032,0.027309018326982393,False,0.0040283023990473005,0.0004297020971578527,True,0.11281859070464767,0.031122369849557976,False,0.0048213882277647205,0.0009163704357805595,True,0.11587341265873412,0.042358727090253935,False,0.003860752924711742,0.0008075512053927111,True,0.10518947515786527,0.037624247515049704,False
pathway|APC C Cdc20 Mediated Degradation of Cyclin B,pathway,15,0.08756109515923785,1.3740632629271008,0.08471102161952238,0.19047619047619047,0.8280163565306222,1.8912781630096613,0.02929361106482915,0.0594059405940594,0.8757662718554747,1.8384888230437777,0.032995203668522696,0.05588822355289421,0.9837236590740517,1.8615476381853997,0.03133343991482515,0.05697151424287856,1.1323179292266798,1.9457179674949048,0.025844313575799322,0.050294970502949704,1.19068623313158,1.9417353815181768,0.026084571550427402,0.050138997220055596,1.2174852900746511,2.616263167375529,0.004444900556355895,0.047619047619047616,0.17695760158607626,2.493196715102563,0.006329934304884664,0.019801980198019802,0.5521287965946077,2.553185806582744,0.005337126786068524,0.015968063872255488,0.7095672233015432,2.476724022245174,0.006629719220307763,0.0239880059970015,0.9072016303215246,2.482184328703233,0.006528985404318974,0.022397760223977603,0.8688204365170076,2.495504281766837,0.006288911863120992,0.02237955240895182,0.9428293753416414,0.3374269828514126,0.03520829124902959,False,0.5259938837920489,0.27044025157232704,False,0.168380858713055,0.046470981116348384,False,0.33738090790211095,0.1453755131610722,False,0.20568517420264784,0.04016187906516564,False,0.3174029299890785,0.13351075626524728,False,0.19648677946588272,0.04640803454215434,False,0.32977741898281626,0.1640997682976693,False,0.18010510439279187,0.04466419560681843,False,0.3221018323699545,0.15678432156784322,False,0.17844218265178743,0.04402238304184694,False,0.3211029396433348,0.15679050055362526,False
pathway|APC Cdc20 Mediated Degradation of Cell Cycle Proteins Prior to Satisfation of the Checkpoint,pathway,47,0.07516322882305167,3.282711737134604,0.0005140687065193701,0.047619047619047616,1.1568277387558987,3.264577454981867,0.0005481374243742954,0.019801980198019802,0.9518503648475396,2.883582886513911,0.001965895800245238,0.013972055888223553,0.9382811270439032,2.7960216625545695,0.002586796628022052,0.01249375312343828,0.9517062060159086,2.642527962835526,0.00411448350071767,0.0160983901609839,0.9958389686554409,2.6620539260953597,0.003883271738458184,0.01611967760644787,0.9508673624685847,5.020840046377376,2.5722993917412506e-07,0.047619047619047616,0.41658059400162384,4.4921180464906385,3.525915774681263e-06,0.009900990099009901,0.4851355001484026,4.132485409050021,1.7943077710915574e-05,0.003992015968063872,0.8899494011923063,4.184693627456536,1.4277548059257911e-05,0.0014992503748125937,0.8083688091047377,4.348394326581615,6.8568934124206795e-06,0.0006999300069993001,0.7403331747124094,4.322920981318718,7.698844686218925e-06,0.0007799844003119938,0.8000456050925795,0.007033394575560473,4.075063773232192e-06,True,0.3412698412698413,0.27044025157232704,False,0.008249468236833146,5.053812610376477e-05,True,0.22075540887422074,0.09030903090309031,False,0.025727592864078986,0.0002454939268629812,True,0.19116312828887677,0.044503585421749085,False,0.0324427410431099,0.00019534281662893777,True,0.17093725864340553,0.020512471037208664,False,0.047633058989077645,0.00010319624585693121,True,0.20844952541782857,0.011088364847725754,False,0.04495633820291975,0.0001158676125275948,True,0.20768584628307435,0.013043072471883896,False
pathway|ATF4 Activates Genes in Response to Endoplasmic Reticulum Stress,pathway,26,0.0038437934763875603,-0.6775047660900159,0.7509571264318045,0.6190476190476191,0.23883533076263766,-0.5362599655002548,0.7041105524150996,0.6831683168316832,1.9198173156152838,-0.5658166971726618,0.7142408026707364,0.6846307385229541,1.5850485162388923,-0.5670619204288296,0.7146639433897071,0.6721639180409795,1.378035210597414,-0.5818463554385019,0.7196649115477496,0.679032096790321,1.2956796951194811,-0.5886222914987485,0.7219426615699853,0.6860462790744185,1.2078485427037815,0.14474493198146707,0.4424561310512864,0.2857142857142857,1.7545266251873521,-0.21061844757302334,0.5834074919376494,0.45544554455445546,0.9957523605048494,-0.2499655304895201,0.5986929973647945,0.5329341317365269,1.149612536298012,-0.24105118602503542,0.5952422773983896,0.5207396301849075,1.317431351077189,-0.2712055041740927,0.6068835100717693,0.5377462253774623,1.2600334183436546,-0.2792584569308761,0.60997675746104,0.5376092478150437,1.2678472404607888,0.8660463412106251,0.6864912136414288,False,0.7962962962962964,0.5308641975308642,False,0.8650501072528366,0.7804695781032555,False,0.8258380054872958,0.6528052805280528,False,0.865186054210691,0.7939287514086288,False,0.8315049900199601,0.7129474384564205,False,0.8634996919835333,0.7949211612469705,False,0.8200577130789444,0.7124664940257144,False,0.8624877374269655,0.7976940459895309,False,0.8232062169277145,0.7258368333570231,False,0.8656094339404021,0.8017598427763014,False,0.8267380321684905,0.7254617903236649,False
pathway|AUF1 (hnRNP D0) Binds and Destabilizes mRNA,pathway,41,0.04534757305312444,0.28605488290672665,0.3874180432321198,0.23809523809523808,1.190108585950152,0.6207936118722224,0.26736771345768184,0.21782178217821782,1.11253355108794,0.7064205856519672,0.2399633114008654,0.2215568862275449,0.9353368189404984,0.6184257665076803,0.26814735864733913,0.23438280859570215,1.0792999278870934,0.6624799407673619,0.25383184310741475,0.22867713228677133,0.9295568207210259,0.6511908922919017,0.25746163443006814,0.22865542689146218,0.9400441675541796,2.0950414328259988,0.01808365474279365,0.047619047619047616,0.6019623906817301,2.3766012693481327,0.008736482185432954,0.0297029702970297,1.0352872056894011,2.2370820334613537,0.012640489495319518,0.023952095808383235,0.834086053735028,2.233839337909155,0.012746823082665578,0.02798600699650175,0.8967158982490201,2.1550254218380926,0.015579922464776724,0.033596640335966405,0.8746527669515385,2.147428728083475,0.015879582802405347,0.03357932841343173,0.8837817284271345,0.7159513279353729,0.0954943873259805,False,0.5643044619422573,0.27044025157232704,False,0.6005797145579271,0.057166981256854765,False,0.5245148514851485,0.19022540551927533,False,0.5857603525834961,0.079910100513627,False,0.5335089820359281,0.17165668662674652,False,0.6305652730691335,0.07830191322208854,False,0.5553275993582156,0.1744927536231884,False,0.5972361541011777,0.09195209140976067,False,0.5415125154151251,0.19828605374756642,False,0.6054371247144571,0.093720674971059,False,0.540190133697326,0.1981838794596657,False
pathway|AURKA Activation by TPX2,pathway,47,0.014218942959021114,0.03237671428431984,0.4870858160299766,0.42857142857142855,1.4849835124438113,-0.13780729695957364,0.5548036413762003,0.5148514851485149,0.8975292708984102,-0.031129976664128485,0.5124170583357878,0.45109780439121755,0.7112559383078543,0.05524248408465437,0.47797264159287584,0.408295852073963,0.9610526058685374,0.025737150078844355,0.48973349609258415,0.4186581341865813,1.0224301593491307,0.02624533664110338,0.4895308274561746,0.41691166176676464,1.0650903259057964,-0.27972618721926484,0.6101562072250052,0.6190476190476191,0.3095805625964678,-0.2291186085004415,0.5906116346812591,0.6039603960396039,0.8454737936203184,-0.25692391816638027,0.6013812469141773,0.5788423153692615,0.8950831825520176,-0.20137589456454952,0.5797976687655791,0.526736631684158,0.8635278581834641,-0.21408757145816956,0.5847606161729119,0.5294470552944706,0.8902228385321111,-0.2317100706933417,0.5916183955207839,0.5329293414131717,0.889711166536797,0.7746035959387005,0.7985087755422894,False,0.6861702127659575,0.7862165963431786,False,0.7990785739730849,0.7831458239606123,False,0.728782048510528,0.7763541059988353,False,0.7783043823185615,0.7939287514086288,False,0.6913710267906398,0.7542490776023709,False,0.7613902506970043,0.7932686286292696,False,0.671568587291054,0.7141789465627547,False,0.7644090822876158,0.7976940459895309,False,0.6756147301936474,0.717853890286647,False,0.7648300622722441,0.8013088298054227,False,0.6776166581931519,0.7253683755153726,False
pathway|Apoptotic Cleavage of Cellular Proteins,pathway,23,0.0022047559258270154,-0.6609460602166539,0.745676547012543,0.7619047619047619,1.5217089231200205,-0.7185939578331231,0.7638044313373132,0.7524752475247525,0.9173235852122784,-0.6075750744676877,0.7282653317502734,0.6986027944111777,1.2617879653331339,-0.5887825731559477,0.7219964312002358,0.6786606696651675,1.0545529561776297,-0.5976047850827917,0.7249481646811371,0.6882311768823117,1.1924641246859025,-0.6016209237695578,0.726286751124449,0.6890862182756344,1.2138261353840558,-0.5490943836135563,0.7085296603194022,0.6190476190476191,0.21834348897971032,-0.3582064057862943,0.6399055731175484,0.5346534653465347,0.6754485423925767,-0.29123153214741265,0.6145628759588758,0.5189620758483033,0.9000365467844232,-0.3089086381558167,0.6213044871649186,0.543728135932034,1.2682873325730915,-0.3125784605956611,0.6226995276863521,0.551044895510449,1.327438200089401,-0.3227403771918832,0.62655406474324,0.5599888002239956,1.2901612860817506,0.8660463412106251,0.8520170987825172,False,0.8686868686868686,0.7862165963431786,False,0.8741640069677996,0.8266591309372621,False,0.8711348057882712,0.7152475247524753,False,0.865186054210691,0.8042757637548766,False,0.8344422266577955,0.7068216508160149,False,0.8634996919835333,0.8130984810288717,False,0.8203890022860056,0.724168889006824,False,0.8624877374269655,0.8113963542579739,False,0.8232062169277145,0.7291919930813937,False,0.8656094339404021,0.8164189328472522,False,0.8267380321684905,0.7360551478926753,False
pathway|Arachidonate Production From DAG,pathway,5,0.16673904925804459,1.6931760642493476,0.04521097960608007,0.14285714285714285,0.48725693662627795,2.129351770697251,0.016612583764640733,0.039603960396039604,0.7421708997177692,2.3565884987171213,0.0092218361502633,0.02594810379241517,0.8037750909960909,2.498017232696996,0.006244506124227116,0.019490254872563718,0.7319588216290039,2.3958543322429358,0.008290839336404156,0.0202979702029797,0.7817220513505332,2.3975579921768184,0.00825238405882739,0.02141957160856783,0.8354825900240898,1.476900946634245,0.06985109558086551,0.09523809523809523,0.22132475074136926,1.6569275894787985,0.048767057826613405,0.06930693069306931,0.743574399976261,1.737342701131191,0.041163349290175004,0.05788423153692615,1.2411283024450117,1.7401194096796717,0.0409190263672029,0.05647176411794103,1.090121297614008,1.7977823307712784,0.03610575422432347,0.056894310568943104,1.08426718423215,1.8306203064076463,0.03357861774423834,0.054178916421671566,1.0732639295662518,0.23882185581908302,0.2533154189137412,False,0.5058823529411764,0.3412698412698413,False,0.13158915034623317,0.20969834865443765,False,0.298019801980198,0.3113639722181174,False,0.08954105423320173,0.1966693354975028,False,0.2603459747172322,0.27655799512086937,False,0.06712844083544149,0.19244729588325113,False,0.21266952730531283,0.27901371894697813,False,0.08912652286634468,0.17528761325034461,False,0.21067893210678929,0.2756502127565021,False,0.08565405523127739,0.16778890157169718,False,0.2285478428362467,0.27010508970148467,False
pathway|Aryl Hydrocarbon Receptor Signalling,pathway,5,-0.09907769696182529,-1.6164552447639615,0.9470020388372198,1.0,-0.16714278761852785,-1.4031393176750542,0.9197123506596214,0.9702970297029703,0.8559102402972472,-1.3782100022741373,0.9159307700163188,0.9580838323353293,0.9051555013112711,-1.3660687668676044,0.9140413098024509,0.9630184907546226,0.9594146719798505,-1.3806912487800826,0.9163130434014515,0.9623037696230377,0.9540647171805194,-1.388218473643607,0.9174647357055481,0.9636207275854483,0.9557369286737918,-1.7532587479196866,0.9602211985061613,1.0,0.8927100661719075,-1.6262370785407916,0.9480503843733812,1.0,0.8415889737041397,-1.5028125009029418,0.9335562993077666,0.9840319361277445,1.004386740675361,-1.4660842280338355,0.928687329032315,0.9715142428785607,0.9976507110987053,-1.4645502886426527,0.9284781733813364,0.9709029097090291,1.0242809857341129,-1.4816933012048121,0.93078903983597,0.9716805663886722,1.0149171700064588,0.9501587123000106,0.9622060727501094,False,1.0,1.0,False,0.9197123506596214,0.9487313682829488,False,0.9735313531353135,1.0,False,0.9189838725830399,0.9335562993077666,False,0.9612774451097804,0.9840319361277445,False,0.9201552984967817,0.9317829534624227,False,0.9667299683491587,0.9715142428785607,False,0.9224422276382506,0.9315731006259409,False,0.9687405841355664,0.9716028397160283,False,0.9232295402225489,0.9327310469267038,False,0.9682575015166364,0.9716805663886722,False
pathway|Attachment of GPI Anchor to uPAR,pathway,6,0.09551092638893402,2.0581009119343454,0.019790223751218364,0.14285714285714285,0.9293231638572736,1.1687823193860192,0.12124567280750437,0.13861386138613863,0.822495211957926,1.1127764582700423,0.13290222427146886,0.14770459081836326,1.1007705975861126,1.1371128094510126,0.12774556485777588,0.12893553223388307,1.0419254862248934,1.125328958521284,0.1302248314053619,0.13038696130386962,1.0300307462868912,1.1399104784990277,0.12716179954039247,0.12771744565108697,1.0119565445071983,0.8691756993429215,0.19237551842428935,0.19047619047619047,0.8612579452608832,1.5937491781004705,0.055496112308520675,0.0594059405940594,1.001922774241342,1.2637873395466894,0.10315318327633438,0.10778443113772455,1.032272424812163,1.299856545200019,0.09682507052508121,0.10644677661169415,1.0514865721190936,1.3470354295648583,0.08898441113118644,0.09869013098690131,0.9467254906300449,1.29265164154887,0.09806578506776564,0.10569788604227916,0.9870295916677307,0.13060647170178807,0.4845156477948873,False,0.5058823529411764,0.46612466124661245,False,0.3882441225006257,0.2333715436984739,False,0.4391870766023971,0.2838283828382838,False,0.41240793304857865,0.337490306154094,False,0.44330755963800555,0.36047904191616764,False,0.40905760661904833,0.3388877468377843,False,0.4032004616248577,0.3606959960879775,False,0.4106606735694059,0.3188608065534181,False,0.40491311693572907,0.34931719593998045,False,0.41174931866641923,0.32797557005997174,False,0.4038847794472682,0.34961608460138494,False
pathway|Autodegradation of the E3 Ubiquitin Ligase COP1,pathway,38,0.07177521886426377,2.4041960821534776,0.008104038488441984,0.09523809523809523,0.8283489602244428,1.7605636053677778,0.039156146567664016,0.09900990099009901,0.9867155277779043,1.984547236391721,0.02359743384644187,0.05189620758483034,0.8506374819026121,2.056327954593191,0.019875457760437608,0.04047976011994003,0.9179933731178909,1.99306644764755,0.02312708571940611,0.044295570442955706,0.9450187852433083,1.998180987026317,0.022848521025009696,0.04313913721725565,0.9525370988876591,4.216306704007947,1.2416797885130534e-05,0.047619047619047616,0.7820924799554249,4.361516686891193,6.458197159078175e-06,0.009900990099009901,0.8014116924365592,3.903571829281424,4.7391701369344114e-05,0.001996007984031936,0.7589199852400481,3.9964453227882464,3.215036224628497e-05,0.0004997501249375312,0.8219756442097496,3.895612701296245,4.8975401193706055e-05,0.001999800019998,0.9161875003889536,3.9473882125501834,3.950419417635036e-05,0.0019399612007759844,0.8981383992917117,0.06775876625058436,0.0001557273401426788,False,0.44791666666666663,0.27044025157232704,False,0.19976271384520117,8.451814542967524e-05,False,0.3772402556711368,0.09030903090309031,False,0.16911494256616674,0.0005283297078582436,False,0.3174029299890785,0.027309018326982393,False,0.15743454699715054,0.00038709036144527105,False,0.30443111777444615,0.008356932644788716,False,0.16978665369612778,0.0005896638303722209,False,0.32170338521703384,0.025080825250808254,False,0.16774158118360777,0.00047563049788325833,False,0.31670439761936464,0.02654219642879869,False
pathway|BH3-only Proteins Associate With and Inactivate Anti-Apoptotic BCL-2 Members,pathway,9,-0.011005724162646915,-0.4398230538245682,0.6699673654627891,0.6666666666666666,0.6632553584086859,-0.6076018977220223,0.7282742290585744,0.7029702970297029,1.0591572235423556,-0.6491361784005707,0.7418748203895287,0.720558882235529,0.9258340579815045,-0.6402253262060534,0.7389869400721806,0.7071464267866067,0.9449857788181711,-0.6267743509447279,0.7345964206286085,0.7085291470852915,1.0623257765591079,-0.6319061682153821,0.7362759037213424,0.7080058398832023,1.0880179868324267,-0.513544169855098,0.6962146390825577,0.6666666666666666,-0.1557851343008369,-0.5105446591786583,0.6951650322839709,0.6633663366336634,1.2731529060938809,-0.5610345473691065,0.7126130069263243,0.6606786427145709,1.1234870033749462,-0.5428338731030881,0.7063779056410573,0.6731634182908546,1.1793944717532807,-0.5550682711661726,0.7105760179225167,0.6737326267373263,1.061625687316024,-0.5561615654669221,0.7109497944785741,0.6741065178696426,1.128180925784172,0.8508868228029516,0.8520170987825172,False,0.819047619047619,0.819047619047619,False,0.8664448337811499,0.8325854529050102,False,0.8330474779761441,0.8051341424465028,False,0.865186054210691,0.8418792166370331,False,0.8401970006347459,0.8075508901225887,False,0.8634996919835333,0.8373544402065686,False,0.834710095932426,0.8040563051807429,False,0.8636371408194906,0.8427970200593151,False,0.8355720848148648,0.8079423133383873,False,0.8656094339404021,0.843221788708886,False,0.8357245404111525,0.8061622100891315,False
pathway|Beta-catenin Phosphorylation Cascade,pathway,15,0.04782320067250418,0.9688193765834014,0.16631765854684422,0.2857142857142857,0.41711093484559464,1.1981744472610385,0.11542455548437464,0.15841584158415842,0.6955925676118772,1.0367751293195515,0.14992033447154285,0.1317365269461078,1.1375646131529515,1.0617459924999766,0.14417550688914427,0.12393803098450774,1.457082126954559,1.0546298738724706,0.14579731769877374,0.1372862713728627,1.272471778276139,1.030421598424166,0.15140606932059042,0.14197716045679087,1.2461215589488865,0.3849086190191634,0.350152559963113,0.3333333333333333,1.617223513948196,0.42620624164493487,0.3349787848828469,0.26732673267326734,1.5423812152580267,0.6386782464928075,0.26151613353271297,0.20758483033932135,1.405623304052232,0.7292395408744508,0.23292757395486857,0.19490254872563717,1.210053575677646,0.7520833217635402,0.22600047653585253,0.1962803719628037,1.0981955523083573,0.7367524432991626,0.23063645418131729,0.19875602487950242,1.1155318173685909,0.46694861068532156,0.6136294102920505,False,0.5890410958904109,0.5733333333333333,False,0.38028493156020154,0.6037641571840534,False,0.46294338171681243,0.5026840033400931,False,0.45054079978114636,0.5466413624537958,False,0.41739678537661523,0.4463073852295409,False,0.4383517936730548,0.5043971205785284,False,0.4011327669498584,0.4313651997530646,False,0.4345048774983257,0.4929430683861711,False,0.40914027409140274,0.4308849690570511,False,0.4475009873798339,0.5007949328565884,False,0.4231200524504362,0.4335185760052915,False
pathway|CD28 Co-Stimulation,pathway,22,0.003265840908306083,-0.6898649046280955,0.7548604260842908,0.7619047619047619,1.6223363431881594,-0.6523937956179354,0.7429264171054517,0.7029702970297029,0.8212816779531267,-0.6055139533156986,0.7275812218391341,0.720558882235529,1.0768610578465216,-0.5702430069361234,0.715743554806008,0.6756621689155422,1.1845244570934201,-0.5912692870206477,0.7228299976181207,0.684931506849315,1.2284830434460512,-0.5927527862462011,0.7233266954172798,0.6801863962720746,1.2092353297785543,-0.4264224827859893,0.6650999891709602,0.6190476190476191,0.48833978776823317,-0.4815947899092984,0.6849530859689308,0.6732673267326733,1.5849463065665355,-0.4481154914585374,0.6729650758105993,0.6327345309381237,1.5145294681758343,-0.4350559158728292,0.6682390794655646,0.6136931534232883,1.396959458846177,-0.46800373687181285,0.6801090413033923,0.6316368363163684,1.3406233339584819,-0.45575495236883873,0.6757168994914178,0.622747545049099,1.3631580856415564,0.8672251459976013,0.8444427736777399,False,0.8686868686868686,0.7862165963431786,False,0.8713809343221868,0.8325854529050102,False,0.8330474779761441,0.8095813518359711,False,0.865186054210691,0.8309600036342915,False,0.8401970006347459,0.7862300091175674,False,0.8634996919835333,0.8324463294227351,False,0.8200577130789444,0.7806856065638066,False,0.8624877374269655,0.8319319726394951,False,0.8232062169277145,0.7806790749496478,False,0.8656094339404021,0.8349041096238565,False,0.8267380321684905,0.7808643827123458,False
pathway|CD28 Dependent Vav1 Pathway,pathway,9,-0.011602523514195094,-0.9260123706030253,0.8227802242749663,0.8571428571428571,0.9456195442157971,-0.7526920507804031,0.7741825060610549,0.7821782178217822,1.577985655678209,-0.6977014331449746,0.7573180341404062,0.7405189620758483,1.3216172184537638,-0.7236785531247719,0.7653684485348975,0.7411294352823589,1.2233659336632765,-0.7456571690261421,0.7720627306471273,0.7535246475352465,1.2084503002452798,-0.759099163730807,0.7761033803108497,0.7606447871042579,1.1404824509197973,-0.5343739916239717,0.7034585952650378,0.6666666666666666,0.7161098334328372,-0.45799520091365,0.6765220554368592,0.6138613861386139,1.0620452464205987,-0.4467899274762838,0.6724866277113566,0.6047904191616766,1.3862022559020708,-0.4532259928159713,0.6748069912928484,0.6291854072963519,1.5034138965166681,-0.46873606263199014,0.6803708467637881,0.6277372262773723,1.406189453134484,-0.4742716020889283,0.6823468802905938,0.6343473130537389,1.382111152678344,0.8940680415406673,0.8520170987825172,False,0.9148936170212765,0.819047619047619,False,0.8793544691485944,0.8325854529050102,False,0.8817814365706234,0.7763541059988353,False,0.865186054210691,0.8309600036342915,False,0.8443038166092058,0.7775038158976166,False,0.8758096618859131,0.8324463294227351,False,0.8514502290839313,0.7825818495710822,False,0.8770600977450385,0.8319319726394951,False,0.8605928880796131,0.7806790749496478,False,0.8765715901268952,0.8349041096238565,False,0.8607296275127129,0.7808643827123458,False
pathway|CLEC7A (Dectin-1) Signaling,pathway,78,0.02132255563596279,0.18276402599540523,0.42749158811094834,0.3333333333333333,1.3007532773998134,0.08492860893801557,0.46615907365283626,0.42574257425742573,0.6340841305738614,0.10856350099587919,0.4567743557889466,0.4151696606786427,0.7481716154022342,0.04861819159919979,0.4806117861542552,0.4292853573213393,0.8209752649971706,0.05423203330427521,0.47837514967163497,0.4263573642635736,0.8531945853944368,0.05375886048179307,0.4785636433369064,0.4213715725685486,0.8463978825763994,0.40784852454432474,0.3416924430539115,0.2857142857142857,1.1098734106557233,0.43593832045049835,0.3314407405701143,0.27722772277227725,0.6642284221083067,0.43016411207018207,0.3335381329098656,0.30538922155688625,0.6169100916084487,0.3570230139608581,0.3605372884789931,0.3263368315842079,0.6992566925865024,0.38643607786027745,0.34958686751688933,0.30816918308169183,0.7725260265423473,0.3680791150612645,0.3564071215812332,0.3134537309253815,0.8048540884508327,0.7454144740624993,0.6093889036175688,False,0.6270833333333332,0.5308641975308642,False,0.7667425200519329,0.6035114533039144,False,0.6690240452616689,0.5026840033400931,False,0.7576784743131372,0.6085847666597639,False,0.6774960716864145,0.5355688622754491,False,0.7613902506970043,0.6272932013420631,False,0.6729942320506414,0.5468481228998759,False,0.7627069954002632,0.6153546615355772,False,0.6756147301936474,0.5270393415203933,False,0.7648300622722441,0.6237124627671582,False,0.6776166581931519,0.5360771193667035,False
pathway|COPII-mediated Vesicle Transport,pathway,53,0.034369871521140856,1.881442466861977,0.029955877318684862,0.047619047619047616,0.5201155417624004,1.6054653114356177,0.05419572061386809,0.06930693069306931,0.8806282510835508,1.6894502705239307,0.0455665871139288,0.06786427145708583,1.1390960684723104,1.5207568159928035,0.06416043750269777,0.0769615192403798,0.9653105963730545,1.4623128155005354,0.0718277541345452,0.08689131086891311,1.0482077780219035,1.441961658544424,0.07465659512760117,0.08899822003559929,1.0503172115063921,2.1062058058541626,0.017593239531412272,0.047619047619047616,-0.03662644759550602,1.284790630742664,0.09943272864816732,0.1188118811881188,1.026090989337187,1.3616795471617378,0.08664951934966775,0.10179640718562874,0.8431613926955299,1.3715559635673413,0.08510085525872957,0.09245377311344327,1.0302708803219756,1.3668847637479518,0.0858307142101794,0.09579042095790422,0.9605767150797098,1.3868442364233162,0.08274463240899871,0.09399812003759925,0.9417874886542641,0.17910217058825528,0.09456366248134096,False,0.3412698412698413,0.27044025157232704,False,0.23291658581680924,0.3218199066999824,False,0.3419899366985879,0.3576237623762376,False,0.2248449626441405,0.30200524644704846,False,0.3294700920739167,0.34818998366902554,False,0.2840042895340004,0.3086187642515374,False,0.34575249688588544,0.3366650008329169,False,0.3088593427785444,0.31126560213571086,False,0.3706882476309331,0.3432490084324901,False,0.31848324230770425,0.30090091486887416,False,0.37393615764048355,0.3368265968013973,False
pathway|CREB Phosphorylation,pathway,7,-0.055878329728055336,-1.162534941995772,0.8774908800829547,0.9523809523809523,0.9150655730610034,-1.1776633150268088,0.880534571287547,0.9207920792079208,1.1878551836306066,-1.1867141187244363,0.882329797975923,0.9461077844311377,1.353206222447318,-1.2403322763053626,0.8925737405430115,0.9555222388805598,1.2857372311583164,-1.2714325969724094,0.8982126038887092,0.9517048295170483,1.1064725717456796,-1.2772506527162406,0.8992431153050171,0.9503009939801204,1.0833529261122856,-1.6164169743658188,0.9469979045897495,0.9523809523809523,0.037827656568309324,-1.190770320395049,0.8831281183461217,0.9207920792079208,0.9214084410307392,-1.1007154144231166,0.8644897323206286,0.9021956087824351,1.1992680488804317,-1.0827472762622437,0.8605396932511791,0.9155422288855573,1.634730415637036,-1.0749153678680918,0.8587936895386943,0.9154084591540846,1.5173583636065395,-1.095174313691227,0.8632798616906632,0.9135217295654087,1.4005719601978086,0.9167213656596443,0.9597520851229447,False,0.9684684684684685,0.9750566893424036,False,0.9014996801277267,0.9166260814558022,False,0.9331933193319332,0.952434418699602,False,0.9033376503086832,0.9035118382934347,False,0.9556323594421894,0.9396570181436436,False,0.9114423616695987,0.8993834988493226,False,0.9651415902786862,0.9502696927398371,False,0.9103097433350217,0.8975586824692603,False,0.9612857506195689,0.9485206118563401,False,0.9113541336929635,0.9022473554475333,False,0.9598677825101215,0.9454520875218235,False
pathway|CTLA4 Inhibitory Signaling,pathway,16,0.05225917116746581,0.11548222743732973,0.45403145333727707,0.38095238095238093,1.289872147722013,0.707477442134432,0.23963491310516266,0.2079207920792079,1.3696410655162554,0.8433829994310743,0.1995071383850967,0.17964071856287425,1.177318703825781,0.9507490950920371,0.1708658796356211,0.16091954022988506,1.1779851090883695,0.9968927658697248,0.15940828172538035,0.1518848115188481,1.135427491027064,0.9871652413636757,0.16178081927238797,0.1531169376612468,1.2156591715900162,0.38357866613360675,0.35064537730974316,0.42857142857142855,0.31483979333053513,0.9132082423434387,0.1805665149092377,0.15841584158415842,1.1223171715107993,0.8969647644587156,0.18486885962499333,0.16966067864271456,1.298439204333342,1.0114441335428868,0.1559019535357366,0.14642678660669664,1.22494991126267,1.0350502622311677,0.1503227194126983,0.1416858314168583,1.141053787624475,1.0633415970484363,0.14381353382767464,0.1368772624547509,1.1066407675404553,0.7677722890703393,0.6136294102920505,False,0.647834274952919,0.6323529411764706,False,0.5724611813067775,0.45799327421052216,False,0.5129849050478819,0.40409464675281087,False,0.5314305190611868,0.4487542479606693,False,0.48713384042725366,0.40854291417165667,False,0.48366108199551455,0.4206350079400589,False,0.46507480204851703,0.39352198900549723,False,0.4613643538398028,0.416636271802105,False,0.4438575559919736,0.3907136559071366,False,0.4682310250095075,0.4074900412529926,False,0.44327151918500096,0.3850472523259815,False
pathway|CTNNB1 T41 Mutants Aren'T Phosphorylated,pathway,13,0.06241726217089073,1.1475515997988135,0.12557686004900454,0.19047619047619047,0.5167498873679998,1.4382930326993901,0.07517546396271123,0.10891089108910891,0.9958451768253195,1.441134319850626,0.0747733697007727,0.09381237524950099,1.1239273199049866,1.4718403284928205,0.07053200020794283,0.0879560219890055,1.2152740187599622,1.4336524628991318,0.0758357320814087,0.0903909609039096,1.2210429951043797,1.408995424296389,0.07941826057198104,0.09193816123677527,1.2451195055016107,0.6860145673373028,0.24635196117043218,0.23809523809523808,0.47671062592996294,0.8256596911844633,0.20449858204750265,0.15841584158415842,1.5820267486049389,0.9089398490774001,0.18169093884963144,0.15568862275449102,1.123188463640895,0.9119831990662252,0.18088878095462285,0.1679160419790105,1.0997142063741592,0.9688364986687307,0.16631338639839532,0.15578442155784422,1.0730438841614067,0.9973804156327889,0.15928994688622578,0.1509769804603908,1.0237513922322836,0.42470376263764453,0.5332754971852696,False,0.5259938837920489,0.48423423423423423,False,0.28907940257950526,0.4663187363355932,False,0.39026402640264024,0.40409464675281087,False,0.2961418984201656,0.44845287208318874,False,0.3765003326679973,0.4022294394262323,False,0.3032876008941542,0.4401948645538485,False,0.3638653646149898,0.4038964769583712,False,0.3170354910625558,0.43155456298204303,False,0.3706882476309331,0.3953075280707224,False,0.3230391409752202,0.4257381459746907,False,0.37393615764048355,0.395526496249736,False
pathway|Calcineurin Activates NFAT,pathway,8,0.024444490186892067,-0.11441127940297034,0.545544113480376,0.3333333333333333,1.4052075721790698,0.0008403657726576102,0.49966474260174526,0.32673267326732675,1.3420500454263657,0.1097687026510464,0.45629640634136,0.3532934131736527,1.1611980280517706,0.056993281579399174,0.47727527348338095,0.38830584707646176,1.1477040808404133,0.0806309673736985,0.46786771898757906,0.3892610738926107,1.1940234723876453,0.08097800295769098,0.4677297230700473,0.38951220975580486,1.1133493173784907,-0.24193218289724527,0.595583643801096,0.5714285714285714,0.6510659809420387,-0.13802924898501548,0.5548913492780895,0.43564356435643564,0.9359774897076623,-0.05003627723168487,0.5199532602674451,0.4311377245508982,1.1866057036646,-0.03987482174342839,0.5159035377640453,0.4362818590704648,1.0723085158562282,-0.0036362462023512053,0.5014506491552498,0.42745725427457254,1.0849394963936234,0.0006067799307171726,0.4997579298455922,0.4275514489710206,1.0647350707023606,0.808910237229523,0.7862748981760083,False,0.6270833333333332,0.7577092511013215,False,0.7681692592938163,0.7661573217096557,False,0.6185316644872034,0.642787808192584,False,0.7576784743131372,0.7382355251910424,False,0.6329840319361277,0.6330363662918066,False,0.7613902506970043,0.7354719334583124,False,0.6633902150048572,0.6344001912087436,False,0.7627069954002632,0.7256569490179337,False,0.6612930885682381,0.6245855996924579,False,0.7648300622722441,0.7249904365921468,False,0.659664460342078,0.6277251266568872,False
pathway|Cap-dependent Translation Initiation,pathway,116,0.040269274233876995,-0.2612053050692446,0.6030329063771351,0.5714285714285714,0.49781520979874744,0.012164851035377637,0.4951470462804255,0.43564356435643564,0.983686631944657,-0.06892247502267684,0.5274743357123394,0.49500998003992014,0.5274082950466428,-0.004255841943470818,0.5016978301647175,0.4617691154422789,0.5521288403846438,0.03372456830586557,0.48654839371906133,0.4460553944605539,0.5403013628582808,0.03494837217765992,0.4860604543654998,0.4492310153796924,0.544836290054902,3.509134470569142,0.0002247837725984555,0.047619047619047616,0.6649708792227952,4.894085591061161,4.938192585644769e-07,0.009900990099009901,0.6220212553474218,4.555099161927311,2.618043593414617e-06,0.001996007984031936,0.6045480999140685,4.347671240029555,6.879531901648602e-06,0.0004997501249375312,0.6398362289985678,4.277483913502497,9.450880627642388e-06,0.0006999300069993001,0.677357910749923,4.2179677408946015,1.2325703805399405e-05,0.0009599808003839923,0.7328435248558296,0.8229101548000582,0.0022553305184045036,False,0.7782805429864252,0.27044025157232704,False,0.7681692592938163,8.743505695759267e-06,False,0.6690240452616689,0.09030903090309031,False,0.7783043823185615,4.147532219041051e-05,False,0.7061516776872794,0.027309018326982393,False,0.7692072497282472,0.00010353695511981145,False,0.6846921366902756,0.008356932644788716,False,0.7644090822876158,0.00013546262232954089,False,0.6762883117628832,0.011088364847725754,False,0.7648300622722441,0.00016863803842841912,False,0.677623873265109,0.014447711045779082,False
pathway|Cargo Trafficking to the Periciliary Membrane,pathway,37,0.03827836668697792,1.1335842098069255,0.12848449978907217,0.19047619047619047,0.7634178008763974,1.6794499510032386,0.04653219260711482,0.06930693069306931,0.8521070318506636,2.059209240332753,0.01973709918387264,0.04790419161676647,1.0384901738297567,2.166053687225008,0.01515354231974808,0.038980509745127435,1.0120967778210812,2.131500571207643,0.016523962718015678,0.0374962503749625,1.0737652779256344,2.1477794798372334,0.015865638952966075,0.03607927841443171,1.0856170154935725,1.9267373850479699,0.027006183142594745,0.09523809523809523,0.37880307849067335,1.322594268762195,0.09298517060599537,0.1188118811881188,0.7295165536131671,1.2858736564070972,0.09924357945542195,0.11177644710578842,0.7113815289040736,1.124726041164415,0.13035257156108138,0.12743628185907047,0.8562670734191161,1.1230519116694053,0.1307077239232337,0.1321867813218678,0.8706618360727353,1.1410411371484512,0.12692640227775703,0.12677746445071097,0.8979522283397573,0.424987191610008,0.13107590761358584,False,0.5259938837920489,0.3412698412698413,False,0.23291658581680924,0.314477936543872,False,0.3419899366985879,0.3576237623762376,False,0.15633860143014908,0.3319146379564667,False,0.3174029299890785,0.3617710814929281,False,0.1303204639498335,0.4003686126518928,False,0.30443111777444615,0.38745778625838595,False,0.13815868828118663,0.3934302490089335,False,0.29700977270693985,0.3907136559071366,False,0.13644449499550826,0.38590754631924107,False,0.2949741005179896,0.3850472523259815,False
pathway|Caspase Activation via Extrinsic Apoptotic Signalling Pathway,pathway,20,0.05543227609889093,1.5241860917264638,0.06373111567870836,0.09523809523809523,1.8280023256781655,1.9863719479034998,0.023496019541385804,0.04950495049504951,1.3492722669604789,1.759207104240627,0.03927116902144637,0.05588822355289421,1.0683184654021565,1.6344093410475502,0.05108646408494343,0.06996501749125437,1.2660421548607474,1.6392319284516184,0.050582483337571905,0.06939306069393061,1.2035208565835507,1.6345799588215006,0.05106856587144946,0.06933861322773545,1.239965122006504,1.6148498251676429,0.05317161007500426,0.14285714285714285,0.9815735969443411,2.098129374821373,0.017946859153146966,0.06930693069306931,1.4061562010276478,1.8982296757127886,0.02883291660588008,0.06187624750499002,1.2990550882284808,1.8985175032612924,0.02881397214012998,0.0544727636181909,1.4908613690084715,1.8762654835186512,0.030309417081278576,0.0522947705229477,1.437148077027458,1.8923792023762398,0.029220237508250493,0.052738945221095575,1.378699053278127,0.2879829166999849,0.21924184428186688,False,0.44791666666666663,0.4056603773584906,False,0.1504745081267474,0.10388470394417763,False,0.3041018387553041,0.3113639722181174,False,0.2189004051010251,0.15779468906127098,False,0.3174029299890785,0.2865346230615692,False,0.25208238835357333,0.15487510025319864,False,0.34315654672663665,0.27901371894697813,False,0.24959553253457614,0.16005499195552372,False,0.3424149388339855,0.2713918263346079,False,0.2519940709394473,0.15705877660684642,False,0.3421462718286618,0.27010508970148467,False
pathway|Cell-extracellular Matrix Interactions,pathway,13,-0.008999690279522734,-0.7225499885798385,0.7650217983679207,0.8095238095238095,0.4230025509487054,-0.66581487096278,0.7472352807735196,0.7128712871287128,1.5064957730141182,-0.70255768663771,0.7588342801050578,0.7485029940119761,1.4226956244551292,-0.7588694807533067,0.7760346814330311,0.768615692153923,1.2668570535884116,-0.7556696766050599,0.7750763654491037,0.7596240375962404,1.222564151248111,-0.7543145434668785,0.7746698142483243,0.7638047239055219,1.2577234807476545,-0.5774230445006991,0.7181731446879646,0.7142857142857143,2.7346784863193183,-0.5159298175335676,0.6970482861530318,0.693069306930693,2.3397339225316562,-0.640109482653939,0.738949287739634,0.716566866267465,1.488679892817792,-0.6294645914407523,0.7354775285538038,0.7206396801599201,1.455756062211076,-0.631096228582721,0.7360111965275855,0.7103289671032896,1.3009243233486905,-0.6174375338565685,0.7315269142812826,0.7082458350832983,1.3511629076960858,0.8722407625331218,0.8520170987825172,False,0.8925518925518926,0.8431372549019608,False,0.8713809343221868,0.8325854529050102,False,0.8414676761793826,0.8148978960396038,False,0.865186054210691,0.8569615219222364,False,0.850186419613603,0.8295639490250268,False,0.8759055546846516,0.8580571166461044,False,0.8632586691728763,0.8375001688345017,False,0.8770600977450385,0.8553643635320589,False,0.8605928880796131,0.8319417085528801,False,0.8765715901268952,0.8539231347652005,False,0.8610682467998579,0.8320033599328014,False
pathway|Chaperone Mediated Autophagy,pathway,18,0.02106271067485778,-0.009047834445161851,0.5036095144583812,0.38095238095238093,1.4323027802925736,-0.2231749530127956,0.5883003275251286,0.5247524752475248,1.222497481219078,-0.19157222453499478,0.5759613494434602,0.5029940119760479,1.1129033506134438,-0.208845650963128,0.582715633641967,0.5027486256871564,1.1149994970397936,-0.21954152680646016,0.586885882465584,0.5071492850714928,1.089532206724415,-0.21870064630271474,0.5865583772517521,0.507269854602908,1.1252002382040942,0.5388481078160724,0.2949958328455716,0.3333333333333333,0.08181632958231713,0.626365857945328,0.26553749918186265,0.24752475247524752,0.6065546215318126,0.5592209695872477,0.288005461825541,0.24550898203592814,1.1677070246426584,0.5167181112018693,0.30267647564116307,0.24537731134432783,1.2690012374031572,0.510943653019664,0.3046952564865156,0.2535746425357464,1.197110714505967,0.5109347811879931,0.30469836272747935,0.249655006899862,1.251200427676218,0.7773664812921679,0.5691201121729677,False,0.647834274952919,0.5733333333333333,False,0.805088909068784,0.5437196411819093,False,0.728782048510528,0.5026840033400931,False,0.8055984418885156,0.575435487466051,False,0.713624394403681,0.4861723920579893,False,0.8070879745281859,0.599379073473619,False,0.7171911674494506,0.4956951054674005,False,0.8092817170701216,0.5956357794934698,False,0.7133267981613053,0.5098430156984302,False,0.8061829751268373,0.5941911061858477,False,0.7156096878062439,0.5057501516636335,False
pathway|Circadian Clock,pathway,55,0.014748856665277097,0.21660814590198765,0.4142568684715615,0.47619047619047616,0.3276850373212312,0.15016520226080612,0.4403171395601934,0.40594059405940597,0.7570812958210448,0.06081919866542992,0.47575160015010937,0.4111776447105788,1.040457501355481,0.07141090060896138,0.47153536716418154,0.39980009995002497,1.1202567272318893,0.05289183847763185,0.47890904362342107,0.40915908409159085,1.1012304328788687,0.056123493296489704,0.47762171424394656,0.40763184736305275,1.0396707756368209,0.40660629349331073,0.3421485870809606,0.2857142857142857,0.6928033100513614,0.17370926973614226,0.4310469760456237,0.37623762376237624,1.2907747221068329,0.07404189631860897,0.4704885241449763,0.41916167664670656,1.0369993951587997,0.03554278066384456,0.48582346693663664,0.4122938530734633,0.9942385058165802,-0.027617776674323646,0.5110164983313665,0.4487551244875512,0.9633513068169657,-0.03608769145464013,0.514393781633728,0.4496710065798684,0.9756992054408076,0.7454144740624993,0.6093889036175688,False,0.7095709570957096,0.5308641975308642,False,0.7372791234300178,0.682869156788067,False,0.6640658631080499,0.5837501275900786,False,0.7576784743131372,0.7122960542625091,False,0.6763085850157609,0.6245923993596965,False,0.7613902506970043,0.7168277624898414,False,0.6665230920451376,0.615640960007801,False,0.7627069954002632,0.7316308011801993,False,0.672988438861032,0.6432156784321568,False,0.7648300622722441,0.73729775367501,False,0.6704764265370431,0.6445284427644781,False
pathway|Clathrin-mediated Endocytosis,pathway,102,0.022892000334998906,0.06280032378661615,0.4749627540176638,0.5238095238095238,0.9303906892674293,0.47509478009869344,0.31735970944483005,0.27722772277227725,1.1463052060166217,0.4722057671484658,0.3183899618340161,0.2694610778443114,0.8489086671283613,0.47060347135567243,0.31896196411342287,0.27886056971514245,0.831242832668809,0.43677236240426326,0.33113822215358646,0.29827017298270175,0.7434345023394895,0.43566969592334215,0.33153819778814775,0.2961140777184456,0.7550483136754275,1.2217007890474965,0.11091039890038512,0.19047619047619047,0.665459734808255,1.524375766153317,0.06370743512120149,0.10891089108910891,0.5934335428039513,1.8880106260790643,0.029512261963810134,0.04790419161676647,0.6760624975942845,1.770682638688103,0.0383067455528123,0.0559720139930035,0.9257962865584689,1.7696803874903908,0.038390199438158634,0.055594440555944404,0.9977934216876821,1.7487706549550135,0.040165335604548845,0.05749885002299954,0.9218415313559079,0.7727772376179286,0.3514108428317465,False,0.7367601246105919,0.46612466124661245,False,0.6678183903053092,0.24654191982969798,False,0.5754865141686583,0.3576237623762376,False,0.6655234618891586,0.15862840805547948,False,0.5599277635205779,0.2529677487131001,False,0.6762702345149271,0.18492006003935482,False,0.5841839354295455,0.27901371894697813,False,0.6801919800625841,0.18341984176009124,False,0.586792954691459,0.2756502127565021,False,0.6794440228706694,0.19190104788840004,False,0.5863837986398167,0.27471672788766444,False
pathway|Constitutive Signaling by EGFRvIII,pathway,12,-0.009274401317457465,-0.40054179780886817,0.6556212479364519,0.5238095238095238,1.6446848998760442,-0.7322962399841074,0.768006113098002,0.7524752475247525,1.0542798997576168,-0.6842142345035789,0.7530800524956792,0.7285429141716567,1.2348668945573242,-0.686309926879656,0.7537411547852743,0.7321339330334833,1.2584017091476283,-0.7168180731999945,0.7632568207630956,0.7478252174782521,1.1727145407036366,-0.7067766078069733,0.7601473431990926,0.7439051218975621,1.188288817589869,-0.9805334076478043,0.8365885563325357,0.7619047619047619,0.006095627317981558,-0.8105123196086728,0.7911771062994627,0.7722772277227723,0.7388064048789845,-0.8132700221772319,0.7919683697176141,0.7744510978043913,0.9131493225164644,-0.7952756929494779,0.7867734251562711,0.7726136931534233,1.0450958241343309,-0.8054248465684759,0.789712720758855,0.7854214578542146,1.080760799195128,-0.808758662885038,0.7906730111436313,0.7891242175156497,1.1405805063146846,0.8508868228029516,0.9119448975091023,False,0.7367601246105919,0.8654088050314465,False,0.875643333494313,0.8873394496157576,False,0.8711348057882712,0.8706196462342863,False,0.865186054210691,0.8735323074743268,False,0.8401970006347459,0.8683071812579222,False,0.8692570405761209,0.8715683248968377,False,0.84433836721486,0.8624354489421956,False,0.8768713856858464,0.8689850083837551,False,0.8605928880796131,0.868843884842285,False,0.8764601945735618,0.8717676789532346,False,0.8589284153014257,0.870060034696742,False
pathway|Costimulation by the CD28 Family,pathway,49,0.026638537730469227,0.48327978231915936,0.31444854669079303,0.3333333333333333,1.089961557926347,0.48674705245424016,0.3132187982165978,0.27722772277227725,0.7674563965021333,0.3909378760913818,0.34792157816912317,0.2874251497005988,1.0828939600661818,0.38872844909256943,0.3487385174980616,0.2888555722138931,1.0060397356704145,0.40690077860301577,0.3420404320483669,0.291970802919708,0.9940936072024227,0.4215150351083163,0.3366895173134946,0.2877742445151097,0.9899877525708034,3.048300900330891,0.0011506967952215638,0.047619047619047616,0.6373137867428487,2.3794685868189944,0.008668810341797487,0.0297029702970297,0.7448287443205165,2.2180971933824214,0.013274103075353323,0.031936127744510975,1.3391866138772124,2.267571282006572,0.011677674847375242,0.035982008995502246,1.3450162434187416,2.384144609103787,0.008559436967889736,0.029697030296970302,1.2732408201530119,2.380884307149784,0.008635567626800999,0.028119437611247775,1.285765396184957,0.6432233945675537,0.010495749556414871,False,0.6270833333333332,0.27044025157232704,False,0.6678183903053092,0.057166981256854765,False,0.5754865141686583,0.19022540551927533,False,0.6866867103744467,0.079910100513627,False,0.5767664670658682,0.1961790704305674,False,0.6936170161145064,0.07322875268874891,False,0.5874697786242015,0.21236440603227796,False,0.686361133643723,0.05725312282966245,False,0.5858880778588808,0.17877612238776122,False,0.6801580181970596,0.05776235234815779,False,0.5823930501255746,0.17273368818337917,False
pathway|Cross-presentation of Particulate Exogenous Antigens (Phagosomes),pathway,8,0.00973637661058516,-0.28492712539097087,0.6121500130478524,0.6190476190476191,0.4275742304202326,-0.32001407983141633,0.6255211713972074,0.5841584158415841,0.7769426119167949,-0.4055847423832095,0.6574761292866914,0.6047904191616766,1.1871759822204113,-0.41573504791525456,0.6611980539975137,0.5952023988005997,1.056634047796218,-0.4155428126168189,0.6611277095580275,0.597040295970403,1.117095647151772,-0.4084418965309653,0.6585253601011942,0.5906481870362593,1.0815432890971073,0.08731268137461379,0.4652114871191943,0.42857142857142855,0.21389780108676137,0.30466091953757457,0.38031220854107795,0.32673267326732675,0.7058710026157361,0.21970442944975355,0.413050677375555,0.3273453093812375,2.267146199335978,0.18721297961438155,0.42574682424880816,0.3353323338330835,1.9081758079249265,0.16215526140606268,0.4355917948362833,0.3407659234076592,1.7087213727675878,0.1627294092545498,0.4353657451928899,0.34155316893662124,1.666515425700942,0.8299871798531694,0.709918070665231,False,0.7962962962962964,0.6323529411764706,False,0.8147339727908509,0.6467456201743755,False,0.7482199283758163,0.5403655750190404,False,0.8315139282155215,0.6756970320110981,False,0.7746464517772964,0.5443698238881353,False,0.8327222353692537,0.6845586258104543,False,0.768909536647985,0.5545880905700996,False,0.8345135766655019,0.68645617929697,False,0.7688880684581115,0.5635744117895902,False,0.8363549932086897,0.6873122956166619,False,0.763551282165846,0.563565996439634,False
pathway|DAP12 Interactions,pathway,31,0.01654959177120426,0.04828073465283649,0.4807462540830071,0.5238095238095238,0.43060583213119064,-0.0225093788372792,0.5089791846669165,0.44554455445544555,0.7184217337762694,-0.05861667301631994,0.5233712848147821,0.44510978043912175,0.9436055102007481,-0.07026316432340418,0.5280078996857377,0.45377311344327836,1.0690325386820332,-0.07829572448000535,0.531203590802502,0.45185481451854814,1.1462799770626373,-0.07029509579430138,0.5280206070788722,0.4506509869802604,1.1324870122414583,0.4799079678694992,0.31564641765496687,0.19047619047619047,1.900355799729258,0.3682061453201088,0.356359764219384,0.24752475247524752,1.988623054328757,0.4797021237122759,0.3157196087959341,0.2435129740518962,1.2646294496332011,0.4954752363986717,0.3101323490176629,0.2538730634682659,1.178641356154332,0.48977320551383846,0.31214719657028955,0.25807419258074193,1.1828475673589416,0.5025696451025881,0.3076334377076305,0.252034959300814,1.184097096656796,0.7746035959387005,0.586478837741636,False,0.7367601246105919,0.46612466124661245,False,0.7681692592938163,0.6200247920811247,False,0.6807558928481682,0.5026840033400931,False,0.7783043823185615,0.6014658370099757,False,0.687066891857311,0.4861723920579893,False,0.7715389656713457,0.602257013253655,False,0.6795308813255063,0.501415958687323,False,0.7831850298675819,0.5998425864175829,False,0.6762883117628832,0.5144392845483664,False,0.7793302402851783,0.5941911061858477,False,0.677623873265109,0.5057501516636335,False
pathway|DDX58 IFIH1-mediated Induction of Interferon-Alpha Beta,pathway,60,0.020297208370199195,0.18050749963748502,0.4283770836208791,0.3333333333333333,0.9730057212682338,0.11869988084649027,0.4527565654759923,0.40594059405940597,0.5695985907647806,0.2721946459040461,0.3927361792125971,0.3393213572854291,0.9840166102895598,0.28090162797252866,0.38939292598240816,0.33883058470764615,0.9045540672645576,0.2705411739409605,0.3933719726115653,0.3370662933706629,0.9780477622570601,0.2919561392823563,0.3851600796945216,0.3265134697306054,0.9825138574541833,0.7459160994099943,0.2278590496280743,0.19047619047619047,1.5622230109447814,1.1908607746235107,0.11685412279305357,0.10891089108910891,1.810141096987548,1.3865267760488393,0.08279305498396072,0.08183632734530938,1.243866503214516,1.2710364081770833,0.10185784826045219,0.09995002498750624,1.1444688737474618,1.288149841313172,0.09884690417153941,0.10568943105689431,1.13112716918117,1.3217098902185902,0.09313238700674892,0.10215795684086318,1.1038335795420522,0.7454144740624993,0.5195876813488663,False,0.6270833333333332,0.46612466124661245,False,0.7519421674541761,0.35890909143580735,False,0.6640658631080499,0.3576237623762376,False,0.7164459996544953,0.30024951265267685,False,0.6190044154116009,0.32411492803865954,False,0.7235016711154622,0.3408224618895216,False,0.6203909879379836,0.3498250874562719,False,0.730894838000501,0.3343024511868917,False,0.6229892348188495,0.34931719593998045,False,0.7156369381978457,0.3256835958569903,False,0.6162337622812762,0.34895009964969237,False
pathway|Dectin-1 Mediated Noncanonical NF-kB Signaling,pathway,45,0.0588378522264128,2.054580031265123,0.019959793017549007,0.09523809523809523,0.8133057154398703,1.9752015152018474,0.024122642023568196,0.0594059405940594,0.7930716135890825,1.9524268036663504,0.025443776673995895,0.043912175648702596,0.8275548234175711,1.9719237119001143,0.0243091579850722,0.04247876061969016,1.01240670402707,1.9671329529904908,0.024583942554836927,0.04609539046095391,0.982151910557452,1.9703530302981584,0.02439896233999102,0.045719085618287636,0.9721631473800091,2.8839805240554517,0.001963415191619115,0.047619047619047616,0.2868714338511354,3.4213650492026937,0.00031153819176390834,0.009900990099009901,0.761804305990517,3.0480938537804954,0.001151489940800645,0.015968063872255488,1.0984901357658508,3.0108117096807123,0.0013027518289880351,0.012993503248375811,0.9991364140639334,3.0780282211664116,0.0010418759031684919,0.007999200079992,0.8705829497080567,3.0656131788918857,0.0010861207337065546,0.007999840003199936,0.887316879587014,0.13060647170178807,0.01688537064792439,False,0.44791666666666663,0.27044025157232704,False,0.1512690676894589,0.0031257665240312137,False,0.33738090790211095,0.09030903090309031,False,0.17449654833972272,0.010502984005484672,False,0.3174029299890785,0.13351075626524728,False,0.17421563222635075,0.011882675773496927,False,0.30443111777444615,0.11503071993415057,False,0.17618492164299798,0.009503171116779275,False,0.32170338521703384,0.07524247575242475,False,0.17485923010326898,0.009906737601384028,False,0.3211029396433348,0.0752484950300994,False
pathway|Degradation of AXIN,pathway,37,0.065453074027367,1.4641662439511351,0.07157426547437612,0.09523809523809523,0.5154546763032515,1.8584604280100459,0.03155182895236252,0.039603960396039604,0.8352364747021435,1.767463687872255,0.03857530256023567,0.043912175648702596,1.288071745101306,1.8299782841962335,0.03362659306137227,0.04997501249375312,0.9886388045966007,1.7847441320887985,0.03715141450924461,0.057194280571942806,0.9561729557914191,1.7753001068500303,0.03792417389208432,0.05865882682346353,0.997542907398267,2.480480179385543,0.006560277907211091,0.09523809523809523,1.2664894169358047,3.0858331676788966,0.0010149133869164224,0.0297029702970297,1.0565531404264215,3.2658686517155595,0.0005456442765170647,0.011976047904191617,1.1378789351922098,3.392775346421875,0.0003459417821471747,0.005997001499250375,0.9104158758043248,3.368465077389123,0.00037793986117085174,0.0052994700529947,0.893234739269626,3.379476337421784,0.0003631202938395119,0.004899902001959961,0.900592869052908,0.30343456208151004,0.04487826477433041,False,0.44791666666666663,0.3412698412698413,False,0.17267455481202032,0.008728255127481233,False,0.298019801980198,0.19022540551927533,False,0.2189004051010251,0.005298029910697951,False,0.3174029299890785,0.1092360733079296,False,0.20243209022946107,0.0033589831105257932,False,0.32005273958765296,0.05822895004110848,False,0.21926619151534565,0.003669674135884722,False,0.3362759877858368,0.052427015362979834,False,0.2238269870885761,0.0035257809176030028,False,0.3395443629588947,0.04916235008633161,False
pathway|Degradation of GLI2 by the Proteasome,pathway,42,0.054744336582150235,1.687363072200589,0.045766779971404034,0.09523809523809523,1.1422056463731598,1.641532210482391,0.05034349322307482,0.07920792079207921,0.9800495724957431,1.625671818050479,0.052009744143792835,0.059880239520958084,1.4633625234517553,1.5846473876635492,0.05652323592156663,0.07446276861569215,1.1547091947889674,1.5433846889277847,0.061368733188260916,0.0771922807719228,1.0365538299477481,1.5599460184285865,0.05938631917982175,0.07717845643087139,1.0125189556328849,2.2676185744885267,0.011676232287210977,0.047619047619047616,0.1354571313842779,2.9250035203069396,0.0017222616327703744,0.009900990099009901,0.5849112377527951,2.6718402277821647,0.003771827829793732,0.011976047904191617,0.7197984728949545,2.7162272897664677,0.003301528464424968,0.013993003498250875,0.7358143927950488,2.7044123866520815,0.003421265569971179,0.013998600139986002,0.8515028585471893,2.7162299998990487,0.003301501436643592,0.013999720005599889,0.8566765778423214,0.23882185581908302,0.0697094935152418,False,0.44791666666666663,0.27044025157232704,False,0.23291658581680924,0.01364212503852323,False,0.3558445396778484,0.09030903090309031,False,0.2484909997981213,0.029876846757050355,False,0.3277082199237888,0.1092360733079296,False,0.2744111937482509,0.028393144794054723,False,0.3441536807353899,0.12033983008495752,False,0.2932061696772466,0.02942288390175214,False,0.3643559886435599,0.12038796120387962,False,0.27930128239259916,0.028392912355134893,False,0.3573956213183429,0.12039759204815904,False
pathway|Deregulated CDK5 Triggers Multiple Neurodegenerative Pathways in Alzheimer's Disease Models,pathway,19,0.05407868484949645,2.658580263923463,0.003923532836620528,0.047619047619047616,0.21785730297355305,2.0319920230882156,0.02107723175089799,0.0594059405940594,0.9159156200701969,1.5354768668106207,0.06233336758501469,0.0718562874251497,1.4724251382056965,1.422252775085525,0.07747644150241269,0.08595702148925537,1.525319390167021,1.473042309098196,0.07036981388788931,0.08549145085491451,1.2534419640372914,1.4568940411477573,0.07257281558629368,0.0877982440351193,1.2470343143895797,3.031500410808876,0.0012167079466335411,0.047619047619047616,0.3671722244850575,3.152217759703146,0.0008101769197740695,0.009900990099009901,0.8005704742608304,2.473990313572454,0.006680665969994453,0.033932135728542916,1.2662065553326476,2.615856870086281,0.00445019290236403,0.025987006496751622,1.5760611210661584,2.572157110824076,0.005053350766637212,0.025097490250974904,1.4440446324646758,2.594982870762053,0.004729781662411422,0.02241955160896782,1.446354108661601,0.03578737526735693,0.010771443880491055,True,0.3412698412698413,0.27044025157232704,False,0.14525622971507618,0.007389795540969544,False,0.33738090790211095,0.09030903090309031,False,0.26808061922368537,0.04787810611829358,False,0.33178419280841304,0.20026613439787094,False,0.31469409616205435,0.03434636060542495,False,0.3638653646149898,0.1700454120765704,False,0.30697556493122724,0.0370989897745805,False,0.3706882476309331,0.1661604672866047,False,0.31658576074600575,0.03683435034919823,False,0.37393615764048355,0.15679050055362526,False
pathway|Diseases Associated With Glycosylation Precursor Biosynthesis,pathway,14,0.03489547112302576,0.9051957466011655,0.1826808474107442,0.23809523809523808,0.6531025493977746,0.9066775872437749,0.18228865949586232,0.15841584158415842,1.0424166951677234,0.7880560973809927,0.2153319467882372,0.18962075848303392,1.0825346607260748,0.7430358785317364,0.22872997938546902,0.20439780109945027,0.9726607914921762,0.7264086184282821,0.23379415466910058,0.20007999200079993,1.101589016019555,0.7337520090779327,0.2315499471457314,0.1987360252794944,1.1591417761234926,0.3915441515249447,0.3476975299971868,0.3333333333333333,0.6595345476520291,0.44349675843936515,0.32870323167907867,0.31683168316831684,0.7651639640487151,0.3290767534678917,0.3710488373147812,0.31137724550898205,1.2934127141523302,0.3953912988225858,0.34627706478495995,0.29185407296351823,1.1449850779099984,0.37545119657713905,0.3536624677806807,0.293970602939706,1.1472135153932033,0.3691326751230602,0.356014417436032,0.29201415971680567,1.191345552152199,0.49988122791485456,0.6136294102920505,False,0.5643044619422573,0.5733333333333333,False,0.4943142928671582,0.6035114533039144,False,0.46294338171681243,0.5357659361441762,False,0.5481021716420489,0.6425790518523888,False,0.49203317502925176,0.5355688622754491,False,0.5785523007985393,0.6177567670259003,False,0.5213876112791062,0.5296020628738884,False,0.5815871120280931,0.6189093186161913,False,0.5103735389172948,0.5252810013116335,False,0.5808044507572097,0.6237124627671582,False,0.5069452848231171,0.5219200818295774,False
pathway|Diseases of DNA Double-Strand Break Repair,pathway,30,0.014276587123416139,-0.18648079683669616,0.5739661316850602,0.5714285714285714,0.6658712525355592,-0.032500459769393183,0.5129635253091598,0.43564356435643564,0.93827280593044,0.09195202757098749,0.46336807724687384,0.3932135728542914,0.9774293738311709,0.07165649606141831,0.4714376391153423,0.40379810094952523,0.9533332430570329,0.07709550220159407,0.4692737855379955,0.40055994400559947,1.0851912720551862,0.10122911414220909,0.45968429283892703,0.3909721805563889,1.0191817666525305,0.5787520004377593,0.28137826154434675,0.23809523809523808,0.2119621816039437,0.30506973738886883,0.380156519649429,0.26732673267326734,1.460760920298158,0.29008023875282185,0.3858774266661621,0.29740518962075846,1.3107779271225704,0.2950541778079133,0.38397624650438344,0.3233383308345827,1.2037670873900235,0.29076330476990736,0.38561617594631875,0.31866813318668136,1.19816122900772,0.2865747473343849,0.3872189762361322,0.3188136237275255,1.1996344871084028,0.8226847887485862,0.5627128088361895,False,0.7782805429864252,0.48423423423423423,False,0.7681692592938163,0.6467456201743755,False,0.6690240452616689,0.5026840033400931,False,0.7576784743131372,0.6562096351780496,False,0.6649285698266388,0.5355688622754491,False,0.7613902506970043,0.6456807273621197,False,0.6678199361857533,0.5468481228998759,False,0.7627069954002632,0.6484383740773293,False,0.6698252396982524,0.5402240674808924,False,0.7648300622722441,0.6511335857378536,False,0.659664460342078,0.5421632810281648,False
pathway|E3 Ubiquitin Ligases Ubiquitinate Target Proteins,pathway,36,0.028504266632168707,1.0049760127790992,0.1574542001843755,0.14285714285714285,0.48851390750369295,1.0782667967986752,0.1404573550563743,0.1485148514851485,0.9784035291879251,0.7710080767709844,0.22035107212132254,0.2055888223552894,0.852057798039242,0.7145436025343443,0.23744555213768037,0.21189405297351324,1.1715605293893436,0.7065579616080857,0.23992061053097619,0.21307869213078692,1.1027190098016344,0.702719090306102,0.24111541413421533,0.20893582128357432,1.115808192684216,0.05927837216410863,0.4763651936646816,0.42857142857142855,0.46494077555968344,0.45561330261144617,0.32433403778326886,0.2376237623762376,0.9603840283879392,0.44908326507963703,0.32668579607948844,0.2754491017964072,0.8316743427985741,0.4655722339874818,0.3207608607113187,0.2673663168415792,0.908623398955353,0.4669770504642187,0.3202581487657931,0.27277272272772723,0.9113825883770164,0.45163916546809424,0.32576447510615963,0.2793144137117258,0.914274765112846,0.4557087909182407,0.709918070665231,False,0.5058823529411764,0.6323529411764706,False,0.43140473338743535,0.6035114533039144,False,0.4561527581329561,0.48989556489895564,False,0.5527139392376507,0.6085847666597639,False,0.5156852960745176,0.5280903161829208,False,0.5906703404416677,0.6109161191596864,False,0.5315009162085623,0.5122059223552781,False,0.58393119677635,0.606489302366851,False,0.5202479752024798,0.5196493008926956,False,0.590046663856901,0.6052379556901553,False,0.5197494397219493,0.5219200818295774,False
pathway|ER to Golgi Anterograde Transport,pathway,117,0.034404248497467954,2.6587888021861157,0.003921105287167528,0.047619047619047616,0.18054712398743153,2.2840178802485624,0.011185240069667124,0.04950495049504951,0.7357950636207352,2.2486232916937183,0.012268236630064723,0.033932135728542916,0.6627921304026113,2.278631780025772,0.011344481573170648,0.02948525737131434,0.72947881010871,2.1891044848625745,0.01429462332238506,0.029797020297970205,0.7720679269836093,2.197254461264738,0.014001139000051552,0.03003939921201576,0.7565777862879165,1.919912247906561,0.02743449229121564,0.047619047619047616,-0.0298469136144955,2.4046833076292424,0.008093243053047936,0.019801980198019802,0.4880485017047519,2.245138887785782,0.012379608909965966,0.027944111776447105,0.690387159813779,2.212981777588834,0.013449450990469243,0.02848575712143928,0.6574590838249369,2.2279576342380714,0.012941670136316316,0.026497350264973504,0.6663383392906782,2.253424677797273,0.012116192499662656,0.025919481610367792,0.6944616433131083,0.03578737526735693,0.13107590761358584,False,0.3412698412698413,0.27044025157232704,False,0.10521116440530638,0.05536513997653247,False,0.3041018387553041,0.1453755131610722,False,0.11520320813598942,0.079910100513627,False,0.29181636726546906,0.1789612264832038,False,0.10347542283407167,0.07937813231629887,False,0.2610312490813417,0.1744927536231884,False,0.1265494594128795,0.07949883083737165,False,0.26379126793203034,0.1661604672866047,False,0.12395125997104461,0.07442803964078488,False,0.2659370342004925,0.1696035644504501,False
pathway|Eukaryotic Translation Initiation,pathway,116,0.040269274233876995,-0.23041405213718616,0.5911149785687235,0.5238095238095238,0.026860486420746146,0.01941208424501415,0.49225618519602066,0.48514851485148514,0.16296248969676871,0.09283687060503366,0.46301657948848524,0.4431137724550898,0.38598256804186964,0.05325164320263211,0.47876570431435556,0.4512743628185907,0.5428470991940936,0.05970843632349643,0.4761939262554062,0.44585541445855414,0.5280664194174515,0.04091690671574075,0.48368106956206336,0.44713105737885245,0.5617477202294475,4.501860013420936,3.3680672432129304e-06,0.047619047619047616,0.49054413396581875,4.043701809042111,2.6306913962021505e-05,0.019801980198019802,1.3449024773575113,4.05830684746888,2.4714896206591317e-05,0.003992015968063872,0.5298625376395358,4.246462694392347,1.0858595998650438e-05,0.0009995002498750624,0.6409742368132723,4.210171086729051,1.275886877459004e-05,0.0008999100089991,0.7441368924944168,4.228987748050378,1.1737256403416993e-05,0.0008399832003359933,0.7473656017398765,0.8229101548000582,5.06894120103546e-05,False,0.7367601246105919,0.27044025157232704,False,0.7681692592938163,0.0003167352441027389,False,0.7158318773053776,0.1453755131610722,False,0.7576784743131372,0.0003099659899243328,False,0.687066891857311,0.044503585421749085,False,0.7613902506970043,0.0001556398759806563,False,0.6795308813255063,0.01583418816907336,False,0.7627069954002632,0.00017456452277961825,False,0.6762883117628832,0.013543645635436455,False,0.7648300622722441,0.0001682340084489769,False,0.677623873265109,0.013307102279007053,False
pathway|Extension of Telomeres,pathway,40,0.043349729299862444,1.8985334608254787,0.028812922135131827,0.09523809523809523,1.0642786087584208,2.446031425187519,0.0072219205224309975,0.0297029702970297,1.0177476088462394,2.3847890652844663,0.008544458295787129,0.031936127744510975,0.9110772906688708,2.3175299523234933,0.01023744049009539,0.02948525737131434,0.8977287437196587,2.330936621278433,0.009878350942569291,0.028897110288971104,1.016313540179482,2.31655589622848,0.010263968113360143,0.02895942081158377,1.0682338509956701,1.34640403225262,0.08908612562240759,0.14285714285714285,1.156232403070438,1.7157911877735785,0.043100133815183815,0.04950495049504951,1.1364886664910043,1.534497580992695,0.062453643955364076,0.06786427145708583,0.6848008829554569,1.6184117071049215,0.052786950346678976,0.06646676661669165,0.8187474284569735,1.6090977614172541,0.053797483339544566,0.070992900709929,0.8689845393050513,1.591888509122294,0.055704878958717306,0.07301853962920742,0.8505121905764009,0.1769936645443812,0.3041138153072175,False,0.44791666666666663,0.4056603773584906,False,0.07763564561613323,0.19656273149045952,False,0.2884062599808368,0.24834983498349836,False,0.08868558438041123,0.2540344166292512,False,0.282728660326406,0.3003992015968064,False,0.09629592460995975,0.22967686979907034,False,0.2610312490813417,0.2943093670556026,False,0.09291823855354239,0.2330866723518566,False,0.26357667263576673,0.3022239442722394,False,0.09654545006629384,0.23953097952248442,False,0.26414502012990043,0.3099825674719382,False
pathway|FBXL7 Down-Regulates AURKA During Mitotic Entry and in Early Mitosis,pathway,40,0.06038639364085025,1.639319962799931,0.05057332031852693,0.09523809523809523,0.5446064963355711,1.846376300043893,0.03241879298848338,0.04950495049504951,1.0925649512219737,1.627645128809378,0.05180007708491645,0.0658682634730539,1.1350299034743239,1.667466807872404,0.04771080957314278,0.07146426786606697,0.9912615899006121,1.649900605552565,0.04948163343284456,0.068993100689931,1.0239495762052095,1.6627246627619834,0.048183781526276656,0.06741865162696746,0.957547147865635,2.31882544976987,0.01020225133734189,0.09523809523809523,0.9552396703811016,2.9723749323562942,0.0014775278834612744,0.019801980198019802,0.6963363971369194,2.793771971614432,0.0026048600122765392,0.017964071856287425,1.0485399390046577,2.956860589063317,0.0015539430044172063,0.009495252373813094,1.0337192728583684,2.9874917272055006,0.0014063845362746207,0.009099090090990901,0.9451706314767728,2.982229935146617,0.0014307849586747416,0.009459810803783924,0.8979306158243967,0.2511895582151718,0.0639766177612481,False,0.44791666666666663,0.3412698412698413,False,0.17425101231309817,0.012019888997887664,False,0.3041018387553041,0.1453755131610722,False,0.2484909997981213,0.023060672461624656,False,0.3294700920739167,0.1422943586511188,False,0.24340599460196571,0.013756966009693502,False,0.34315654672663665,0.08660821104599216,False,0.24823286105477022,0.012450639571137083,False,0.3424149388339855,0.08055370933494886,False,0.24172197065682122,0.012666655075326388,False,0.34152783610994447,0.08374714858644003,False
pathway|FBXW7 Mutants and NOTCH1 in Cancer,pathway,5,-0.105434512019569,-1.4535141318873306,0.9269594705651756,1.0,1.7350273843511828,-1.374200708941853,0.9153103096346684,0.9603960396039604,1.0738684203586275,-1.445849994687124,0.9258903599918127,0.9680638722554891,0.934173961429453,-1.4438301132990432,0.9256066154505512,0.968015992003998,1.0742979263056314,-1.4494726506458628,0.9263971836553624,0.9696030396960303,0.9420674068063168,-1.4710441956603029,0.9293604174658994,0.9726605467890642,0.9387796588890657,-1.5506175671485019,0.9395033201490495,1.0,1.0037682212953183,-1.6326754972684137,0.9487313682829488,0.9801980198019802,0.6323450236881576,-1.442156606692687,0.9253709005225099,0.9660678642714571,1.224385720139235,-1.4521665316735046,0.9267723469005915,0.9655172413793104,1.0361297235724962,-1.4557284841423261,0.9272661537746822,0.9716028397160283,1.0702477634079863,-1.4522507837171013,0.926784056620984,0.9705005899882002,1.0537783255505049,0.9362912773158316,0.9597520851229447,False,1.0,1.0,False,0.9183613440001174,0.9487313682829488,False,0.9668200933805755,0.9834653465346535,False,0.9258903599918127,0.9315606724323595,False,0.9680638722554891,0.9732934131736527,False,0.9256066154505512,0.9317829534624227,False,0.968015992003998,0.9687356321839081,False,0.9263971836553624,0.9315731006259409,False,0.9696030396960303,0.9716028397160283,False,0.9293604174658994,0.9327310469267038,False,0.9726605467890642,0.9716805663886722,False
pathway|FLT3 Signaling in Disease,pathway,27,0.01867705984854841,0.07583209736721021,0.46977633981562433,0.2857142857142857,1.603529159309561,0.17802096352270766,0.42935325609636277,0.33663366336633666,1.3270112897281854,0.19929432028793634,0.42101626090789157,0.3652694610778443,1.078810318556662,0.2305740361468441,0.4088228701406414,0.3473263368315842,1.1891214492019244,0.19985819477729452,0.42079574324336194,0.34796520347965204,1.1962315811049598,0.1980914277917344,0.4214867657868392,0.34753304933901324,1.1465286961359393,0.7120805178388833,0.2382074588166715,0.23809523809523808,0.8900086599383763,0.18629060813334775,0.42610843608708593,0.32673267326732675,1.8083876637234118,0.2660103529020401,0.3951156178705585,0.3093812375249501,1.3904129503144347,0.3192284356203702,0.3747766478060043,0.31984007996002,1.1128848364385884,0.32837022223574436,0.37131587753658624,0.3063693630636936,1.1199910761252587,0.3275964889490366,0.37160838849398115,0.30473390532189354,1.1752723694876026,0.7726922310628576,0.5332754971852696,False,0.5890410958904109,0.48423423423423423,False,0.7342916482102567,0.6822268045862386,False,0.6254736584769589,0.5403655750190404,False,0.7464790192730504,0.6607211165502117,False,0.6462075848303394,0.5355688622754491,False,0.7345997629160662,0.6409532442591322,False,0.6203909879379836,0.5468481228998759,False,0.7367705148731647,0.6350345405597299,False,0.6234376562343766,0.5270393415203933,False,0.740959358614838,0.6355348007766382,False,0.6267523751321381,0.5262062758744824,False
"pathway|FOXO-mediated Transcription of Oxidative Stress, Metabolic and Neuronal Genes",pathway,20,0.0062973424160134165,-0.21345669781007431,0.5845146195544001,0.5238095238095238,0.4920950314225582,-0.34536821405167756,0.6350912148855331,0.5841584158415841,1.0343911560095067,-0.30234637040329165,0.6188059835675643,0.5528942115768463,1.3430174244238346,-0.28356297529520413,0.6116273428624817,0.5337331334332833,1.2329628628179579,-0.31971734740345614,0.6254086959171433,0.5517448255174483,1.3055133534619303,-0.32200824057584765,0.6262767741637592,0.5525889482210355,1.2467238808493908,-0.595153401703855,0.724129532330623,0.8095238095238095,0.39077843654651,-0.5010693223614267,0.69183883190452,0.6831683168316832,0.8107293103154398,-0.5467533511844638,0.7077259022261803,0.6726546906187625,1.005739823581799,-0.5118795143415195,0.6956323318802862,0.6476761619190404,1.295856337857676,-0.5270963612416575,0.700936663250735,0.6559344065593441,1.2258888373552452,-0.5256569319523522,0.7004367036960687,0.6552268954620908,1.2147514566183906,0.8229101548000582,0.8547568205157551,False,0.7367601246105919,0.8828502415458938,False,0.8169335712843824,0.8325854529050102,False,0.7482199283758163,0.8095813518359711,False,0.8123374762028187,0.8418792166370331,False,0.7456337325349301,0.809043268045582,False,0.8070879745281859,0.8342045095456818,False,0.7335784162713164,0.7860908255549645,False,0.8135155685949081,0.8405654806313595,False,0.7486287407295307,0.7929166922665164,False,0.8118271217755209,0.8399659275399071,False,0.7497314627698477,0.7952552239277796,False
pathway|FasL CD95L Signaling,pathway,4,0.09355979839306139,1.220138965072069,0.11120609980196594,0.19047619047619047,-0.06969326874032278,1.6084329867879053,0.053870190986316326,0.0891089108910891,0.535359723210332,1.2512471236110045,0.10542216519499303,0.10778443113772455,0.7706212498986719,1.3367907616089938,0.09064547280612556,0.09095452273863068,0.7208558635406782,1.3222010840753535,0.09305060009812915,0.09729027097290271,0.670441512367751,1.3257964252099663,0.09245356871607718,0.09757804843903121,0.6770093559740443,1.548621045420937,0.060736421890864756,0.09523809523809523,0.2540422537739027,1.0535220538636043,0.14605089603930432,0.1485148514851485,0.8565093343806568,1.0150600854704854,0.15503859333189218,0.1437125748502994,0.7276141789570357,0.9772499740994628,0.16422270638484238,0.16141929035482258,0.7307079970243386,0.9827385329159838,0.1628680704180686,0.1546845315468453,0.8274253761282999,0.9940142618983978,0.16010796208264605,0.1523769524609508,0.8307741679771545,0.3938004240046088,0.23180897277430548,False,0.5259938837920489,0.3412698412698413,False,0.23291658581680924,0.4033148597048679,False,0.36245651592186245,0.3921313183949974,False,0.37458454333571495,0.42998150435713284,False,0.3798150824787207,0.4022294394262323,False,0.35146407211083,0.42983508366815265,False,0.36418632788868727,0.4038964769583712,False,0.3538631208802694,0.430083271330992,False,0.3706882476309331,0.3953075280707224,False,0.35225979979163585,0.4257381459746907,False,0.37655118692497946,0.395526496249736,False
pathway|G-protein Beta Gamma Signalling,pathway,23,0.007193307118059821,-0.31366846408464877,0.6231135725966551,0.6190476190476191,1.1663913212834902,-0.3336402275748263,0.6306744706321205,0.5544554455445545,1.2486604827712162,-0.4040324400057515,0.6569055678243318,0.5988023952095808,1.3091047743773578,-0.41472635256094614,0.6608288806866451,0.5947026486756621,1.2302779774434898,-0.41962534443497035,0.6626204146945347,0.5977402259774023,1.219486462886335,-0.42146461161411247,0.6632920764075789,0.5961280774384512,1.1959900386179854,0.2052676766251137,0.4186814983219065,0.3333333333333333,0.9050184719624257,0.19639354661443084,0.42215107348193126,0.33663366336633666,1.3744160570678323,0.022710531350053176,0.4909405876002977,0.3972055888223553,1.5895528060015545,-0.02648043609930523,0.5105629310707527,0.4267866066966517,1.4725223085876895,-0.042623423094445126,0.5169991382370793,0.42745725427457254,1.4030198879305165,-0.05496628537773729,0.521917338230119,0.4313313733725325,1.4082142129893038,0.8357681478372302,0.6632796368152307,False,0.7962962962962964,0.5733333333333333,False,0.8147339727908509,0.6795052038399001,False,0.728782048510528,0.5447673799638029,False,0.8315139282155215,0.7243780238612235,False,0.7728218776122968,0.6067764967577283,False,0.8327222353692537,0.7336284263921841,False,0.768909536647985,0.6236056728917094,False,0.8345135766655019,0.7316308011801993,False,0.7688880684581115,0.6245855996924579,False,0.8371625861686116,0.7375451587195578,False,0.763551282165846,0.6277251266568872,False
pathway|G2 Phase,pathway,3,-0.059605372817698545,-0.7621464138933791,0.7770136880044445,0.6666666666666666,0.7253564270018154,-0.6871402768275667,0.7540028323311324,0.6831683168316832,0.27980953465447944,-0.6316282514465628,0.7361850892873834,0.7125748502994012,0.3167181429419164,-0.6437850743037048,0.7401425931287428,0.7286356821589205,0.5383867116098996,-0.6622227686797957,0.7460857678648963,0.738026197380262,0.5398405966168915,-0.6555172418619349,0.7439326054561806,0.7366052678946421,0.5571272609304619,-0.39922406046059955,0.6551359419255984,0.5238095238095238,0.323692537670461,-0.7260772490994083,0.7661042923526252,0.7227722772277227,0.16394783286094972,-0.6895531775224663,0.7547623895382805,0.7425149700598802,0.6838688374079772,-0.7122224025150885,0.7618364667354443,0.7466266866566716,0.6025989717748019,-0.7137902359685243,0.7623215508898631,0.7504249575042495,0.568197675378149,-0.699642872174895,0.7579248192712982,0.743965120697586,0.565105339287034,0.8724925730377253,0.8355759259305302,False,0.819047619047619,0.7134238310708899,False,0.8715583798576277,0.8767206047093294,False,0.8258380054872958,0.8335419748871439,False,0.865186054210691,0.8700529600012631,False,0.8401970006347459,0.8563103677702066,False,0.8634996919835333,0.8652582631674399,False,0.84433836721486,0.8541165023548831,False,0.8678198196912228,0.8625332151805986,False,0.857706121279764,0.856852193568522,False,0.8656094339404021,0.8659646621070146,False,0.856054770796476,0.8579827637163732,False
pathway|G2 M Transition,pathway,124,0.02196977715034596,0.8095867335680158,0.20908886766635493,0.14285714285714285,1.1373945818934121,0.8130274615650602,0.20810115676007818,0.1782178217821782,0.860585045607619,0.7554353106928067,0.2249939165214873,0.2155688622754491,0.6684057847810962,0.6908949372377502,0.2448157839775139,0.22188905547226387,0.6855371702721365,0.7188765427588509,0.2361084953522406,0.21707829217078292,0.7263327557494843,0.7136850030920108,0.2377109909466122,0.21861562768744625,0.7493908631448356,1.3412435456052028,0.08992069622040649,0.14285714285714285,0.5923080143311569,0.8809007506599082,0.1891857705798194,0.19801980198019803,0.5585204031610771,0.7126285169333987,0.2380378303396865,0.2215568862275449,0.7091130215053586,0.7232054655720389,0.2347768307168151,0.2178910544727636,0.650137172103059,0.722305714323921,0.2350532702093276,0.22147785221477853,0.6434461456742723,0.7096315051174382,0.23896633866337885,0.22247555048899023,0.665233141153853,0.5425495617894209,0.3041138153072175,False,0.5058823529411764,0.4056603773584906,False,0.531702230874187,0.45815681235701905,False,0.47896039603960394,0.4549920640919054,False,0.5596956105203941,0.5154632153398967,False,0.531854324138608,0.46311543579507647,False,0.5942705723970297,0.5047701860411524,False,0.5386177878802535,0.46067591204397795,False,0.5825299762379051,0.5060907918290025,False,0.5202479752024798,0.46618764696956877,False,0.5864836743846743,0.5046507197986185,False,0.5264264314713706,0.4653989678827113,False
pathway|Glucose Metabolism,pathway,63,0.07353350336472382,4.663519803223455,1.5542312837203543e-06,0.047619047619047616,0.9593679562044639,5.45908347010417,2.3929936639916265e-08,0.009900990099009901,1.2130398493642385,5.727317190498291,5.101564541848531e-09,0.001996007984031936,1.1344033829578233,5.481345853917978,2.1105120087058885e-08,0.0004997501249375312,1.0164411136209905,5.5414565748086675,1.4998298404716143e-08,0.00029997000299970003,1.0481214720457792,5.46493610613394,2.3153678471888116e-08,0.00015999680006399873,1.0011093130475497,5.181487734364461,1.100615333551888e-07,0.047619047619047616,1.1511735106325798,5.91344373934426,1.6751399856507596e-09,0.009900990099009901,1.0569112612564495,5.951657092480303,1.3272053424263558e-09,0.001996007984031936,0.9316769254999001,5.935241071421123,1.4670702403505395e-09,0.0004997501249375312,0.9350271268785791,5.8591952134325584,2.3255784283198733e-09,0.00019998000199980003,0.9368635738670615,5.800572577061738,3.3044430787977346e-09,0.00015999680006399873,0.9660220389784714,3.341597259998762e-05,1.8404734188839904e-06,True,0.3412698412698413,0.27044025157232704,False,6.548100844195269e-07,3.361447571205858e-08,True,0.16556655665566555,0.09030903090309031,False,1.3959735700876436e-07,2.853491486216665e-08,True,0.04621526178412406,0.027309018326982393,True,5.775128314731567e-07,3.15420101675366e-08,True,0.012535398967183076,0.008356932644788716,True,4.1040798361995985e-07,4.9999936208877276e-08,True,0.0075242475752424764,0.00401293204012932,True,6.33568838185302e-07,7.10455261941513e-08,True,0.004378094256296692,0.0032106024546175744,True
pathway|Glycine Degradation,pathway,6,-0.029558254231111945,-0.7713015312873119,0.7797358875320535,0.7619047619047619,0.7354213053411883,-0.8006710335761907,0.7883389419923705,0.7821782178217822,1.4270770008422586,-0.8532596607788898,0.8032423375435988,0.8003992015968064,1.0625972011859237,-0.8235674399002624,0.794907308493442,0.7941029485257372,0.9261910720627969,-0.8413276360264096,0.7999177937121511,0.7984201579842016,0.8575924906483786,-0.8364677130814422,0.7985540834706939,0.7972040559188817,0.8900450364392685,-1.1052630124650689,0.8654771800080663,0.9047619047619048,0.44351262203864394,-1.0088537322010294,0.8434776063175998,0.8811881188118812,0.6572534483724726,-0.9038791201734502,0.8169702490552988,0.8243512974051896,1.0198522634818232,-0.9144617763867109,0.8197628730685036,0.8260869565217391,0.8994662963824702,-0.8879423997345238,0.8127141320583109,0.815918408159184,0.8931606145791694,-0.8929569607914151,0.8140598892531787,0.8180236395272095,0.9114561185861256,0.8724925730377253,0.9173430703674993,False,0.8686868686868686,0.939080459770115,False,0.8806109131265043,0.9026670820373021,False,0.8817814365706234,0.9306583289907938,False,0.8823939547468002,0.8877546749662272,False,0.8824914274016071,0.895775236530549,False,0.8762344418773178,0.8907892591827421,False,0.8846280830703782,0.8976612776644168,False,0.8812056691251956,0.8824652837473861,False,0.88185284035699,0.8866116998408462,False,0.8798813405611672,0.8831960863958445,False,0.8822000765867035,0.8888993339266789,False
pathway|Homologous DNA Pairing and Strand Exchange,pathway,31,0.015564213825696145,0.1825697090025942,0.4275678267708755,0.38095238095238093,0.38832773909381696,0.20010326971763148,0.42069990810940994,0.3564356435643564,0.5843988034300425,0.13553016468451892,0.4460963581527819,0.36926147704590817,0.9754538303577756,0.22308164768773378,0.4117359807444746,0.3448275862068966,0.9726588346557189,0.22012450729051788,0.4128870944089966,0.3478652134786521,0.9347641344727003,0.22481049453784582,0.41106335079129774,0.3477330453390932,1.0005886308531258,0.8004384701009667,0.21172839977845165,0.23809523809523808,1.0404306087508743,0.5040518232454568,0.3071124801610842,0.25742574257425743,1.1225194255452862,0.39772756472794146,0.3454155081872704,0.29141716566866266,1.2029772286855005,0.44018541864946253,0.32990140983913296,0.2748625687156422,1.2195631178541748,0.42445793460456127,0.3356159385505498,0.276972302769723,1.1564797319025175,0.40692164225101335,0.3420327699842492,0.28103437931241376,1.2040901929239047,0.7454144740624993,0.4940329328163872,False,0.647834274952919,0.48423423423423423,False,0.7253461863813685,0.588795264512652,False,0.6410891089108911,0.5026840033400931,False,0.7576784743131372,0.6225752572716671,False,0.6462075848303394,0.5284130534112498,False,0.7345997629160662,0.6129649651949323,False,0.6203909879379836,0.52033731561892,False,0.7367705148731647,0.606489302366851,False,0.6234376562343766,0.5226781669659122,False,0.740959358614838,0.6128087128884465,False,0.6267523751321381,0.5219200818295774,False
pathway|Host Interactions of HIV Factors,pathway,101,0.028878481745307365,0.6709164424170023,0.25113688056265254,0.38095238095238093,0.29145529792354535,0.729557284650286,0.23283042010878263,0.25742574257425743,0.6156601311091705,0.6779341242430214,0.24890673121328472,0.24550898203592814,0.6219712784727777,0.7530103496736855,0.22572184736683082,0.22188905547226387,0.6485005497961754,0.7596747460595381,0.22372451387929393,0.2081791820817918,0.7443936196145862,0.7617938933153345,0.2230915128271445,0.20693586128277436,0.7668323557534301,1.12754055715109,0.12975700149770797,0.19047619047619047,1.1057778785733912,1.0117570042303152,0.1558271261769435,0.15841584158415842,0.7674779844119268,1.0069341153555162,0.15698321818126743,0.15768463073852296,0.9227967222675113,1.04395788879532,0.14825243664900928,0.14842578710644677,0.794467560823013,1.0797530785557066,0.14012607534297394,0.1401859814018598,0.710352688844441,1.0587568545076786,0.14485526383412028,0.14285714285714285,0.7257774158076948,0.5905640706981126,0.39056857450810095,False,0.647834274952919,0.46612466124661245,False,0.569772003680842,0.4150793360996459,False,0.573964063072974,0.40409464675281087,False,0.5857603525834961,0.42998150435713284,False,0.5598348757031392,0.4022294394262323,False,0.5757820004865769,0.4161028135958257,False,0.5386177878802535,0.3945351885460779,False,0.5755647750227989,0.4101743373818346,False,0.5202479752024798,0.3907136559071366,False,0.5739362851365,0.4074900412529926,False,0.5190641187176257,0.3909090909090909,False
pathway|IRAK4 Deficiency (TLR5),pathway,4,0.06263777496365093,0.3164211229577121,0.3758414430849803,0.38095238095238093,0.2651745493436335,0.30595652181055805,0.3798188749317214,0.38613861386138615,0.42948561262225377,0.3827810341995921,0.3509410624878596,0.30538922155688625,0.7899981268776184,0.47509551458067134,0.3173594477002283,0.28535732133933034,0.6952231758183173,0.4817890320396801,0.314977910795719,0.2773722627737226,0.7676531723787957,0.46939177017715134,0.3193948149243954,0.2837143257134857,0.7428437438573017,0.8810929158156716,0.18913376562781453,0.23809523809523808,0.2958188420193251,0.6811810651272382,0.2478784638082805,0.26732673267326734,0.4938814424587357,0.4374449679255901,0.3308943391864927,0.3093812375249501,0.6453919725557155,0.44968057990403554,0.3264703881197677,0.2943528235882059,0.7013660818831311,0.4429387937652113,0.3289050032277557,0.28857114288571145,0.8237152706782825,0.4466831902560869,0.327551910282871,0.2877742445151097,0.7989202713216326,0.7040198301931936,0.4845156477948873,False,0.647834274952919,0.48423423423423423,False,0.7151365427890584,0.521758165078968,False,0.6493168869959621,0.5026840033400931,False,0.6866867103744467,0.6085847666597639,False,0.5893908385760126,0.5355688622754491,False,0.6762702345149271,0.611332579398167,False,0.5843030865519622,0.5296020628738884,False,0.679388576091404,0.606489302366851,False,0.5858880778588808,0.5252810013116335,False,0.6794440228706694,0.6052379556901553,False,0.5823930501255746,0.5219200818295774,False
pathway|Impaired BRCA2 Binding to RAD51,pathway,26,0.010619053803941937,-0.554913490850711,0.7105230831303773,0.6666666666666666,0.16064684418961356,-0.25028768161039106,0.5988175589878981,0.504950495049505,1.0246535794768454,-0.16118851555224192,0.5640275369480158,0.4930139720558882,0.859324111477718,-0.12909536943224575,0.5513589069962596,0.487256371814093,0.9760431293256919,-0.13805356236018881,0.5549009569349432,0.4854514548545146,1.084363695550813,-0.1513464981522038,0.560148804262501,0.4893102137957241,1.052981395407105,-0.14062635380732666,0.5559174361029642,0.38095238095238093,0.9431032654286307,-0.12538956166320675,0.5498924242594817,0.44554455445544555,0.6063511602048127,-0.15865430602057154,0.563029379704229,0.48502994011976047,0.7763964655198795,-0.21787079628535233,0.5862351091245975,0.5112443778110944,1.0874377229001908,-0.1930600515256318,0.5765440308522761,0.5007499250074993,1.1330651607394344,-0.20481485405126285,0.5811416094125662,0.5092698146037079,1.1207746487216106,0.85890541374395,0.7651737150377538,False,0.819047619047619,0.6035087719298246,False,0.805088909068784,0.7627540078437972,False,0.7272253541143588,0.647869134739561,False,0.8046080029447997,0.7738440332921138,False,0.7061516776872794,0.6758982035928143,False,0.8013975556371731,0.7949211612469705,False,0.7017424302202966,0.7026692133385362,False,0.8044585004575453,0.796053914158418,False,0.6985368129853681,0.6914024193910885,False,0.8040373434829536,0.8013088298054227,False,0.7028926088144903,0.7016595741144538,False
pathway|Inflammasomes,pathway,21,0.06389183959888901,1.4689432616585465,0.07092408962767217,0.14285714285714285,0.5869080406239305,1.598728625439768,0.05494045711957959,0.07920792079207921,0.946465581165296,1.491249352987545,0.06794802031802996,0.08383233532934131,1.1256996617777675,1.5484263086756065,0.06075984556678542,0.07546226886556721,1.3603510740772156,1.6771178806075617,0.04675971647832237,0.0670932906709329,1.222560388660805,1.6809844128349938,0.04638297111046826,0.06749865002699947,1.2057081872104747,2.5120139488661772,0.006002217181419589,0.047619047619047616,0.13745073122985257,2.212434439264992,0.013468330742903547,0.039603960396039604,0.988817860236616,2.3767325079435473,0.008733374725266032,0.02594810379241517,1.4914445553615818,2.420918802682157,0.007740667430184871,0.028985507246376812,1.3501272212507005,2.48346294547382,0.0065055935153559815,0.026097390260973904,1.41274533719719,2.419944159620927,0.007761445304683999,0.02765944681106378,1.4110193158505635,0.30343456208151004,0.04301588980017372,False,0.5058823529411764,0.27044025157232704,False,0.23291658581680924,0.08273403170640749,False,0.3558445396778484,0.21287128712871287,False,0.27638316372604077,0.05974422255238807,False,0.34566483471413334,0.17750861912538557,False,0.28136482331696017,0.05177646436634769,False,0.3441536807353899,0.1744927536231884,False,0.24344852917745843,0.04466419560681843,False,0.3424149388339855,0.1661604672866047,False,0.24172197065682122,0.053095341743406445,False,0.34152783610994447,0.17273368818337917,False
pathway|Initiation of Nuclear Envelope (NE) Reformation,pathway,16,-0.0003460722184339682,-0.5274246626993457,0.7010506397071534,0.6666666666666666,1.119883636755758,-0.5631739142501674,0.7133417680251306,0.6732673267326733,1.133636172579982,-0.5974922251374644,0.7249106018403211,0.6906187624750499,1.0216944489841104,-0.5787774563973844,0.7186303278398658,0.6746626686656672,1.1108092978873276,-0.5678284611174268,0.7149242739497983,0.6705329467053295,1.1527359167944624,-0.5692686515571072,0.7154130812347315,0.6723865522689546,1.210056570203697,-0.14266108762018204,0.5567210750606912,0.47619047619047616,1.641023983789349,-0.5130267482832128,0.6960336949291269,0.6831683168316832,1.7225604968322772,-0.5359278070034115,0.7039957772198587,0.6626746506986028,1.3603605747485514,-0.551593784242269,0.7093866520022425,0.6711644177911045,1.3433798321192365,-0.565101028385957,0.7139974754655327,0.6785321467853215,1.2444363683266022,-0.5579359175121096,0.7115559280134786,0.6749265014699706,1.2820780968587977,0.8577896038693218,0.7651737150377538,False,0.819047619047619,0.6697819314641744,False,0.8664448337811499,0.8325854529050102,False,0.8258380054872958,0.8095813518359711,False,0.865186054210691,0.8418792166370331,False,0.8315049900199601,0.8075508901225887,False,0.8634996919835333,0.8373544402065686,False,0.8200577130789444,0.8040563051807429,False,0.8624877374269655,0.8427970200593151,False,0.8232062169277145,0.8104689531046895,False,0.8656094339404021,0.843221788708886,False,0.8227168789957534,0.8061622100891315,False
pathway|Interleukin-6 Signaling,pathway,10,0.033897421466015806,0.5726753834336136,0.2834322539989369,0.23809523809523808,0.762090136390169,0.3831264666114403,0.3508129982911513,0.26732673267326734,1.5766488678557888,0.41270520796843635,0.33991130435570993,0.25948103792415167,1.4442301590437872,0.3939998215709776,0.34679058548426656,0.2798600699650175,1.2900561231967704,0.45226755293353665,0.3255381239699306,0.2702729727027297,1.1276007250824662,0.4348748622492393,0.33182663093856973,0.27019459610807783,1.194050139592553,1.7369174158108112,0.04120087443915721,0.09523809523809523,1.0731664959696812,0.8060393335964484,0.2101100848863806,0.18811881188118812,1.7366193975213868,0.8449535571763269,0.19906838500300533,0.16367265469061876,1.530152624702991,0.9405580841971828,0.17346568530665107,0.13793103448275862,1.7757740256444694,0.9190292957432475,0.1790401245857302,0.14278572142785723,1.6789452099334514,0.9241865136879919,0.17769460800939846,0.14097718045639088,1.7304739396680253,0.619977403899186,0.17973135081429448,False,0.5643044619422573,0.3412698412698413,False,0.6972996805393461,0.47092092739430474,False,0.5754865141686583,0.4423731435643564,False,0.6866867103744467,0.46091987604542006,False,0.5599277635205779,0.4038153201793135,False,0.6936170161145064,0.43875980350977395,False,0.5841839354295455,0.39352198900549723,False,0.6801919800625841,0.4381388414658926,False,0.5769657076845507,0.3907136559071366,False,0.6794440228706694,0.4360991191241866,False,0.5815203695926081,0.3909090909090909,False
pathway|Interleukin-9 Signaling,pathway,6,0.0985553246528342,1.5691423270679163,0.05830738951027331,0.14285714285714285,0.470416533543017,1.6276282041912598,0.05180187248909032,0.0891089108910891,0.5757055116849455,1.2939663926445455,0.09783851476862232,0.10978043912175649,0.9121066190462574,1.2246321307573305,0.11035692805987557,0.11944027986006997,1.0181411633173785,1.242773918744089,0.10697557800423169,0.11138886111388861,1.0651578652051812,1.2529762371376432,0.10510717741283332,0.11325773484530309,0.9921091636995826,2.5291160176321874,0.005717511058230187,0.047619047619047616,0.1211515704548468,2.10904247232876,0.017470457862305194,0.039603960396039604,1.534185559324427,2.1828032720472064,0.014525150310933571,0.03592814371257485,1.0189882640444123,2.0726447124919045,0.019102678308804504,0.03798100949525238,1.0263939839432235,1.9431358130523608,0.02599987546570003,0.0438956104389561,1.16934960972006,1.9739162814623887,0.02419563156216764,0.04219915601687966,1.1584146224071294,0.2742269412905042,0.04197489825676308,False,0.5058823529411764,0.27044025157232704,False,0.23291658581680924,0.10310995718733065,False,0.36245651592186245,0.21287128712871287,False,0.3653650775258058,0.08572686752139225,False,0.3798150824787207,0.20796867802855826,False,0.37582616702199884,0.11057511867211839,False,0.4011327669498584,0.2157034690202069,False,0.3659051020372015,0.14492523176251312,False,0.38537985281931575,0.24624810246248102,False,0.35953844966639675,0.13486824259652702,False,0.3893982794501413,0.24426819155924573,False
pathway|Intrinsic Pathway for Apoptosis,pathway,43,0.003795847042433279,-0.6736006063899115,0.7497173662240223,0.6666666666666666,0.38475209906084346,-0.8886073736004783,0.8128929365647704,0.801980198019802,0.6434056720975861,-0.8396307198306789,0.7994422652737585,0.7844311377245509,0.9902675600790863,-0.8438551012342048,0.8006248098332016,0.8025987006496752,1.1302270993627395,-0.8586865746869903,0.8047432703427887,0.8061193880611939,1.0617127738679517,-0.862668132590075,0.8058400208435728,0.8047839043219136,1.0437074922157055,-0.8518972306044518,0.8028644329674314,0.7619047619047619,0.5452132520777724,-0.852108959827335,0.8029231902460596,0.7920792079207921,0.7108723176153862,-0.8347746155237517,0.7980776895529563,0.7904191616766467,0.9044531899613738,-0.8182324924213215,0.7933877774808422,0.784607696151924,1.0232210568591578,-0.8060770107486271,0.7899007768962342,0.788021197880212,1.1839435985294169,-0.8205953619348986,0.7940616047853639,0.7944041119177616,1.147488000778483,0.8660463412106251,0.8922388362413161,False,0.819047619047619,0.8654088050314465,False,0.8840371243964666,0.8885289715590586,False,0.8874854397204427,0.889611349194621,False,0.8814363437633748,0.8735323074743268,False,0.8712685330446118,0.8683071812579222,False,0.8762344418773178,0.8715683248968377,False,0.8846280830703782,0.8682607225798865,False,0.8812056691251956,0.8689850083837551,False,0.8838665224386653,0.868843884842285,False,0.8798813405611672,0.8723085512423159,False,0.8831929543227317,0.8726848090775411,False
pathway|Lagging Strand Synthesis,pathway,19,0.05090858290353971,1.9970529510093382,0.02290971557966801,0.09523809523809523,0.6102925253438019,2.113406213661035,0.017283007295158307,0.039603960396039604,1.0255066499622902,1.7418906592116423,0.04076378936523264,0.06387225548902195,1.1239951651903755,1.7325232300881739,0.04159022234494256,0.062468765617191405,0.9868120911479187,1.656326248455195,0.04882788382601626,0.06869313068693131,1.098071064012679,1.6882255491142302,0.045683970281008644,0.06577868442631148,1.0961158633799803,2.455593308977347,0.007032611646438676,0.09523809523809523,0.41691272053530737,2.0222960777120638,0.021572886800577836,0.04950495049504951,0.629631098407559,1.6557784369276558,0.04888334804487873,0.06187624750499002,1.1108160676645003,1.7659252093299502,0.03870419861288822,0.05747126436781609,0.9933012473744327,1.8064792143259147,0.03542175901207835,0.057694230576942306,1.018718758836832,1.8069834565608867,0.03538242934155793,0.055798884022319556,1.0697240178215293,0.1467196678612781,0.047040357901734255,False,0.44791666666666663,0.3412698412698413,False,0.1327335315862664,0.1202488690180357,False,0.298019801980198,0.24834983498349836,False,0.2230891017988186,0.2196102650971418,False,0.3294700920739167,0.2865346230615692,False,0.22761194410595836,0.18492006003935482,False,0.3416427379530574,0.27901371894697813,False,0.24823286105477022,0.17478605676451775,False,0.3424149388339855,0.2756502127565021,False,0.24172197065682122,0.17177598760982157,False,0.34152783610994447,0.2708945821083579,False
pathway|Lipophagy,pathway,6,0.03341432967857623,0.35528704653469906,0.3611872793288729,0.38095238095238093,-0.2905276090898169,0.5830384910177696,0.27993369447911737,0.31683168316831684,0.31459116263794507,0.37863167927820895,0.35248069701756635,0.3093812375249501,0.8670730388658764,0.32984885178439144,0.3707570863814062,0.32983508245877063,0.8338248418537731,0.30536188603266257,0.38004527344037536,0.32936706329367066,0.9050410454548602,0.292769438704715,0.3848491947854713,0.3273134537309254,0.9751916246901656,0.6017406449407572,0.27367339510381694,0.2857142857142857,0.9328217474544158,-0.03342788779057151,0.5133333145776966,0.42574257425742573,0.8112243512129345,0.11077923990055324,0.45589570408486524,0.3712574850299401,0.988130736485481,0.13197500957393915,0.44750202914916104,0.3828085957021489,0.9011218294984371,0.1417265140155921,0.44364801559012673,0.37876212378762125,0.966261826365072,0.13410278656019142,0.4466606480960882,0.38321233575328495,0.9959749060181908,0.7014023940515531,0.5528569927936168,False,0.647834274952919,0.5308641975308642,False,0.6241484595423283,0.7322906525492259,False,0.6113226707286114,0.637554800256145,False,0.6866867103744467,0.7037159329720227,False,0.5893908385760126,0.5820234530938124,False,0.7063157151949574,0.6943201586283375,False,0.6203909879379836,0.5932569429570929,False,0.7132300851808215,0.6882912073565689,False,0.622502967094595,0.5899624323281958,False,0.7156369381978457,0.6898080160322154,False,0.6162337622812762,0.5933574185659144,False
pathway|Loss of Function of MECP2 in Rett Syndrome,pathway,11,0.11253019528663259,5.17486386891756,1.1403860588238337e-07,0.047619047619047616,0.3286171011683857,2.883503531441215,0.0019663911868124818,0.019801980198019802,0.9984823257536111,2.5252253626121246,0.005781205787985112,0.023952095808383235,1.0979838516168514,2.6811183585593583,0.003668827905692266,0.02048975512243878,1.072812004298284,2.7460021571278843,0.003016318348476784,0.017698230176982303,1.1438297296022253,2.6917900636935896,0.003553483326240832,0.019079618407631848,1.1995431806145513,3.2134863723642186,0.000655670103759708,0.047619047619047616,0.7758900848081506,3.3005202702424143,0.000482528709964939,0.009900990099009901,0.33834613302915184,2.7353260372486665,0.003115925830427396,0.015968063872255488,1.0280187460527472,2.663008447426663,0.0038722734955020815,0.01899050474762619,1.0170619887562378,2.604891155710022,0.0045951725196683125,0.019698030196980302,0.9831921744081834,2.620523959566206,0.004389738030018209,0.01897962040759185,1.043674522940901,2.8604683642164495e-06,0.006167396913489753,True,0.3412698412698413,0.27044025157232704,False,0.02367534988922228,0.004538785678107707,True,0.22075540887422074,0.09030903090309031,False,0.06444973859938959,0.026796962141675606,False,0.2603459747172322,0.13351075626524728,False,0.04247373844666816,0.031501468166111525,True,0.21266952730531283,0.14290354822588705,False,0.037829659287146336,0.03546530585692723,True,0.20844952541782857,0.14461236803148952,False,0.04278393924793962,0.035711112082040024,True,0.2127024126184143,0.14282164356712865,False
pathway|MAPK6 MAPK4 Signaling,pathway,58,0.028960503534247582,0.3581546610093772,0.36011378744845945,0.38095238095238093,-0.09303182945734341,0.45934945513127107,0.3229916194082868,0.32673267326732675,0.5888583871785815,0.4392797403784358,0.33022942610631406,0.2874251497005988,0.8703388703793495,0.42623030139164064,0.3349700198467017,0.2978510744627686,0.9008736949825175,0.42670205530594046,0.3347981766798559,0.29077092290770923,0.8906293569501079,0.413421298769811,0.3396489862791961,0.29311413771724565,0.897704051088756,0.8231910628989652,0.20519967516234716,0.19047619047619047,0.8480291371640125,1.1244646274999874,0.13040798422778,0.12871287128712872,1.1716310437276012,1.5624027558917004,0.059096569143124535,0.07784431137724551,1.1508988847852168,1.471111651485978,0.07063046226520704,0.079960019990005,1.2082450117146364,1.4619679669825865,0.0718749940618643,0.0852914708529147,0.9913076885852542,1.4631512541299583,0.07171299787636018,0.08533829323413532,0.9802595562706553,0.7014023940515531,0.4940329328163872,False,0.647834274952919,0.46612466124661245,False,0.6678183903053092,0.3848314044368802,False,0.6185316644872034,0.368976897689769,False,0.6808154606712365,0.24705649044556227,False,0.5767664670658682,0.3209744893774096,False,0.6904629236952223,0.27256114284394,False,0.5890828779158807,0.32624596792512833,False,0.680907102571869,0.2784198458884465,False,0.5858880778588808,0.32467128287171276,False,0.6815622991335869,0.27730958224631136,False,0.5863837986398167,0.32507349853002937,False
pathway|MASTL Facilitates Mitotic Progression,pathway,8,-0.008557671047118052,-0.48748083833842726,0.687041190628578,0.6190476190476191,0.5633838218254218,-0.4475749095970091,0.6727699928560513,0.6138613861386139,0.8558311496681584,-0.5243637800792567,0.699987228213266,0.6626746506986028,0.9791764032878114,-0.4918667941008008,0.6885932430504368,0.6436781609195402,1.146234557593,-0.4748352583289508,0.6825478000335699,0.6377362263773623,1.0822804628773133,-0.4765232694718925,0.6831491831944438,0.633527329453411,1.1149623420646415,-0.9913050787252589,0.8392316830897719,0.8571428571428571,0.44434433783616806,-0.4178849690373196,0.6619843886348865,0.6435643564356436,0.5985126471561792,-0.3812701179154287,0.6484985877457184,0.6127744510978044,0.7453205145401532,-0.36608893451178615,0.6428506428838067,0.5912043978010995,1.0567470186624828,-0.37241235699484276,0.6452070725068648,0.5935406459354065,0.9891542516065356,-0.3632006748228972,0.6417725082190546,0.5883682326353473,1.0041760218080502,0.8514817271372884,0.9119448975091023,False,0.7962962962962964,0.9148936170212765,False,0.8472960997894203,0.8325854529050102,False,0.7763541059988353,0.797172309823575,False,0.8627297660950115,0.8271104869129714,False,0.8208439088900389,0.7775038158976166,False,0.8564734138767829,0.8235051941277354,False,0.8004084377564304,0.7637447370735234,False,0.848954081859936,0.8291440912976076,False,0.7932972134885278,0.766762808697671,False,0.8517304683520209,0.8290514465330042,False,0.794202963677352,0.7600808498851483,False
pathway|MET Receptor Recycling,pathway,9,-0.013167167557205546,-0.9659322469712807,0.832960957490297,0.8571428571428571,0.6739724433113449,-0.8061324752886714,0.7899167659274291,0.8118811881188119,1.5912397298436696,-0.6977858361739712,0.757344430910727,0.7285429141716567,1.255968302157011,-0.6836308153544957,0.7528958395633691,0.7321339330334833,1.240738602579878,-0.6353232086295919,0.7373911800352462,0.7113288671132887,1.1285714866313101,-0.6457378425166319,0.7407754257375374,0.7165056698866022,1.0604422589877132,-0.75910940447051,0.7761064430683784,0.8095238095238095,0.4040638095915865,-0.8141740167896052,0.792227365840855,0.8118811881188119,0.6650227423358556,-0.7241334919735272,0.7655081076427677,0.7544910179640718,0.7866562177467159,-0.7325925254895005,0.7680965043608572,0.760119940029985,0.9855456168818884,-0.7321771420655719,0.7679697729847189,0.7603239676032397,1.1423815152128396,-0.7208282295217597,0.7644923976859799,0.751284974300514,1.1215004111928997,0.9017371042929483,0.8848789369832648,False,0.9148936170212765,0.8828502415458938,False,0.8806109131265043,0.8873394496157576,False,0.8886408640864087,0.8897713512358429,False,0.865186054210691,0.8735323074743268,False,0.8401970006347459,0.8635049293048883,False,0.8692570405761209,0.8652582631674399,False,0.84433836721486,0.8569142395094587,False,0.8636371408194906,0.8625332151805986,False,0.8355720848148648,0.8603665949194554,False,0.8656094339404021,0.8659646621070146,False,0.8391759013068765,0.8590708940538171,False
pathway|Major Pathway of rRNA Processing in the Nucleolus and Cytosol,pathway,164,0.043854172248604946,1.6847456304159114,0.04601882936048776,0.09523809523809523,1.6839763882573588,2.1367668259824155,0.016308480805693443,0.039603960396039604,1.3750075415475946,2.3700499923721514,0.008892840106358902,0.02594810379241517,0.9573533338692692,2.3763480619182413,0.008742480356465297,0.02048975512243878,0.7421874682666701,2.369061327362967,0.008916648071623868,0.018698130186981302,0.6150994594004564,2.4012217528192825,0.008170215425125135,0.018059638807223857,0.5947704778781523,4.484511657985218,3.6540555365515107e-06,0.047619047619047616,0.6182230459539456,4.827864619580071,6.900242775703808e-07,0.009900990099009901,0.7234427644312413,4.889993648043347,5.041961579920151e-07,0.001996007984031936,0.6673660350041835,5.056268867093432,2.1376923455684792e-07,0.0004997501249375312,0.5737214461934917,4.963943182729065,3.4538079463172433e-07,9.999000099990002e-05,0.6115057699492336,4.93051418910124,4.1006729564108626e-07,9.99980000399992e-05,0.6244038496696968,0.23882185581908302,5.2374796023904985e-05,False,0.44791666666666663,0.27044025157232704,False,0.13158915034623317,1.0931437239404455e-05,False,0.298019801980198,0.09030903090309031,False,0.08922482906713432,8.431280197533142e-06,False,0.2603459747172322,0.027309018326982393,False,0.08877543449626255,3.574696644533957e-06,False,0.21266952730531283,0.008356932644788716,False,0.0898736306208055,5.77553439911939e-06,False,0.20844952541782857,0.0021497850214978504,False,0.08565405523127739,6.857236443775942e-06,False,0.2090750492682454,0.0021499570008599827,False
pathway|Mitochondrial Fatty Acid Beta-Oxidation,pathway,26,0.04573141073514486,1.36527273245509,0.08608367293259223,0.14285714285714285,1.4376705553816054,1.9868184662331432,0.023471258743199903,0.039603960396039604,0.9352057705551983,1.8179152107790573,0.03453854654804855,0.05389221556886228,1.1842324495113252,1.8767582854469584,0.030275615067120884,0.05697151424287856,1.1709591951902854,1.8678202371512638,0.03089356584113273,0.0524947505249475,1.1938292393544683,1.8720924091087838,0.03059691000310691,0.05365892682146357,1.1776698867156097,0.707880059153275,0.2395098719854365,0.19047619047619047,1.7359695538526758,0.9244964107484087,0.1776139596811414,0.19801980198019803,0.9530982221730419,1.005604380354426,0.15730295797556554,0.15169660678642716,1.079739668671236,1.1095944909480269,0.13358690314155058,0.1359320339830085,0.9057593432187832,1.1730141848487203,0.12039505870021566,0.12768723127687232,0.9047439331978684,1.1876148096609038,0.11749260023145741,0.12289754204915902,0.9263586477077511,0.3374269828514126,0.5332754971852696,False,0.5058823529411764,0.46612466124661245,False,0.1504745081267474,0.4569384774702869,False,0.298019801980198,0.4549920640919054,False,0.20792205021925225,0.42998150435713284,False,0.3174029299890785,0.4022294394262323,False,0.19648677946588272,0.4020965784560672,False,0.32977741898281626,0.39352198900549723,False,0.19751605171363426,0.36978482315066236,False,0.3243104261002471,0.38913280389132804,False,0.19595042363691872,0.3608701292823335,False,0.3296191219032762,0.37747102200813126,False
pathway|Mitochondrial Protein Import,pathway,47,0.05902276138661823,3.2362844501354426,0.0006054832274011287,0.047619047619047616,0.4252213001129268,2.4539510035379006,0.007064811604544112,0.0297029702970297,0.9862516213766488,2.529680436461773,0.005708322762926113,0.02594810379241517,1.1468912487107035,2.704767882192231,0.0034176066416126815,0.017991004497751123,1.0249409251842303,2.705846633603073,0.0034065251350481655,0.017798220177982202,1.153119705784867,2.723608216157669,0.0032286528456830234,0.016559668806623868,1.0797441835554267,4.279836975837354,9.35151303624757e-06,0.047619047619047616,0.3079517106990997,2.794831371635794,0.0025963396498486645,0.039603960396039604,1.4729081806755013,3.2204799738982937,0.0006398806679833567,0.00998003992015968,1.015903897932942,3.1721100378909677,0.0007566782666050312,0.00849575212393803,1.0575038595952981,3.1699008705497054,0.0007624547579677884,0.008599140085991401,1.084191963516071,3.191064166994851,0.000708748974078966,0.008479830403391932,1.0586388925469252,0.007290018057909589,0.00012238284451784862,True,0.3412698412698413,0.27044025157232704,False,0.07763564561613323,0.020038416271908926,False,0.2884062599808368,0.21287128712871287,False,0.06444973859938959,0.006018877533218448,False,0.2603459747172322,0.09690296825703433,False,0.041147983965016684,0.007117504945253575,True,0.21266952730531283,0.0799131684157921,False,0.04101456262597991,0.00717184006713451,True,0.20844952541782857,0.07843458078434581,False,0.04049268777294125,0.006666670037430274,True,0.20768584628307435,0.07734633186124155,False
pathway|Mitochondrial Translation Elongation,pathway,84,0.10375492952688609,7.0805504415927505,7.179149427798692e-13,0.047619047619047616,0.7832647837688891,8.122899204382533,2.2758866580609195e-16,0.009900990099009901,0.5312969714074136,8.298837338682267,5.2567599579854836e-17,0.001996007984031936,0.8995785526249127,8.358828415152505,3.1672080830529506e-17,0.0004997501249375312,0.9002311689009173,8.325104175380915,4.212730623604627e-17,9.999000099990002e-05,0.8557584820584693,8.24497863369627,8.259486662943775e-17,1.999960000799984e-05,0.8909761642973527,6.46452133503437,5.080997997388561e-11,0.047619047619047616,0.038944948954422666,7.121649245869147,5.332158527527807e-13,0.009900990099009901,0.8709128087190432,6.949563499466383,1.83209083671535e-12,0.001996007984031936,0.6011953327391137,7.076515143932561,7.391230329214654e-13,0.0004997501249375312,0.7762555191061413,7.176994990653066,3.563014879123894e-13,9.999000099990002e-05,0.7030041558851391,7.107343078086117,5.914905852845281e-13,1.999960000799984e-05,0.7107627200683129,2.7011549722092577e-11,1.0924145694385407e-09,True,0.3412698412698413,0.27044025157232704,False,9.786312629661954e-15,1.3374830973215583e-11,True,0.16556655665566555,0.09030903090309031,False,1.977855934192038e-15,5.0132667441029116e-11,True,0.04621526178412406,0.027309018326982393,True,1.3618994757127688e-15,1.8539669409113425e-11,True,0.012535398967183076,0.008356932644788716,True,1.8114741681499897e-15,8.9372289884691e-12,True,0.0030096990300969902,0.0021497850214978504,True,3.1076318569325953e-15,1.4836555514220245e-11,True,0.0006688755113786613,0.0005472617820370865,True
pathway|Mitochondrial Translation Initiation,pathway,84,0.10481700737330686,9.024433597259812,9.031366567878744e-20,0.047619047619047616,0.10320168517069989,9.474443517982262,1.3409316956046086e-21,0.009900990099009901,0.37018494885199393,8.353890311526543,3.302534322353438e-17,0.001996007984031936,1.0319351415588207,8.305568107027566,4.967148407685536e-17,0.0004997501249375312,0.9949131805180319,8.298310109440344,5.280136337171063e-17,9.999000099990002e-05,0.9075173403076787,8.346758807068824,3.5080897621406944e-17,1.999960000799984e-05,0.8865270324478091,6.95240658429072,1.7955331430572426e-12,0.047619047619047616,0.48121456495862586,7.281234679164173,1.6538933972995434e-13,0.009900990099009901,0.38104585043620276,6.867882029793673,3.2581035193910232e-12,0.001996007984031936,0.5544319206992083,7.085927945397183,6.905783176478424e-13,0.0004997501249375312,0.7086443053948512,7.242908135383127,2.195821962725604e-13,9.999000099990002e-05,0.7108209726082162,7.231807071417393,2.3830448647032883e-13,3.999920001599968e-05,0.699114483409385,5.436882673863003e-18,4.503795633835251e-11,True,0.3412698412698413,0.27044025157232704,False,6.727007339616453e-20,4.525653750792387e-12,True,0.16556655665566555,0.09030903090309031,False,1.4200897586119785e-15,7.543762764128447e-11,True,0.04621526178412406,0.027309018326982393,True,1.868889588391683e-15,1.8539669409113425e-11,True,0.012535398967183076,0.008356932644788716,True,1.9866512968606123e-15,6.00856737073097e-12,True,0.0030096990300969902,0.0021497850214978504,True,1.5084785977204987e-15,6.520877311597179e-12,True,0.0006688755113786613,0.001003313267067992,True
pathway|Mitotic Metaphase and Anaphase,pathway,160,0.028260385716971665,1.6704749769539908,0.04741271311646537,0.09523809523809523,0.2066263670453596,1.5634415053870188,0.05897439204712173,0.07920792079207921,0.9550426266765697,1.6894618749895502,0.04556547604722624,0.07385229540918163,0.7353442456203955,1.6856395097622816,0.045932627191842046,0.06446776611694154,0.6545811384709992,1.6854954824045572,0.045946507842650385,0.0648935106489351,0.6630829450596745,1.6669196934968225,0.047765187194554484,0.06385872282554349,0.698073350224814,0.8604443595997453,0.19477207104046967,0.2857142857142857,-0.12325370381046069,1.2884023734153267,0.0988029664952419,0.13861386138613863,0.3418500144319053,1.3450952880705898,0.08929723233816383,0.10578842315369262,0.5462456798619941,1.2707598486379024,0.1019070484055048,0.11044477761119441,0.6452466533102365,1.2699546814065485,0.1020503867225695,0.1090890910908909,0.5527616219307112,1.2809396033283984,0.10010744046662878,0.10795784084318313,0.5686798886160854,0.24188519742467923,0.4845156477948873,False,0.44791666666666663,0.5308641975308642,False,0.24654572230810612,0.3218199066999824,False,0.3558445396778484,0.3792979297929793,False,0.2248449626441405,0.30200524644704846,False,0.33178419280841304,0.3577788243737245,False,0.2425565049955168,0.3408224618895216,False,0.3416427379530574,0.3606959960879775,False,0.24344852917745843,0.33755127915926836,False,0.3424149388339855,0.34931719593998045,False,0.24172197065682122,0.33112461077423366,False,0.34152783610994447,0.35180694235577653,False
pathway|Mucopolysaccharidoses,pathway,10,0.07862511259514215,1.4199519456625929,0.07781083575302737,0.09523809523809523,1.0814578153383432,1.5130453851109265,0.0651340654564631,0.10891089108910891,0.9698993251538002,1.4946448632793004,0.06750357551976828,0.09780439121756487,1.0819560916525208,1.530278647678547,0.06297388560065947,0.08345827086456771,1.0899969376357388,1.50612027285017,0.06601815062745434,0.08339166083391661,1.1699862235736394,1.4865479693018162,0.06856711927232058,0.08493830123397532,1.174284706068503,1.7697462457272137,0.03838471111177614,0.14285714285714285,0.5104403749823305,1.8221931799435733,0.034212839525022944,0.0891089108910891,0.5615191513830633,1.7579253288171501,0.03938010773754919,0.06986027944111776,1.1047609567822916,1.775585309280204,0.03790064657256359,0.06546726636681659,1.106432528127885,1.8245434352978525,0.034034978004692455,0.05629437056294371,1.088566069265024,1.8249573760258664,0.034003730883300755,0.05473890522189556,1.1078143814747403,0.3205877509957873,0.17505754613097907,False,0.44791666666666663,0.4056603773584906,False,0.2668944544460545,0.17140196917180148,False,0.39026402640264024,0.3483348334833483,False,0.27638316372604077,0.1911840714355211,False,0.37742463790367986,0.3003992015968064,False,0.2829125308328135,0.18492006003935482,False,0.3638653646149898,0.2943093670556026,False,0.30168742313635255,0.17074213965687382,False,0.36913073398542495,0.2756502127565021,False,0.30636962405851403,0.16778890157169718,False,0.37393615764048355,0.27010508970148467,False
pathway|N-glycan Trimming in the ER and Calnexin Calreticulin Cycle,pathway,29,0.027642805344367194,0.433074944266015,0.3324801623686292,0.23809523809523808,0.8105893500618723,0.813404652553083,0.20799304635807536,0.18811881188118812,1.0399164836367067,0.5527469012006775,0.290218366335934,0.2375249500998004,1.1987148141367985,0.5164501135479197,0.3027700363126324,0.24537731134432783,1.3125104261358291,0.5414962607134369,0.2940827871569748,0.24067593240675933,1.2834677168872812,0.5343917764155813,0.2965352536860534,0.24449511009779804,1.2183123969448202,0.9570166624743108,0.16927942244499528,0.14285714285714285,2.0856931339823492,0.8437765141962922,0.19939715089292193,0.10891089108910891,1.8613644396271418,0.7840433844715347,0.21650732697846747,0.17764471057884232,1.6376324789152568,0.8588406706282911,0.19521421285301538,0.18240879560219891,1.2093842283519636,0.8065001978799048,0.20997724698479786,0.1840815918408159,1.1125501510010012,0.8114480455308146,0.20855420871351582,0.18387632247355054,1.0913654747164787,0.6658796048342146,0.4632100559631234,False,0.5643044619422573,0.4056603773584906,False,0.531702230874187,0.45815681235701905,False,0.4966996699669967,0.3576237623762376,False,0.656809986970798,0.48554293704427726,False,0.5457634349621368,0.42103195184434283,False,0.6603897168847996,0.4549937132152791,False,0.5553275993582156,0.4139509192772035,False,0.6521274442044955,0.4788117525941224,False,0.5488140579881406,0.4197618116976181,False,0.6532123421663626,0.4726529316798081,False,0.553331038642385,0.4192937353374145,False
pathway|NOTCH4 Intracellular Domain Regulates Transcription,pathway,13,0.01292449883424654,0.3145050352594163,0.37656874638240584,0.3333333333333333,1.2013676407389184,-0.013395250839209104,0.5053437721079157,0.45544554455445546,0.8077657089646049,-0.05683745173908426,0.5226626600141279,0.47305389221556887,0.9133956640993224,-0.06835375477073995,0.5272479829850992,0.46476761619190404,1.0444830202565616,-0.11365633418063455,0.5452448857922849,0.4784521547845215,1.1693776674700815,-0.11720352238115841,0.5466506121486139,0.47173056538869224,1.174159214692778,0.07173300768002762,0.4714071937430794,0.5238095238095238,0.08195503398069526,0.21629427596642756,0.414379185293734,0.36633663366336633,1.0749472985581632,0.17197396852996708,0.43172899709093815,0.37924151696606784,1.083988237591987,0.15619961615792669,0.4379378396419012,0.36031984007996004,1.105562939371356,0.15384028671994396,0.43886783385993444,0.35726427357264273,1.3139136847583288,0.14609415421579883,0.4419235305825424,0.3625527489450211,1.2494795510107304,0.7040198301931936,0.709918070665231,False,0.6270833333333332,0.7134238310708899,False,0.7681692592938163,0.6742061339103456,False,0.6854455445544555,0.5803543512245961,False,0.7783043823185615,0.6839496217072231,False,0.6979863801808148,0.5914595679108104,False,0.7715389656713457,0.6874939743423151,False,0.6857600611458976,0.5830982358283224,False,0.7966927700168823,0.6880167603741681,False,0.6985368129853681,0.5765102634121615,False,0.7987467682365669,0.6892175269707009,False,0.6984830891617462,0.5804700927258051,False
pathway|Nonsense Mediated Decay (NMD) Enhanced by the Exon Junction Complex (EJC),pathway,108,0.0388142859025193,0.18266371081325813,0.4275309456024673,0.47619047619047616,-0.06727151186768114,0.19939292348588677,0.42097769779398697,0.37623762376237624,0.2798331478656345,0.06586760257353026,0.4737416169749839,0.4311377245508982,0.5390950164720604,0.10442879203537607,0.45841453742523064,0.42028985507246375,0.5586153025453079,0.0777385450530241,0.46901801617390526,0.43015698430156984,0.5895565524287906,0.08874925076909736,0.4646405952383106,0.4265114697706046,0.599761208224018,3.6794996350139306,0.00011684601192778637,0.047619047619047616,0.4767181055024212,3.6568798365857496,0.00012765199378027536,0.009900990099009901,0.5192362742863825,3.430142404141937,0.00030163227716732406,0.007984031936127744,0.7311777069122364,3.5581985221366477,0.00018670352674311907,0.0029985007496251873,0.707676820329025,3.6155818859103737,0.00014983686337867517,0.0026997300269973002,0.6984660394341281,3.6354111534575417,0.00013876881763672918,0.0022999540009199814,0.7057881892654613,0.7454144740624993,0.0012560946282237034,False,0.7095709570957096,0.27044025157232704,False,0.7253461863813685,0.0014230833380689957,False,0.6471287128712871,0.09030903090309031,False,0.7576784743131372,0.0031307350147367083,False,0.6794369376430385,0.08010645375914836,False,0.7613902506970043,0.0019378538465406494,False,0.6717382049715883,0.031122369849557976,False,0.7627069954002632,0.0015552033061028009,False,0.6756147301936474,0.03125456685100721,False,0.7648300622722441,0.0014403246244363958,False,0.6776166581931519,0.027691446171076575,False
pathway|Opioid Signalling,pathway,58,0.018781586369662543,0.7659532995937725,0.221852045052556,0.2857142857142857,0.728506104024446,0.33090578698279766,0.37035782531062755,0.32673267326732675,0.8848644720043071,0.4775089104634804,0.3164998886761796,0.25948103792415167,1.0001140998965476,0.48798034927209605,0.3127818800427362,0.2698650674662669,0.967235461839459,0.47892867141844486,0.3159946865541414,0.26707329267073293,1.103467486383017,0.4859920600589135,0.3134863977147321,0.2654746905061899,1.0568055257617388,0.788754574675605,0.2151277319344589,0.3333333333333333,0.13935702415861878,0.8021925820324154,0.21122078333967376,0.25742574257425743,0.4442277658989784,0.9964262101660952,0.1595215516654287,0.17365269461077845,0.7753070663047968,1.0023393267258145,0.15808986743440995,0.1519240379810095,0.9918251035611347,0.9498985981367175,0.17108188961103976,0.15628437156284372,1.0936221931929542,0.9166789454549684,0.1796554510677712,0.16367672646547068,1.072573418556273,0.5518798806679286,0.4972978720180775,False,0.5890410958904109,0.5733333333333333,False,0.705555097585436,0.47092092739430474,False,0.6185316644872034,0.5026840033400931,False,0.6655234618891586,0.42998150435713284,False,0.5599277635205779,0.4148369926813041,False,0.6762702345149271,0.42110663803325127,False,0.5841839354295455,0.39764465593290316,False,0.679388576091404,0.43484643824517777,False,0.5769657076845507,0.3953075280707224,False,0.6788446454110385,0.4360991191241866,False,0.5815203695926081,0.4038253661156285,False
pathway|Orc1 Removal From Chromatin,pathway,46,0.05035543515777333,1.2507361174586538,0.10551538433687241,0.23809523809523808,0.48706699587797353,1.787269317614248,0.036946985279159246,0.0891089108910891,1.0852499561593627,1.557564650327382,0.05966824194253809,0.08183632734530938,0.911236467728796,1.4504653888870942,0.07346439206506687,0.08945527236381809,0.8999767971957845,1.4078929924827337,0.0795813792025381,0.09479052094790522,0.9226354632304229,1.4128608116162062,0.07884832679424952,0.09323813523729525,0.9561880948310992,2.4375613948706327,0.00739335151557337,0.09523809523809523,0.7953033456865141,2.341737299956749,0.009597109875242298,0.039603960396039604,0.8970183782457406,2.509480435194158,0.006045445663072843,0.023952095808383235,0.7209907000407486,2.575339337980793,0.00500708924853801,0.015492253873063468,1.040631485210463,2.5635057977884173,0.005181048511937106,0.0164983501649835,0.9045496074519683,2.5595797306165404,0.005239940664963897,0.017939641207175856,0.8942339230621689,0.38265217693251324,0.0483782349171214,False,0.5643044619422573,0.3412698412698413,False,0.19174211325908505,0.06146234196697727,False,0.36245651592186245,0.21287128712871287,False,0.26808061922368537,0.044382418160607943,False,0.3421213129296961,0.17165668662674652,False,0.31144763396598774,0.03651260976437725,False,0.3638653646149898,0.126031578805192,False,0.32719297297250716,0.0371308476688826,False,0.3706882476309331,0.1281051382041283,False,0.3230391409752202,0.03863441695279266,False,0.37393615764048355,0.1384572308553829,False
pathway|PKMTs Methylate Histone Lysines,pathway,29,0.010416618347179775,-0.0019547995995696428,0.5007798517133132,0.42857142857142855,0.6585739430672123,-0.026790997545139538,0.5106867832197075,0.42574257425742573,1.0447235445755951,-0.09804367755539972,0.5390511946286332,0.47105788423153694,1.1277223025560041,-0.06860513776343596,0.5273480354192811,0.4482758620689655,1.2008705874065213,-0.0600573505252674,0.5239450210179868,0.44165583441655837,1.1922051012775157,-0.055263391962059684,0.5220356867210056,0.44359112817743646,1.1548157863325426,-0.7454522667438613,0.7720008214504972,0.7619047619047619,0.37226709031758626,-0.8799193382633922,0.8105484960895197,0.8118811881188119,0.700530523576378,-0.8151541172208613,0.792507951127115,0.7904191616766467,0.5738674404988148,-0.7401518224687547,0.7703960615577206,0.7576211894052973,0.8215296493383982,-0.731357980405772,0.7677197379559413,0.7496250374962504,0.8643069903737782,-0.7377308215204555,0.7696609806542618,0.75192496150077,0.8653938156295293,0.7769831719881818,0.8835446663749037,False,0.6861702127659575,0.8654088050314465,False,0.7681692592938163,0.8904200632224286,False,0.6690240452616689,0.8897713512358429,False,0.7876427649670804,0.8735323074743268,False,0.6979863801808148,0.8683071812579222,False,0.7715389656713457,0.8652582631674399,False,0.6795308813255063,0.8569142395094587,False,0.7824617109511466,0.8625332151805986,False,0.6762883117628832,0.856852193568522,False,0.7793302402851783,0.8659646621070146,False,0.677623873265109,0.8590708940538171,False
pathway|PPARA Activates Gene Expression,pathway,85,0.02708245012890806,1.3140608758296026,0.09441285947176525,0.19047619047619047,0.2429126149404764,1.6199629522553225,0.05262011772651024,0.09900990099009901,0.5620861347241892,1.4940674427888465,0.06757899624305633,0.09580838323353294,0.7134694654208124,1.432298233856772,0.0760292441676513,0.09195402298850575,0.8912682870975747,1.4364076369496985,0.07544319065541213,0.0898910108989101,0.9526087946805304,1.4386563640686834,0.07512395416560465,0.08839823203535929,0.9132536715414079,1.9563919704225448,0.025209498666085888,0.09523809523809523,0.07692620872803048,1.4217566114896458,0.07754845967658025,0.10891089108910891,0.8811780066254397,1.345945391329647,0.08916006428736512,0.09780439121756487,1.191912088569427,1.2253209544877368,0.11022715812952516,0.11544227886056972,0.9408471773663093,1.2813904683203312,0.10002827521268653,0.10868913108689131,0.864174854615677,1.3129672985352348,0.09459698383146303,0.10315793684126318,0.8534669388210419,0.35522838376251675,0.12646765164153087,False,0.5259938837920489,0.3412698412698413,False,0.23291658581680924,0.28439801385406377,False,0.3772402556711368,0.3576237623762376,False,0.27638316372604077,0.30200524644704846,False,0.37742463790367986,0.33838070984467844,False,0.3134904451296307,0.3567567160966352,False,0.36418632788868727,0.3696609142237392,False,0.3170354910625558,0.3345390093224294,False,0.3706882476309331,0.34931719593998045,False,0.31848324230770425,0.3256835958569903,False,0.37393615764048355,0.34895009964969237,False
pathway|PTK6 Regulates RTKs and Their Effectors AKT1 and DOK1,pathway,9,0.06457684671065847,0.8801665543695619,0.18938454450479925,0.23809523809523808,0.660304048318236,0.9478247385414097,0.17160934215912882,0.2079207920792079,0.547563419162403,0.8571787749568675,0.19567304538745295,0.19760479041916168,0.8732124691708611,0.9192161348871012,0.1789912666782998,0.1664167916041979,1.0055712683955815,0.9076011264487299,0.18204449948185947,0.1623837616238376,1.1590868009761648,0.902179489283086,0.18348076426095972,0.16829663406731865,1.1370384911732594,1.745552937106949,0.040444333105872976,0.09523809523809523,1.4277511937734506,1.955621468695025,0.02525488097193413,0.039603960396039604,0.8746746029917633,2.075334032546015,0.01897779370071302,0.03792415169660679,1.1627769202775275,2.037846037785692,0.02078266630682762,0.037481259370314844,0.9653909085946233,2.0088220737877687,0.02227800321182113,0.04179582041795821,1.014701768144373,1.9790614217033764,0.02390454564018693,0.04389912201755965,0.9688657888376702,0.513556287350852,0.17914626436944747,False,0.5643044619422573,0.3412698412698413,False,0.4827515139242783,0.13574498522414596,False,0.5129849050478819,0.21287128712871287,False,0.5258713094787798,0.1077795453568796,False,0.5083678796253647,0.2153805596354461,False,0.4942786355061306,0.11802985959160593,False,0.46507480204851703,0.2157034690202069,False,0.4981399485821791,0.12895536474534924,False,0.4590468881039824,0.24193349895779656,False,0.4996321279679657,0.13486824259652702,False,0.46141563655213386,0.24525435417217578,False
pathway|Pausing and Recovery of HIV Elongation,pathway,24,0.05542662375829004,1.139971797883042,0.12714902537789396,0.2857142857142857,0.31515608619551466,1.8859854625113577,0.029648456849807023,0.0594059405940594,0.5767016440076095,1.832051571643221,0.033471868761881206,0.05788423153692615,0.8636239269339375,1.8688449744429816,0.030822192832266802,0.05697151424287856,1.054269207962106,1.8254919958030533,0.03396340898454102,0.057694230576942306,1.219513151180362,1.806211514094807,0.03544265354412095,0.05727885442291154,1.242518056327,0.6795497246955229,0.24839480624299543,0.23809523809523808,0.8487112773130887,0.9912795766782754,0.16077454139051062,0.1485148514851485,0.9965609599540292,0.9965682954486594,0.1594870507610308,0.14770459081836326,1.075129480006716,0.9831543139230842,0.1627657480472831,0.15642178910544727,0.9464086070828707,0.9818802890223333,0.16307941373247536,0.15328467153284672,0.9372541770043553,0.9670397666247322,0.16676207724218584,0.15851682966340674,0.9197177200335234,0.424987191610008,0.5332754971852696,False,0.5890410958904109,0.48423423423423423,False,0.168380858713055,0.4245012013907342,False,0.33738090790211095,0.3921313183949974,False,0.20568517420264784,0.42998150435713284,False,0.32265099430768096,0.4022294394262323,False,0.19648677946588272,0.42975868563361597,False,0.32977741898281626,0.4024184488952105,False,0.20581312311430547,0.430083271330992,False,0.3362759877858368,0.3953075280707224,False,0.2133647743356081,0.4327188383611891,False,0.3395443629588947,0.4009543338544994,False
pathway|Pentose Phosphate Pathway,pathway,13,0.07444562532314587,2.2119856856944993,0.013483827003074197,0.047619047619047616,0.3964895754301431,1.9381651426378752,0.026301538971850655,0.04950495049504951,0.40495484693572276,1.5386988333768876,0.06193891864048883,0.07385229540918163,1.0966198937062543,1.5503023804780676,0.060534478126275694,0.08045977011494253,1.2125596837286157,1.5050879705772282,0.06615073065448261,0.07989201079892011,1.3561713835758626,1.5769687745993854,0.057401355056852545,0.0752584948301034,1.26601561476184,2.567339341168407,0.00512411334356977,0.047619047619047616,0.3319992292150382,1.5164166521948148,0.06470701550347555,0.13861386138613863,0.7475383820614412,1.4326439689054369,0.07597980477787789,0.10978043912175649,1.033305623385111,1.5331614556484316,0.06261803931267582,0.08195902048975512,1.0007455970406498,1.5277977871434,0.0632813759319227,0.08189181081891811,1.139320384152566,1.5240776034232435,0.06374466335289429,0.08051838963220735,1.11076893694943,0.09663409352203176,0.039547644010628234,False,0.3412698412698413,0.27044025157232704,False,0.15678698348529152,0.24654191982969798,False,0.3041018387553041,0.3792979297929793,False,0.26808061922368537,0.2789014785139176,False,0.33178419280841304,0.3617710814929281,False,0.28136482331696017,0.2547031058529111,False,0.3561528059499662,0.32624596792512833,False,0.30168742313635255,0.2539692554067831,False,0.3643559886435599,0.3243346717959783,False,0.27425091860496215,0.2553210468932147,False,0.3573956213183429,0.31889520104334756,False
pathway|Peptide Chain Elongation,pathway,86,0.05132741771458691,0.3311842831351536,0.3702526456123031,0.47619047619047616,-0.31451366821677007,0.22955157118594924,0.40922012124998947,0.42574257425742573,0.7242336273704217,0.21094669587193995,0.4164644329192525,0.4091816367265469,0.30523745979208605,0.19745789856576212,0.4217346124285912,0.391304347826087,0.5300260290352963,0.2105242392163653,0.41662926769155956,0.38546145385461456,0.5563395788715618,0.20371844119887297,0.4192867651991767,0.38407231855362894,0.5873786999740178,6.050935489700319,7.200355539922066e-10,0.047619047619047616,0.36840349002587164,5.445797110473485,2.57869485259047e-08,0.009900990099009901,0.6318680208692068,5.096709006150202,1.728044776229859e-07,0.001996007984031936,0.8950286279371267,5.464795595023194,2.3172025713306614e-08,0.0004997501249375312,0.778652256966874,5.577364256244344,1.2209509917140373e-08,9.999000099990002e-05,0.7834753930141745,5.582331050872939,1.1865805152030834e-08,9.99980000399992e-05,0.8267421502678068,0.7040198301931936,1.444871345011028e-08,False,0.7095709570957096,0.27044025157232704,False,0.7198692144437155,4.851169691435821e-07,False,0.6690240452616689,0.09030903090309031,False,0.7461654423136608,3.0596557508540446e-06,False,0.6763085850157609,0.027309018326982393,False,0.7407105337626364,4.649853159803527e-07,False,0.6633902150048572,0.008356932644788716,False,0.7367705148731647,2.450041656706168e-07,False,0.6612930885682381,0.0021497850214978504,False,0.740959358614838,2.3810715671741873e-07,False,0.659664460342078,0.0021499570008599827,False
pathway|Phosphate Bond Hydrolysis by NTPDase Proteins,pathway,6,0.010014052595310534,-0.0955500983956284,0.5380610502571149,0.5238095238095238,0.04576708333880954,-0.047700452575048305,0.5190225132938071,0.49504950495049505,0.14054315464363762,-0.0539764079616322,0.5215230197233137,0.47305389221556887,0.6415156069865598,-0.018276503183978478,0.5072908639604818,0.4512743628185907,0.951085792571188,0.006336464157437215,0.4974721334553295,0.43985601439856015,0.8718285962684411,0.011310363243388985,0.4954879140966366,0.4374712505749885,0.8625321366116915,0.16857328027162194,0.4330661495005943,0.42857142857142855,0.43678870818457044,0.08563662675303119,0.46587764072858623,0.46534653465346537,0.44430215237231635,-0.034171669058849115,0.5136298709210678,0.47105788423153694,1.2995268496621415,0.009838443666072224,0.4960750921669167,0.43928035982008995,1.1788689334238935,-0.002387126426236768,0.5009523247556391,0.43915608439156084,1.0518331563386674,-0.00248173784789549,0.5009900691400881,0.43169136617267656,1.0204737976641216,0.8087634568000446,0.6824759738203082,False,0.7367601246105919,0.6323529411764706,False,0.7733949331754255,0.7011458492965222,False,0.7198545941550677,0.6607042779749673,False,0.7783043823185615,0.7362028149868639,False,0.6979863801808148,0.6719830481217659,False,0.7711845962227527,0.7283834280109363,False,0.6795308813255063,0.6356893668550341,False,0.7644090822876158,0.7256569490179337,False,0.6762883117628832,0.6355095259704799,False,0.7648300622722441,0.7249904365921468,False,0.677623873265109,0.6277251266568872,False
pathway|Phospholipid Metabolism,pathway,134,0.027568995335373842,3.143948007967367,0.0008334252591104298,0.047619047619047616,0.253082101990161,2.0159459187697366,0.02190281562761593,0.039603960396039604,0.4966369723484325,2.0070532439389286,0.022371996985788786,0.04790419161676647,0.7961794625951407,1.9947409109144412,0.02303557246409885,0.04247876061969016,0.7575888009626459,2.014254620313222,0.021991403867295412,0.0374962503749625,0.7094309300509634,2.0147483286864767,0.021965512789885497,0.037839243215135696,0.7635153694366799,1.4353393743730134,0.0755952063854786,0.09523809523809523,0.3020782752943962,1.8080014545255485,0.035303137101049605,0.0594059405940594,0.5029184100213658,1.5388634256130533,0.06191882086965074,0.07584830339321358,0.7512839246361576,1.6126229419818359,0.05341322553466752,0.06746626686656672,0.7209495398712641,1.6520684372703751,0.0492603001576001,0.06529347065293471,0.7292796102109826,1.6502857262405306,0.0494422551483354,0.06491870162596748,0.7267427027290299,0.009291148258971827,0.2659825362904143,False,0.3412698412698413,0.3412698412698413,False,0.1465055000869421,0.17140196917180148,False,0.298019801980198,0.2838283828382838,False,0.16424319738347376,0.2540344166292512,False,0.3174029299890785,0.31708804612996233,False,0.16911481248033547,0.22967686979907034,False,0.30443111777444615,0.2943093670556026,False,0.16548531410139797,0.22130373652891985,False,0.29700977270693985,0.2925604498373692,False,0.16529048374388836,0.21990142122488718,False,0.2992960653607441,0.2916496893942718,False
pathway|Programmed Cell Death,pathway,154,0.01323779887581939,-0.6726509708269679,0.7494153168253864,0.7619047619047619,0.196328971669107,-0.794949518260917,0.7866785660660455,0.7821782178217822,-0.014880564373714296,-0.7409751668683564,0.7706457512437286,0.7564870259481038,0.6687415011245428,-0.7449112245249022,0.771837305448204,0.7606196901549226,0.7085460816670276,-0.7487873142615918,0.7730072965225439,0.7605239476052394,0.6404594159277184,-0.7452387647696587,0.7719363038813558,0.758384832303354,0.6463331462798844,0.36613894271398706,0.3571306999784316,0.47619047619047616,-0.06916571416627278,0.532127823436611,0.29731873403232767,0.25742574257425743,0.46579119676549424,0.16231546881535291,0.43552871692857253,0.35528942115768464,1.211147662879965,0.16351130048255738,0.43505793819597455,0.36731634182908546,1.33614878612554,0.18596810200792568,0.4262348879270351,0.3702629737026297,0.9504077316320049,0.1877039439433406,0.42555436920360634,0.373052538949221,0.8275463416941076,0.8660463412106251,0.6142648039629023,False,0.8686868686868686,0.6697819314641744,False,0.8806109131265043,0.5778081166494993,False,0.8817814365706234,0.5026840033400931,False,0.8689831803642449,0.6858480654582199,False,0.8560247925202227,0.5718829720238667,False,0.8759055546846516,0.6874939743423151,False,0.8632586691728763,0.5849852851352102,False,0.8770600977450385,0.6860786163959229,False,0.8605928880796131,0.589678069230114,False,0.8765715901268952,0.6814661927522517,False,0.8607296275127129,0.5925818983620328,False
pathway|Protein Folding,pathway,69,0.03462089201530288,2.7933041766840967,0.002608630348041488,0.047619047619047616,0.03881507007301502,2.137134445709209,0.016293529008149715,0.019801980198019802,0.3902044228191644,1.9462123479283397,0.025814618636817464,0.043912175648702596,0.9812894113728517,1.9502698643939176,0.025571981263446533,0.04247876061969016,1.019278725381649,1.9368253786423624,0.02638334627211727,0.046795320467953205,0.9687033061627663,1.948519449141401,0.025676419972831797,0.045899082018359634,0.9345062305098022,1.9336689427861202,0.026576922348791176,0.09523809523809523,0.22836773264273266,2.256420750549456,0.012022146652556291,0.039603960396039604,0.7143726647970043,2.3457724861373146,0.009493846916033562,0.031936127744510975,0.9132317603229017,2.4535454549935194,0.007072783018574255,0.022488755622188907,0.8176328318469626,2.3393605139910165,0.00965839164147408,0.0263973602639736,0.9604210259481262,2.3560579506864,0.009235018020822829,0.026559468810623786,0.9553680214049914,0.027048162333960433,0.13107590761358584,False,0.3412698412698413,0.3412698412698413,False,0.13158915034623317,0.07538887796707175,False,0.22075540887422074,0.21287128712871287,False,0.17449654833972272,0.06350328714946893,False,0.3174029299890785,0.1961790704305674,False,0.17900386884412572,0.048384265649792056,False,0.30443111777444615,0.16116941529235385,False,0.18010510439279187,0.061854806044334,False,0.32170338521703384,0.1661604672866047,False,0.17844218265178743,0.06042913965799286,False,0.3211029396433348,0.17009361940420767,False
pathway|Protein Lipoylation,pathway,9,0.0229928224730884,0.14041809188234722,0.4441648321067367,0.38095238095238093,1.0366069687583037,0.26702683954382506,0.39472424809237083,0.3465346534653465,0.8747104161651358,0.19146808085125286,0.4240794428428292,0.3592814371257485,1.4014364688584093,0.2046710240153769,0.41891458031330714,0.3473263368315842,1.1864358718590056,0.20576395782504844,0.41848764810504346,0.35176482351764826,1.0840596855466373,0.2005174029746598,0.42053797438492185,0.3516729665406692,1.0772062058744647,0.317235826555635,0.37553233355987653,0.38095238095238093,0.5624126385439807,0.2879961223221425,0.3866748534602438,0.32673267326732675,1.0338679058253666,0.07250483214108037,0.47110008004996357,0.42714570858283435,0.8926690704283063,0.057303891578974635,0.4771515602087315,0.4052973513243378,1.0179953182964274,0.10334921368263214,0.45884290891508284,0.3915608439156084,1.0099551044379564,0.10647590261364946,0.45760238681850623,0.3898922021559569,1.005720215497342,0.7553311551645635,0.6360886741113435,False,0.647834274952919,0.6035087719298246,False,0.7198692144437155,0.6502186083325887,False,0.6360178700796908,0.5403655750190404,False,0.7464790192730504,0.7122960542625091,False,0.6399036247032562,0.6302493053109468,False,0.7407105337626364,0.7110030674397435,False,0.6203909879379836,0.6130377022544004,False,0.7367705148731647,0.6924217532752452,False,0.6235388225883294,0.5982731676070971,False,0.740959358614838,0.6920949421271807,False,0.6289527463888592,0.5957236185225534,False
pathway|RAF Activation,pathway,30,0.03009844343449386,1.3338779972826056,0.09112192178412809,0.14285714285714285,1.1928432968654505,0.8925408721354878,0.18605154775744998,0.19801980198019803,0.7969497280352498,0.8787550168408075,0.18976706056753762,0.18762475049900199,1.0542893682352814,0.7792585717419982,0.2179137067392703,0.19740129935032483,1.0942377411448874,0.7980636531656137,0.21241677625035077,0.18768123187681232,1.1916491878282083,0.7882926647403047,0.2152627686408743,0.1889362212755745,1.173850957755147,0.6838227411414469,0.24704355230415503,0.23809523809523808,0.5454767855336059,0.2975853215103082,0.3830098395125053,0.297029702970297,1.1037956522576755,0.3223534513513994,0.3735924720072028,0.2894211576846307,1.4134726820128651,0.3904323421349189,0.34810843808828423,0.2843578210894553,1.139364550067004,0.38706754608972366,0.3493531015200526,0.293970602939706,1.034696907727038,0.378431357418951,0.35255508867315477,0.2999740005199896,0.9824731274144854,0.34765081861744573,0.5332754971852696,False,0.5058823529411764,0.48423423423423423,False,0.5000135345981468,0.6476739420969893,False,0.5094355589405095,0.5198019801980198,False,0.5258713094787798,0.6425790518523888,False,0.49203317502925176,0.5284130534112498,False,0.5698916874388308,0.6177567670259003,False,0.5078443684140835,0.5296020628738884,False,0.551184910787548,0.6153546615355772,False,0.48803826513900334,0.5252810013116335,False,0.5585697703526135,0.6237124627671582,False,0.49025691899955104,0.5219200818295774,False
pathway|RHOA GTPase Cycle,pathway,93,0.021081531810637367,0.5098735013555667,0.30507004377459074,0.3333333333333333,0.8968267902033692,0.6387860953218032,0.2614810475187491,0.27722772277227725,0.567462755078034,0.6834240104533502,0.24716947613727486,0.23552894211576847,0.7850615715660936,0.6990372571186206,0.24226437374790327,0.22538730634682658,0.9339536521477989,0.6982950594223356,0.24249634417622506,0.21777822217778223,0.9151375770286921,0.6789289363015288,0.2485914450733317,0.22379552408951822,0.8817926077792423,1.4696986870849604,0.07082168923976692,0.047619047619047616,-0.21704141524381565,0.8662973263520192,0.19316356605526602,0.21782178217821782,0.26717243362668636,0.7712570757741393,0.22027728474726666,0.19760479041916168,1.016212283361685,0.7467234725285372,0.22761524900875746,0.21189405297351324,0.8386376689210852,0.7721832455050904,0.22000295167461148,0.198980101989801,0.8348539514436158,0.7485753634280422,0.2270565929068154,0.20601587968240634,0.8618080773359292,0.6332833322493229,0.25377771977583147,False,0.6270833333333332,0.27044025157232704,False,0.5962560250238143,0.45815681235701905,False,0.5754865141686583,0.47857194478571946,False,0.5857603525834961,0.48554293704427726,False,0.545340089052664,0.4322290670457646,False,0.5942705723970297,0.5000889777491678,False,0.5427326336831584,0.4588497118347301,False,0.58393119677635,0.4869182974563092,False,0.5202479752024798,0.4308849690570511,False,0.5938573410085146,0.49886156543760174,False,0.5346226408805157,0.4429341413171736,False
pathway|RNA Polymerase I Transcription Termination,pathway,23,0.03689507875598136,2.5740397752759043,0.005025935835084068,0.047619047619047616,0.4263879276451391,1.5092672679205432,0.06561524793690376,0.06930693069306931,1.3601491270394004,1.2357883559474714,0.10826862216015681,0.11976047904191617,1.0689144645947293,1.1993122718631803,0.11520327254663276,0.12293853073463268,1.0832782030347032,1.2337180228207885,0.10865399783803653,0.1141885811418858,1.1125371122296361,1.2246966906305188,0.1103447607471994,0.11391772164556709,1.1653371571149056,0.5465966653777473,0.2923279302672976,0.23809523809523808,0.2566574579712844,0.4321022245923109,0.3328335589649495,0.297029702970297,0.4659587332528019,0.48225741353802337,0.31481154792057764,0.2774451097804391,0.8728732712609543,0.4740481680088595,0.31773277943186495,0.26286856571714146,1.0663198490537729,0.48771826984087335,0.3128747045433904,0.26977302269773024,0.9794330730625433,0.48272576894683367,0.314645231882828,0.27011459770804586,0.9484382373811556,0.04449431430471484,0.5691201121729677,False,0.3412698412698413,0.48423423423423423,False,0.2668944544460545,0.6035114533039144,False,0.3419899366985879,0.5198019801980198,False,0.37458454333571495,0.6014658370099757,False,0.40053226879574183,0.5284130534112498,False,0.38105697842347763,0.6091564752165054,False,0.4011327669498584,0.5122059223552781,False,0.3674702623511123,0.5998425864175829,False,0.38618834745738906,0.5196493008926956,False,0.37318846050457327,0.603237036921855,False,0.3893982794501413,0.5211826532700116,False
pathway|RNA Polymerase III Transcription,pathway,38,0.035035778118024684,0.9639199794025356,0.16754302310303898,0.19047619047619047,1.2579445236035847,1.4900220191456768,0.06810922319170336,0.07920792079207921,1.0250160378971638,1.7716071877177648,0.03822989286268734,0.05389221556886228,0.9370296315113862,1.7550868817374523,0.03962222391827001,0.06446776611694154,1.1098973216157615,1.7141340236835092,0.04325205720209671,0.06359364063593641,1.0917814803122772,1.7053893561765154,0.04406091606440169,0.06375872482550349,1.129107584369083,0.25661035538090465,0.398739790099185,0.47619047619047616,0.22001579874556407,0.6300123108441436,0.2643432648482008,0.25742574257425743,0.5999115416062295,0.781538245678168,0.21724299580533657,0.19760479041916168,1.0056130154146137,0.803326470840502,0.21089303093951656,0.1904047976011994,0.8368967908880804,0.7807329140605553,0.21747979895387837,0.1977802219778022,0.8746675494128291,0.7953674057911783,0.21319990707445202,0.19405611887762245,0.9175308063149598,0.46694861068532156,0.6522862870644276,False,0.5259938837920489,0.6697819314641744,False,0.2733450157427028,0.5437196411819093,False,0.3558445396778484,0.5026840033400931,False,0.2189004051010251,0.48554293704427726,False,0.3174029299890785,0.4322290670457646,False,0.22502432829055233,0.47375738193081773,False,0.3416427379530574,0.42453217835526685,False,0.2410901707005761,0.4848994035934621,False,0.3424149388339855,0.4308849690570511,False,0.24172197065682122,0.47890426887619447,False,0.34152783610994447,0.42881755503576063,False
pathway|RNA Polymerase III Transcription Initiation From Type 2 Promoter,pathway,24,0.04518984493909707,1.1964840046366443,0.11575386845013735,0.19047619047619047,1.392621200387379,1.6416947541726676,0.050326639680359705,0.0891089108910891,1.009015183143537,1.6924084308828433,0.04528406298363638,0.06786427145708583,1.1416004214906654,1.6680446375838502,0.04765343299781934,0.06596701649175413,1.276563988278473,1.7333624656614801,0.04151563226555334,0.060693930606939304,1.2000156109130304,1.746551177728428,0.040357611157122865,0.06103877922441551,1.2069549438979306,1.0501587546418565,0.14682256456067388,0.14285714285714285,0.5647452135986268,1.0872581822228888,0.13846136202426557,0.16831683168316833,0.46897655787330544,1.0561190254624848,0.14545691963898005,0.13572854291417166,0.8762047716803419,0.9316246485898183,0.17576527009445503,0.16441779110444776,0.9583701593707715,0.946620748237245,0.1719160337248377,0.1638836116388361,0.9338752795853424,0.9446008762292029,0.1724313397618179,0.1627167456650867,0.9398748310634057,0.4028617816536225,0.41362205985432776,False,0.5259938837920489,0.4056603773584906,False,0.23291658581680924,0.39317801857833906,False,0.36245651592186245,0.4187055069143278,False,0.2248449626441405,0.41697650296507616,False,0.3294700920739167,0.3854178435581667,False,0.24340599460196571,0.43875980350977395,False,0.3416427379530574,0.4038964769583712,False,0.23577745871568975,0.43484643824517777,False,0.3424149388339855,0.398002599740026,False,0.23360847996719197,0.4360991191241866,False,0.34152783610994447,0.4038253661156285,False
pathway|RNA Polymerase III Transcription Initiation From Type 3 Promoter,pathway,26,0.054045090972064364,2.7826520025852197,0.0026958301329528672,0.047619047619047616,1.103592933548314,2.4914313847786436,0.00636147695449604,0.019801980198019802,0.8494764642681266,2.2373954737197286,0.012630252054776248,0.031936127744510975,1.2823565604157303,2.3719162804925986,0.008848049949793609,0.031484257871064465,1.1955670007576957,2.3673700655486436,0.008957504713037093,0.028897110288971104,1.206285355236075,2.410706506539985,0.007960827499185674,0.026759464810703786,1.1765710679488095,1.1887107586173684,0.11727675276585664,0.09523809523809523,0.3190790007571933,1.1283417519910912,0.1295878085081531,0.1188118811881188,1.2199766399755614,1.2385069125448287,0.1077640802790582,0.1157684630738523,0.8346883475017318,1.2560376411122605,0.10455116158250166,0.10744627686156921,1.0330729658499909,1.2926747892042596,0.09806178037898827,0.10338966103389662,0.9737787132751105,1.3270807420106019,0.09224098751369497,0.1003379932401352,0.9496935915754906,0.027048162333960433,0.36392064518064793,False,0.3412698412698413,0.3412698412698413,False,0.07364632935781955,0.3848314044368802,False,0.22075540887422074,0.3576237623762376,False,0.11520320813598942,0.3482538506362517,False,0.282728660326406,0.3707053977152079,False,0.08877543449626255,0.3458230729267363,False,0.26324337831084454,0.3606959960879775,False,0.0898736306208055,0.3343024511868917,False,0.26357667263576673,0.34931719593998045,False,0.08565405523127739,0.3256835958569903,False,0.2533993070138597,0.34895009964969237,False
pathway|Receptor Mediated Mitophagy,pathway,11,-0.016665904097309742,-1.1128704989966156,0.8671179740876516,0.9523809523809523,1.048207711001133,-0.6926540793742614,0.7557366682486407,0.7821782178217822,1.5047800120322237,-0.8247407493878759,0.7952406042051929,0.7984031936127745,1.1343432037491714,-0.8540360588916991,0.8034574948775406,0.8140929535232384,1.2170476187584032,-0.8717243692605546,0.8083206187088132,0.8207179282071793,1.1935848794958641,-0.8660394346728085,0.8067657317027843,0.8147637047259055,1.177969382149647,-1.1052612311544099,0.8654767941907493,0.8571428571428571,0.07136337451438773,-1.1275618215952234,0.8702474910143014,0.8811881188118812,0.6813274147258886,-1.0134421780787937,0.8445754991885503,0.8802395209580839,1.1577681580671866,-0.9831242697872424,0.8372268595890653,0.8710644677661169,1.11138203457005,-0.9907896055713368,0.8391058370474175,0.8687131286871312,1.1540598428106545,-0.9936533848287742,0.8398041777972551,0.8687626247475051,1.1765183216525905,0.9157982814048531,0.9173430703674993,False,0.9684684684684685,0.9148936170212765,False,0.8715583798576277,0.9095294958170302,False,0.8817814365706234,0.9306583289907938,False,0.8814363437633748,0.8978336197691754,False,0.8824914274016071,0.9285066231174015,False,0.8762344418773178,0.8965136890721564,False,0.8846280830703782,0.9220092750827383,False,0.881538066055626,0.8954779698370984,False,0.8918270627810865,0.9209255130824946,False,0.8798813405611672,0.8967976921564793,False,0.8885647649365854,0.9230482057025526,False
pathway|Recycling of eIF2 GDP,pathway,8,0.02557613257011737,0.4985177426717124,0.3090595833727222,0.2857142857142857,0.5434087121649834,0.2791201465797549,0.39007631128744624,0.36633663366336633,0.39042264456858783,0.3166824833614327,0.37574227073412975,0.3253493013972056,1.181730346790566,0.2499319605479168,0.40131998322761614,0.328335832083958,1.2164781315465694,0.2119172439572087,0.41608579869231876,0.34456554344565543,1.1412759165882682,0.21745770589312352,0.4139258320677467,0.34403311933761327,1.123443987181453,-0.1273241087353131,0.5506580602091589,0.5714285714285714,0.18335610033569424,-0.08115328578183365,0.532339975266634,0.5148514851485149,0.5920377119243146,-0.12486883945473416,0.549686306117801,0.4810379241516966,0.9943849814519224,-0.16037158897913037,0.563705815679762,0.49825087456271866,0.8750788833595157,-0.15811114654428465,0.5628153912882853,0.49695030496950304,0.8951076805113085,-0.1549088417772056,0.5615534084677807,0.495590088198236,0.9479927375804756,0.6371707848985574,0.7651737150377538,False,0.5890410958904109,0.7577092511013215,False,0.7198692144437155,0.7487585633423217,False,0.6410891089108911,0.7044104410441044,False,0.6981384166109448,0.7659980469511949,False,0.608215667430571,0.6758982035928143,False,0.7341001434872046,0.7819145185235409,False,0.6203909879379836,0.6911221808450614,False,0.7367705148731647,0.7806794137224603,False,0.6234376562343766,0.6893181649576978,False,0.740959358614838,0.7789289214230507,False,0.6267523751321381,0.6874314126620694,False
pathway|Regulation of IFNG Signaling,pathway,12,0.02816047689939628,0.6512928598115376,0.25742872833820596,0.2857142857142857,0.3860394689293425,0.24288402912676005,0.40404761903973363,0.31683168316831684,1.0338250559451125,0.1681991170887948,0.4332133177557532,0.3393213572854291,1.3649316111634693,0.16843198640385404,0.43312172301828955,0.34832583708145926,1.3784867132082073,0.15407525872443695,0.43877519799806486,0.3521647835216478,1.2659571466662585,0.15363524786277072,0.4389486715503983,0.3567728645427091,1.2254105178527737,0.3758519171143007,0.35351349424392464,0.38095238095238093,0.5851651639432802,0.8468042331815008,0.19855212416742585,0.21782178217821782,0.9164217945692086,0.6989773460622508,0.2422830942058073,0.1996007984031936,1.2993404030498945,0.8032725782648448,0.21090860192268962,0.16991504247876063,1.5146733382469988,0.849388788975644,0.19783249468271047,0.16498350164983502,1.4162901285312264,0.8516444732079814,0.19720572397698277,0.16669666606667866,1.3531576796492797,0.6006670327891472,0.6142648039629023,False,0.5890410958904109,0.6035087719298246,False,0.7198692144437155,0.45815681235701905,False,0.6113226707286114,0.47857194478571946,False,0.7576784743131372,0.5209086525424856,False,0.6190044154116009,0.4322290670457646,False,0.7449693635914579,0.47375738193081773,False,0.6203909879379836,0.4038964769583712,False,0.7546933405566715,0.45805831461150653,False,0.6235388225883294,0.398002599740026,False,0.754991715066685,0.4566070993620909,False,0.6316978366315026,0.40464271359734094,False
pathway|Regulation of MITF-M-dependent Genes Involved in Pigmentation,pathway,27,0.003892563350465101,-0.7537667098768813,0.7745053415808862,0.8095238095238095,0.49136290832281043,-0.5918688801295701,0.7230308029097304,0.7029702970297029,1.0073878551121411,-0.658009386017355,0.7447339500185913,0.7105788423153693,1.004447501109469,-0.6410946529315389,0.7392694059820881,0.7101449275362319,1.150642126755748,-0.596673601311264,0.7246373395468526,0.6907309269073093,1.267564256255311,-0.6151375359548683,0.7307680524981767,0.6969460610787784,1.220581120542957,-0.48087608905665524,0.6846977161188081,0.7142857142857143,0.8539502924371667,-0.4572669445992816,0.6762604070895561,0.6138613861386139,1.1295207408682717,-0.48548790363301736,0.6863348543943435,0.6347305389221557,1.2964575445830018,-0.4862159799984224,0.6865929787159282,0.6356821589205397,1.2659326474188641,-0.48298163522034887,0.6854456120086205,0.6314368563143685,1.268438393456346,-0.4848031795449559,0.6860920164513589,0.634647307053859,1.2144523785353598,0.8724925730377253,0.8520170987825172,False,0.8925518925518926,0.8431372549019608,False,0.8664448337811499,0.8325854529050102,False,0.8330474779761441,0.7763541059988353,False,0.865186054210691,0.8397837039540544,False,0.8401970006347459,0.7862300091175674,False,0.8634996919835333,0.8326345533788367,False,0.8349750905797102,0.782822874277147,False,0.8624877374269655,0.8319319726394951,False,0.8232062169277145,0.7806790749496478,False,0.8656094339404021,0.8360878419103603,False,0.8267380321684905,0.7808643827123458,False
pathway|Regulation of NFE2L2 Gene Expression,pathway,7,0.06641081820482415,0.5991565834834985,0.27453423597445925,0.14285714285714285,2.8418270919038453,0.6690906019458399,0.25171884231184016,0.15841584158415842,2.156125553416836,0.8156129151838246,0.20736078018569448,0.17564870259481039,1.4228693586777887,0.7749617050325697,0.21918114426176216,0.1924037981009495,1.1528369689610332,0.8140604933521484,0.20780514837248054,0.18808119188081193,1.0754657408849666,0.8185650959773475,0.20651729397608404,0.18385632287354253,1.0924615385129952,0.6924635351941287,0.24432313898990948,0.2857142857142857,1.0106991506650185,1.3007286130996356,0.09667568231112594,0.1188118811881188,1.418191464234512,1.3573215595410166,0.08733952993302335,0.09780439121756487,1.4485690524136894,1.415296228183783,0.07849083022003175,0.08545727136431784,1.321818835816584,1.4205572473875034,0.07772275738398911,0.0888911108889111,1.2804934780101271,1.3999963285697417,0.08075720894913163,0.09059818803623927,1.2384714249709612,0.614555948604211,0.5332754971852696,False,0.5058823529411764,0.5308641975308642,False,0.5828259348912607,0.3218199066999824,False,0.46294338171681243,0.3576237623762376,False,0.5460822342745538,0.30200524644704846,False,0.4861005262202867,0.33838070984467844,False,0.5698916874388308,0.2916758011880192,False,0.5005514484137241,0.3271739130434782,False,0.5485551857411652,0.296133543956718,False,0.48803826513900334,0.330323757747682,False,0.5492033045673678,0.3000977764652916,False,0.48122394073857655,0.3325616414500978,False
"pathway|Regulation of TBK1, IKKε (IKBKE)-mediated Activation of IRF3, IRF7",pathway,14,0.11726019945570554,3.256249175070764,0.0005644731428247927,0.047619047619047616,0.3775475303083988,3.178451006433324,0.00074032119548563,0.019801980198019802,0.84351557376842,2.869430029858413,0.0020560615139721093,0.015968063872255488,0.9827235127913644,2.807836724755608,0.002493775359120378,0.019490254872563718,1.1333522536690768,2.8015339190454895,0.0025430147100052093,0.018598140185981403,1.1760386649971302,2.77870180242383,0.002728830060177804,0.01757964840703186,1.248550176314904,5.410752175088712,3.138028800341322e-08,0.047619047619047616,0.8146012916629364,4.597173943143061,2.1413003774026864e-06,0.009900990099009901,1.678172298549208,4.391451461257454,5.629823686287899e-06,0.001996007984031936,1.3738689085304692,4.149298755521157,1.6674766435259005e-05,0.0034982508745627187,1.278676254132082,4.071632788155987,2.3342368116719962e-05,0.0040995900409959,1.3649439874888214,4.1443257125105495,1.7040752328855832e-05,0.0031799364012719744,1.284065714541243,0.007290018057909589,5.556156875898458e-07,True,0.3412698412698413,0.27044025157232704,False,0.009688551297442375,3.2226570679910425e-05,True,0.22075540887422074,0.09030903090309031,False,0.025786438154400206,8.069413950345989e-05,True,0.20026613439787092,0.027309018326982393,False,0.0324427410431099,0.00021822194334838958,True,0.21266952730531283,0.03509911710811261,False,0.033280322943981214,0.00030548055665794387,True,0.20844952541782857,0.04255091732206089,False,0.035712080352761695,0.0002230115848254611,True,0.2090750492682454,0.035450402103069045,False
pathway|Regulation of TP53 Activity,pathway,124,0.019220207880972964,0.7296109815064067,0.23281400389621554,0.23809523809523808,0.5452556540820287,0.7627348907172778,0.22281075897110658,0.24752475247524752,0.5978494712639123,0.8623993739192962,0.19423389247755618,0.18962075848303392,0.769516127753709,0.9590387040127425,0.16876962377937887,0.16741629185407297,0.7287543567962196,0.9611277992731758,0.16824395680219018,0.1653834616538346,0.7384007712093896,0.9724076971595711,0.1654238821015654,0.16061678766424672,0.7523960966818124,0.6317917526918173,0.26376148173187264,0.23809523809523808,0.09500847306165752,0.25634292743099785,0.39884302650022707,0.37623762376237624,0.4459100913106886,0.10094416143454771,0.45979739318440555,0.4031936127744511,0.565090715507876,0.09549368009118556,0.46196135493905227,0.41629185407296354,0.582515267850587,0.09443626732591007,0.46238130368214053,0.41915808419158085,0.6494593527245418,0.09622082321761127,0.46167259650523373,0.41901161976760465,0.662146572354605,0.5695136005675442,0.543782232885573,False,0.5643044619422573,0.48423423423423423,False,0.5542647805810171,0.6596250053657602,False,0.5560070932466381,0.5837501275900786,False,0.5258713094787798,0.7061174252474799,False,0.49203317502925176,0.6067764967577283,False,0.48366108199551455,0.7016597614753792,False,0.46507480204851703,0.615640960007801,False,0.4777493490326344,0.6924217532752452,False,0.4590468881039824,0.6215102627668267,False,0.4712532983970729,0.6920949421271807,False,0.4560910668579082,0.6212930913795517,False
pathway|Regulation of TP53 Activity Through Phosphorylation,pathway,72,0.023556638216951302,1.0857731916183582,0.1387896748985442,0.19047619047619047,0.7398702748174858,1.4256829977143672,0.07697993323024524,0.0891089108910891,0.9178066276738823,1.2500558672270485,0.10563956992522533,0.10778443113772455,1.0738577001341023,1.313671697480121,0.09447835467338739,0.10144927536231885,0.9112997925117003,1.3162206407144907,0.094049998905055,0.10238976102389762,0.8677702398813251,1.2932957039571649,0.09795440296603547,0.10517789644207116,0.9664696580372261,0.15553389384270935,0.4382002178133669,0.3333333333333333,0.7996701772425968,0.5266986983954539,0.29920141982260373,0.22772277227722773,0.9304616577367217,0.4034021150357109,0.343326215536225,0.3033932135728543,0.6349600778833991,0.4305325687714298,0.33340414027699605,0.2888555722138931,0.7483985762995726,0.45848988784796146,0.3233002629158689,0.2860713928607139,0.7932587653125023,0.45041741421074566,0.326204745347579,0.29047419051618967,0.7664265974727922,0.4279271283256199,0.6834107023928675,False,0.5259938837920489,0.5733333333333333,False,0.28963699877879767,0.5778081166494993,False,0.36245651592186245,0.4827081299679264,False,0.37458454333571495,0.6225372944361671,False,0.3798150824787207,0.5355688622754491,False,0.35146407211083,0.6156726762170295,False,0.38170289855072465,0.5296020628738884,False,0.3538631208802694,0.606489302366851,False,0.3831860716367388,0.5252810013116335,False,0.35953844966639675,0.6052379556901553,False,0.38456407342441384,0.5219200818295774,False
pathway|Regulation of TP53 Degradation,pathway,27,0.038553511782776544,1.363779224077928,0.08631853049687299,0.19047619047619047,0.8523243441551468,1.0262972936591994,0.1523757362833384,0.15841584158415842,1.2123009463528844,1.160249914046883,0.12297353507607234,0.14570858283433133,1.0276474645876912,1.2257976502034982,0.11013741584614228,0.12193903048475763,1.1216089619646976,1.2677087207072155,0.10245099468098062,0.10838916108389161,1.175285600707157,1.2865754175054647,0.09912115823422069,0.10715785684286314,1.196213798831364,1.0119640235479261,0.15577762765904124,0.23809523809523808,0.39520263461486826,1.3582320883817804,0.08719502579868221,0.12871287128712872,0.5701033899331786,1.2331654762386388,0.10875701647776631,0.11976047904191617,0.9613405300073514,1.2833169589858386,0.09969052677143525,0.11144427786106946,0.9674543368510345,1.240553555472418,0.1073853591627219,0.1161883811618838,1.0054180100491725,1.2482092336610546,0.10597722167846424,0.1115177696446071,1.054780597404782,0.3374269828514126,0.43017491674652675,False,0.5259938837920489,0.48423423423423423,False,0.4632838042554026,0.30167474442992354,False,0.46294338171681243,0.368976897689769,False,0.4005917833935219,0.3482538506362517,False,0.44330755963800555,0.375499001996008,False,0.37582616702199884,0.3408224618895216,False,0.4011327669498584,0.3606959960879775,False,0.36186264455545575,0.3402420327155715,False,0.383825146897075,0.3642989867679899,False,0.35953844966639675,0.34300154543244876,False,0.38456407342441384,0.3554897323106169,False
pathway|Regulation of Cholesterol Biosynthesis by SREBP (SREBF),pathway,48,0.0071049076346894864,-0.16046675253484596,0.5637432950764991,0.5714285714285714,0.29219463468969553,-0.5607886419651378,0.7125291847604444,0.6831683168316832,1.1042211957471069,-0.5703174135380765,0.7157687838628961,0.6846307385229541,1.2843444826969221,-0.599738618748515,0.7256597767570445,0.6931534232883558,1.079198039536643,-0.5922175867018195,0.723147552883252,0.6902309769023097,1.0582589549565604,-0.5917215652904635,0.7229814733873778,0.6866462670746585,1.0599618083896643,-0.9158220106091874,0.8201198714677834,0.8095238095238095,0.19703234260791794,-0.7757610458685184,0.7810549559303719,0.7722772277227723,0.9829638577196042,-0.7705515784109837,0.7795136141769291,0.7784431137724551,0.9535984517153613,-0.7304290237598294,0.7674360085849978,0.7491254372813593,1.115762709774379,-0.7316763447657313,0.7678169310148155,0.7515248475152485,1.0591052203659264,-0.7422267390974163,0.7710250147663784,0.75632487350253,1.0758257235869988,0.8226847887485862,0.9067631216963726,False,0.7782805429864252,0.8828502415458938,False,0.8664448337811499,0.8838253448685787,False,0.8258380054872958,0.8706196462342863,False,0.865186054210691,0.8735323074743268,False,0.8315049900199601,0.8683071812579222,False,0.8634996919835333,0.8652582631674399,False,0.827933255594425,0.8541165023548831,False,0.8624877374269655,0.8625332151805986,False,0.8232062169277145,0.856852193568522,False,0.8656094339404021,0.8659646621070146,False,0.8267380321684905,0.8590708940538171,False
pathway|Regulation of Cytoskeletal Remodeling and Cell Spreading by IPP Complex Components,pathway,7,-0.04886491726930732,-1.4030629367781644,0.9197009639402987,0.9523809523809523,0.5427946040859825,-1.0144825331396712,0.8448237200641792,0.8910891089108911,1.242612494955208,-0.9743063145893437,0.8350477648681377,0.8762475049900199,1.4353803379912808,-1.065745393470955,0.8567306241917092,0.8920539730134932,1.1569834402747468,-1.0715316309686793,0.8580347719682411,0.8937106289371063,1.0913083485804063,-1.058816049987845,0.8551582186622838,0.8910421791564169,1.1154228190292803,-1.611188465124408,0.9464306744215975,1.0,0.44059971046860413,-1.0558812801476045,0.8544887711795299,0.900990099009901,1.062913979424287,-1.0104312071049566,0.8438556286204271,0.8822355289421158,1.3273834221813736,-1.0549860239223607,0.8542841416162441,0.8920539730134932,1.1411982329893242,-1.031369941521065,0.8488163144928005,0.8867113288671132,1.2276566086587168,-1.0359119396712713,0.849878386543621,0.8890022199556009,1.2446164155918764,0.9362912773158316,0.9597520851229447,False,0.9684684684684685,1.0,False,0.8840371243964666,0.9067048281246082,False,0.9248890406282008,0.9482448244824483,False,0.894481769485087,0.8978336197691754,False,0.922058660456864,0.9285066231174015,False,0.9016640485374282,0.8978693197313485,False,0.9284840338451464,0.9355688009653709,False,0.9009599041608743,0.8964691602187121,False,0.9282490994886765,0.9299655400313627,False,0.9000091741865295,0.8975908573671225,False,0.9255668679729854,0.9323681819046545,False
pathway|Regulation of Expression of SLITs and ROBOs,pathway,137,0.02883503357993634,-0.6205860868992986,0.7325640018781521,0.7142857142857143,0.31449518599558923,-0.6709233230951888,0.7488653112128408,0.7920792079207921,1.0011459866820345,-0.672542728133803,0.7493808759509101,0.720558882235529,0.5526545837017446,-0.6134707486827969,0.7302174407836238,0.7071464267866067,0.6007025159530073,-0.5880878921556589,0.7217633501635717,0.6972302769723028,0.5686047486587749,-0.5818856243806158,0.7196781379021031,0.6957660846783065,0.5389128555501275,2.121854734325637,0.01692496932130657,0.047619047619047616,0.04812845570783304,2.5692171666531087,0.0050964279373370905,0.009900990099009901,0.44464267404782687,2.2281758725375655,0.012934394666950566,0.027944111776447105,0.43581950820992066,2.3363071662779404,0.009737619148376927,0.02048975512243878,0.5490517099646404,2.353943581386075,0.009287715090673021,0.020397960203979604,0.598134726239348,2.2969522295194458,0.010810747501271345,0.022919541609167815,0.6553407903415198,0.8660463412106251,0.09434103269839403,False,0.8365758754863813,0.27044025157232704,False,0.8713809343221868,0.038350620228461606,False,0.8863042438072805,0.09030903090309031,False,0.865186054210691,0.079910100513627,False,0.8401970006347459,0.1789612264832038,False,0.8634996919835333,0.06371789921003163,False,0.834710095932426,0.1504247876061969,False,0.8624877374269655,0.06077396178896912,False,0.8262453282230833,0.14618538146185384,False,0.8656094339404021,0.0677923957892224,False,0.8267380321684905,0.15679050055362526,False
pathway|Regulation of Gene Expression by Hypoxia-inducible Factor,pathway,7,0.06541112023383028,0.4287683287459364,0.33404591471749634,0.2857142857142857,0.8296479511641627,0.683994935428023,0.24698918193999003,0.2079207920792079,0.9524276663744314,0.8590469477560136,0.1951573074793282,0.18363273453093812,0.9491832789808035,0.8755330268756378,0.19064197404516758,0.17541229385307347,0.9985812204715325,0.891045294048166,0.1864524357579347,0.16928307169283072,1.0846842129820409,0.8992876887685829,0.18424972160944914,0.16681666366672668,1.0911741231986258,1.119506731379993,0.1314620103997175,0.19047619047619047,0.8001985335212514,1.668999859261998,0.047558703851782756,0.0891089108910891,0.7392368911785151,1.377644010910824,0.08415661281977094,0.09181636726546906,1.0514835060992627,1.4749175278490245,0.07011735868030287,0.08345827086456771,0.9958669554986409,1.4599736032701762,0.07214866438305256,0.0851914808519148,1.1851993942844397,1.4620704340647235,0.0718609548678149,0.08289834203315934,1.216753530225853,0.6658796048342146,0.39178282307242546,False,0.5890410958904109,0.46612466124661245,False,0.5763080911933101,0.2082644724008806,False,0.5129849050478819,0.3483348334833483,False,0.5258713094787798,0.3015611959375125,False,0.49203317502925176,0.332206175883527,False,0.5127311059492944,0.27256114284394,False,0.47566757161959566,0.32624596792512833,False,0.5056052537219671,0.2784198458884465,False,0.4590468881039824,0.32467128287171276,False,0.4996321279679657,0.27730958224631136,False,0.46141563655213386,0.3240571552205319,False
pathway|Regulation of Pyruvate Metabolism,pathway,25,0.012162372417226794,-0.40296299607599523,0.656512276616934,0.6190476190476191,0.7197702981843818,-0.18409762661963816,0.5730315658288335,0.5346534653465347,0.716114246942547,-0.028335990123750307,0.5113029119257863,0.41916167664670656,1.1058515177038517,-0.07031867297559558,0.5280299897950074,0.4407796101949025,1.1308115005265598,-0.08287070804783264,0.533022827252284,0.45385461453854614,1.1738075225034648,-0.07070555513521799,0.5281839502264996,0.44441111177776443,1.209663936747006,-0.10384967656033517,0.5413556783169218,0.47619047619047616,0.5175608119013085,0.017964916642586544,0.4928334206776458,0.45544554455445546,0.5996188166429691,-0.002084488316756506,0.5008315899203346,0.437125748502994,1.0363959601515345,0.049919854550976,0.4800931276919825,0.4192903548225887,0.918053991582488,0.06048193463928122,0.47588590178816514,0.39976002399760024,1.0664529444104036,0.05985225201559406,0.4761366545224727,0.3993520129597408,1.1132874923106189,0.8508868228029516,0.761439528847633,False,0.7962962962962964,0.6697819314641744,False,0.7990785739730849,0.7080618055856358,False,0.728782048510528,0.6528052805280528,False,0.7783043823185615,0.7317976143981588,False,0.6774960716864145,0.6387128655310738,False,0.7715389656713457,0.7118622238191464,False,0.6795308813255063,0.615640960007801,False,0.7831850298675819,0.7056239233410725,False,0.6762883117628832,0.6016388361163884,False,0.7793302402851783,0.7059957291195286,False,0.677623873265109,0.6040450045270451,False
pathway|Resolution of D-loop Structures Through Synthesis-Dependent Strand Annealing (SDSA),pathway,19,0.00896429337532622,0.1740729947130204,0.4309040481291524,0.19047619047619047,1.275836861802496,0.04168833791839251,0.48337357543654075,0.37623762376237624,0.8622960694529648,-0.13551458760660126,0.5538974842984012,0.48303393213572854,1.0770276274865058,-0.16368282845007281,0.5650095819353361,0.49525237381309345,1.0139572495267515,-0.17057039650256461,0.5677192115394696,0.49825017498250174,0.9944869529695209,-0.17225492944120616,0.5683814421291941,0.49911001779964403,1.0302658103733748,0.21928135151592787,0.41321544387191306,0.42857142857142855,0.35605476170395395,0.17867397875527985,0.42909685115538904,0.36633663366336633,0.8363187796599417,0.28310812112953887,0.3885469782016308,0.3273453093812375,1.111335534509202,0.2835492638107111,0.3883779116813612,0.3183408295852074,1.296367706299241,0.2524282202868557,0.40035504480284356,0.3194680531946805,1.2965536260634813,0.2533760884360656,0.39998880178677887,0.32209355812883744,1.3144946553204762,0.7454144740624993,0.6629926357978849,False,0.5259938837920489,0.6323529411764706,False,0.7681692592938163,0.682869156788067,False,0.6471287128712871,0.5803543512245961,False,0.7977183864776018,0.657037305835342,False,0.7052850820098933,0.5443698238881353,False,0.8013975556371731,0.6494541745338318,False,0.7098617357987672,0.5468481228998759,False,0.806054163553681,0.6694826026980883,False,0.7107739463020522,0.5402240674808924,False,0.8061829751268373,0.6651747477227647,False,0.708642053574023,0.5446638258246072,False
pathway|SARS-CoV-1 Infection,pathway,127,0.014939979009588777,-0.5771618149518084,0.7180849252160505,0.6666666666666666,0.6397368249094042,-0.5834341595715128,0.7201994661360169,0.6633663366336634,0.5450959049141053,-0.589003757911353,0.7220706236385029,0.6866267465069861,0.6629476578512313,-0.6304955866974273,0.7358148053230686,0.7146426786606697,0.7659852272558664,-0.6642307491699693,0.7467286820598894,0.7275272472752725,0.7287507806684249,-0.6582981670871435,0.7448267222277879,0.7222855542889142,0.6817167522802735,0.4210591433653466,0.33685594741815506,0.42857142857142855,0.5269084358717688,0.6152651568589506,0.2691898120572366,0.2871287128712871,0.7032985344747047,0.6485751484038103,0.25830651150027084,0.22554890219560877,0.8060301996456294,0.5616119885356625,0.2871902052496689,0.24987506246876562,0.7735939794383782,0.5531627997168219,0.29007596872703556,0.25407459254074594,0.8366228386901235,0.5469207623494875,0.29221658546823026,0.2583148337033259,0.8336977390464313,0.8645742499601248,0.6071711710325486,False,0.819047619047619,0.6323529411764706,False,0.8664448337811499,0.5474738745218122,False,0.8250961459782342,0.5144389438943894,False,0.865186054210691,0.5437081116194512,False,0.8315049900199601,0.4650015038416318,False,0.8634996919835333,0.5762950118676688,False,0.8369939543846753,0.501415958687323,False,0.8678198196912228,0.5820857772455847,False,0.8487817884878179,0.5098430156984302,False,0.8656094339404021,0.5863812815062487,False,0.8426664800037332,0.511531348320402,False
pathway|SARS-CoV-1 Activates Modulates Innate Immune Responses,pathway,34,0.007905854605256191,-0.4802568214913146,0.6844776062491968,0.6190476190476191,0.7209955957015629,-0.42731644039267663,0.6654255700884465,0.5544554455445545,0.7630442897969192,-0.5043286397559819,0.6929847725091418,0.6227544910179641,0.770253203608119,-0.5263644103619406,0.7006824807772857,0.6371814092953523,0.9651453634846214,-0.5023856041306232,0.6923018482645905,0.6387361263873612,1.1464530998980293,-0.509248440148347,0.6947109533543085,0.6411671766564668,1.1404467446739217,-0.21507150302049033,0.5851442143471914,0.47619047619047616,0.5900524017530172,0.020270265078728443,0.4919138879708081,0.39603960396039606,1.6622273872124875,-0.08618116724132129,0.5343387993170249,0.4590818363273453,1.256831777299183,-0.09268120217979502,0.5369215843944457,0.4687656171914043,1.209146850890262,-0.08715872906503179,0.5347273280492686,0.45335466453354667,1.2417229765447064,-0.09230628059660917,0.5367726507589319,0.45251094978100437,1.260943296270067,0.8514817271372884,0.7835194748295585,False,0.7962962962962964,0.6697819314641744,False,0.8451185510406007,0.7080618055856358,False,0.728782048510528,0.6020602060206021,False,0.8627297660950115,0.7480743190438348,False,0.7876012680521312,0.6643443881467833,False,0.8634996919835333,0.7482101708459636,False,0.799131684157921,0.6655587300689279,False,0.8540280997034498,0.748618259268976,False,0.7932972134885278,0.646728692059704,False,0.8569999875395364,0.7514817110625046,False,0.794202963677352,0.6455250989766934,False
pathway|STAT3 Nuclear Events Downstream of ALK Signaling,pathway,10,-0.01908901059386494,-1.0552089274907939,0.8543351089735405,0.9047619047619048,1.0434883376356505,-0.9234900297934308,0.8221240531085565,0.8415841584158416,0.7948427590884056,-0.8810692795161705,0.8108598382419214,0.8223552894211577,1.14848706691523,-0.847156130735799,0.8015459490038102,0.8100949525237381,1.182953844315501,-0.8515776982801785,0.8027757390287802,0.8075192480751925,1.1252893942738182,-0.8445440225568515,0.8008172628556682,0.8069038619227615,1.1386460971853603,-0.8535087362508105,0.8033113774797231,0.8095238095238095,1.020399954338242,-0.8630227148720839,0.8059375109381817,0.8217821782178217,0.9583422177899973,-0.7703012709491486,0.7794393986758801,0.7944111776447106,1.4278286741354091,-0.7794335896499135,0.7821378281793401,0.7976011994002998,1.3959707416405946,-0.7828496088088631,0.7831422841404798,0.7872212778722127,1.2452456499767297,-0.7808180208108099,0.7825452332375898,0.7836843263134737,1.2539466473759535,0.9086744445266278,0.8922388362413161,False,0.9456018518518519,0.8828502415458938,False,0.8840371243964666,0.8885977684703029,False,0.8951124794458244,0.8897713512358429,False,0.8857753842446616,0.8735323074743268,False,0.895775236530549,0.8695191435311196,False,0.8762344418773178,0.8715683248968377,False,0.8846280830703782,0.8761969380273367,False,0.8812056691251956,0.8689850083837551,False,0.8838665224386653,0.868843884842285,False,0.8798813405611672,0.8717676789532346,False,0.8831929543227317,0.870060034696742,False
pathway|SUMOylation of DNA Methylation Proteins,pathway,11,0.07869071269240119,2.1163005820366543,0.01715962564228984,0.09523809523809523,2.403232254406458,2.432557559008587,0.007496304183833549,0.039603960396039604,1.575470811118983,2.1778184978103305,0.014709776091479903,0.03792415169660679,1.2550495691584065,2.1093070703373464,0.017459042453476698,0.04097951024487756,1.0515371314165778,2.0739232155715097,0.019043221288887944,0.04129587041295871,1.137199952457157,2.0413107330841576,0.020609975453163804,0.041959160816783664,1.1266391271383007,1.2687608038116667,0.10226319437885073,0.09523809523809523,2.4237850281280298,1.553311093694146,0.06017441560497666,0.07920792079207921,1.4204914685070882,1.7265745831153372,0.04212204696097557,0.06986027944111776,1.0333467522700712,1.7267497417909086,0.04210630904803409,0.06546726636681659,1.0066246277098423,1.7048167499442255,0.044114303293338396,0.0660933906609339,1.0968330393049701,1.69094541147353,0.04542361451000804,0.06619867602647947,1.0912727713383763,0.1173874390529373,0.3361877285611181,False,0.44791666666666663,0.3412698412698413,False,0.07780646756323786,0.24317653898034228,False,0.298019801980198,0.3455302051944325,False,0.130224782456925,0.19810525211333824,False,0.31708804612996233,0.3003992015968064,False,0.14597699384712462,0.19498460036089635,False,0.30443111777444615,0.2943093670556026,False,0.1549191785933857,0.20447996318280037,False,0.3107514248575142,0.2925604498373692,False,0.16529048374388836,0.2130099516302707,False,0.31574268514629705,0.2930264924113282,False
pathway|SUMOylation of Chromatin Organization Proteins,pathway,47,0.03662013064353425,2.2658162392726857,0.01173131834066405,0.09523809523809523,0.6779505061530023,1.8706038432359875,0.03070000575919219,0.06930693069306931,0.5926136966861466,1.6953300361559756,0.04500641498019783,0.06387225548902195,0.9893150631154602,1.6390731399126746,0.05059901412135858,0.06696651674162919,1.0607942274372135,1.6226971396482526,0.05232708157899195,0.0710928907109289,1.0576795702663473,1.5938094237882,0.055489363093304704,0.07441851162976741,1.0885529755444154,0.8765071728835555,0.1903771893438881,0.19047619047619047,0.11231719588878482,0.787630038331644,0.21545656952457148,0.2079207920792079,0.5046436333468832,0.9073098590762554,0.18212148100097664,0.16966067864271456,0.6838216164549613,0.873010049294936,0.1913288001280961,0.1744127936031984,0.8070964841273022,0.8566207385143757,0.19582726029546554,0.1795820417958204,0.8901135545873649,0.8660217396985453,0.19323912003834925,0.17899642007159858,0.8731569578871706,0.08827817051349697,0.4845156477948873,False,0.44791666666666663,0.46612466124661245,False,0.17112410617623794,0.4731466128350155,False,0.3419899366985879,0.47055758207399684,False,0.2248449626441405,0.44845287208318874,False,0.3294700920739167,0.40854291417165667,False,0.25208238835357333,0.4508285047938269,False,0.3416427379530574,0.4101425849575212,False,0.25403954121413835,0.45693027402275294,False,0.3451445178062839,0.41354643161638033,False,0.26939190792072126,0.4566070993620909,False,0.3573956213183429,0.4144455572427013,False
pathway|SUMOylation of Intracellular Receptors,pathway,20,0.015128609587741804,-0.2642243938689406,0.6041964923947272,0.42857142857142855,0.8192920194737673,-0.14158953965185145,0.5562978850826442,0.45544554455445546,1.1161197358077053,0.0125464391990643,0.4949948262487017,0.4111776447105788,1.0181127037591835,-0.0024845540791585776,0.5009911926503465,0.41179410294852575,1.2565486122093596,0.005628033693617358,0.4977547512570522,0.41615838416158385,1.1689025293636526,0.016640301216209394,0.49336178664078356,0.41031179376412474,1.186153354976244,0.21137405164439121,0.4162977015475091,0.2857142857142857,1.4876517497182875,0.4150519967294402,0.3390519196146399,0.27722772277227725,1.2150510633921263,0.22653378934901947,0.41039314104549335,0.3153692614770459,1.4099705871858963,0.3055633021153829,0.379968582728918,0.3003498250874563,1.2614793481284203,0.33027865199998935,0.3705947109867335,0.29587041295870414,1.338438737555919,0.33263603073114495,0.3697045210520624,0.29549409011819766,1.3566822069416817,0.8229101548000582,0.6629926357978849,False,0.6861702127659575,0.5308641975308642,False,0.7990785739730849,0.6073658768211022,False,0.6854455445544555,0.5026840033400931,False,0.7708963383741909,0.6756970320110981,False,0.6763085850157609,0.5366682365605867,False,0.7692072497282472,0.6425311427045186,False,0.6717382049715883,0.5317958667724961,False,0.7644090822876158,0.6350345405597299,False,0.6756147301936474,0.5252810013116335,False,0.7648300622722441,0.6355348007766382,False,0.6712165756684867,0.5219200818295774,False
pathway|Signaling by ERBB2,pathway,36,0.007679332299425173,-0.48130449265244835,0.6848499477513238,0.7142857142857143,2.0894041404685337,-0.447509019340948,0.672746211423465,0.6138613861386139,1.3846626953114711,-0.4503229544435616,0.673761205034385,0.6187624750499002,1.0831664386540933,-0.455377728870333,0.675581242583447,0.6191904047976012,1.1519865194145724,-0.4360803363883753,0.6686107783277279,0.6057394260573943,1.107687026063766,-0.4495921773928555,0.6734977351779724,0.6111877762444751,1.1174236824092474,-0.6790002500768072,0.7514311482518723,0.7619047619047619,0.9489641343635401,-0.5428283283377466,0.7063759966345264,0.693069306930693,1.4163468657244571,-0.4113765386894063,0.6596017727691186,0.6047904191616766,1.1690464479610176,-0.42533852477250617,0.6647050432789487,0.6266866566716641,0.9923052663221019,-0.437277339298304,0.6690448863278463,0.6185381461853815,1.0975400278277818,-0.44260552590043467,0.6709744564362251,0.6170076598468031,1.0843564549246998,0.8514817271372884,0.8699260600915906,False,0.8365758754863813,0.8654088050314465,False,0.8472960997894203,0.8365747308155944,False,0.7763541059988353,0.8148978960396038,False,0.8450088446472911,0.8309600036342915,False,0.7858544514346834,0.7775038158976166,False,0.8472914750734064,0.8324463294227351,False,0.7897301349325337,0.7825818495710822,False,0.838549351152692,0.8319319726394951,False,0.7724894177248941,0.7806790749496478,False,0.844678409535707,0.8345591379640651,False,0.7762342643442489,0.7808643827123458,False
pathway|Signaling by FGFR in Disease,pathway,40,0.0018020403252731099,-0.6692577688490783,0.7483344694593626,0.7142857142857143,0.07901383528679387,-0.7179663819944325,0.7636109922285059,0.7821782178217822,1.4598466413881293,-0.8350269603243782,0.7981487355996572,0.810379241516966,1.2138124604813187,-0.8513471418825127,0.8027117275228327,0.8120939530234883,1.0653242395221372,-0.8853057294673768,0.8120041196641083,0.8197180281971803,1.1311777658821367,-0.8872248775819305,0.812521079412817,0.8206035879282414,1.1086755568306033,-1.4877076571992012,0.9315859963231587,0.9047619047619048,-0.25427119029660045,-1.456691978715271,0.9273992875225878,0.9405940594059405,0.430897341170436,-1.249885594428978,0.8943293287660665,0.9221556886227545,0.7604734005241436,-1.2071139569031333,0.8863058697048746,0.9245377311344328,0.9891361786754868,-1.2457255153896538,0.8935674085324312,0.9322067793220677,0.9529386826486257,-1.2598378815319566,0.8961360743953932,0.9338613227735445,0.9370056349631138,0.8660463412106251,0.9597520851229447,False,0.8365758754863813,0.939080459770115,False,0.8741640069677996,0.9355823187728973,False,0.8817814365706234,0.9597247860379258,False,0.8814363437633748,0.9170453792720937,False,0.8902341302795869,0.9505782954638669,False,0.8762344418773178,0.9110075069746684,False,0.8846280830703782,0.9530337570940557,False,0.8823582672162332,0.9148428230212987,False,0.8918270627810865,0.957659524149974,False,0.8829200177012921,0.9174726475952836,False,0.8917028157631792,0.9593592428492727,False
pathway|Signaling by FGFR1 in Disease,pathway,23,0.017328410022997717,0.1989207570495579,0.4211623661003261,0.38095238095238093,0.3284098293973359,0.2638939481125109,0.3959308195534667,0.31683168316831684,0.912794196274118,0.2610831209176824,0.3970142039700303,0.3073852295409182,1.0825542252071214,0.22124791657280216,0.4124497007734724,0.33933033483258374,1.073389820410944,0.24170963353842767,0.4045025821943421,0.33136686331366866,1.139033039190981,0.2486657163276548,0.40180968517716886,0.3296134077318454,1.1518409730671535,-0.26001926708207196,0.6025755441762756,0.5714285714285714,0.9550318314958092,0.05698111310777587,0.4772801201249737,0.42574257425742573,1.0621293315724174,0.20166645290712398,0.4200887452112966,0.35129740518962077,1.0982963918410291,0.23789856880247146,0.4059798827911127,0.3288355822088955,1.1527044685706476,0.22772050395411056,0.40993176567116535,0.3301669833016698,1.2488389085760794,0.22084824233249267,0.4126052994568039,0.3365732685346293,1.2171119548268965,0.7454144740624993,0.7920316104675064,False,0.647834274952919,0.7577092511013215,False,0.7198692144437155,0.7039056099014361,False,0.6113226707286114,0.637554800256145,False,0.719887201174573,0.6791814016865715,False,0.5893908385760126,0.5684974137746013,False,0.7345997629160662,0.6677592607657099,False,0.6203909879379836,0.5468481228998759,False,0.7367705148731647,0.6742593522788021,False,0.622502967094595,0.5490622208497382,False,0.7374677758434623,0.6767746924467616,False,0.6162337622812762,0.5597157670106266,False
pathway|Signaling by KIT in Disease,pathway,16,0.03937354783835367,1.3331340864637222,0.09124390256072495,0.14285714285714285,0.6955781205521264,0.9096758658192309,0.1814967378042998,0.16831683168316833,0.8617401771078305,0.6712201370872682,0.2510401511072126,0.20359281437125748,1.324364273319166,0.7622566473155528,0.2229534214246786,0.19290354822588707,1.2451591592686038,0.7333235955545243,0.23168054352790407,0.19738026197380262,1.2087792834936157,0.7420230419736706,0.22903668752036555,0.19417611647767044,1.2330069053884132,0.570525632268099,0.28416062107342455,0.19047619047619047,1.2766751664434048,1.070829432755936,0.14212306510554235,0.1188118811881188,1.073395073966215,0.8766375697326402,0.1903417630471066,0.1497005988023952,1.6480135833098035,0.910259883214092,0.18134273489925984,0.14942528735632185,1.481225860203305,0.9255371913512608,0.17734327361836633,0.1546845315468453,1.3196680377615202,0.9340258655248065,0.17514527541308172,0.15505689886202276,1.2762948202998716,0.34765081861744573,0.5627128088361895,False,0.5058823529411764,0.46612466124661245,False,0.4943142928671582,0.39944906937647245,False,0.4648015260241621,0.3576237623762376,False,0.5857603525834961,0.4514619822633709,False,0.5149700598802396,0.4022294394262323,False,0.5735810243489595,0.4401948645538485,False,0.5005514484137241,0.3945351885460779,False,0.5815871120280931,0.43754365048465793,False,0.5077902466163641,0.3953075280707224,False,0.5808044507572097,0.4360991191241866,False,0.49954710307503253,0.395526496249736,False
pathway|Signaling by Ligand-Responsive EGFR Variants in Cancer,pathway,16,0.004636477037806719,-0.6593397432411083,0.7451611866828083,0.8095238095238095,1.3511203623117483,-0.6006094683980822,0.7259499349737524,0.6732673267326733,1.1671969174492285,-0.5094123991716513,0.6947684064717554,0.654690618762475,1.4894156397822371,-0.48577395143787916,0.686436277579149,0.6461769115442278,1.2763854966607189,-0.4681362323832676,0.6801564149208492,0.622937706229377,1.196155958075659,-0.4817447848989252,0.6850063712672959,0.625067498650027,1.1626426860164305,-0.5464932214402904,0.7076365270047236,0.7142857142857143,0.4368494821099387,-0.4723567891837001,0.6816639291083197,0.594059405940594,0.6469220868431295,-0.47460150657186084,0.6824644838859957,0.6107784431137725,0.8031936022266899,-0.48796022223734653,0.6872109916920939,0.6336831584207896,1.0575275636298036,-0.4737054667519075,0.6821450227806801,0.6304369563043696,1.0550561733691746,-0.4624295639409486,0.6781133487401912,0.626267474650507,1.087052719713292,0.8660463412106251,0.8520170987825172,False,0.8925518925518926,0.8431372549019608,False,0.8664448337811499,0.8325854529050102,False,0.8258380054872958,0.7707408671901672,False,0.8627297660950115,0.8384563659170804,False,0.8176841338070746,0.7775038158976166,False,0.8564734138767829,0.8326345533788367,False,0.8004084377564304,0.782822874277147,False,0.848954081859936,0.8319319726394951,False,0.7845366091005962,0.7806790749496478,False,0.8517304683520209,0.8349041096238565,False,0.787218899973465,0.7808643827123458,False
pathway|Signaling by NOTCH1 HD Domain Mutants in Cancer,pathway,11,0.06754482677868073,1.4160157452211914,0.07838544728063819,0.14285714285714285,0.45112644750879877,2.0289151088159487,0.02123346879555931,0.06930693069306931,0.87619215731399,1.578822179107618,0.05718842492048167,0.08183632734530938,1.1011608219076037,1.415833357849413,0.07841215020649195,0.08845577211394302,1.1860868758965597,1.3877045950034193,0.08261350812594864,0.09719028097190281,1.164346933078663,1.4209982233258731,0.07765863797561502,0.09179816403671927,1.1893803595526167,2.7960453789772486,0.0025866068067854045,0.047619047619047616,0.1975550792774151,1.7935279535104112,0.03644427251493453,0.07920792079207921,0.945562679990011,2.029076035155724,0.021225273201516973,0.04590818363273453,1.2953132858400662,1.9414861920155944,0.026099666329267877,0.04597701149425287,1.2875993809780366,1.9745907041344184,0.024157307417026423,0.044995500449955005,1.1430691730579194,2.000933010384397,0.02269980479342527,0.04399912001759965,1.1093757636216308,0.3205877509957873,0.021626906912289075,False,0.5058823529411764,0.27044025157232704,False,0.14525622971507618,0.17140196917180148,False,0.3419899366985879,0.3455302051944325,False,0.26482639847792283,0.11831124506771497,False,0.3421213129296961,0.2512429686082381,False,0.31469409616205435,0.142836355729266,False,0.3638653646149898,0.251619644723093,False,0.32719297297250716,0.13719527419858404,False,0.3706882476309331,0.24624810246248102,False,0.3230391409752202,0.13139694697732704,False,0.37393615764048355,0.24525435417217578,False
pathway|Signaling by NOTCH1 in Cancer,pathway,45,0.012305845468572362,-0.25874795788123833,0.602085142898575,0.47619047619047616,0.620232270476005,-0.309897156102861,0.6216804172386154,0.5544554455445545,0.780408770826455,-0.22097699725129202,0.587444828106193,0.49500998003992014,1.1297763436564794,-0.20023147401917213,0.579350223567154,0.511744127936032,1.019604791728474,-0.1930981464993696,0.5765589478902529,0.5053494650534947,1.0966751900538043,-0.20650117145343141,0.581800275112926,0.51114977700446,1.0677507706176033,0.23719357804304847,0.40625330907978396,0.47619047619047616,-0.09525790526572836,-0.2098265911563309,0.5830984908578699,0.5742574257425742,0.7667624565332473,-0.2376999988953251,0.5939431077366211,0.5169660678642715,1.0711543838335074,-0.1921112220754935,0.5761724576521795,0.5032483758120939,1.0818083674075738,-0.23665881504931766,0.5935392559092161,0.5247475252474753,0.9943405060637839,-0.2323779391076886,0.591877758983455,0.5229895402091959,1.0366786112004789,0.8229101548000582,0.6574314302850267,False,0.7095709570957096,0.6697819314641744,False,0.8147339727908509,0.7804695781032555,False,0.728782048510528,0.7548099788144753,False,0.8095696470453474,0.7939287514086288,False,0.7061516776872794,0.7068216508160149,False,0.8070879745281859,0.7932686286292696,False,0.7188502522932083,0.6948521152267902,False,0.8069057751788272,0.7976940459895309,False,0.7133267981613053,0.7166079772113286,False,0.8061829751268373,0.8013088298054227,False,0.7156096878062439,0.7155447800134906,False
pathway|Signaling by NOTCH4,pathway,63,0.022988949467046944,0.8519240666462374,0.19712811913775624,0.19047619047619047,0.7045959260864039,0.2280452302590226,0.40980553905268235,0.36633663366336633,0.964182182215632,0.152554857103132,0.4393746634967923,0.3772455089820359,1.0399710050069781,0.1935524616097896,0.4232631621500779,0.375312343828086,0.9558248584993082,0.18122958255073776,0.4280936877657027,0.36696330366963303,0.9306580291817044,0.17680457546646783,0.42983094748738526,0.371192576148477,0.9247759066364543,0.9018844177915054,0.1835591348184682,0.23809523809523808,0.5612285883067114,0.49400988951293723,0.3106495975984832,0.27722772277227725,0.709512605354195,0.5776431225002897,0.28175254340007977,0.24550898203592814,0.7606125693042922,0.5971201344251799,0.275213588054204,0.24237881059470265,0.8251559052468198,0.5763027885082285,0.28220526919404054,0.24937506249375063,0.8534485937792394,0.579661026318275,0.2810716152595545,0.24795504089918202,0.8691699170116804,0.519422327556045,0.4817484978870262,False,0.5259938837920489,0.48423423423423423,False,0.7198692144437155,0.5918071447920471,False,0.6410891089108911,0.5026840033400931,False,0.7576784743131372,0.573023753806919,False,0.6520028125567048,0.4861723920579893,False,0.7407105337626364,0.5635325850633701,False,0.6501117257463223,0.4956951054674005,False,0.7405528736636582,0.5782632752579169,False,0.6437606239376062,0.5083951064353024,False,0.7435581332971435,0.5794695629666158,False,0.6495870082598348,0.5057501516636335,False
pathway|Signaling by NTRK2 (TRKB),pathway,18,0.016263043191754742,0.2539868294317278,0.39975286656628906,0.5238095238095238,-0.013025484756187216,0.2240637821648699,0.4113538368249803,0.40594059405940597,0.5348622869283747,0.14104146031699133,0.4439185945499789,0.36726546906187624,1.2470312574948945,0.157480572861814,0.437433058731107,0.36931534232883556,1.0674262980549274,0.14437028814748473,0.4426040388071645,0.3718628137186281,1.1509373882264151,0.12425359496404971,0.4505572441689144,0.374152516949661,1.1515046232844324,-0.29480365121383095,0.6159280614658952,0.6190476190476191,0.2569325121384583,-0.22693207899402787,0.589761721363795,0.5346534653465347,1.2419865988387229,-0.27253222193781046,0.6073935904837089,0.5289421157684631,0.9559515480967663,-0.2394250854734213,0.59461200991247,0.5257371314342829,0.9742341111672143,-0.24583201314172207,0.5970938627763775,0.5261473852614739,1.051325894469156,-0.2576128940555107,0.6016471612492543,0.5349893002139957,1.0212617141705944,0.7336927611978842,0.8025729285767724,False,0.7367601246105919,0.7862165963431786,False,0.7198692144437155,0.7831458239606123,False,0.6640658631080499,0.7152475247524753,False,0.7576784743131372,0.7983645010288052,False,0.6462075848303394,0.7107659680638723,False,0.74810994703445,0.7949211612469705,False,0.6498000999500251,0.7141789465627547,False,0.7558832802215827,0.7976940459895309,False,0.6469983059497518,0.7166079772113286,False,0.7648300622722441,0.8013088298054227,False,0.6509821248661732,0.7253683755153726,False
pathway|Signaling by Retinoic Acid,pathway,27,0.0061830617620683755,0.021515361727790137,0.49141727470645324,0.47619047619047616,0.8354545477762488,-0.2905698475519784,0.6143098381689475,0.5247524752475248,0.9021612483419114,-0.26599149702915614,0.6048771212014373,0.5249500998003992,1.2978456145518638,-0.22421114106089948,0.5887034925844657,0.5232383808095952,1.1231526830863088,-0.2544164165133112,0.6004130652068994,0.5205479452054794,1.1938135358015667,-0.256721023508086,0.6013029295381742,0.5223095538089239,1.2341874336194851,-0.21945579750835162,0.586852495476671,0.5714285714285714,0.5938180136968944,-0.19808610310129443,0.5785111512396114,0.5643564356435643,1.5563528256409183,-0.1685784082264919,0.5669358673949663,0.5069860279441117,1.1848761016890874,-0.22909072944612036,0.5906008006452842,0.5317341329335332,1.2214874628369528,-0.2230648464931051,0.5882574812600077,0.5158484151584841,1.2682860773075972,-0.2189422836924066,0.5866524960937626,0.5105097898042039,1.2646620380316524,0.7746035959387005,0.7835194748295585,False,0.7095709570957096,0.7577092511013215,False,0.8147339727908509,0.7804695781032555,False,0.728782048510528,0.7483316613599684,False,0.8095696470453474,0.7756713458449311,False,0.7248164222014687,0.6968164128364276,False,0.8070879745281859,0.7949211612469705,False,0.722452993686643,0.7151892803598201,False,0.8106183621897939,0.7976940459895309,False,0.7219154796849082,0.7089971368159987,False,0.8092559415847503,0.8013088298054227,False,0.7221646392760218,0.7016595741144538,False
pathway|Signaling by TGF-beta Receptor Complex,pathway,70,0.016807839120500857,-0.10072633851611353,0.5401161487052684,0.5714285714285714,0.39823281263681326,-0.02660043537669011,0.5106107869983904,0.45544554455445546,0.613009588533077,0.06134642598970512,0.4755416589039935,0.4231536926147705,0.9007490034432033,0.09984614432966547,0.46023323659284,0.4007996001999001,0.8568200820709724,0.08160465774342705,0.46748054865372984,0.40835916408359163,0.9563439600540753,0.08089277174303057,0.4677636142205782,0.40627187456250874,0.9147970604651573,0.05321085193876222,0.4787819546346907,0.38095238095238093,1.0316386804940227,0.1061213186130154,0.45774304842296404,0.37623762376237624,0.9530985377977795,0.2719383146015251,0.3928347250838411,0.3473053892215569,0.8601170010522092,0.330358383195607,0.3705645916546574,0.32733633183408295,0.8693618424890015,0.3090671937879076,0.37863520691822444,0.3301669833016698,0.8672249575211441,0.2994073662852435,0.38231462116919734,0.3298534029319414,0.9031614098137181,0.8087634568000446,0.709918070665231,False,0.7782805429864252,0.6035087719298246,False,0.7681692592938163,0.6923651134437798,False,0.6854455445544555,0.5837501275900786,False,0.7576784743131372,0.6605768282136099,False,0.6774960716864145,0.5681463160635252,False,0.7613902506970043,0.6373710976460106,False,0.6665230920451376,0.5468481228998759,False,0.7627069954002632,0.6438937699569806,False,0.672988438861032,0.5490622208497382,False,0.7648300622722441,0.6464983200670135,False,0.6704764265370431,0.5546696887291305,False
pathway|Switching of Origins to a Post-Replicative State,pathway,59,0.04845551379700588,1.0580696242926624,0.14501185079472834,0.14285714285714285,0.9509440682351568,1.653562422203245,0.04910822657709114,0.04950495049504951,0.836109260221345,1.7055590167370482,0.04404510768554298,0.06986027944111776,1.041567453528616,1.7631673897025413,0.03893613101789099,0.05647176411794103,0.9066777581292754,1.8225178167000704,0.03418822643094775,0.0527947205279472,0.9148040023747032,1.8376798192646984,0.033054799649239935,0.052758944821103576,0.9048406949076773,2.2245520995518255,0.013055660651909298,0.047619047619047616,0.17573934942267805,2.4318223161942822,0.007511537554126835,0.019801980198019802,0.727075764179795,2.410974133093098,0.007954988388487466,0.027944111776447105,0.8974074079100036,2.587307446639171,0.0048364620899842845,0.017491254372813594,0.7065080971482959,2.5757082106424734,0.005001751245410401,0.015898410158984102,0.7270484341709302,2.5175671373081543,0.005908422316839448,0.016679666406671866,0.7717283380047063,0.4279271283256199,0.07463079853258692,False,0.5058823529411764,0.27044025157232704,False,0.23291658581680924,0.053832685804575654,False,0.3041018387553041,0.1453755131610722,False,0.2248449626441405,0.055684918719412266,False,0.33178419280841304,0.1789612264832038,False,0.22502432829055233,0.036394377227131736,False,0.32977741898281626,0.1385491464793919,False,0.20581312311430547,0.0370989897745805,False,0.3243104261002471,0.1281051382041283,False,0.2030509121310453,0.04234369327068271,False,0.3296191219032762,0.1384572308553829,False
pathway|Synthesis of DNA,pathway,83,0.05039418259872068,3.4615942055271316,0.0002684930745030167,0.047619047619047616,0.7693546299402376,3.2311660665312294,0.0006164314402465365,0.019801980198019802,1.0197674066235916,3.2044421125054963,0.0006766224988894652,0.007984031936127744,0.9049778212549352,3.1181477315179307,0.0009099577769366258,0.0074962518740629685,0.821957847052278,3.0893013854932283,0.001003139006233649,0.007099290070992901,0.8283495855277507,3.075893871597782,0.0010493626596793071,0.00741985160296794,0.8326262449266305,2.546539413824281,0.005439846234682754,0.047619047619047616,0.26773837861672706,3.5131606345334845,0.00022140483992736518,0.009900990099009901,0.6244849128025429,3.6703695088372132,0.0001211000456328314,0.001996007984031936,0.5579530128276684,3.457944463327366,0.0002721567887176404,0.0029985007496251873,0.6897138230879843,3.547464415420971,0.0001944791454886412,0.0024997500249975004,0.6670908447828673,3.504849251051708,0.00022843294796487452,0.0029799404011919763,0.6696773477337522,0.003849112959221844,0.04093484291598772,True,0.3412698412698413,0.27044025157232704,False,0.008835517310200356,0.0023016536052497525,True,0.22075540887422074,0.09030903090309031,False,0.010719124850827844,0.0013018254905529376,True,0.13351075626524728,0.027309018326982393,False,0.013694864542896217,0.002730639780133659,True,0.11281859070464767,0.031122369849557976,False,0.015097242043816414,0.0019512740930693665,True,0.11246770059836123,0.030096990300969902,False,0.015792908028173572,0.002291943911247574,True,0.11166876662466749,0.0344985407984148,False
pathway|Synthesis of PIPs at the Golgi Membrane,pathway,14,0.004282727100696384,-0.09244700801571161,0.5368285538438637,0.5238095238095238,0.17695039655097194,-0.17739428077767555,0.5704006503223684,0.5346534653465347,0.7475220699276012,-0.28724112331573604,0.6130361497320237,0.5808383233532934,1.0179097785447073,-0.3428899316618807,0.63415936675974,0.5782108945527237,1.111269483625988,-0.3478784024076141,0.6360342471044087,0.5745425457454254,1.0499034209231601,-0.33482491321488644,0.631121416928478,0.5691486170276594,1.0947655648532417,-0.5297608552418569,0.7018611255834266,0.6190476190476191,0.3913648427871809,-0.4778138752333346,0.6836086577010931,0.6039603960396039,1.09606884967984,-0.40755268610352724,0.6581989467739554,0.6147704590818364,1.2886203220945955,-0.4430748036818032,0.6711441853655635,0.6176911544227887,1.1200460508081969,-0.4310460339351163,0.6667825505529669,0.6152384761523848,1.1814511310748308,-0.4375074242521612,0.6691283034860879,0.6147277054458911,1.157535132942929,0.8087634568000446,0.8520170987825172,False,0.7367601246105919,0.7862165963431786,False,0.7990785739730849,0.8325854529050102,False,0.728782048510528,0.7763541059988353,False,0.8123374762028187,0.8309600036342915,False,0.759450795378939,0.7775038158976166,False,0.8199613613593026,0.8324463294227351,False,0.7619770900575913,0.7811976364758798,False,0.8181466170018249,0.8319319726394951,False,0.7618383536095729,0.7806790749496478,False,0.8118271217755209,0.8345591379640651,False,0.7546860516534162,0.7808643827123458,False
pathway|Synthesis of Prostaglandins (PG) and Thromboxanes (TX),pathway,9,-0.02634395606113628,-1.1758587346312108,0.8801743344705555,0.9047619047619048,0.27226409049387534,-0.9903063590628821,0.8389878003339795,0.8712871287128713,0.8484122936060329,-1.0361583751153143,0.8499358688457976,0.874251497005988,1.0243001631301538,-1.0120773239237366,0.8442494581795407,0.881559220389805,1.131888830213431,-1.0012685757287227,0.8416515095569279,0.8739126087391261,1.0805927842721488,-1.001133445780117,0.8416188513353797,0.8684426311473771,1.0919552148369567,-0.8479676898129486,0.8017720175030736,0.8095238095238095,0.004116104512192682,-0.7573767485369094,0.7755879089310812,0.7722772277227723,1.0477130411376696,-0.7791372096661708,0.7820505534494369,0.7844311377245509,1.1621366445653118,-0.690221114208724,0.7549724263287387,0.7456271864067966,1.5713897580035663,-0.7049140432309817,0.759568134880134,0.7566243375662434,1.4477331231036874,-0.716042701451843,0.7630175088458679,0.7618247635047299,1.4202382300493681,0.9167213656596443,0.8922388362413161,False,0.9456018518518519,0.8828502415458938,False,0.8840371243964666,0.880950794672662,False,0.9137889398695966,0.8706196462342863,False,0.8996055796702027,0.8735323074743268,False,0.922058660456864,0.8683071812579222,False,0.8977001471534389,0.8642194088456377,False,0.9284840338451464,0.8541165023548831,False,0.8983585261582812,0.8625332151805986,False,0.9247984292479843,0.8594110400280727,False,0.8983236675601038,0.8659646621070146,False,0.9233732226763915,0.8598769069394733,False
pathway|Synthesis of UDP-N-acetyl-glucosamine,pathway,7,-0.052832849107648586,-1.429184350849178,0.9235243728229975,0.9523809523809523,0.4145964829562965,-1.2102918450772349,0.8869165371115091,0.900990099009901,0.9304274340046651,-1.3687846308660105,0.9144666967667675,0.9520958083832335,0.9254714450524426,-1.3882729758588088,0.9174730310107588,0.9635182408795602,1.0673571946994795,-1.4052338231646764,0.9200241202565116,0.9656034396560343,0.9555655868882132,-1.4061643245480897,0.9201623324477232,0.9650406991860163,0.9653823328982339,-1.1691927919047844,0.8788370176739096,0.8571428571428571,0.48458258917985486,-1.3669752683700434,0.9141834711939096,0.9306930693069307,0.6617200050607583,-1.2872739402971698,0.9010005883521099,0.9560878243512974,1.3049023802806767,-1.3215696384013549,0.9068442504240336,0.9565217391304348,1.1006277254990606,-1.3091552654144154,0.9047591190156772,0.9537046295370463,1.0876339904360481,-1.3026899653897395,0.9036596853746803,0.9540609187816244,1.099247934097656,0.9362912773158316,0.9185067441661346,False,0.9684684684684685,0.9148936170212765,False,0.9049555175273364,0.9264957064961845,False,0.9255905112695569,0.9561044841685534,False,0.9189838725830399,0.9193260240474072,False,0.9584643422185729,0.9689644280462643,False,0.9205312744474614,0.9221625654649801,False,0.9667299683491587,0.9687356321839081,False,0.9230908673240333,0.9200536315752745,False,0.9688221177882211,0.966549136332158,False,0.9232295402225489,0.9202588419436449,False,0.9682575015166364,0.9686736231605334,False
pathway|Synthesis of Glycosylphosphatidylinositol (GPI),pathway,17,0.01430884255023566,-0.18188112821183963,0.57216199251396,0.47619047619047616,0.39592312957931836,-0.11433270638349911,0.545512971730242,0.5247524752475248,0.7183213176367153,-0.0393203166025331,0.5156824955828957,0.4630738522954092,1.0255766060584488,0.001861279175899151,0.49925745746984224,0.4192903548225887,1.1287145618791186,0.013147746001290808,0.49475495934098207,0.41975802419758024,1.0493432932019433,-0.005250903361437856,0.5020947977348862,0.4277314453710926,1.105429689986629,-0.5712241698670267,0.7160761518095776,0.7142857142857143,0.45812941188311607,-0.6042318338795029,0.7271552404696286,0.7029702970297029,0.551277649353951,-0.5311094429552426,0.7023285295339776,0.6726546906187625,0.9098875589678187,-0.4950607902594355,0.6897213948693437,0.6421789105447276,1.0344739029761862,-0.49958303719209096,0.691315647827647,0.644935506449355,1.0177925677671307,-0.5110538240217573,0.6953433158494318,0.6532069358612828,1.0584558408354732,0.8226847887485862,0.8520170987825172,False,0.7095709570957096,0.8431372549019608,False,0.7990785739730849,0.8487634922314907,False,0.728782048510528,0.8169654803318169,False,0.7783043823185615,0.8418792166370331,False,0.6969261477045908,0.809043268045582,False,0.7692072497282472,0.8326345533788367,False,0.6717382049715883,0.785755496235622,False,0.7644090822876158,0.835686787133019,False,0.6756147301936474,0.7839780538075226,False,0.7710741536642894,0.8399659275399071,False,0.6776166581931519,0.7952552239277796,False
pathway|TRAIL Signaling,pathway,8,0.049508677793291565,0.7180961035500728,0.23634901625646576,0.2857142857142857,0.678082538293219,0.6894362726258403,0.24527438187511702,0.19801980198019803,1.0818038018124783,0.860969510594003,0.1946274178512371,0.15768463073852296,1.2068754630969212,0.8404333856331366,0.20033271839673106,0.18240879560219891,1.0300952056558832,0.8532947001846413,0.19674794917854943,0.17718228177182282,1.0314804271658091,0.8722179592682273,0.19154474192568471,0.1729565408691826,1.0439930677649376,1.6545835525701331,0.049004501043144355,0.09523809523809523,1.6516829844449608,0.8442525016925551,0.19926416104354955,0.13861386138613863,1.6048769697777447,1.0676481611175501,0.14283962512183157,0.13373253493013973,1.090677115743963,1.0335138347841801,0.15068174977390364,0.14592703648175911,1.069497655013627,0.976866885171714,0.16431752891383417,0.1488851114888511,1.2053092625273425,0.9916761506188868,0.1606777643485256,0.14587708245835082,1.1909451245878881,0.5695136005675442,0.2077514762533303,False,0.5890410958904109,0.3412698412698413,False,0.5763080911933101,0.45815681235701905,False,0.5094355589405095,0.3792979297929793,False,0.5258713094787798,0.41341083809299334,False,0.45637571011822514,0.3833666001330672,False,0.533629630419611,0.4161028135958257,False,0.48588537589612274,0.39352198900549723,False,0.5287601134173516,0.430083271330992,False,0.47196342312671385,0.3953075280707224,False,0.5147764939252777,0.4257381459746907,False,0.46482070358592825,0.39204465910681785,False
pathway|The NLRP3 Inflammasome,pathway,16,0.0641856575135385,1.2598701094715938,0.1038581115442187,0.19047619047619047,0.5823306447736143,1.4041570163983068,0.08013604916593253,0.10891089108910891,0.7604639444564281,1.185868343123362,0.11783714830910119,0.10978043912175649,1.3534664553358513,1.1464908099372362,0.12579606381190356,0.12743628185907047,1.2419808835451656,1.1293818847081976,0.12936838568378167,0.1304869513048695,1.2634461549605307,1.1236165595104337,0.1305878639928214,0.13135737285254295,1.2042452287261134,1.7756494290674254,0.03789535875312957,0.09523809523809523,1.3002342578131378,1.3864094579931858,0.0828109550288123,0.0891089108910891,1.7759250498557129,1.7721669564887312,0.03818342349267875,0.0499001996007984,1.8926196448223176,1.7851776679257463,0.03711625154986185,0.05747126436781609,1.5933894054267046,1.8764263052835173,0.030298382642136794,0.054894510548945105,1.4419763736879918,1.8809788376922054,0.02998739881576405,0.053038939221215574,1.4558521912872637,0.38123526310743694,0.17505754613097907,False,0.5259938837920489,0.3412698412698413,False,0.29415793657250844,0.2932482054549706,False,0.39026402640264024,0.3483348334833483,False,0.39647723151501996,0.1911840714355211,False,0.3798150824787207,0.2589648289627641,False,0.40714640007938674,0.18492006003935482,False,0.4032004616248577,0.27901371894697813,False,0.4106606735694059,0.16005499195552372,False,0.40491311693572907,0.2756502127565021,False,0.41174931866641923,0.15835450953587682,False,0.4038847794472682,0.27010508970148467,False
pathway|Thrombin Signalling Through Proteinase Activated Receptors (PARs),pathway,22,0.011012854459456404,-0.21893296360944248,0.5866488659721287,0.6190476190476191,-0.1206555969427063,-0.09437258650606829,0.537593404301562,0.4752475247524752,0.703645338047351,-0.20227307532261957,0.5801483761555675,0.5049900199600799,1.0833666276564673,-0.21889635166309707,0.586634605746418,0.5087456271864068,1.0178406598623535,-0.21229581738299017,0.5840618708442921,0.504049595040496,1.1968210488639959,-0.1956800904526578,0.5775697156702877,0.49671006579868404,1.2391832160022003,0.0552574699294698,0.47796667222365663,0.38095238095238093,1.0717515723300708,0.02697081938230123,0.4892415041604553,0.40594059405940597,0.7692610017788698,-0.04102945332901721,0.516363792367519,0.405189620758483,1.5240614974318696,-0.009276192826674516,0.5037006124480763,0.4052973513243378,1.3711347615385066,0.04581637350129678,0.48172830417403306,0.398960103989601,1.313181123734149,0.03485857407716865,0.48609625680962276,0.4019319613607728,1.3065076553811537,0.8229101548000582,0.709918070665231,False,0.7962962962962964,0.6035087719298246,False,0.7971212546540403,0.7080618055856358,False,0.7081658660915596,0.6140106472958854,False,0.8055984418885156,0.7366137511972664,False,0.713624394403681,0.6067764967577283,False,0.8070879745281859,0.7324342238979274,False,0.7188502522932083,0.6130377022544004,False,0.8092817170701216,0.7107853899822743,False,0.7133267981613053,0.6016388361163884,False,0.8061829751268373,0.7172302612730218,False,0.7085769185090232,0.6049076018479631,False
pathway|Toll Like Receptor 3 (TLR3) Cascade,pathway,93,0.022605184521063245,1.4676892822928806,0.07109432167175139,0.14285714285714285,0.8115848549060891,0.8640280130708892,0.19378625103206443,0.24752475247524752,0.46696723037412136,0.9558423406560949,0.16957594664977904,0.17764471057884232,0.6422988255733816,0.9735067032007836,0.1651507651605551,0.16541729135432284,0.8143866716981405,0.9409160865370018,0.1733739316026709,0.16628337166283372,0.7895438697045822,0.9228847144325907,0.17803364359371343,0.16803663926721465,0.84585354471515,1.5953433436730549,0.055317739022405325,0.09523809523809523,0.25889457785182823,1.8490477364703812,0.03222546002002222,0.039603960396039604,0.49573541721096187,1.6741771835292307,0.04704789113007235,0.05788423153692615,0.8037592089501855,1.6166241966799497,0.052979712801410464,0.0734632683658171,0.7868126291082177,1.5507202402030036,0.06048437093154453,0.0756924307569243,0.8823295658793279,1.520653929215696,0.06417335287411166,0.07869842603147938,0.9263593924024722,0.30343456208151004,0.22500864115870275,False,0.5058823529411764,0.3412698412698413,False,0.5161916952270035,0.16723902527632217,False,0.5560070932466381,0.21287128712871287,False,0.4955568926367329,0.21786792661771964,False,0.4861005262202867,0.27655799512086937,False,0.47798442608968356,0.22967686979907034,False,0.46507480204851703,0.3156801880749766,False,0.48771545245237324,0.24939446096431375,False,0.4590468881039824,0.3121016665456742,False,0.4936669944145962,0.2553210468932147,False,0.46141563655213386,0.3158430164730039,False
pathway|Toll Like Receptor TLR6 TLR2 Cascade,pathway,97,0.020283515231991962,0.02063764330148032,0.4917673559207687,0.3333333333333333,0.8748427509755071,0.367361606636858,0.35667465299798795,0.24752475247524752,0.9502778561207654,0.4489665353639922,0.3267278987396525,0.27345309381237526,0.7666779887946948,0.4703911720901543,0.3190377850535536,0.2818590704647676,0.8246999356353146,0.4558551734757022,0.32424706296931527,0.2863713628637136,0.7987906908300408,0.44946508412566316,0.32654809508679156,0.2872742545149097,0.8216789459447894,1.1570237089873974,0.12363133696550083,0.09523809523809523,1.3910631136090523,1.294376120057376,0.0977677674990638,0.10891089108910891,0.7994205528680626,1.1650390572229659,0.12200159174663538,0.12574850299401197,0.9202441508711071,1.115136267155598,0.13239601607116008,0.13793103448275862,0.9040285846502674,1.137836831191367,0.1275943111804022,0.127987201279872,0.8683866552548972,1.1315599922216926,0.12890973406744682,0.13115737685246295,0.884636391139746,0.7746035959387005,0.3797248206797525,False,0.6270833333333332,0.3412698412698413,False,0.701693271584277,0.3218199066999824,False,0.5560070932466381,0.3576237623762376,False,0.6782420518664511,0.3709341324821945,False,0.5599277635205779,0.3833666001330672,False,0.6762702345149271,0.4020965784560672,False,0.5841839354295455,0.39352198900549723,False,0.6801919800625841,0.3879382592454653,False,0.5858880778588808,0.38913280389132804,False,0.6794440228706694,0.3880182995430149,False,0.5823930501255746,0.3850472523259815,False
pathway|Toxicity of Botulinum Toxin Type D (botD),pathway,4,0.08934018645394759,0.7689483459858318,0.22096198767417674,0.2857142857142857,0.1352015590809042,1.0882296567809195,0.13824686773019806,0.1485148514851485,0.6875927420015279,1.2252599787568736,0.11023864114505699,0.10179640718562874,0.5126866263745578,1.240533110896489,0.107389137579944,0.1089455272363818,0.5460178840369981,1.2848400419897874,0.09942409329754626,0.10318968103189681,0.5681550342493756,1.2757961051212012,0.10101380238308555,0.10569788604227916,0.629412361396968,1.5524374727292338,0.060278791509053645,0.09523809523809523,-0.08337653313061988,0.9083094715740689,0.18185736986955087,0.1782178217821782,0.6859321350632084,0.9269365379583787,0.17697974254107202,0.16167664670658682,0.7911982226035202,0.871595851872029,0.19171444722129516,0.1774112943528236,0.6894994455282735,0.8716836545324581,0.19169048986717196,0.17998200179982002,0.7092548327517881,0.8949318049547635,0.18541177185208196,0.17445651086978262,0.7109476060166044,0.5518798806679286,0.23180897277430548,False,0.5890410958904109,0.3412698412698413,False,0.4289928575957693,0.45799327421052216,False,0.4561527581329561,0.42914851485148514,False,0.3770662611893426,0.44812726022170796,False,0.3798150824787207,0.4038153201793135,False,0.37582616702199884,0.4508285047938269,False,0.3950916108210955,0.4139509192772035,False,0.36186264455545575,0.4508816064158975,False,0.3831860716367388,0.41354643161638033,False,0.35953844966639675,0.44442812716375724,False,0.38456407342441384,0.4113117737645247,False
pathway|Toxicity of Botulinum Toxin Type F (botF),pathway,4,0.08934018645394759,1.468567156109649,0.07097511435480437,0.09523809523809523,-0.042422979737689985,1.2647102969397601,0.10298759871268953,0.10891089108910891,0.6081678480040593,1.1756608749643458,0.11986520952779672,0.1157684630738523,0.5421289436361567,1.2928392162667743,0.09803333692014793,0.10144927536231885,0.5267091065941035,1.2580157719148983,0.10419302618161391,0.10768923107689231,0.6589652964454391,1.2670619642098964,0.10256656723907653,0.10763784724305514,0.6495351030476705,1.2250753326088328,0.11027341913992711,0.14285714285714285,0.8827745546711203,0.8717327158588905,0.19167710406023103,0.16831683168316833,0.7032063757755844,0.9205014564595271,0.17865538613490017,0.15768463073852296,0.8163577202746888,0.8510158806211628,0.19738026560310945,0.18240879560219891,0.7528925508458738,0.8800855376683338,0.1894064865761398,0.1765823417658234,0.7326345169913662,0.8925851729140359,0.18603968113831698,0.1751764964700706,0.6992840416189423,0.30343456208151004,0.3514108428317465,False,0.44791666666666663,0.4056603773584906,False,0.36106588701472586,0.45815681235701905,False,0.39026402640264024,0.4187055069143278,False,0.39647723151501996,0.44812726022170796,False,0.39598076574124474,0.4022294394262323,False,0.35930016924827657,0.4549937132152791,False,0.38170289855072465,0.4139509192772035,False,0.36186264455545575,0.4508816064158975,False,0.383825146897075,0.41202546412025465,False,0.35953844966639675,0.44442812716375724,False,0.38456407342441384,0.4113117737645247,False
pathway|Transcription of the HIV Genome,pathway,54,0.05099385117126063,4.177580277440842,1.473133462521699e-05,0.047619047619047616,0.29966219709745767,3.2092079239988642,0.0006655060042563114,0.009900990099009901,0.9498554034080703,3.179094306044504,0.0007386800829327099,0.00998003992015968,0.9721060546092974,2.9851391941595367,0.00141724654427197,0.01249375312343828,1.0521895900507818,2.979441209239273,0.0014438731941872366,0.011698830116988301,1.050915985465114,2.986313125663149,0.0014118167826950032,0.011639767204655907,1.050106954841658,1.255270854006301,0.10469022594727229,0.19047619047619047,1.2226846732840413,1.5262325924911269,0.06347597461092586,0.09900990099009901,1.0695143155067561,1.563168078744464,0.05900653309307305,0.07984031936127745,0.7117425003314164,1.5412125380224753,0.061632533490895494,0.07646176911544228,0.7580649284527954,1.6180249254649908,0.05282861305788979,0.0658934106589341,0.7451847454731028,1.6479766989492601,0.049678726389675514,0.06455870882582349,0.7444641076641665,0.00027713323263689466,0.33883610763579525,False,0.3412698412698413,0.46612466124661245,False,0.009105332149143169,0.24654191982969798,False,0.16556655665566555,0.3576237623762376,False,0.011117135248137284,0.24705649044556227,False,0.1501996007984032,0.32411492803865954,False,0.020313867134564904,0.25412866548985674,False,0.17093725864340553,0.3196526736631684,False,0.020695515783350393,0.2330866723518566,False,0.16768323167683233,0.2925604498373692,False,0.020236040551961713,0.21990142122488718,False,0.16683666326673469,0.2916496893942718,False
pathway|Transcriptional Regulation by RUNX2,pathway,73,0.02439074943007011,0.3149616436755606,0.3763953883360954,0.38095238095238093,1.1062786371461295,0.3919928923367377,0.3475317327504249,0.31683168316831684,1.06651388150586,0.3821956603347543,0.3511581202525845,0.27345309381237526,1.1471129947705083,0.39521232814319823,0.3463430975919358,0.3008495752123938,1.007005062640096,0.43528816393302694,0.33167663753828514,0.28457154284571545,0.9782844845539822,0.44132057053763857,0.329490468052724,0.2869742605147897,0.9000612769976064,1.0492345759707908,0.14703508440004343,0.19047619047619047,0.7681139504133395,1.2089880253176997,0.11333372295042393,0.1188118811881188,1.1654837089748082,1.0821961637761794,0.13958268637383298,0.1317365269461078,0.8850881866240273,1.0088830948369112,0.15651535179164983,0.14492753623188406,0.9564083516568443,1.0488626236738208,0.14712067501143083,0.14038596140385962,0.92055740168979,1.046088648903349,0.14776005273695192,0.14243715125697487,0.912936618933558,0.7040198301931936,0.41362205985432776,False,0.647834274952919,0.46612466124661245,False,0.6972996805393461,0.351685057815233,False,0.6113226707286114,0.3576237623762376,False,0.6866867103744467,0.4079066854225604,False,0.5599277635205779,0.3833666001330672,False,0.6936170161145064,0.4206350079400589,False,0.5890828779158807,0.39352198900549723,False,0.6801919800625841,0.416636271802105,False,0.5858880778588808,0.3907136559071366,False,0.6794440228706694,0.4088975198002715,False,0.5823930501255746,0.3909090909090909,False
pathway|Transcriptional Regulation by RUNX3,pathway,68,0.018827289721626183,0.08218107879155276,0.4672513597404956,0.42857142857142855,0.3377364049264536,0.023051032313318287,0.49080478292376606,0.42574257425742573,1.0015638999871077,0.06579755759553862,0.4737695003903493,0.42115768463073855,0.6844602803308132,0.014515491183840747,0.4942093601941559,0.4287856071964018,0.913938264886698,0.01743147388515876,0.49304620021857104,0.43075692430756923,0.9788470581627763,0.016444114655950758,0.4934400430464361,0.43109137817243653,0.92569804225458,0.28797567879901387,0.38668267795872263,0.42857142857142855,0.2973402457614127,0.449078504537171,0.3266875130926915,0.3069306930693069,0.5424479568724997,0.5560429743729495,0.28909073858355117,0.24550898203592814,0.9156319244222115,0.5620522434379219,0.28704021239154165,0.26486756621689156,0.8600521965625757,0.5108047619850425,0.3047438871827055,0.268973102689731,0.9357259521757416,0.5233761645828717,0.3003562538908472,0.2602747945041099,0.9396313601555761,0.7726922310628576,0.6395136597009644,False,0.6861702127659575,0.6323529411764706,False,0.7681692592938163,0.6035114533039144,False,0.6690240452616689,0.5249212421242123,False,0.7576784743131372,0.575435487466051,False,0.6774960716864145,0.4861723920579893,False,0.7692072497282472,0.5762950118676688,False,0.6729942320506414,0.5122059223552781,False,0.7644090822876158,0.5956357794934698,False,0.6756147301936474,0.5196493008926956,False,0.7648300622722441,0.5941911061858477,False,0.677623873265109,0.5120438767695233,False
pathway|Transmission Across Electrical Synapses,pathway,3,0.015223344265134017,0.15208606657540313,0.4395595268145357,0.42857142857142855,0.1463404199004323,0.15847752467465476,0.4370402647814967,0.40594059405940597,0.5784034425297896,0.11437806065818318,0.4544690524533473,0.4291417165668663,0.42437354017581896,0.09813692266810845,0.46091178448464126,0.4207896051974013,0.5261124125521215,0.0631975148804474,0.4748046118319597,0.44985501449855014,0.4009122553237331,0.054859588778046066,0.4781251634259227,0.4534509309813804,0.40178151837658654,0.0382173239545473,0.48475720423376756,0.42857142857142855,1.1052428158516603,0.27226406168795914,0.3927094936863144,0.33663366336633666,1.1659885146614328,0.19029350324099098,0.4245395721508347,0.36926147704590817,0.8502147975495784,0.18701983749844478,0.4258225396401532,0.38580709645177413,0.750033734168436,0.19927335961253176,0.42102445859885496,0.394960503949605,0.5957815941608389,0.18955212266576832,0.42483005373988536,0.3953720925581488,0.5803669205737482,0.7553311551645635,0.7152545023253138,False,0.6861702127659575,0.6323529411764706,False,0.7372791234300178,0.6530693790032079,False,0.6640658631080499,0.5447673799638029,False,0.7576784743131372,0.6797149532840492,False,0.6794369376430385,0.5819251549257505,False,0.7613902506970043,0.6845586258104543,False,0.6717382049715883,0.5932569429570929,False,0.7627069954002632,0.6850181731797585,False,0.6762883117628832,0.6004197560041975,False,0.7648300622722441,0.6814661927522517,False,0.677623873265109,0.6010454538383979,False
pathway|Transport of Mature mRNA Derived From an Intron-Containing Transcript,pathway,51,0.05552946758034535,3.7999966019075413,7.234903599417188e-05,0.047619047619047616,0.3424843527920174,3.655126712630946,0.0001285274918526328,0.009900990099009901,0.775324832912998,3.053230045907239,0.0011319615629200258,0.015968063872255488,1.0778653934294276,2.878181911209428,0.001999872108612162,0.015492253873063468,1.1250008219588392,2.899578052341838,0.0018683264947434409,0.0124987501249875,1.0120848548923584,2.9201541308267447,0.0017492915272416538,0.012219755604887902,1.0439954179847708,2.3413903338593554,0.009606034622493691,0.047619047619047616,0.2607844411351081,1.8547424445742346,0.03181650725671119,0.039603960396039604,0.9473521947793275,2.0859870731064887,0.018489897016891618,0.033932135728542916,0.7874703832676215,2.2156177395431964,0.013358846448053812,0.028985507246376812,0.7816201962928229,2.1942727561909674,0.014107903402222302,0.029697030296970302,0.7658485000026429,2.192488730489488,0.01417211797333049,0.03017939641207176,0.8307254626118555,0.0012810035196615139,0.061519498327034065,False,0.3412698412698413,0.27044025157232704,False,0.0024179234404776546,0.16723902527632217,False,0.16556655665566555,0.21287128712871287,False,0.016224782401853703,0.10702805773239187,False,0.20026613439787092,0.20026613439787094,False,0.02736188657692094,0.07937813231629887,False,0.20274645286052626,0.1744927536231884,False,0.025562103405353438,0.08492957848137826,False,0.17100562671005623,0.17877612238776122,False,0.02393348862271535,0.08531615019944955,False,0.16718847441232992,0.181679966400672,False
pathway|Transport to the Golgi and Subsequent Modification,pathway,136,0.027028813308806528,1.1039766531950916,0.13480163269196793,0.14285714285714285,0.03180446138891534,1.6114545281614585,0.05354034527950306,0.06930693069306931,0.3081214994047652,1.5433899006349963,0.061368101306647015,0.0718562874251497,0.882325909908792,1.5637984647857268,0.05893245247632027,0.07196401799100449,0.7306740037604477,1.5253134085041722,0.06359047247801426,0.07749225077492251,0.7274829172955704,1.5334612667053127,0.06258112157717173,0.07711845763084739,0.7471335859283169,1.1457488492404944,0.12594954260695762,0.14285714285714285,0.6868504090442467,1.3761367525962025,0.08438964943396499,0.09900990099009901,0.4761112603075694,1.4977740723022932,0.06709597966571353,0.08782435129740519,0.6438140907957809,1.381799313567722,0.08351666494297866,0.09345327336331834,0.7149154244215388,1.3903399470615312,0.08221283643687727,0.09309069093090691,0.6662500362410008,1.4163157172074186,0.07834154405156891,0.09007819843603128,0.6626640904053704,0.4279271283256199,0.3829374982292348,False,0.5058823529411764,0.4056603773584906,False,0.23291658581680924,0.29536377301887745,False,0.3419899366985879,0.3576237623762376,False,0.26808061922368537,0.2657353931497338,False,0.33178419280841304,0.332206175883527,False,0.28136482331696017,0.306567270095568,False,0.34315654672663665,0.3366650008329169,False,0.2990739408731608,0.3055069600925933,False,0.3643559886435599,0.33759395144822874,False,0.28979873222659525,0.294760059494028,False,0.3573956213183429,0.3325616414500978,False
pathway|Truncations of AMER1 Destabilize the Destruction Complex,pathway,12,0.07676041595944506,3.716671540793991,0.0001009323000573198,0.047619047619047616,0.5163146915467934,2.0292756601848563,0.02121511049380164,0.07920792079207921,1.2395284224449783,1.8318936552954752,0.03348363300973337,0.0658682634730539,1.052391356816267,1.7135138318786824,0.04330902545026495,0.06646676661669165,1.2168654184965313,1.7402027532043696,0.04091171118391365,0.06259374062593741,1.1480258264030854,1.6710040976836626,0.047360434218180654,0.06807863842723146,1.2368794269331302,1.5477584755465488,0.06084022873478449,0.09523809523809523,1.3450077251573351,1.3294315900424118,0.09185281074389867,0.1188118811881188,1.029327478915097,1.100082555244918,0.1356480769231561,0.12974051896207583,1.1970507917525661,1.2150624652564714,0.11217113398600176,0.11694152923538231,1.0037338587435134,1.1999667954204185,0.11507611821648428,0.12068793120687932,0.9705447662523103,1.1913268858348613,0.11676264159448874,0.12019759604807904,0.9993936443458393,0.0016524873274940198,0.23180897277430548,False,0.3412698412698413,0.3412698412698413,False,0.14525622971507618,0.3141783640217443,False,0.3558445396778484,0.3576237623762376,False,0.20568517420264784,0.4008455480645541,False,0.3294700920739167,0.3833666001330672,False,0.2327860117951741,0.35768197001199836,False,0.3416427379530574,0.37052000315631656,False,0.23577745871568975,0.35709187199135844,False,0.3424149388339855,0.37450584838423373,False,0.24172197065682122,0.3608701292823335,False,0.34152783610994447,0.3729842928914618,False
pathway|Ub-specific Processing Proteases,pathway,115,0.01972447921624114,0.5968473300903713,0.2753046574213456,0.23809523809523808,0.9938116618754745,0.4970331946578448,0.3095828215813815,0.27722772277227725,0.5444715291915234,0.3765276308790555,0.3532623389022359,0.313373253493014,0.6310391849426458,0.4201092489510022,0.3372028231999923,0.3023488255872064,0.7367624370711576,0.4635804475534829,0.32147418273853035,0.2822717728227177,0.7861947239359456,0.4709420118848685,0.3188410728136466,0.2830143397132057,0.7824560435373218,0.3066258524392907,0.37956408677151215,0.38095238095238093,0.23722105026044368,0.46260981453414235,0.32182203621332484,0.2871287128712871,1.0056285891744878,0.5026257055239137,0.30761372646201285,0.281437125748503,0.576898713751206,0.4132704194584795,0.3397042498712912,0.29735132433783107,0.7296729451900189,0.4364937043866643,0.33123928297702643,0.29257074292570745,0.7397186288029264,0.43476092310865744,0.33186798590898503,0.2965740685186296,0.6956444960663974,0.614555948604211,0.6360886741113435,False,0.5643044619422573,0.6035087719298246,False,0.6678183903053092,0.6035114533039144,False,0.5754865141686583,0.5144389438943894,False,0.6866867103744467,0.5973660107423604,False,0.5932411905748252,0.5284130534112498,False,0.6904629236952223,0.6177567670259003,False,0.5890828779158807,0.5296020628738884,False,0.6801919800625841,0.606489302366851,False,0.5858880778588808,0.5252810013116335,False,0.6794440228706694,0.6052379556901553,False,0.5823930501255746,0.5219200818295774,False
pathway|Ubiquinol Biosynthesis,pathway,9,0.08892753803581156,1.5892762393715114,0.05599902033277235,0.14285714285714285,1.6914117924580105,2.0663229008602633,0.019399000224649385,0.04950495049504951,1.0563869033869093,2.0674136983088833,0.01934759428839804,0.041916167664670656,0.8679137291944804,1.9296370740258406,0.02682591089693676,0.04697651174412794,1.0415057949434448,1.9134715459249154,0.027843856395603755,0.047295270472952705,1.0963428898823266,1.8940105338200652,0.029111805844635682,0.0492990140197196,1.11661049791506,1.4325376163149963,0.07599501036868979,0.14285714285714285,0.33467757057756076,1.5908373406653906,0.055823093509269506,0.1188118811881188,0.5854058292392222,1.6597244070815076,0.04848495349910979,0.06986027944111776,0.7631743383671374,1.581927847461293,0.05683302144337114,0.07446276861569215,0.921637018128948,1.6053699851472023,0.05420620287252479,0.07229277072292771,0.9277137084852832,1.583963561403101,0.05660100574311242,0.0745185096298074,0.9704155145830883,0.2718662116155561,0.2659825362904143,False,0.5058823529411764,0.4056603773584906,False,0.14241705042974304,0.2333715436984739,False,0.3041018387553041,0.3576237623762376,False,0.15633860143014908,0.2196102650971418,False,0.3174029299890785,0.3003992015968064,False,0.1835136177267719,0.2409399923162636,False,0.32005273958765296,0.3156801880749766,False,0.18219566902340717,0.2330866723518566,False,0.32170338521703384,0.3022239442722394,False,0.19049246867902914,0.23995637646023718,False,0.3211029396433348,0.3099825674719382,False
pathway|Uptake and Function of Diphtheria Toxin,pathway,6,0.04139833244940891,1.0710377446487418,0.1420762292744041,0.14285714285714285,0.12234230659107695,0.5355702128783083,0.29612780993031856,0.2871287128712871,0.4073231779093572,0.4810156103827342,0.3152527020492226,0.2714570858283433,0.9915202822323815,0.39212830107603347,0.34748170871426676,0.2913543228385807,0.9970007724664377,0.38078534374699435,0.35168126771692254,0.294970502949705,1.0466574867857037,0.36765783299455784,0.3565641929774299,0.2985540289194216,1.0353725795440465,0.6842740365941282,0.2469010693184724,0.23809523809523808,0.8392831303796695,0.8557698680067154,0.1960625426289649,0.18811881188118812,0.9374941541653611,0.798434297725041,0.2123092533024264,0.18762475049900199,1.0540248275908737,0.7137387361410377,0.23769437442628938,0.20039980009995004,1.2356251658155855,0.7112213959497109,0.2384735259659717,0.1967803219678032,1.2606139052423677,0.7346901665842449,0.2312641052061986,0.19517609647807044,1.1826223601670975,0.4279271283256199,0.5332754971852696,False,0.5058823529411764,0.48423423423423423,False,0.6554005205075433,0.45815681235701905,False,0.5919571409195713,0.4423731435643564,False,0.6655234618891586,0.48554293704427726,False,0.5599277635205779,0.42784128712272423,False,0.6936170161145064,0.5074184872504475,False,0.5885748400967301,0.43710391181220987,False,0.6910749131659165,0.506588387905366,False,0.5864952978386372,0.4308849690570511,False,0.6984001848340382,0.5007949328565884,False,0.5867037204710451,0.42881755503576063,False
pathway|VEGFR2 Mediated Vascular Permeability,pathway,19,0.02394463752798384,0.17923035703099982,0.42887841409278443,0.38095238095238093,1.2399228466429437,0.4226012674858726,0.33629310084842057,0.24752475247524752,1.2973670789397533,0.39916372061792726,0.3448862865957989,0.27345309381237526,1.2922338540454674,0.372195032430136,0.3548738221981196,0.2813593203398301,1.2840652880332288,0.37668023328599726,0.35320562711387404,0.2842715728427157,1.2700368435296125,0.3755356086472323,0.35363108453351455,0.28475430491390175,1.2308171940436712,0.31542316315519137,0.37622019106618937,0.2857142857142857,1.231813855572387,0.44467917083508063,0.3282758119965832,0.21782178217821782,1.6479794847137963,0.5044635171932624,0.3069678465404254,0.2435129740518962,1.3118855948245731,0.49556456577885827,0.3101008290285503,0.25287356321839083,1.3509388758328833,0.5270288918852083,0.29908676253749766,0.24417558244175583,1.3130135573467765,0.5201129183192974,0.30149243751350097,0.24587508249835002,1.2722823157159449,0.7454144740624993,0.6360886741113435,False,0.647834274952919,0.5308641975308642,False,0.6839474551038823,0.6035114533039144,False,0.5560070932466381,0.47857194478571946,False,0.6866867103744467,0.5973660107423604,False,0.5599277635205779,0.4861723920579893,False,0.6936170161145064,0.602257013253655,False,0.5841839354295455,0.501415958687323,False,0.6910749131659165,0.5956357794934698,False,0.5858880778588808,0.5034030843490993,False,0.6984001848340382,0.5941911061858477,False,0.5823930501255746,0.5057501516636335,False
pathway|Viral Messenger RNA Synthesis,pathway,41,0.0681383613280884,2.919239117122905,0.0017544347844830228,0.09523809523809523,1.3996961036345459,4.020216848942214,2.9072298033779542e-05,0.0297029702970297,1.5511240369574817,3.8620361861934547,5.6222952938933036e-05,0.005988023952095809,1.0680515196361418,3.7928955906664075,7.445038736502029e-05,0.004997501249375313,1.180431793516081,3.7853545494512293,7.674479399723476e-05,0.004199580041995801,1.1506886780853196,3.78866685955661,7.572892574304393e-05,0.0037999240015199696,1.1350751031110808,1.404683257167368,0.08005774331211657,0.14285714285714285,1.2398287961982233,2.122479405819299,0.01689875014957835,0.039603960396039604,1.0764882007866872,2.616976354674438,0.004435624317387726,0.01996007984031936,0.8554444407722643,2.5693290403107256,0.005094782757820081,0.017991004497751123,0.8591481855141367,2.6215876074732005,0.0043760632298674345,0.014798520147985201,0.8317196175202374,2.558086505587509,0.005262495332440197,0.01743965120697586,0.8504409980728584,0.018860173933192496,0.276981387781001,False,0.44791666666666663,0.4056603773584906,False,0.0006250544077262602,0.10173047590046166,False,0.2884062599808368,0.21287128712871287,False,0.0012087934881870603,0.03423392101368476,True,0.1126497005988024,0.1540508726137469,False,0.0016006833283479362,0.03651260976437725,True,0.09401549225387307,0.13885365009802791,False,0.0016003006957674682,0.03546530585692723,True,0.08427157284271573,0.1237320712373207,False,0.001606176515739756,0.03863441695279266,True,0.07625180829716739,0.1384572308553829,False
pathway|Zinc Influx Into Cells by the SLC39 Gene Family,pathway,7,-0.035321544924753014,-0.9774605844372097,0.8358294089625666,0.9523809523809523,1.0592998145324428,-1.0767778215579553,0.8592102320928856,0.8910891089108911,0.8141352403711236,-1.1004993888090626,0.8644427021123211,0.906187624750499,1.0497148897971433,-1.0944682472945835,0.8631251669233733,0.9015492253873063,1.0567436709080487,-1.1037741886316201,0.8651544479196775,0.8966103389661034,0.9623066034038757,-1.0973517331055136,0.8637561678779806,0.8917421651566969,0.9451084018628201,-1.0553119221789842,0.8543586548710217,0.8095238095238095,0.5423545421114349,-1.0614503326031939,0.855757353383262,0.8217821782178217,0.47966304465955106,-1.043845546448705,0.8517215724388412,0.8622754491017964,0.9767423993705311,-1.0025374904649857,0.8419579654681009,0.8590704647676162,0.9093347037134024,-0.9664309839157136,0.8330857168551008,0.8466153384661533,0.941648587406043,-0.9807502745691382,0.8366420474791374,0.8542029159416812,0.9816043266497757,0.9017371042929483,0.9173430703674993,False,0.9684684684684685,0.8828502415458938,False,0.8887363569070741,0.9067048281246082,False,0.9248890406282008,0.8897713512358429,False,0.9033376503086832,0.8995375203652323,False,0.9309299489757685,0.919242786511782,False,0.9025723965647827,0.8965136890721564,False,0.9325302984246708,0.9137109890284539,False,0.9009599041608743,0.8954779698370984,False,0.9282490994886765,0.9080508319274834,False,0.9001330552436868,0.8967976921564793,False,0.9255668679729854,0.9150002765069254,False
pathway|Zinc Transporters,pathway,10,-0.020683351793524846,-1.1680562732277249,0.8786079666216324,0.8571428571428571,-0.13545814490919647,-1.017828597302236,0.8456202904329165,0.8316831683168316,0.6081059848975133,-1.00312947000515,0.8421008013148547,0.8602794411177644,0.9657882590644203,-1.02364908674628,0.8469994743906201,0.8615692153923038,0.9937323020206565,-1.0288158910886647,0.8482169010641473,0.8699130086991301,0.9833249375978459,-1.0237946851241984,0.8470338693564665,0.871222575548489,1.0168942801692702,-1.0414282058370867,0.8511615712233036,0.9047619047619048,0.5929478469175774,-0.9858726142134923,0.8379021864745991,0.8415841584158416,0.7027076985681595,-0.9477227243960287,0.8283646854151101,0.8343313373253493,1.133921911266026,-0.9375281475823874,0.825756524032971,0.8455772113943029,1.1965966827938448,-0.9340252751623381,0.8248545723258982,0.8463153684631537,1.1265101985052406,-0.9303973191455579,0.8239172969486037,0.8417831643367133,1.1166128978985073,0.9167213656596443,0.9173430703674993,False,0.9148936170212765,0.939080459770115,False,0.8840371243964666,0.9026670820373021,False,0.8940594059405941,0.9079456332730047,False,0.8958614610568476,0.8936837645517854,False,0.922058660456864,0.9033587501256479,False,0.8977001471534389,0.8908699416986533,False,0.9196182050818561,0.9127561219390304,False,0.8989904479588322,0.8898968683515963,False,0.9247984292479843,0.9080508319274834,False,0.8987007020620166,0.8888856859553037,False,0.9233732226763915,0.9095628123279829,False
pathway|mRNA Splicing - Major Pathway,pathway,167,0.033444371351087285,2.7156146687225315,0.0033076431584396298,0.047619047619047616,0.5663562120476394,2.219791374294925,0.013216466362867517,0.019801980198019802,0.4360630738090777,2.0882100940413952,0.01838944358655444,0.027944111776447105,0.5297487577659981,2.031852652661993,0.02108428749887895,0.02948525737131434,0.5100031964421052,2.015273632459009,0.021937993049326122,0.03469653034696531,0.5982398693863508,2.0235732010225775,0.021507042372226098,0.03625927481450371,0.6509926960445865,1.6633748455416197,0.04811871255666502,0.14285714285714285,0.11687196509843881,1.2199357757708633,0.11124461118796458,0.1485148514851485,0.6075664426255306,1.475712063025015,0.07001060310437122,0.09381237524950099,0.5640956959741139,1.4844915726960888,0.0688392786097083,0.09045477261369315,0.48352760073157774,1.52921179454481,0.06310597380409927,0.07789221077892211,0.5308662915255715,1.53643419252574,0.062215963053232355,0.07517849643007139,0.5209874927392377,0.03211614808678479,0.2069104639936596,False,0.3412698412698413,0.4056603773584906,False,0.11367647881408167,0.3487982079955973,False,0.22075540887422074,0.3921313183949974,False,0.15375618109869127,0.26695342817186607,False,0.2713283111196961,0.332206175883527,False,0.16272744967083497,0.27256114284394,False,0.2610312490813417,0.33613440193483507,False,0.16548531410139797,0.2539692554067831,False,0.29010154540101546,0.31683183033048046,False,0.16529048374388836,0.2553210468932147,False,0.2949741005179896,0.3099825674719382,False
pathway|mRNA Decay by 3' to 5' Exoribonuclease,pathway,11,0.04664924564671295,0.7116714823534045,0.23833411543823252,0.23809523809523808,0.6193102696464111,0.9794674987590405,0.1636745199799552,0.16831683168316833,1.5040491078107323,0.8111628805804393,0.20863606957333453,0.17764471057884232,1.3544980833095042,0.8750120767488915,0.19078366732996999,0.16841579210394803,1.1233856881960314,0.8078763452565881,0.20958088491772092,0.18168183181681832,1.1597043121542085,0.8133667468948972,0.20800390937102964,0.18297634047319053,1.1466741656113346,1.478672616501718,0.06961391719416565,0.09523809523809523,0.1778937961615695,1.1669735925602287,0.12161051704720821,0.10891089108910891,1.133403469872795,0.9738804892274424,0.16505794114735078,0.15568862275449102,0.932935799535139,1.0717819798655923,0.14190898439865185,0.13793103448275862,1.1145670583634832,1.0479438849141804,0.14733223076934093,0.136986301369863,1.2410322928092652,1.0615482391275763,0.1442204112461533,0.13389732205355892,1.2766302982117363,0.5695136005675442,0.2533154189137412,False,0.5643044619422573,0.3412698412698413,False,0.47706893954335267,0.3697451073859563,False,0.4648015260241621,0.3576237623762376,False,0.5460822342745538,0.4320212198726312,False,0.4861005262202867,0.4022294394262323,False,0.5127311059492944,0.4107173490768674,False,0.46507480204851703,0.39352198900549723,False,0.5485551857411652,0.416636271802105,False,0.4797037840075642,0.3907136559071366,False,0.5492033045673678,0.4074900412529926,False,0.48122394073857655,0.3850472523259815,False
pathway|mTORC1-mediated Signalling,pathway,18,0.006712122456541808,-0.5530472909440848,0.7098844860321993,0.6666666666666666,0.32718680458077926,-0.27522378536693826,0.6084278428686738,0.5544554455445545,0.9125203161281519,-0.3356191614286477,0.6314209636969398,0.5548902195608783,1.3235630559552327,-0.326048292304913,0.6278060911102303,0.5507246376811594,1.2093883780968935,-0.3176770862325279,0.6246350529715331,0.5521447855214479,1.213590777987567,-0.3286699459110946,0.6287974134610255,0.5544289114217715,1.2350458877843609,-0.7811424918504409,0.7826406536641792,0.7619047619047619,0.2802673399869327,-0.8966009635908636,0.8150340581437086,0.801980198019802,0.5758487117985527,-0.7775155772886383,0.7815726761529824,0.7624750499001997,1.0015684892785994,-0.8092967851064692,0.7908277724924386,0.7791104447776112,0.9415859152564524,-0.8100218359080524,0.7910361870337173,0.7825217478252174,0.9469611357235386,-0.80632196266954,0.7899713849779505,0.7799444011119777,0.935895770471906,0.85890541374395,0.8856196870410449,False,0.819047619047619,0.8654088050314465,False,0.8139412475709814,0.8904258447885167,False,0.728782048510528,0.8897713512358429,False,0.8192142675550813,0.8735323074743268,False,0.7456337325349301,0.8660565661130569,False,0.8180503611436334,0.8715683248968377,False,0.7467032249640946,0.8653588334983799,False,0.8135155685949081,0.8689850083837551,False,0.7486287407295307,0.868843884842285,False,0.8118271217755209,0.8717676789532346,False,0.7497314627698477,0.8694935730915011,False
pathway|trans-Golgi Network Vesicle Budding,pathway,57,0.027265775169759757,0.6240867491926757,0.2662853078224853,0.3333333333333333,0.3948527223796491,0.3569931771676742,0.36054845674516467,0.26732673267326734,1.094065731536657,0.49708751284508196,0.3095636699848903,0.25948103792415167,0.9897539403949865,0.4568332477328728,0.32389545317891943,0.28235882058970513,0.8779605786021325,0.4084892403499642,0.341457264146669,0.29617038296170384,0.9960635288283449,0.42867799415545754,0.33407878865401686,0.2882942341153177,0.960769573650218,0.9010532724682839,0.18377999792433436,0.14285714285714285,0.7287082799655686,0.9534572414715896,0.17017922537646918,0.12871287128712872,1.492647127259149,0.886942027105907,0.18755505659710692,0.1656686626746507,1.2163506712474468,0.9292548046798051,0.1763785256633975,0.16041979010494753,1.0414085888552187,0.9816260707055576,0.1631420494214032,0.15378462153784622,1.0188717147040822,0.9893620452051315,0.16124301874124497,0.1531169376612468,0.9957515989591792,0.6118463943096799,0.4817484978870262,False,0.6270833333333332,0.4056603773584906,False,0.7046745036122253,0.4454256246810193,False,0.5754865141686583,0.368976897689769,False,0.6655234618891586,0.4514619822633709,False,0.5599277635205779,0.4054168086591045,False,0.6817659538940891,0.43875980350977395,False,0.5841839354295455,0.4038964769583712,False,0.686361133643723,0.430083271330992,False,0.5864952978386372,0.3953075280707224,False,0.6794440228706694,0.4257381459746907,False,0.5823930501255746,0.395526496249736,False
signature|Interferon Gamma Response,signature,177,0.12087884907890489,16.53423659563743,1.039982645568172e-61,0.047619047619047616,0.46238513647042206,15.707965382593917,6.669586945152232e-56,0.009900990099009901,0.5361751706027182,14.425371872174168,1.7916666018845739e-47,0.001996007984031936,0.6693244191411618,14.58487343938146,1.7528575554741132e-48,0.0004997501249375312,0.6850003381572203,14.563624780547693,2.3925868293386438e-48,9.999000099990002e-05,0.6310945831228763,14.662287110795027,5.621069912738257e-49,1.999960000799984e-05,0.6231105848378098,63.02548383124485,0.0,0.047619047619047616,0.29956774516897183,35.67422382203738,4.962785268891749e-279,0.009900990099009901,1.110390066027613,34.83248702461755,3.920609204429425e-266,0.001996007984031936,1.2800460755298884,34.968970349781394,3.3339090676631846e-268,0.0004997501249375312,1.5615610212751032,34.21896510505217,6.315530189863124e-257,9.999000099990002e-05,1.4748937579779349,34.39024440916019,1.7639023677554937e-259,1.999960000799984e-05,1.4588858866698715,1.0434492543867326e-59,0.0,True,0.3412698412698413,0.27044025157232704,False,6.691818901636074e-54,4.979327886454722e-277,True,0.16556655665566555,0.09030903090309031,False,1.797638823890856e-45,3.9336779017775233e-264,True,0.04621526178412406,0.027309018326982393,True,1.7587004139923603e-46,3.345022097888729e-266,True,0.012535398967183076,0.008356932644788716,True,2.400562118769773e-46,6.3365819571626685e-255,True,0.0030096990300969902,0.0021497850214978504,True,5.639806812447385e-47,1.769782042314679e-257,True,0.0006688755113786613,0.0005472617820370865,True
signature|Fatty Acid Metabolism,signature,121,0.0264082982543975,1.789748404182825,0.036747183552266395,0.047619047619047616,0.04192375676172844,1.187594143153638,0.11749667320630813,0.1188118811881188,0.5703606094280983,1.1773139738493827,0.11953510574503673,0.12375249500998003,0.7192242391981676,1.256550577128124,0.10445821033448688,0.11294352823588207,0.7741190886177949,1.2719869113211784,0.10168888487972966,0.11048895110488952,0.7225211353878465,1.2590278489512732,0.10401013654580593,0.1118177636447271,0.7638512975432232,4.321046352946805,7.764552223536302e-06,0.047619047619047616,0.38570724573237786,3.0957355705996026,0.0009816267797429297,0.019801980198019802,0.7183900155219315,2.673007365452678,0.003758729994969473,0.017964071856287425,0.8414479860746723,2.682203472587689,0.003656947986722554,0.014992503748125937,0.8597792262974844,2.606400054256321,0.004574976152789897,0.0165983401659834,0.9055955264568081,2.591886918705266,0.004772557021989139,0.017839643207135856,0.9321963794404811,0.20707101960686866,0.00010623319178565575,False,0.3412698412698413,0.27044025157232704,False,0.38028493156020154,0.008690284138312406,False,0.4110617958347559,0.1453755131610722,False,0.39647723151501996,0.029876846757050355,False,0.40933517580224166,0.1422943586511188,False,0.37430858703191133,0.030576148444541353,False,0.3988005997001499,0.12535398967183076,False,0.36186264455545575,0.03546530585692723,False,0.38537985281931575,0.1281051382041283,False,0.35953844966639675,0.03683435034919823,False,0.3893982794501413,0.1384572308553829,False
signature|Glycolysis,signature,134,0.019363991635860844,0.5428632561102007,0.29361197818318796,0.2857142857142857,0.6858491396930684,0.7936529704183832,0.21369874302178343,0.18811881188118812,1.1356817954749228,0.6712537036132654,0.2510294610798418,0.22554890219560877,0.7833175269158409,0.6931593619637255,0.24410477391017493,0.21689155422288856,0.7903379260422966,0.732060594539848,0.23206579200018845,0.21257874212578742,0.7383308620856982,0.7257925551220291,0.23398297579751132,0.21601567968640628,0.7338143706947429,1.5059642568670475,0.06603817476201801,0.14285714285714285,0.812114524046105,1.6671560498255242,0.04774168968658061,0.0891089108910891,0.7479437106071404,1.569246498102728,0.05829525674060446,0.08982035928143713,0.8450221436567705,1.566871609664281,0.05857235244603088,0.0814592703648176,0.80375594889019,1.5895107500977195,0.055972564491993095,0.0720927907209279,0.7680331549381131,1.5755397785128709,0.05756595208946951,0.07331853362932741,0.8912005073718883,0.6223746861488703,0.24846863254209275,False,0.5890410958904109,0.4056603773584906,False,0.5387893948882223,0.2082644724008806,False,0.4966996699669967,0.3483348334833483,False,0.5857603525834961,0.24705649044556227,False,0.5388112663561765,0.332206175883527,False,0.5942705723970297,0.2448649734202124,False,0.5351176870581102,0.32624596792512833,False,0.5815871120280931,0.23729213960690032,False,0.5202479752024798,0.3022239442722394,False,0.5820568240913297,0.2406576608184767,False,0.5246519263163124,0.3099825674719382,False
signature|UV Response Up,signature,110,0.028565296324793037,1.5506844594763272,0.06048866026764323,0.09523809523809523,0.22627061194391015,1.60453425292034,0.05429817026820367,0.0891089108910891,0.5562279362197382,1.5353875498039662,0.06234433005201985,0.07784431137724551,0.739039013258383,1.5368906324393843,0.06216004692482626,0.07296351824087956,0.7205333700303267,1.4756924974555552,0.07001323047666305,0.08249175082491751,0.8162615211849301,1.4816774408810227,0.06921307121587693,0.08335833283334333,0.7994218143467906,2.2220201727900535,0.013140971170189723,0.09523809523809523,1.1307339750373082,3.068342850829294,0.0010762475366620599,0.019801980198019802,1.2851623447020095,3.414573560914255,0.0003194097047912221,0.005988023952095809,1.0328936082103732,3.6646926367269965,0.00012381789739723063,0.0024987506246876563,0.930452409431115,3.6910553157595425,0.00011166277958776257,0.003999600039996,1.011265994308809,3.709190894495132,0.00010396131248905494,0.0038199236015279696,1.0250183549736571,0.28010902677785554,0.07463079853258692,False,0.44791666666666663,0.3412698412698413,False,0.23291658581680924,0.00899862523709111,False,0.36245651592186245,0.1453755131610722,False,0.26808061922368537,0.0032047440380719287,False,0.33958170615291156,0.06215155895106339,False,0.2829125308328135,0.0013310423970202294,False,0.34315654672663665,0.03008495752123938,False,0.30697556493122724,0.00124483320947839,False,0.36913073398542495,0.04255091732206089,False,0.30636962405851403,0.0011589761133039087,False,0.37393615764048355,0.0396481725537903,False
signature|Pperoxisome,signature,73,0.017036186905308316,0.003147813944390609,0.49874420600063357,0.42857142857142855,0.6483364083245813,0.1617791241577012,0.4357398964880571,0.43564356435643564,0.45154826815478954,0.19214202844449577,0.4238154771318309,0.37524950099800397,0.7660055598150707,0.18062728535783354,0.428330068763913,0.3758120939530235,0.7964711927723669,0.1930511229788139,0.423459465358995,0.3678632136786321,0.8435955659689143,0.18972841341066665,0.42476097725677325,0.3652326953460931,0.914621171281244,0.1566175702870313,0.43777312717594313,0.42857142857142855,0.8272649232770948,0.20834273254116376,0.41748068393964255,0.31683168316831684,1.3026309055913294,0.22376160552683308,0.4114714033985257,0.35129740518962077,0.8283502462746407,0.25128045869229193,0.400798641139088,0.3548225887056472,0.8161926451081224,0.24558808500073329,0.4030005567999623,0.35126487351264873,0.8885133472905223,0.25508973755559294,0.3993268951399445,0.34263314733705325,0.9257743846200187,0.7769831719881818,0.6834107023928675,False,0.6861702127659575,0.6323529411764706,False,0.7372791234300178,0.6756004616442602,False,0.6690240452616689,0.5357659361441762,False,0.7464790192730504,0.6756970320110981,False,0.6520028125567048,0.5684974137746013,False,0.7409617856203322,0.6628592911146456,False,0.6501117257463223,0.5773059416237827,False,0.7367705148731647,0.6701832463910974,False,0.6437606239376062,0.5765102634121615,False,0.740959358614838,0.6651747477227647,False,0.6428949783577429,0.563565996439634,False
regulon|ARNTL mouse,regulon,8,0.010092008034177757,-0.16367663246039207,0.5650071429839265,0.47619047619047616,1.6914520774953805,0.014686788266936984,0.49414102982945846,0.38613861386138615,2.001747810341871,-0.019152070674384045,0.507640103679082,0.4291417165668663,1.240257711753964,-0.008609485058196009,0.503434645170979,0.44177911044477763,0.9852855587678961,-0.03692444100946138,0.5147273740373418,0.44785521447855214,0.9637119653225793,-0.030853622137828836,0.5123068617653684,0.44639107217855645,0.9830639614469712,-0.04290326579379485,0.517110677288774,0.47619047619047616,0.8668660130034019,0.16652385049885363,0.43387235761016113,0.33663366336633666,1.134779167616038,0.1969076401965396,0.42194990736009585,0.36127744510978044,0.8621262026135168,0.1719741807095399,0.43172891368605293,0.36481759120439783,1.0814932421637307,0.17408130049335377,0.4309007844284437,0.3581641835816418,1.246870776547813,0.189334957797714,0.42491514921502943,0.3520729585408292,1.1607982225270388,0.8226847887485862,0.7411919707805761,False,0.7095709570957096,0.6697819314641744,False,0.7681692592938163,0.6835362434314765,False,0.6493168869959621,0.5447673799638029,False,0.7783043823185615,0.6791814016865715,False,0.6794369376430385,0.5784282498832123,False,0.7692072497282472,0.6874939743423151,False,0.6795308813255063,0.5840962497474668,False,0.7824617109511466,0.686249397423077,False,0.6762883117628832,0.5765102634121615,False,0.7788099262190702,0.6814661927522517,False,0.677623873265109,0.5748985020299594,False
regulon|ATF5 human,regulon,6,0.06216262045725959,0.6401160178184475,0.261048588078295,0.23809523809523808,0.7100249007660541,0.7444850035847628,0.22829155521282674,0.2376237623762376,0.5156502435018411,0.6963308796844322,0.24311081945380236,0.21956087824351297,0.6614311252043846,0.5982477301998601,0.27483732391173143,0.2433783108445777,0.9689438301941312,0.6813907916128619,0.24781212398032787,0.21437856214378562,0.9864628013342588,0.6913221916689092,0.24468154446219137,0.21613567728645428,0.9603330216083112,0.6695307884244388,0.251578473755177,0.23809523809523808,1.2252535699937588,1.0973030127740755,0.136254477163674,0.13861386138613863,0.9267068310337884,1.2795424873194419,0.10035304394256228,0.09181636726546906,1.2104700885582764,1.211302955073209,0.1128896583094347,0.10944527736131934,1.1636656306729471,1.241986121928765,0.10712084125681992,0.10638936106389361,1.196354139287647,1.2129432393612722,0.1125757612267062,0.10869782604347913,1.2184645621642978,0.6044278847043599,0.5332754971852696,False,0.5643044619422573,0.48423423423423423,False,0.5632439190086955,0.39317801857833906,False,0.5501904036557501,0.3792979297929793,False,0.5857603525834961,0.3319369915023214,False,0.5329663254136888,0.332206175883527,False,0.6412870891273734,0.35768197001199836,False,0.5553275993582156,0.3606959960879775,False,0.591995629508561,0.3402420327155715,False,0.5202479752024798,0.34931719593998045,False,0.5910646797135429,0.35668741188672176,False,0.5246519263163124,0.35180694235577653,False
regulon|ATF6 human,regulon,10,0.10493879273955255,2.2673209289648013,0.011685313930955414,0.09523809523809523,1.6043092293580103,1.934035083630127,0.02655440721363504,0.07920792079207921,1.144704301589103,2.0222375232728824,0.02157590976173576,0.05588822355289421,1.4036442981691688,2.083289407357839,0.01861242584398448,0.044977511244377814,1.3482923435785958,2.134261523376058,0.016410689506573806,0.0395960403959604,1.1769352012494025,2.1301580078828906,0.016579285289894,0.03877922441551169,1.1943497362933344,1.498934283624677,0.0669453406489458,0.09523809523809523,0.23664227541346397,1.8012196943346155,0.03583412970413705,0.04950495049504951,1.0150938886889458,1.7593417287893551,0.039259741461060364,0.05389221556886228,1.0952402778651595,1.9566687979098796,0.02519321031122934,0.04297851074462768,1.1841887932979351,1.924779852107889,0.027128452813925303,0.046795320467953205,1.2759948576165974,1.933546350932192,0.026584464464793064,0.04795904081918362,1.2717310303407852,0.08827817051349697,0.2487721917942307,False,0.44791666666666663,0.3412698412698413,False,0.15678698348529152,0.17140196917180148,False,0.3558445396778484,0.24834983498349836,False,0.16424319738347376,0.1911840714355211,False,0.3174029299890785,0.27494164213944994,False,0.1514145994334954,0.1404288204385191,False,0.3148425787106447,0.23956540248394317,False,0.13815868828118663,0.14846662358166393,False,0.30560020920984826,0.2515248475152485,False,0.13862124645161372,0.14548952370732204,False,0.2992960653607441,0.25777984440311197,False
regulon|ATM human,regulon,17,0.009366641581462935,-0.5960077062476,0.7244149606958872,0.7142857142857143,0.7256354534759958,-0.3266323740358222,0.6280270227587118,0.5544554455445545,1.0559268523273224,-0.27371879956186046,0.6078496353230848,0.5209580838323353,1.131639183319835,-0.23726592656708084,0.5937747529537056,0.5162418790604698,1.2737494644715959,-0.25479113818560056,0.6005577899279868,0.5233476652334766,1.2390060662072044,-0.2591415328439814,0.6022369797840003,0.5230295394092118,1.2186515365877235,0.09019466763213022,0.46406626083538965,0.38095238095238093,0.9321519027933207,0.35591108717709,0.3609535762063426,0.27722772277227725,0.9272249603374866,0.31510008822637536,0.376342830766467,0.31137724550898205,1.1794915441641654,0.30886452651332413,0.37871229102386234,0.31634182908545727,1.0912017256929256,0.29593326752927207,0.3836405222565986,0.30656934306569344,1.4380915987443703,0.3042204005242344,0.38047999179802694,0.2990740185196296,1.4647502846874818,0.865273425275643,0.709918070665231,False,0.8365758754863813,0.6035087719298246,False,0.8147339727908509,0.6244081979201673,False,0.728782048510528,0.5026840033400931,False,0.8095696470453474,0.6436317730721963,False,0.7248164222014687,0.5355688622754491,False,0.8070879745281859,0.6425311427045186,False,0.7188502522932083,0.5468481228998759,False,0.8106183621897939,0.6484383740773293,False,0.7219154796849082,0.5270393415203933,False,0.8092559415847503,0.6464983200670135,False,0.7221646392760218,0.5219200818295774,False
regulon|CUX1 mouse,regulon,8,0.04504516519079628,0.6132365797469788,0.2698599604647624,0.2857142857142857,1.0849766192594348,0.46775992816070633,0.3199781398962479,0.297029702970297,1.1767991969047815,0.6271130279648262,0.265292573934715,0.2315369261477046,1.092559071323679,0.5421895942680071,0.29384395147873343,0.24437781109445278,1.113916749367192,0.5273305897052751,0.2989820176087056,0.24527547245275472,1.1379360572185258,0.5511665795303169,0.29075974391690307,0.24237515249695007,1.1238033131540026,0.5742398992644543,0.2829027364817609,0.23809523809523808,1.0656959201247918,1.1066358834175307,0.13422569324488698,0.12871287128712872,1.3506690053819752,1.0376069214412837,0.14972654712358113,0.15169660678642716,0.9979593259981558,1.0203996352060125,0.15376948341082464,0.14442778610694654,1.2026409707939167,1.0474629420953956,0.14744305757014498,0.13908609139086092,1.22076611662693,1.0625113812773666,0.14400179698216153,0.13339733205335894,1.2073975921980244,0.614555948604211,0.5627128088361895,False,0.5890410958904109,0.48423423423423423,False,0.6678183903053092,0.39225178317195125,False,0.6040941932031041,0.368976897689769,False,0.6119303237399429,0.42516689324715023,False,0.5444735528942116,0.4022294394262323,False,0.6601117657324241,0.4206350079400589,False,0.5553275993582156,0.39352198900549723,False,0.6521274442044955,0.416636271802105,False,0.5534252544894764,0.3907136559071366,False,0.6532123421663626,0.4074900412529926,False,0.5526887947089544,0.3850472523259815,False
regulon|ESR2 human,regulon,12,0.011317144231876202,-0.3660425524502383,0.6428333382869175,0.47619047619047616,0.9114432801535705,-0.30362176327077856,0.619291965416024,0.49504950495049505,0.80247867939202,-0.24278410977224402,0.5959136770482915,0.5289421157684631,0.7784213391079761,-0.19887757325345665,0.5788207434836412,0.5097451274362819,1.0083784185604299,-0.16092506662268402,0.5639237903516482,0.48465153484651535,1.1062759854083881,-0.1668060767595826,0.5662386814408954,0.48249035019299613,1.1655737600292224,0.9017179408625972,0.183603360051876,0.23809523809523808,0.28416711154291663,0.6332900954418323,0.2632721100221188,0.25742574257425743,0.5093083503150424,0.38602841684553085,0.3497378116470341,0.2754491017964072,1.5948745430601077,0.40131135589036326,0.3440954519476235,0.2688655672163918,1.32077661308841,0.39313570814746956,0.34710962586659067,0.27957204279572045,1.2914075710509854,0.39435509887270787,0.34665944460711673,0.2781744365112698,1.3198875910177845,0.8433764760130542,0.4817484978870262,False,0.7095709570957096,0.48423423423423423,False,0.8147339727908509,0.5437196411819093,False,0.7198545941550677,0.5026840033400931,False,0.8095696470453474,0.6266135792009361,False,0.7269935015813123,0.5280903161829208,False,0.8070879745281859,0.6177567670259003,False,0.7188502522932083,0.5122059223552781,False,0.8044600042457161,0.6153546615355772,False,0.6985368129853681,0.5226781669659122,False,0.8061829751268373,0.6174230344777641,False,0.7028926088144903,0.5219200818295774,False
regulon|FOSL1 mouse,regulon,5,0.10452506196491003,1.8757295223287953,0.030346214950169502,0.09523809523809523,2.4399402895841873,1.4334030879742772,0.07587133821854125,0.09900990099009901,1.086159634402781,1.4785660970167043,0.0696281597132532,0.07584830339321358,0.8839436648045269,1.3233742638309058,0.09285547303038261,0.10044977511244378,0.9416436565596984,1.3000216367336264,0.09679677678117898,0.10438956104389562,0.9466324126448769,1.2785166308695746,0.10053366230161359,0.10839783204335914,0.903005490031358,0.8061489831258364,0.21007847541656344,0.14285714285714285,1.2753010062748422,1.0157864074459502,0.15486555507785754,0.09900990099009901,2.0503805438188003,0.9030305971187577,0.18325482812701732,0.1317365269461078,1.75720558266307,1.0622090105049773,0.1440704050998829,0.11894052973513243,1.654916700879148,0.9841307298010127,0.16252561965210732,0.13158684131586842,1.6972417318615838,0.9754437770067239,0.16467008878487444,0.13131737365252694,1.793542164999125,0.17910217058825528,0.4940329328163872,False,0.44791666666666663,0.4056603773584906,False,0.28907940257950526,0.4150793360996459,False,0.3772402556711368,0.3576237623762376,False,0.27944101431585616,0.44845287208318874,False,0.33574028413760715,0.3833666001330672,False,0.35146407211083,0.4130018279529976,False,0.38170289855072465,0.37218504149986864,False,0.3597016026066034,0.430083271330992,False,0.3831860716367388,0.3907136559071366,False,0.35953844966639675,0.4310060584717148,False,0.38456407342441384,0.3850472523259815,False
regulon|HIC1 human,regulon,6,-0.0035993765626521975,-0.36639859206348135,0.642966164911899,0.6190476190476191,0.044434370918895016,-0.25111120206791576,0.5991359323302579,0.5247524752475248,0.9566065905822507,-0.2709856719534623,0.6067989738858948,0.5508982035928144,1.0065658523279941,-0.27644389689963533,0.6088964275378546,0.5582208895552224,0.8860574826132195,-0.2937478868063257,0.6155247203478467,0.5625437456254374,0.8726330406156595,-0.30231931475870233,0.6187956721214767,0.5655886882262354,0.8903450340861888,-0.1332897219064541,0.5530178720988963,0.6190476190476191,-0.05752402121552784,0.05460910865433929,0.4782249409661952,0.44554455445544555,1.2027440236717353,-0.07913593961978924,0.5315377512716967,0.46506986027944114,1.2821979061253852,-0.049107194192738776,0.5195830649051304,0.46276861569215394,1.3324123662046343,-0.044462416495063085,0.5177320951873171,0.44365563443655637,1.2748682977222403,-0.044125355454217516,0.5175977591325401,0.44315113697726044,1.302433126427623,0.8433764760130542,0.7651737150377538,False,0.7962962962962964,0.7862165963431786,False,0.805088909068784,0.7039056099014361,False,0.728782048510528,0.647869134739561,False,0.8095696470453474,0.74763020155505,False,0.7456337325349301,0.6666001330671989,False,0.8070879745281859,0.7354719334583124,False,0.7467755011383198,0.6601580726224565,False,0.8134809355076817,0.7316308011801993,False,0.7497613070551352,0.6389490237579113,False,0.8118271217755209,0.7375451587195578,False,0.7546860516534162,0.6382224508619875,False
regulon|HSF1 human,regulon,23,0.0240526514247769,0.9929639721980236,0.16036375609045356,0.19047619047619047,1.1268547748417068,0.646180157577294,0.2590813441690105,0.21782178217821782,1.1467381002710964,0.4888601227635057,0.31247036464841516,0.2634730538922156,1.1722037112994022,0.42515325162490814,0.33536248021815696,0.27936031984008,1.164609564908328,0.45209758019751767,0.3255993434216098,0.2693730626937306,1.21070490373075,0.45000385049895414,0.3263538320804308,0.2686146277074459,1.2238241363026388,1.890500008274775,0.02934555973698132,0.09523809523809523,0.6374563905248093,1.4286642862770569,0.07655037365585192,0.09900990099009901,0.5604345151136354,1.4753131317344441,0.07006418878929375,0.08582834331337326,1.4543389940965088,1.455953785287091,0.07270269783113172,0.08245877061469266,1.4605298943664766,1.3820979523310657,0.08347081356961045,0.0856914308569143,1.5135344200854248,1.4186168122249512,0.078005380848032,0.0863782724345513,1.3596263545991227,0.4597094341259669,0.13801583563799028,False,0.5259938837920489,0.3412698412698413,False,0.5952937755333753,0.28439801385406377,False,0.5245148514851485,0.3576237623762376,False,0.6655234618891586,0.26695342817186607,False,0.5599277635205779,0.3312093761195558,False,0.6904629236952223,0.277006481609755,False,0.5841839354295455,0.32624596792512833,False,0.6801919800625841,0.30639896200552125,False,0.5769657076845507,0.32467128287171276,False,0.6794440228706694,0.294760059494028,False,0.5815203695926081,0.32507349853002937,False
regulon|IRF9 human,regulon,6,0.005254660446724646,-0.0865722755252224,0.5344942479673414,0.38095238095238093,0.9692726905249031,-0.12725996340984366,0.5506326764122104,0.48514851485148514,1.3065802836139262,-0.0963578629068607,0.5383818215629066,0.45708582834331335,1.2348361208348537,-0.1466799528541344,0.5583076786289316,0.48375812093953025,1.0409970681356753,-0.14059456104505966,0.5559048773925894,0.48735126487351266,1.0485862291308528,-0.14658208654312493,0.5582690530967842,0.4903901921961561,0.9889142488552912,0.10090998969419107,0.4598109564804837,0.3333333333333333,0.8082092171123134,0.11209159921315738,0.4553753891522564,0.33663366336633666,1.3731560937483516,0.030847075969820434,0.48769574853536,0.4251497005988024,1.618182373632169,0.08955384533380593,0.46432088152642514,0.38830584707646176,1.8337143500002413,0.10625371831507605,0.45769052553873313,0.3748625137486251,1.553895148286742,0.10042182302069194,0.4600047225368196,0.377992440151197,1.4536413084590127,0.8087634568000446,0.7097594764134646,False,0.647834274952919,0.5733333333333333,False,0.7990785739730849,0.6923651134437798,False,0.7158318773053776,0.5447673799638029,False,0.7876427649670804,0.7243780238612235,False,0.6913710267906398,0.6302493053109468,False,0.8013975556371731,0.7016597614753792,False,0.7017424302202966,0.5932997968021065,False,0.8044585004575453,0.6924217532752452,False,0.6985368129853681,0.5899624323281958,False,0.8040373434829536,0.6920949421271807,False,0.7028926088144903,0.5925818983620328,False
regulon|KAT2B human,regulon,9,0.039882883012895665,0.14056020464967708,0.4441086940618784,0.3333333333333333,0.7986320289625725,0.4840951633794767,0.31415916682992384,0.26732673267326734,0.746631548454992,0.4727963108244699,0.3181792531706709,0.26147704590818366,1.0787409320325523,0.3810590231688301,0.35157972617068056,0.2933533233383308,1.1613320051162859,0.38667038072971316,0.349500123247512,0.2882711728827117,1.1524364261781217,0.38213729930903284,0.35117976329760753,0.2868742625147497,1.1937863181750001,0.4594086266656976,0.3229703772564052,0.2857142857142857,0.8332201513088322,0.7826226759662173,0.2169243607017679,0.22772277227722773,0.8958199868115412,1.1209300258236026,0.13115882443123011,0.12974051896207583,1.134069695621855,1.0916054875693615,0.1375032715406438,0.12893553223388307,1.2757186742452475,1.0438527589857218,0.14827675881639707,0.13558644135586442,1.1997399562582227,1.0614366337324521,0.14424575792634992,0.12895742085158296,1.3501593820339661,0.7553311551645635,0.5964054205777789,False,0.6270833333333332,0.5308641975308642,False,0.6678183903053092,0.4731466128350155,False,0.5754865141686583,0.4827081299679264,False,0.6655234618891586,0.3947880615380026,False,0.5599277635205779,0.3833666001330672,False,0.6936170161145064,0.40586225783549734,False,0.5886623354989171,0.38809595202398806,False,0.6910749131659165,0.416636271802105,False,0.5858880778588808,0.3907136559071366,False,0.6984001848340382,0.4074900412529926,False,0.5823930501255746,0.3850472523259815,False
regulon|NFKBIA human,regulon,13,-0.01119503536946795,-0.609159185565204,0.728790534735151,0.8095238095238095,-0.27686739446868947,-0.6738381680736234,0.7497928969749049,0.7425742574257426,0.9065492415117726,-0.7583188649557747,0.7758699418099299,0.7764471057884231,1.2848350528542871,-0.8005677272718085,0.7883090298596536,0.7936031984007996,1.2190035473156218,-0.803844814133481,0.7892566976528461,0.7867213278672133,1.1830639079690581,-0.8013581087933166,0.7885378202885616,0.7886242275154497,1.191376695816546,-0.44130637727669025,0.6705043950464447,0.7142857142857143,1.1627311063077794,-0.4747363948964257,0.6825125632648176,0.6435643564356436,2.0447361884609383,-0.5415032619156372,0.7059196250265116,0.6686626746506986,1.1210838599018194,-0.46415705397445195,0.6787323862141631,0.6466766616691654,1.9982401752493246,-0.475867821945258,0.6829157260316772,0.6458354164583542,1.7885245025228107,-0.5061867116328562,0.6936372086747635,0.6594668106637868,1.6007815033321073,0.8660463412106251,0.8444427736777399,False,0.8925518925518926,0.8431372549019608,False,0.8713809343221868,0.8325854529050102,False,0.8663366336633663,0.797172309823575,False,0.8699559538447542,0.8418792166370331,False,0.8700450949951948,0.809043268045582,False,0.8762344418773178,0.8326345533788367,False,0.8846280830703782,0.7860908255549645,False,0.8798750592352099,0.8319319726394951,False,0.8770485914371526,0.7839780538075226,False,0.8790736440994705,0.8399659275399071,False,0.8791699721561125,0.7971867871879511,False
regulon|NFYC human,regulon,8,-0.011803725857651564,-0.5028876041263499,0.6924783516032695,0.6190476190476191,0.26170098701409733,-0.5930200202620962,0.723416122990494,0.6534653465346535,0.5181685774302868,-0.5575760400196358,0.7114330392883688,0.6606786427145709,1.1471393888373478,-0.5648005445507331,0.7138952816943823,0.671664167916042,1.0622400707550883,-0.5625144165171605,0.713117207962295,0.674932506749325,1.0799014157320592,-0.5506834266421587,0.7090746461168647,0.6699666006679866,1.0941417098059552,-0.052397867909472845,0.52089416352648,0.5238095238095238,0.1909474103045298,-0.1802847651551199,0.5715354923233431,0.5247524752475248,1.4759300135312787,-0.23562071964336834,0.5931365029368186,0.5249500998003992,1.5392296508631333,-0.2527057800919347,0.5997522095178048,0.5322338830584707,1.1875900258324188,-0.2703834828954598,0.6065673771091169,0.543045695430457,1.2809484659715695,-0.2762598829457956,0.6088257669562605,0.5452890942181157,1.3267434711295119,0.8514817271372884,0.7430765081586278,False,0.7962962962962964,0.7134238310708899,False,0.8664448337811499,0.7804695781032555,False,0.8161538145515796,0.7114887164392115,False,0.865186054210691,0.7939287514086288,False,0.8208439088900389,0.7085649329144402,False,0.8634996919835333,0.7952661456601728,False,0.8200577130789444,0.7151892803598201,False,0.8624877374269655,0.7976940459895309,False,0.8232062169277145,0.7291919930813937,False,0.8656094339404021,0.8017598427763014,False,0.8227168789957534,0.7254617903236649,False
regulon|NR3C2 mouse,regulon,5,0.04612827548137801,0.7987766792767512,0.21220995764230682,0.23809523809523808,0.22766035233325763,0.37959036878102087,0.352124755621198,0.31683168316831684,0.840992151305591,0.34137563213768657,0.3664104086202459,0.2954091816367265,0.839928258941551,0.3159813604530571,0.3760083280371682,0.33033483258370816,0.7893474263254021,0.30155630234275677,0.3814951618409045,0.33736626337366266,0.7445822659763052,0.31381717297050177,0.37682995032874755,0.3285334293314134,0.780330108761273,0.8851335674698927,0.18804229848061688,0.23809523809523808,0.748744104889418,1.016470381482296,0.15470272243071226,0.1485148514851485,0.957695823150785,0.9261681853663749,0.17717929168786428,0.1536926147704591,1.0627150549844853,0.8876651463952392,0.18736044965645948,0.16941529235382308,0.9169572465714122,0.8715130980989673,0.19173702864197634,0.16528347165283472,1.055905685030965,0.8533652572673811,0.19672839092239647,0.17069658606827864,1.0615681387700928,0.5427199653800293,0.4845156477948873,False,0.5643044619422573,0.48423423423423423,False,0.6972996805393461,0.4150793360996459,False,0.6113226707286114,0.3921313183949974,False,0.6936448616018491,0.44812726022170796,False,0.5811644684487234,0.4022294394262323,False,0.7075300500414559,0.4475832964015421,False,0.6203909879379836,0.4038964769583712,False,0.7132300851808215,0.4508816064158975,False,0.6229892348188495,0.398002599740026,False,0.7089113440559562,0.4566070993620909,False,0.6162337622812762,0.40777517782977674,False
regulon|POU2AF1 mouse,regulon,9,0.038251719142917966,0.770750917314336,0.22042729260281574,0.2857142857142857,0.23776206044531845,0.4058305178520488,0.34243356682539916,0.31683168316831684,0.7645003629103747,0.49092920423380426,0.31173826034545776,0.2714570858283433,0.99969347836433,0.5376996744624912,0.2953922020170435,0.2478760619690155,0.9790175854484893,0.5454475763119038,0.2927228632714459,0.24637536246375363,1.0935326643767431,0.5321551486904919,0.29730927201591917,0.250194996100078,1.0900646953017437,0.639780838388435,0.26115754585844586,0.23809523809523808,0.9665553618588856,0.7633194668783866,0.22263644758123163,0.1782178217821782,1.4908052959548352,0.988631934698534,0.16142162788158143,0.1596806387225549,1.0156031573221769,0.9583973149451277,0.1689312243370646,0.1549225387306347,1.1192107830429767,0.9504426733278877,0.17094368478886374,0.16008399160083991,1.0589081132753044,0.9505251223613987,0.17092274749480468,0.15463690726185475,1.159103377797528,0.5518798806679286,0.5421270434716704,False,0.5890410958904109,0.48423423423423423,False,0.6917617692244641,0.48211201958237926,False,0.6113226707286114,0.42914851485148514,False,0.6655234618891586,0.42998150435713284,False,0.5599277635205779,0.4038153201793135,False,0.6601117657324241,0.4361206288090864,False,0.556796228751296,0.40199727722345724,False,0.6521274442044955,0.43484643824517777,False,0.5534252544894764,0.398002599740026,False,0.6532123421663626,0.4360991191241866,False,0.5620051778068916,0.395526496249736,False
regulon|PPARA human,regulon,24,0.024994494099509976,0.9458116177999678,0.1721223394287299,0.19047619047619047,0.36169380727922706,0.4567504859702894,0.3239251992843028,0.27722772277227725,0.741876258674367,0.6165187550188481,0.26877609876683717,0.2275449101796407,1.1472555087993626,0.5658056031773169,0.28576296853336214,0.24087956021989004,1.175810082702711,0.5758607147672454,0.2823546655785052,0.23207679232076792,1.2764988644375892,0.5869539063586577,0.27861733206740724,0.23463530729385412,1.1942541657440016,2.2717015430773437,0.011552271466053319,0.047619047619047616,0.06033174672512157,1.6704358609168892,0.047416579746565504,0.06930693069306931,0.8408485442144727,1.630486989098467,0.051499306421375755,0.07584830339321358,1.2082971062250984,1.6778001961379794,0.046693055530289414,0.06696651674162919,1.2787495160406872,1.704361320837306,0.044156802680671174,0.062193780621937804,1.3896529507175786,1.6747773925608698,0.046988958060827146,0.0634387312253755,1.4596597874905823,0.4753103134683275,0.0697094935152418,False,0.5259938837920489,0.27044025157232704,False,0.6678183903053092,0.2082644724008806,False,0.5754865141686583,0.3113639722181174,False,0.6128909524910454,0.22586959740388926,False,0.5392993540478099,0.31708804612996233,False,0.6566004086148244,0.21294863203965325,False,0.5553275993582156,0.2943093670556026,False,0.6487046329817894,0.20447996318280037,False,0.5415125154151251,0.2925051244875512,False,0.6451062842483813,0.21429812691377229,False,0.542478463407831,0.2916496893942718,False
regulon|REL human,regulon,14,0.04887333229379533,1.0839468256585167,0.13919418808259199,0.19047619047619047,0.47229464781201164,1.1394823539780614,0.12725101207913686,0.13861386138613863,1.4653406666127675,1.0250281385429878,0.15267495540756454,0.1497005988023952,1.4106175568743249,1.080022748765363,0.1400660250587899,0.13143428285857073,1.392303484081542,1.1027503551609381,0.13506779629026971,0.13388661133886612,1.256298883771103,1.1159504442420887,0.13222167372416976,0.13073738525229495,1.2316795973539454,1.09337414825625,0.13711477962673546,0.14285714285714285,2.3023682613841396,1.3980210979793315,0.08105336584208289,0.0891089108910891,1.9072452416372085,1.4433065503552243,0.07446706768699454,0.08582834331337326,1.5362482151641608,1.3589152258972255,0.08708672673894624,0.095952023988006,1.7151741165600476,1.25417224452788,0.10488970295120492,0.10008999100089991,1.864284228028587,1.262839114597009,0.10332350226744491,0.09785804283914322,1.9458538718580503,0.4279271283256199,0.40069464725871234,False,0.5259938837920489,0.4056603773584906,False,0.40198512244897516,0.29044122760079705,False,0.4391870766023971,0.3483348334833483,False,0.45054079978114636,0.27672330091093034,False,0.44330755963800555,0.3312093761195558,False,0.4346378715741831,0.3092078655367583,False,0.40369101163703863,0.33978304965164474,False,0.4106606735694059,0.3402420327155715,False,0.4075132486751325,0.34931719593998045,False,0.41174931866641923,0.3380475454619665,False,0.4038847794472682,0.3465325987597895,False
regulon|SMAD7 mouse,regulon,6,-0.04207480526602518,-0.8596105791048664,0.8049981292716109,0.8571428571428571,0.9848595686814546,-0.9783248437724761,0.836043156858805,0.8811881188118812,0.8635214031502807,-0.934793854852499,0.8250527264434524,0.8682634730538922,0.9868671728713053,-0.9080692381033053,0.8180791790793642,0.8430784607696152,1.1149242509862582,-0.9275758273455731,0.8231861792729019,0.8426157384261573,1.0546427592329968,-0.9365609576596675,0.8255077785802218,0.8427031459370813,1.0263104272492438,-1.1197068525316902,0.868580648022383,0.8571428571428571,0.7870108835318657,-0.7214569550834876,0.7646857923500093,0.7425742574257426,1.160979223490204,-0.7504818313782334,0.773517718867458,0.7485029940119761,1.028577009397058,-0.6998402366614455,0.757986458256639,0.7546226886556722,1.3065571329095702,-0.7146172507670189,0.7625772088731295,0.7652234776522348,1.3679219991243607,-0.7225958597590137,0.7650358936856536,0.7656046879062419,1.3721097444171648,0.8843227624480104,0.9173430703674993,False,0.9148936170212765,0.9148936170212765,False,0.8840371243964666,0.8767206047093294,False,0.9209639713971397,0.8531101201723226,False,0.890110647525015,0.8735323074743268,False,0.922058660456864,0.8599213786168122,False,0.882587214705694,0.8642194088456377,False,0.9062959623391151,0.8569142395094587,False,0.8881722267760442,0.8625332151805986,False,0.9090585565099404,0.8604594764404158,False,0.889958452390461,0.8659646621070146,False,0.9088943221135577,0.8598769069394733,False
regulon|SOX4 mouse,regulon,5,-0.03320602114924611,-0.6706836890507715,0.7487889720761665,0.7142857142857143,0.6786431356169311,-0.635793442883489,0.7375444690694443,0.7029702970297029,0.6441643624839994,-0.6916454172815465,0.7554199837902704,0.7345309381237525,0.5241402689513112,-0.7327744478423647,0.7681519958069138,0.7651174412793603,0.7993095200604309,-0.7306850562380689,0.7675142273027011,0.7548245175482452,0.7734622667103057,-0.7319076014133867,0.7678875168749049,0.7584648307033859,0.751630824849052,-0.8074914581496896,0.7903083031030154,0.7619047619047619,-0.07708518726149732,-0.8338212197966831,0.7978091320624003,0.7722772277227723,0.2165826362684441,-0.5915568763246128,0.7229263209124077,0.6926147704590818,0.562828165070569,-0.5432775621676911,0.706530644661612,0.6841579210394803,0.7422404763873872,-0.5571461399529748,0.711286207365946,0.6866313368663134,0.8544385688814867,-0.5672320889227112,0.7147217453499994,0.6917861642767145,0.8517160681442979,0.8660463412106251,0.8909468136105154,False,0.8365758754863813,0.8654088050314465,False,0.8713809343221868,0.8873394496157576,False,0.8330474779761441,0.8706196462342863,False,0.865186054210691,0.8500032132602918,False,0.8429452881309625,0.8199131149465775,False,0.8758096618859131,0.8373544402065686,False,0.8632586691728763,0.8107540717830062,False,0.8770600977450385,0.8427970200593151,False,0.8605928880796131,0.8136851669163793,False,0.8765715901268952,0.8436519425503914,False,0.8607296275127129,0.8197938403436655,False
regulon|TCF4 mouse,regulon,13,-0.02355591092927522,-1.2085551676994093,0.8865831054505293,0.9523809523809523,0.6200134205439106,-1.3287684056220677,0.9080378056319856,0.9801980198019802,1.0034657102647087,-1.289584796932032,0.9014025714598057,0.9421157684630739,0.9229358890738919,-1.2518721628638987,0.8946917751655213,0.9485257371314343,1.0342927342515678,-1.2080012593911327,0.8864766110382902,0.9432056794320568,1.2328020758399418,-1.2038912441844203,0.8856841917842866,0.9426411471770565,1.233476478608844,-0.8240247473004302,0.7950372516730431,0.9047619047619048,2.2469177261707887,-1.018113950378854,0.8456880967924225,0.8811881188118812,1.7420213524068897,-0.9649364269186161,0.8327116726185515,0.8862275449101796,1.5570339703971379,-1.0064547868020255,0.8429015747754827,0.9010494752623688,1.717131165879509,-1.0148142162432243,0.844902802105435,0.8968103189681031,1.5248868545479466,-1.0200515295661876,0.8461479886127579,0.8946021079578409,1.5771229420235582,0.917049878833709,0.8922388362413161,False,0.9684684684684685,0.939080459770115,False,0.9141116371077849,0.9026670820373021,False,0.9801980198019802,0.9306583289907938,False,0.9135426734323283,0.8951650480649429,False,0.9556323594421894,0.9294581568570176,False,0.9114423616695987,0.8965136890721564,False,0.9623134560665795,0.9417218474096284,False,0.9075831970153924,0.8954779698370984,False,0.9559087862257545,0.9372913403104133,False,0.9067719106362935,0.8967976921564793,False,0.9553366508427408,0.9349834531087156,False
celltype|Dendritic Cells,celltype,157,0.04109585486041523,1.2931525664816341,0.09797914868916419,0.19047619047619047,0.6991143990192514,1.669069514021787,0.04755180210793578,0.0891089108910891,0.6164982299480387,1.7765168115962169,0.037823886736425505,0.04790419161676647,0.49973396932124203,1.7422053155605284,0.04073626210025071,0.04897551224387806,0.43357199685930425,1.6755789458688293,0.04691034781492555,0.0580941905809419,0.5408853722586544,1.6960603630137616,0.04493722454815065,0.058178836423271534,0.5508226821957809,17.404807912333425,3.793001891040321e-68,0.047619047619047616,1.0441532513587606,14.511975853602097,5.087348687111058e-48,0.009900990099009901,1.121924195330724,14.481863452804573,7.888071719900252e-48,0.001996007984031936,1.103670410956243,14.36052806193206,4.576354584527524e-47,0.0004997501249375312,1.398642554277788,14.22252500037241,3.3206352267514084e-46,9.999000099990002e-05,1.3165231466957568,14.122546781965225,1.379197392540929e-45,1.999960000799984e-05,1.425590010555554,0.3640953550054126,1.902822615338561e-66,False,0.5259938837920489,0.27044025157232704,False,0.23291658581680924,2.5521532580340475e-46,False,0.36245651592186245,0.09030903090309031,False,0.2189004051010251,4.748619175379951e-46,False,0.3174029299890785,0.027309018326982393,False,0.22706694244769376,2.7549654598855693e-45,False,0.32005273958765296,0.008356932644788716,False,0.24344852917745843,1.66585200542029e-44,False,0.3362759877858368,0.0021497850214978504,False,0.24172197065682122,6.91897358591366e-44,False,0.3395443629588947,0.0005472617820370865,False
celltype|Hemangioblasts,celltype,61,0.12312898708642227,7.5933073074386055,1.5592089445873346e-14,0.047619047619047616,1.0989182331950966,7.887897731589349,1.536597188518714e-15,0.009900990099009901,0.8346797806030058,9.048551247675888,7.243883803580122e-20,0.001996007984031936,0.8806921294234658,8.680655142513505,1.9674778648441003e-18,0.0004997501249375312,0.7579535904303327,8.727105174308836,1.3063704264668082e-18,9.999000099990002e-05,0.8402093795213305,8.703827561487847,1.6043723519155686e-18,1.999960000799984e-05,0.9046803109522409,16.4730534304023,2.8651760192284232e-61,0.047619047619047616,0.15149560711813073,9.828882689010921,4.2275802188693415e-23,0.009900990099009901,1.0524267716415057,10.110765087456457,2.4748109012074338e-24,0.001996007984031936,1.0366690988408702,9.986349301314966,8.745251080497509e-24,0.0004997501249375312,1.0082386715082436,10.334635861165738,2.4563718860840297e-25,9.999000099990002e-05,1.0031717311375876,10.281728660430835,4.259290898607696e-25,1.999960000799984e-05,0.9835131142512814,6.704598461725539e-13,1.2320256882682219e-59,True,0.3412698412698413,0.27044025157232704,False,5.781446921801661e-14,1.2725016458796717e-21,True,0.16556655665566555,0.09030903090309031,False,3.634015041462695e-18,7.449180812634375e-23,True,0.04621526178412406,0.027309018326982393,True,9.870180621967904e-17,2.63232057522975e-22,True,0.012535398967183076,0.008356932644788716,True,6.553624972775155e-17,7.393679377112929e-24,True,0.0030096990300969902,0.0021497850214978504,True,8.048601298776436e-17,1.2820465604809165e-23,True,0.0006688755113786613,0.0005472617820370865,True
celltype|Osteoclast Precursor Cells,celltype,100,0.04735800712584166,1.9478531035627464,0.02571627127405224,0.047619047619047616,-0.06322393397768519,2.368656941038155,0.00892640214880432,0.0297029702970297,0.6442872810480312,2.4449316302132758,0.007243980187279748,0.021956087824351298,0.7125740586018771,2.2275607902938623,0.012954908898489081,0.026486756621689155,0.7019420673432425,2.2616882152767697,0.011858336675166715,0.026097390260973904,0.7435414098493629,2.243196851160976,0.012442061636549977,0.02619947601047979,0.7496459376809845,16.066359887678637,2.1956364890121096e-58,0.047619047619047616,0.7156517243254462,13.747204005225273,2.6468039481974473e-43,0.009900990099009901,0.5024766218148627,11.83629324195914,1.2670359967816406e-32,0.001996007984031936,1.1537762980295498,12.219483501590233,1.2231699369039183e-34,0.0004997501249375312,1.2955462116955159,11.865077674537458,8.986780296584804e-33,9.999000099990002e-05,1.4524338425909316,12.042534752595836,1.0616480815266448e-33,1.999960000799984e-05,1.382946222587294,0.16126245111436927,8.261082289908062e-57,False,0.3412698412698413,0.27044025157232704,False,0.08667248538032582,1.1381256977249024e-41,False,0.2884062599808368,0.09030903090309031,False,0.0778727870132573,4.237531500347487e-31,False,0.25418393981268234,0.027309018326982393,False,0.11468904642485922,4.602176887600992e-33,False,0.25717786268156245,0.008356932644788716,False,0.10816240421894488,3.005578743635584e-31,False,0.26184381561843817,0.0021497850214978504,False,0.11348668341216797,3.5506230282168896e-32,False,0.2533993070138597,0.0005472617820370865,False
celltype|T Follicular Helper Cells,celltype,91,0.0540835781289397,3.1517358073521087,0.0008115152570220146,0.047619047619047616,-0.017831860107424654,3.26817776703936,0.0005412117796858782,0.019801980198019802,0.5854240565252222,3.526093633031793,0.00021086891755906647,0.003992015968063872,0.6286630421741033,3.16746664136771,0.0007688667548847238,0.0074962518740629685,0.7890082996087465,3.2697749256483566,0.0005381654399602668,0.0057994200579942,0.7829675047421839,3.2726131626418464,0.0005327910350846989,0.0053798924021519565,0.7845619936716505,12.406951890073412,1.1980090887759222e-35,0.047619047619047616,0.5151492497319202,13.559901982519001,3.461426782190501e-42,0.009900990099009901,0.4716880661308749,12.426309658322486,9.406006708351396e-36,0.001996007984031936,1.1999098553557324,13.265995801320173,1.8227295436350864e-40,0.0004997501249375312,1.238134646221182,13.05346080598902,3.0362470028795526e-39,9.999000099990002e-05,1.363664534533763,12.996923775583369,6.368212260259272e-39,1.999960000799984e-05,1.3964461847747673,0.009291148258971827,3.6060073572155254e-34,True,0.3412698412698413,0.27044025157232704,False,0.008249468236833146,1.302361826799176e-40,True,0.22075540887422074,0.09030903090309031,False,0.0035261968991821668,3.5390100240172127e-34,True,0.08582834331337325,0.027309018326982393,False,0.012180468064226416,7.837737037630872e-39,True,0.11281859070464767,0.008356932644788716,False,0.008525673548844228,1.3055862112382077e-37,True,0.1026838492621326,0.0021497850214978504,False,0.008440531661078651,2.738331271911487e-37,True,0.09525574194398465,0.0005472617820370865,False
celltype|Trophoblast Progenitor Cells,celltype,86,0.10171028467145841,8.547398814530553,6.294678876993182e-18,0.047619047619047616,0.865635621994693,7.096939750425898,6.377481454614293e-13,0.009900990099009901,1.1500295822737856,7.056500464873184,8.537403503889609e-13,0.001996007984031936,1.2305032226528103,7.651749000220348,9.913197430849803e-15,0.0004997501249375312,0.9344470903140603,7.62541512735789,1.2162515538394675e-14,9.999000099990002e-05,0.843161720683834,7.668649267432393,8.690850226249757e-15,1.999960000799984e-05,0.8487557553973752,21.3112656924168,4.462492587647912e-101,0.047619047619047616,0.947644934967308,19.889467222926726,2.5102793796167942e-88,0.009900990099009901,0.6415048545336884,19.09744041952948,1.3258596634988512e-81,0.001996007984031936,1.0618908975852153,18.38486957022443,8.682842714824072e-76,0.0004997501249375312,1.2415871646504033,18.14647209504827,6.845854966273158e-74,9.999000099990002e-05,1.241542941543823,18.19852540607509,2.650788951889875e-74,1.999960000799984e-05,1.2754237215033077,3.1578305699582467e-16,3.3580256722050533e-99,True,0.3412698412698413,0.27044025157232704,False,1.9196219178389022e-11,1.8889852331616375e-86,True,0.16556655665566555,0.09030903090309031,False,2.5697584546707723e-11,9.977093967828855e-80,True,0.04621526178412406,0.027309018326982393,True,3.315413807428656e-13,6.533839142905114e-74,True,0.012535398967183076,0.008356932644788716,True,4.06768575228533e-13,5.151505862120551e-72,True,0.0030096990300969902,0.0021497850214978504,True,2.9066065756679744e-13,1.994718686297131e-72,True,0.0006688755113786613,0.0005472617820370865,True
data_derived|MODULE_0040,data_derived,172,0.6862171905127169,78.8518485417886,0.0,0.047619047619047616,0.49162277639518925,73.37799060776587,0.0,0.009900990099009901,0.5560381723880452,84.8722662047674,0.0,0.001996007984031936,0.4671066533342219,84.30050286265599,0.0,0.0004997501249375312,0.6561758473585851,84.10313776370478,0.0,9.999000099990002e-05,0.6113358570425295,83.74723768336641,0.0,1.999960000799984e-05,0.6099390709464962,75.87897245765886,0.0,0.047619047619047616,0.033496697163913895,74.18442759600399,0.0,0.009900990099009901,0.5641720309138832,72.82336724198679,0.0,0.001996007984031936,0.6009431437114546,72.84419569210239,0.0,0.0004997501249375312,0.6032673642387786,70.70802730189199,0.0,9.999000099990002e-05,0.7084987986879229,69.84269231785856,0.0,1.999960000799984e-05,0.7234849887615259,0.0,0.0,True,0.3412698412698413,0.27044025157232704,False,0.0,0.0,True,0.16556655665566555,0.09030903090309031,False,0.0,0.0,True,0.04621526178412406,0.027309018326982393,True,0.0,0.0,True,0.012535398967183076,0.008356932644788716,True,0.0,0.0,True,0.0030096990300969902,0.0021497850214978504,True,0.0,0.0,True,0.0006688755113786613,0.0005472617820370865,True
data_derived|MODULE_0045,data_derived,5,0.32668631143726123,3.7083433427796733,0.00010430983130360922,0.047619047619047616,0.45767174705681785,3.164199733691387,0.0007775501686749388,0.019801980198019802,1.3255732959405941,3.5631543807176054,0.00018321251801088102,0.005988023952095809,1.026310933742882,3.7726508425207275,8.076112658845412e-05,0.0029985007496251873,0.8712504552036879,3.775794567137192,7.974920410801337e-05,0.0030996900309969004,0.9143463749896281,3.774881041539307,8.004201905679847e-05,0.0029599408011839762,0.927974077553242,4.200425939380048,1.3320665286327775e-05,0.047619047619047616,0.8220221426364155,4.47997683776186,3.7325569848669034e-06,0.009900990099009901,0.4126240807787978,3.9526567188295627,3.8644138559785056e-05,0.003992015968063872,0.9975640378225858,3.81117141778227,6.915490605256534e-05,0.0029985007496251873,1.065684528038249,3.664789523466515,0.00012377103592636887,0.0053994600539946005,1.199642754058436,3.684885956574292,0.000114402533204919,0.005079898402031959,1.193957792011265,0.0016524873274940198,0.0001603808100473864,True,0.3412698412698413,0.27044025157232704,False,0.009751775032131526,5.1068166020224443e-05,True,0.22075540887422074,0.09030903090309031,False,0.0032439392894867756,0.0004652754282598121,True,0.1126497005988024,0.044503585421749085,False,0.0016206066068749794,0.0007709491378452654,True,0.06446776611694152,0.031122369849557976,False,0.0016003006957674682,0.0013305386362084655,True,0.06664333566643336,0.052427015362979834,False,0.001606176515739756,0.0012298272319528792,True,0.0636387272254555,0.049324174806826444,False
data_derived|MODULE_0095,data_derived,6,0.2954366947718573,3.238885112277233,0.0005999894949250124,0.047619047619047616,0.38367646250577964,3.4421156600589184,0.00028859170512193376,0.009900990099009901,0.9951475940219443,3.67070028089285,0.00012094342397412502,0.007984031936127744,1.2648056229596083,3.6641359195295755,0.00012408748901624936,0.004997501249375313,1.0625217372805038,3.641004835015062,0.00013578801781362972,0.0052994700529947,1.129298512573607,3.665762898986958,0.00012330116297922474,0.004599908001839963,1.1122145113855948,4.169785651439439,1.5244312835375782e-05,0.047619047619047616,0.8009755387527485,4.347733911749199,6.877566948881308e-06,0.009900990099009901,1.3397164443599012,4.438028236298872,4.5393355856128916e-06,0.005988023952095809,1.4466790625283183,4.7222210347923195,1.1664147377953328e-06,0.001999000499750125,1.2556610066199723,4.641786013646328,1.7270523880453095e-06,0.0015998400159984002,1.3393939802921093,4.556862824282876,2.5961655027140283e-06,0.0021799564008719826,1.3854488207865028,0.007290018057909589,0.00017648223705569655,True,0.3412698412698413,0.27044025157232704,False,0.005109770778923651,8.625615215055308e-05,True,0.16556655665566555,0.09030903090309031,False,0.002426931374414109,6.831700056347401e-05,True,0.13351075626524728,0.06215155895106339,False,0.002334395887118191,1.847846505665238e-05,True,0.09401549225387307,0.026160832627164676,False,0.002554512085118909,2.736014572640201e-05,True,0.09969628037196279,0.022931040229310404,False,0.0023196031285466654,4.112872717457487e-05,True,0.0865357692846143,0.027691446171076575,False
data_derived|MODULE_0151,data_derived,6,0.471503537501849,6.625472714911018,1.730693343649767e-11,0.047619047619047616,1.479635054907178,7.25175141526107,2.0570823401695245e-13,0.009900990099009901,1.0034591258653434,7.1501516069756095,4.3341055946592836e-13,0.001996007984031936,0.9499298878279987,7.02457086170643,1.0736258967417634e-12,0.0004997501249375312,0.9292398474422404,6.964380450583376,1.6492605237052754e-12,9.999000099990002e-05,0.9679440026505031,6.9078125134776185,2.4609192476448257e-12,3.999920001599968e-05,0.9747175291711374,9.26324752931191,9.915348029785606e-21,0.047619047619047616,0.7927061653090028,6.6296160324184195,1.682805926598348e-11,0.009900990099009901,2.3754452231554155,6.905841044079851,2.4953428079359617e-12,0.003992015968063872,2.1307947388749082,7.046022303761167,9.205237868381507e-13,0.0014992503748125937,1.9689551067929871,7.022258217717887,1.0915529138029666e-12,0.0004999500049995,1.8178139759057943,6.918783230085328,2.277696411023168e-12,0.000499990000199996,1.8405330398117619,5.209386964385798e-10,2.713199779059516e-19,True,0.3412698412698413,0.27044025157232704,False,6.879797604344743e-12,3.896342953123867e-10,True,0.16556655665566555,0.09030903090309031,False,1.4495175377693826e-11,6.259151543239371e-11,True,0.04621526178412406,0.044503585421749085,True,3.2316139491927075e-11,2.131366614140641e-11,True,0.012535398967183076,0.020512471037208664,True,4.964274176352879e-11,2.5273648234976382e-11,True,0.0030096990300969902,0.0088520559708735,True,7.407366935410925e-11,5.2737432285997976e-11,True,0.0012039759204815904,0.008852764121188164,True
data_derived|MODULE_0277,data_derived,16,0.379190794197126,6.857765428023916,3.49729925705082e-12,0.047619047619047616,0.7700613189258274,10.306581558467018,3.2900158519111827e-25,0.009900990099009901,1.082171373666797,12.116528831232346,4.316951104939072e-34,0.001996007984031936,0.9714844205912809,11.139705703360848,4.019226773191681e-29,0.0004997501249375312,1.3525948816921514,11.224962413490461,1.5375859114880065e-29,9.999000099990002e-05,1.3618799201368808,11.42993505041938,1.4816519340930514e-30,1.999960000799984e-05,1.2663057076022957,14.715303744365693,2.570742879537084e-49,0.047619047619047616,1.7589182876610712,15.218718894665422,1.3284140086775257e-52,0.009900990099009901,1.062445080138834,13.850154653215323,6.346924841309869e-44,0.001996007984031936,2.095638424670987,14.292540072829015,1.2178053448195388e-46,0.0004997501249375312,2.0349916991101584,14.378881499748587,3.511011266016715e-47,9.999000099990002e-05,1.6622549082588378,14.597276704523445,1.4614485743925375e-48,1.999960000799984e-05,1.577953475021905,1.1696523070803298e-10,8.597706741562914e-48,True,0.3412698412698413,0.27044025157232704,False,2.475736928563165e-23,7.997052332238704e-51,True,0.16556655665566555,0.09030903090309031,False,3.2485057064666516e-32,3.184040628723784e-42,True,0.04621526178412406,0.027309018326982393,True,3.02446814682674e-27,6.109323479844687e-45,True,0.012535398967183076,0.008356932644788716,True,1.157033398394725e-27,2.1136287821420623e-45,True,0.0030096990300969902,0.0021497850214978504,True,1.114943080405021e-28,8.797920417843076e-47,True,0.0006688755113786613,0.0005472617820370865,True
data_derived|MODULE_0297,data_derived,6,0.33435020727127107,5.176940482721503,1.127770653989165e-07,0.047619047619047616,0.5757439454744051,4.037261438481059,2.703939592311999e-05,0.009900990099009901,0.6110713048910913,4.61540995565793,1.9616005671632063e-06,0.001996007984031936,0.7791208887688453,4.412358309957773,5.112535488239212e-06,0.0014992503748125937,0.9299599184408545,4.496008476377823,3.462048857813295e-06,0.0015998400159984002,1.006965770505232,4.551255761746824,2.666333815949327e-06,0.001139977200455991,1.0204093143034165,5.43055274563615,2.8089885666775537e-08,0.047619047619047616,2.1954934942598587,4.8516148603724485,6.123012748232394e-07,0.009900990099009901,1.5890503832709524,5.19654510558523,1.0151317825934413e-07,0.001996007984031936,1.3090221276315714,5.147421792377409,1.320455258460574e-07,0.0014992503748125937,1.3731681898338084,5.069492058451459,1.9943938994244176e-07,0.0017998200179982,1.3813106041847676,5.087659746202374,1.8125450098915322e-07,0.0011599768004639907,1.295933128120254,2.8604683642164495e-06,5.284409741062147e-07,True,0.3412698412698413,0.27044025157232704,False,0.0006250544077262602,1.023903798454417e-05,True,0.16556655665566555,0.09030903090309031,False,4.5418597747394243e-05,1.9097166660039114e-06,True,0.04621526178412406,0.027309018326982393,True,0.00011837486015076945,2.3379825458625455e-06,True,0.03471341252450698,0.020512471037208664,True,8.015974663090783e-05,3.5312503748632335e-06,True,0.03704244960119373,0.023554166322498182,True,6.173588296928827e-05,3.209270870455007e-06,True,0.026394856718250252,0.016626334139983868,True
data_derived|MODULE_0396,data_derived,95,0.3807029543108715,42.96722581523016,0.0,0.047619047619047616,0.45558850398962925,38.13448054162043,0.0,0.009900990099009901,0.3602184137913868,36.932013630782414,7.080739092256987e-299,0.001996007984031936,0.7388238825714613,38.578637637599094,0.0,0.0004997501249375312,0.7708208348295057,38.07689032600629,0.0,9.999000099990002e-05,0.8294194499044234,38.08990028900898,0.0,1.999960000799984e-05,0.8364362713477579,96.10575816737769,0.0,0.047619047619047616,0.9874824374985265,90.6806171007958,0.0,0.009900990099009901,1.2943944814154342,80.30506989781405,0.0,0.001996007984031936,1.372427682941032,88.6670639776996,0.0,0.0004997501249375312,1.4859682563121286,91.31946239150294,0.0,9.999000099990002e-05,1.5637110314401954,89.36471279581704,0.0,1.999960000799984e-05,1.585520444460898,0.0,0.0,True,0.3412698412698413,0.27044025157232704,False,0.0,0.0,True,0.16556655665566555,0.09030903090309031,False,1.0656512333846764e-296,0.0,True,0.04621526178412406,0.027309018326982393,True,0.0,0.0,True,0.012535398967183076,0.008356932644788716,True,0.0,0.0,True,0.0030096990300969902,0.0021497850214978504,True,0.0,0.0,True,0.0006688755113786613,0.0005472617820370865,True
data_derived|MODULE_0426,data_derived,11,0.4131886370278098,12.343318193105603,2.6464356322500875e-35,0.047619047619047616,0.005834716267450612,10.133412721435377,1.963496599161237e-24,0.009900990099009901,1.5922397997188869,9.865061473158585,2.9499149556840734e-23,0.001996007984031936,1.172230634078072,8.817085621196675,5.873870382244139e-19,0.0004997501249375312,1.282486405581747,9.031135849736918,8.494951014488416e-20,9.999000099990002e-05,1.329169770415581,9.119598737958157,3.7701493910047414e-20,1.999960000799984e-05,1.2718270354445484,18.663342517232383,4.919022613013211e-78,0.047619047619047616,-0.09986554636453766,11.449596385906132,1.1812145594734934e-30,0.009900990099009901,1.3928169420442504,13.081763786963885,2.093063115420927e-39,0.001996007984031936,1.2883624898027106,12.135468665270427,3.425829469594773e-34,0.0004997501249375312,1.6404689614258303,12.349274370826189,2.4576378392437995e-35,9.999000099990002e-05,1.5593569404889729,12.18677580188211,1.8280092370635005e-34,1.999960000799984e-05,1.6235794823164997,1.991442813268191e-33,2.961251613033953e-76,True,0.3412698412698413,0.27044025157232704,False,1.1820249526950645e-22,3.950506471128017e-29,True,0.16556655665566555,0.09030903090309031,False,1.775848803321812e-21,9.000171396309986e-38,True,0.04621526178412406,0.027309018326982393,True,3.536069970110971e-17,1.1457496337200296e-32,True,0.012535398967183076,0.008356932644788716,True,5.113960510722026e-18,9.246862370154796e-34,True,0.0030096990300969902,0.0021497850214978504,True,2.269629933384854e-18,6.87788475445142e-33,True,0.0006688755113786613,0.0005472617820370865,True
anchor|NRF2_targets,anchor,6,-0.0553102214140627,-1.0812057525041412,0.8601972001364941,0.9047619047619048,0.5346394493063108,-1.1597478540238184,0.8769242597353497,0.900990099009901,0.6014691387383813,-1.2049976778736242,0.885897900829733,0.9201596806387226,0.9468621221446394,-1.2686817798694583,0.8977227082902541,0.92103948025987,0.8273704574429364,-1.2609692693260959,0.8963400403735677,0.9271072892710729,0.8029910058061341,-1.2381745850081012,0.8921743334726742,0.9259814803703926,0.901518818915314,-1.15267810986958,0.8754787352372371,0.8095238095238095,-0.16053619675471326,-0.9019948936051879,0.8164702098393044,0.8613861386138614,2.0649535721938084,-0.9446218834877556,0.8275740246361802,0.8423153692614771,1.2079931668587787,-0.9287231893983443,0.8234837200922627,0.8490754622688655,1.1482510224411793,-0.8966021757481052,0.8150343816670211,0.8463153684631537,1.4508486763344122,-0.8991339520032929,0.8157093422526405,0.8430831383372333,1.4386653380104062,0.9116878776094534,0.9181850150049071,False,0.9456018518518519,0.8828502415458938,False,0.9014996801277267,0.8904258447885167,False,0.9255905112695569,0.9226947605792607,False,0.9039161632194903,0.8936837645517854,False,0.942068244463454,0.908734502321522,False,0.9114423616695987,0.8908699416986533,False,0.9397724866380369,0.9127561219390304,False,0.9103097433350217,0.8824652837473861,False,0.9459637087138744,0.9080508319274834,False,0.9080517536809672,0.8831960863958445,False,0.9448150020050446,0.9095628123279829,False
