set,family,n_genes_annotated,n_genes_present,coverage,mean_expression,internal_consistency,internal_consistency_perturbed,cronbach_alpha,alpha_null_expected,split_half,split_half_sb,split_half_null,null_mean,null_sd,null_z,null_p_empirical,null_p,var_null_mean,var_null_sd,var_null_z,var_null_p_empirical,var_null_p,delta_mean,delta_p,cohens_d,n_genes_tested,frac_same_direction,direction_p,cross_perturbation_rho,cross_perturbation_p,cross_perturbation_tertile_swap,method_agreement_mean,method_agreement_min,delta_q,direction_q,null_q,var_null_q
complex|Multisubunit ACTR coactivator complex (human),complex,4,4,1.0,10.014566,0.14587099032012496,0.10804974809651098,0.4058699893968769,0.11498725460228723,0.2606456825572312,0.4135114031858802,0.06360152376368156,0.03145993206408994,0.11392182331757075,1.0042944795318143,0.19047619047619047,0.15761834687998982,-0.00895474126267709,0.08571247275641551,1.806338407979409,0.047619047619047616,0.03543274796611168,1.175179323835672,9.412357811262907e-27,1.7893119713403467,4,1.0,0.0625,0.20086687506042344,0.012206189918916302,0.1897810218978102,0.8411707331985494,0.6865451332813051,5.8540274192001e-26,0.2219707520891365,0.3917415054034835,0.12343375316063494
complex|BLOC-2 (biogenesis of lysosome-related organelles complex 2) (human),complex,3,3,1.0,9.257248166666665,0.09598788482283631,-0.00026565119687756617,0.2415851578544328,-0.024888723719308448,,,,-0.008160832765096177,0.11255170313860927,0.9253411070969901,0.2857142857142857,0.1773942512577284,0.009449987011721919,0.11343420888731053,0.7628906540626041,0.2857142857142857,0.22276430520030382,0.3427249371974638,3.99965258704228e-09,0.5029462943282527,3,0.6666666666666666,0.5,0.22156230865908286,0.00559494624325246,0.1773049645390071,0.7938291788759074,0.7017120885275634,5.861559825837824e-09,0.539340101522843,0.4275570328045439,0.4437882642662303
complex|NCOR complex (human),complex,6,6,1.0,8.922829,0.11781576849115899,0.13785974030269765,0.4448455243759362,0.05041225418364798,0.3030650206905374,0.4651571730932248,0.046852406804884485,0.008770492616524708,0.05403129926852217,2.0181871868878494,0.047619047619047616,0.021785885041391655,0.010761063487424819,0.07576556100404556,1.4129731712541256,0.19047619047619047,0.07883180634379894,0.09072633440601112,0.07744611630809377,0.13545473679047607,6,0.5,0.65625,0.16254390770519803,0.04330736333854606,0.2014388489208633,0.6375686221026039,0.43062573503185364,0.08527098298170946,0.6847125613747954,0.10521592207490288,0.22485582346385602
complex|BLOC-1 (biogenesis of lysosome-related organelles complex 1) (human),complex,8,7,0.875,9.092803857142856,-0.013552263130144085,0.03524271423166855,-0.10326248404228888,0.0006169550152623534,-0.024664623111514395,-0.05057670150384468,-0.021308201230529056,8.81830635946327e-05,0.04917111622615783,-0.2774076986782402,0.5238095238095238,0.6092664645864379,0.01874370558150635,0.042065072446818196,-0.7677621083972079,0.7619047619047619,0.7786857350952843,-0.1020679980661094,0.02094397503494692,-0.1914391719594399,7,0.5714285714285714,0.5,0.05266024298282363,0.5152017189955361,0.2158273381294964,0.33323409143899435,-0.06466414589929041,0.02361058193594812,0.539340101522843,0.7894458763696223,0.877828746460201
complex|PA700 complex (human),complex,20,18,0.9,9.926889999999998,0.04288702362784255,0.2305790369162134,0.44646094595429936,0.29579417610506636,0.30611366170597665,0.4687396980537623,0.14891298353455212,0.02280339195673291,0.030679855255824524,0.6546195053282331,0.3333333333333333,0.2563563812805873,0.019181840349868563,0.021762561460918685,1.089264391994659,0.19047619047619047,0.13801865521607137,0.303561548634767,5.5166177194478804e-08,0.4942622212104186,18,0.7222222222222222,0.048126220703125,0.3745673681157552,1.5744074133543783e-06,0.16546762589928057,0.6847223078022434,0.5539147690742167,7.780627867584124e-08,0.20590916576001467,0.5288905924478137,0.324535134554901
complex|immunoproteasome (mouse),complex,14,12,0.8571428571428571,11.395400916666667,0.19816996473813697,0.20073622123529394,0.747841851060235,0.3895565721937202,0.6537057743917398,0.7905950193977929,0.20787210783110396,0.0504941992660967,0.07029091877070383,2.100922395875543,0.09523809523809523,0.017823889548638158,0.018912207931836473,0.03348716547121136,5.353028668861415,0.047619047619047616,4.324706943710737e-08,0.18380240470112016,0.0006100108657803796,0.2911096367392742,12,0.5,0.61279296875,0.031265508684863524,0.6993514816167357,0.2391304347826087,0.6747074358734554,0.5463102395481524,0.000737216923099511,0.6543643510521356,0.09020604170299992,6.229262097443736e-07
complex|Mi-2/NuRD-MTA2 complex (human),complex,5,5,1.0,9.5502758,0.01771858189650506,0.03175596474798281,0.08272951101763043,-0.0022132042643802194,0.04685719549554399,0.08951974671839269,0.004735636161877346,-0.00044185851435746097,0.061064386180913956,0.29739823073074095,0.38095238095238093,0.3830812471433584,0.041131969022956794,0.0934634876899421,-0.2505083825260602,0.5714285714285714,0.5989028884970216,0.22511422227304767,6.478321403956959e-07,0.41042990448219463,5,0.6,0.5,-0.025696883761399888,0.750950431521411,0.2835820895522388,0.5209172432616509,0.2791483017236904,8.703751095937959e-07,0.539340101522843,0.6512381201437093,0.7905317756180471
"complex|Gamma-secretase complex (APH1A, PSEN1, PSENEN, NCSTN variant) (human)",complex,4,4,1.0,9.88238825,-0.0022952722667792433,0.13573845864420728,-0.009244746699253643,0.17232207719523285,0.01455932544772169,0.028700786799819137,0.06770261756277872,0.04947470758335048,0.12336760355034174,-0.4196399894321066,0.5714285714285714,0.6626257647903168,0.04710675958697276,0.08280553035855336,-0.5966030486108594,0.8571428571428571,0.724613782316957,0.5476765799268395,1.652969666027717e-16,0.8352676645179994,4,0.75,0.3125,0.048590119557861494,0.5482395882311054,0.23741007194244604,0.4933858896248837,-0.11510132900039893,3.399252135782805e-16,0.5165088998387369,0.8186479890694743,0.8483770178642058
complex|DNA polymerase alpha-primase complex (mouse),complex,4,4,1.0,8.148611449999999,0.0164222795871171,0.17160653853389482,0.06260477880537399,0.12442563956257761,0.03715860241581682,0.07165461932102689,0.06753478691604384,0.034308006642061115,0.07821204651297882,-0.22868250931109424,0.6666666666666666,0.5904421549326703,-0.009483043983360558,0.05803461794556814,0.44637708470442233,0.2857142857142857,0.32766244137569345,-0.8737964608177949,6.273622467622063e-25,-1.355234228399137,4,1.0,0.0625,0.21154007283039541,0.00823435818300699,0.19285714285714287,0.5389399602690605,0.12346326255967666,2.499646451943166e-24,0.2219707520891365,0.7785928533605644,0.5676217564592515
complex|DNMT3B complex (human),complex,7,6,0.8571428571428571,8.789767,0.0013542985788659164,-0.02419017731442145,0.008071137820793162,-0.09194378230817407,0.034687797795360104,0.0670497861659728,-0.05119270921434423,-0.01423340296493524,0.038715340217431386,0.4026233905283589,0.2857142857142857,0.34361264982187967,0.013600233428219925,0.05574085476442166,-0.21969406283971013,0.5714285714285714,0.5869452855606034,0.09553232321982565,0.011019403755297957,0.21086829567440596,6,0.6666666666666666,0.34375,0.3369823724662434,1.806779510420961e-05,0.14492753623188406,0.6541904888048066,0.33017149938846857,0.012600663486999905,0.537117464201791,0.6201106201032555,0.7852625803670193
complex|CCT complex (chaperonin containing TCP1 complex) (mouse),complex,8,8,1.0,9.78213735,0.04078884654813316,0.1431478603634533,0.25383524452344347,0.16909673596626468,0.24826334356273527,0.39777398710460177,0.08652371025614682,0.024807618378877357,0.04665404936769755,0.3425475041470018,0.38095238095238093,0.36596945031884587,0.010468970095262839,0.0527819924349799,0.5744359970916256,0.23809523809523808,0.2828363997956413,-0.9443275584952396,3.0651254512701902e-27,-1.8301536942408714,8,1.0,0.00390625,0.21438883696948213,0.007390097365250497,0.19117647058823528,0.21822503735127988,-0.35263847365761625,2.473439842006008e-26,0.03844055175613456,0.6364096034800133,0.5159033043482728
complex|SMRT complex (human),complex,5,5,1.0,9.7350856,0.12160627117359919,0.08727820192385219,0.409056172510036,0.06908411000602635,0.21028280136815322,0.347493662027488,0.0281297012379776,0.014625112294487564,0.08449552196348538,1.2661163147242689,0.23809523809523808,0.1027357212222294,0.01487341164182659,0.07691319277504416,1.3877054856368407,0.14285714285714285,0.08261337246866307,-0.09351040048514224,0.09540363995264987,-0.13023948977948963,5,0.6,0.5,0.06477393574167768,0.42328064591533227,0.24113475177304963,0.6863427373800826,0.49103850153068146,0.10432216204084785,0.539340101522843,0.3025128049846247,0.23459253874731717
complex|Interferon-stimulated gene factor 3 transcription complex ISGF3 (human),complex,3,3,1.0,11.651708,0.4954811615850028,0.828642574067068,0.7465954867434642,0.06397847795731429,,,,0.022276294949363763,0.16219689656709887,2.9174717682707323,0.047619047619047616,0.0017644079603861599,-0.01662576261035524,0.09097075641959326,5.629357656798164,0.047619047619047616,9.044098805110275e-09,0.5482431898753359,2.9698418643923e-07,0.47862588414668533,3,0.6666666666666666,0.5,0.3278302342818472,3.126047153194068e-05,0.11971830985915492,0.9132503283559066,0.8319744021011741,4.0628201471032e-07,0.539340101522843,0.013886544132668852,1.389304334519952e-07
complex|Mi2/NuRD complex (human),complex,7,7,1.0,9.649461857142857,-0.06950777518527629,0.0347865738497037,-0.8346369863467876,0.047866017392142406,-0.16322099998147185,-0.3901173427580228,0.019584793731854223,0.0071305550014921,0.05458167689421531,-1.4041036213544895,0.9523809523809523,0.9198560022928278,0.03534303743252667,0.05560638197861405,-1.8855895472236999,1.0,0.970324856472047,-0.022551730997884212,0.8519372220835225,-0.049451630786096816,7,0.5714285714285714,0.5,0.18423511971899068,0.021743318362646105,0.22962962962962963,0.5030458345805383,0.14122181814245977,0.859351232718743,0.539340101522843,0.9490985657487081,0.9779954086971224
complex|NUMAC complex (nucleosomal methylation activator complex) (human),complex,10,10,1.0,10.585849049999998,0.024308614715959583,0.03479513847973092,0.19945079449586742,0.30013614745490336,0.09688105077436102,0.17664823493115553,0.17246535912416122,0.041121443105930244,0.04865403718954842,-0.3455587523902805,0.5714285714285714,0.635162825433649,0.03562053001795511,0.04513664075185099,-0.2506149131519416,0.5714285714285714,0.5989440747035557,-0.2412406013981348,5.374666233730639e-09,-0.5061830604603835,10,0.7,0.171875,0.23319905900551058,0.003498342930484383,0.1678832116788321,0.43883606549475856,0.17210432980256848,7.822716264847677e-09,0.3824443717277487,0.7962955776085571,0.7905317756180471
complex|Nup 107-160 subcomplex (human),complex,9,9,1.0,9.119617066666667,0.14533747875875358,0.07948630087427151,0.6048168546748476,0.24141036580270897,0.39741093472703704,0.5687817732794044,0.11625631159510338,0.03415193496781194,0.06502169822192119,1.7099760054168645,0.14285714285714285,0.04363515508790897,0.047622115369582656,0.06634289492966362,1.472883622168858,0.14285714285714285,0.07039120947695335,-0.7402072557053354,2.3706287180578638e-26,-1.4458756415819416,9,0.8888888888888888,0.01953125,0.17057136411975118,0.03383918820635714,0.22388059701492538,0.8347697824084349,0.7331322395700255,1.319891535163221e-25,0.11972280649038461,0.17013707259047076,0.20823385634133532
complex|p300-MDM2-p53 protein complex (human),complex,3,3,1.0,8.2762522,0.10907853578811795,0.11086957869994223,0.2686317019371951,0.12963011488348375,,,,0.04729749109761773,0.07736209371561749,0.7985958202941986,0.19047619047619047,0.21226240601084084,-0.00678400764143693,0.10136005286952922,1.1430789561514267,0.14285714285714285,0.12650290531465758,0.326218378117975,8.564043293837899e-07,0.44413226054826727,3,0.6666666666666666,0.5,0.20245238632335408,0.011526226608553855,0.19708029197080293,0.7713045691851174,0.5579750954329997,1.1493847578571917e-06,0.539340101522843,0.4781529464025125,0.3101753928388239
complex|RNA polymerase II holoenzyme complex (human),complex,24,24,1.0,9.104524266666667,0.04105967447108454,0.040966663853307675,0.5068124450438993,0.3451187037242588,0.34543621659293755,0.5134932631257532,0.20650835161100378,0.02148629724897918,0.01724381779739293,1.1350953397956125,0.23809523809523808,0.12816768697152486,0.025858138120925578,0.02390858447985869,0.6358191704308211,0.19047619047619047,0.2624471454732238,-0.1466073020419533,1.03297364103901e-06,-0.4315656136043046,24,0.5416666666666666,0.4194098711013794,0.11226193161677031,0.16430528248363083,0.21897810218978103,0.5462506674586011,0.24163203125845592,1.3834468406772454e-06,0.539340101522843,0.35294557427363754,0.4928131229430932
complex|RNA polymerase II core complex (human),complex,12,12,1.0,9.400121716666666,0.047636108790604384,0.07616342914254708,0.3750881607435373,0.1619575750732484,0.2649548199602846,0.4189158628900332,0.0745752889282919,0.015849498778741075,0.04582928533543899,0.6935872942204332,0.19047619047619047,0.24397053205249614,0.032933977606043885,0.03262759536767183,0.45060419006935787,0.23809523809523808,0.32613742310001054,-0.32550456995703886,3.53594840507576e-13,-0.6974446787332239,12,0.5833333333333334,0.38720703125,0.23510038348748025,0.003232975609853865,0.17518248175182483,0.5091429156801872,0.18781261627078433,6.252890730196386e-13,0.539340101522843,0.5140334853698397,0.5665193657391191
complex|Prefoldin complex (human),complex,6,5,0.8333333333333334,10.2168634,-0.0313411208883982,0.032707037379294104,-0.17916675174440289,0.09002886851772232,-0.03239924997012009,-0.06696822004141603,0.020719099317742688,0.019403256269550063,0.06971680979507054,-0.7278643028433043,0.6666666666666666,0.7666516715203591,0.04214426323992597,0.07299173178039442,-1.0067631269445008,0.8095238095238095,0.8429756909807622,-0.523936448112263,1.695038828913315e-18,-0.9237174972229234,5,0.8,0.1875,0.17588540491766297,0.0285877157728661,0.19014084507042253,0.3820960358671259,0.032609691990327046,3.972747255265582e-18,0.39254926108374383,0.8758789257961092,0.9201113765561433
complex|SNAPc (small nuclear RNA-activating protein) complex (human),complex,5,5,1.0,8.55016388,-0.04715692004632488,-0.03914902722046154,-0.2905997585491604,0.1729562164233282,-0.04365507846997906,-0.09129567687803876,0.051470261974716124,0.04014605048110746,0.06569086378711622,-1.3289971465492412,0.9523809523809523,0.9080755443583943,0.04324177273760433,0.08768326607279132,-1.0309685853727624,0.9523809523809523,0.8487222241301038,-0.26225982894411015,5.533596339690837e-10,-0.5586508621849006,5,0.6,0.5,0.21048628790564272,0.008567671506557656,0.19708029197080293,0.4464480039948537,-0.04651634748958004,8.43939633146629e-10,0.539340101522843,0.9405019788363534,0.9205970594775138
complex|GPR56-CD81-Galphaq/11-Gbeta complex (human),complex,8,7,0.875,9.597278014285715,-0.030305209072621474,-0.06773588689254255,-0.2592820425596248,0.08559075523669996,-0.06783883010370131,-0.14555171851075552,0.03155209797339584,0.013195304531311292,0.0575519612522603,-0.7558476315561587,0.8095238095238095,0.7751297225105193,0.008994782010822534,0.0562230681084862,-0.6990011823547592,0.7142857142857143,0.7577243540343617,0.36724268054448894,8.876428082495979e-20,1.0173339636178673,7,0.5714285714285714,0.5,0.08970706712642197,0.26698038887445885,0.23529411764705882,0.1606099867096688,-0.5596054254713431,2.2104386338246825e-19,0.539340101522843,0.8808292301255901,0.8673593546654693
complex|GPI-GnT activity complex (human),complex,4,4,1.0,8.93226575,-0.15344500546590034,-0.1176566049983772,-1.1373352737592488,0.0753295882503225,-0.34542001217431817,-1.0553943554605136,0.047586930021717364,0.01996008584891025,0.1059207505720152,-1.6371210587005138,1.0,0.9491974113745416,0.02177188299365381,0.07969118021947567,-2.198698626083756,1.0,0.9860503206398907,-0.05877632657784908,0.21113560795569764,-0.12584802017317778,4,0.5,0.6875,0.22895169346782251,0.0041633043885289335,0.18382352941176472,0.30990753298500767,-0.15362827667977044,0.2269796797162854,0.6875,0.9620244034201435,0.9897731793163372
complex|Lymphotoxin beta receptor complex (human),complex,3,3,1.0,9.587587999999998,0.11913092184303668,0.13457455495672055,0.28862454847612756,-0.08007452783763089,,,,-0.0253388452338431,0.11567059088069594,1.2489757852615075,0.14285714285714285,0.10583696532157921,0.021295048579767852,0.10328063986044342,0.9472818274118774,0.19047619047619047,0.1717475942127028,-0.3840593341134617,2.6969945308285714e-09,-0.5643346985763539,3,0.6666666666666666,0.5,0.39625535754568014,3.3270844696626887e-07,0.11510791366906475,0.789237004688693,0.6236356342767726,3.993807232063215e-09,0.539340101522843,0.310211794908077,0.3719896661409737
complex|Rnase/Mrp complex (human),complex,10,8,0.8,8.716669212500001,0.06389401719709868,0.11373145720682608,0.3531865742392158,0.033757112754427665,0.24460730881038134,0.3930674471840946,0.001356708198192383,0.004348070100365374,0.044920700016693585,1.3255792335071501,0.09523809523809523,0.09248955427599143,0.03641443749545799,0.04219108027878571,0.6513125409461921,0.23809523809523808,0.25742237726118455,-0.9450705673867325,3.709856897008764e-27,-2.057506714759066,8,0.75,0.14453125,0.012571299668073861,0.8766237165612716,0.2158273381294964,0.5596728444685859,0.3095352854383169,2.782392672756573e-26,0.3328391494259938,0.280771861194974,0.4876872674710406
complex|PIDDsome complex (human),complex,3,3,1.0,8.951856000000001,0.06108955417735492,-0.1541479832215944,0.1633149834706562,0.088093742150802,,,,0.031196739040238414,0.08211725774247214,0.3640259789344566,0.23809523809523808,0.35791930499257285,-0.02423127884029108,0.1271373885967127,0.6710915959449877,0.2857142857142857,0.2510810901989313,0.35511663091045104,1.74865666822008e-10,0.575062909780923,3,0.6666666666666666,0.5,0.06360736038155393,0.4316965806079853,0.25,0.7750433095985626,0.5948451833445577,2.7189478682690267e-10,0.539340101522843,0.6339878656969712,0.4785177728006539
complex|Telosome complex (human),complex,6,5,0.8333333333333334,9.2072262,0.2013873104523168,0.18100738655040033,0.5576898867917743,-0.0023652218024733,0.35341601250427246,0.5222577673664945,0.01627931418490765,-0.0004721509670855323,0.061190890731988655,3.298848227320813,0.047619047619047616,0.0004854119250253551,0.042716072182355444,0.0738008684586289,2.1499914782020335,0.09523809523809523,0.015777944431642092,0.5038820608332037,1.3262630096835334e-11,0.6286107998661637,5,0.8,0.1875,-0.08993909316489963,0.26574019298049867,0.33587786259541985,0.654004474800036,0.31087877856020035,2.1735030043014204e-11,0.39254926108374383,0.0046533849955438175,0.06427117939406923
complex|Sos1-Abi1-Eps8 complex (mouse),complex,3,3,1.0,8.041996666666668,-0.025525574280323166,0.058203453672291815,-0.08069636495667643,0.07167598570248554,,,,0.025090940495647123,0.07787514902004011,-0.6499700535140526,0.7619047619047619,0.7421442172127732,-0.04235930718360011,0.11725302601155349,0.14356757753627816,0.42857142857142855,0.4429209723722767,0.1612100326329266,0.0018714364399966437,0.24571118179521223,3,0.6666666666666666,0.5,0.1356385549933937,0.09241318243016712,0.24817518248175183,0.6060111046426496,0.30075575543072375,0.002199153420272554,0.539340101522843,0.8649304176839907,0.6774906247147721
"complex|CD147-gamma-secretase complex (APH-1a, PS-1, PEN-2, NCT variant) (human)",complex,5,5,1.0,10.119607400000001,0.013954957733978457,0.12618473198171656,0.06608588570271634,0.04956178177664854,0.04728214191398406,0.09029494540520383,0.002294092299325415,0.010321601941747569,0.09382323206862761,0.03872554496495331,0.38095238095238093,0.4845546033724277,0.024854619226980987,0.06904019588478269,-0.157874139163689,0.47619047619047616,0.5627220117813513,0.4175467458592834,7.279016995343554e-13,0.6886431425299435,5,0.6,0.5,0.06012052463665367,0.4574161329255189,0.21678321678321677,0.5123834310515714,0.03883703341919084,1.2609710148183465e-12,0.539340101522843,0.7363612864122112,0.7698182028124709
complex|PBAF complex (Polybromo- and BAF containing complex) (human),complex,12,11,0.9166666666666666,10.24291628181818,0.03431655582352077,0.05665277236671256,0.2810391554073979,0.09152250482819756,0.1517408556320707,0.26349825985602626,0.042382738864051625,0.009075314547560226,0.0330990583613683,0.7625969597195842,0.3333333333333333,0.22285189915495707,0.014650417297631311,0.02563640324481842,0.7671176934644426,0.2857142857142857,0.22150577150668804,-0.3544314903029343,2.189919054416362e-17,-0.8776784853730403,11,0.7272727272727273,0.11328125,0.24935064935064935,0.001755004304832244,0.20149253731343283,0.46484133728966365,0.1154037260038179,4.8057604034094005e-17,0.30649038461538464,0.491064597512608,0.4424124458512722
complex|Retrotranslocation complex (human),complex,3,3,1.0,9.818062,-0.09102212336699456,-0.047806878815505716,-0.3338400262002664,0.09420183638861326,,,,0.033504751545063924,0.17795209854474506,-0.6997775015322277,0.7619047619047619,0.7579668663450815,0.06845474216464087,0.11428959704561145,-1.3953751667178451,0.9523809523809523,0.9185486320610624,-0.17819900381198853,0.0013610006615752991,-0.27892987614377085,3,0.6666666666666666,0.5,0.2029776674937965,0.01130841347211292,0.18115942028985507,0.6598774649674648,0.4125564178329058,0.001615713075892464,0.539340101522843,0.8749179386309726,0.9537048093467871
complex|Condensin II (human),complex,5,5,1.0,7.702019920000001,0.062039322011884314,0.11268799732074748,0.24852365405377289,-0.02727969769650855,0.1468119268258982,0.25603487963756805,-0.02084155315729564,-0.005339413471009076,0.040917513748169036,1.6466967151910208,0.09523809523809523,0.049810199867076826,0.022131288491303268,0.07138300404533396,0.5590691237263737,0.23809523809523808,0.28805727299785067,-0.7429902183424841,5.171107418156767e-23,-1.2348737959505836,5,0.8,0.1875,0.2862685701395379,0.00030497388109821413,0.15714285714285714,0.6481798482907369,0.39970979149957503,1.6776493532187986e-22,0.39254926108374383,0.1851545330335946,0.5187472077291803
complex|Conserved oligomeric Golgi (COG) complex (human),complex,8,7,0.875,8.231052642857144,0.003676726397283585,0.04303593689226194,0.02518157031516821,0.12210110501902587,-0.04812201894210719,-0.10110963778913262,0.059833261428135,0.019481959694074513,0.04094490668611176,-0.3860121948245142,0.5238095238095238,0.650256181354084,0.027928347741560073,0.05447977777901498,-0.4451490503989895,0.6666666666666666,0.6718939782092093,-0.29200850791476873,3.5213715749603643e-09,-0.5335463126495691,7,0.7142857142857143,0.2265625,0.013695981437916921,0.8656855117021223,0.2803030303030303,0.25200133546505726,-0.5513017125189418,5.172521610684867e-09,0.43570324890595624,0.8049287681810263,0.8284959595906594
complex|Cohesin-SA1 complex (human),complex,4,4,1.0,8.713052625,0.008974764858049008,-0.007553486852849918,0.034957844138922514,0.07781926180722273,0.05629016970704535,0.10658088339997907,0.03795932340125417,0.02066066364689203,0.0963708450091866,-0.1212596899791535,0.47619047619047616,0.5482573264538296,0.00909557162854969,0.07482397170350794,-0.0016145463512600197,0.42857142857142855,0.5006441105233452,0.4379678453910184,9.899946494332867e-14,0.6945091675944806,4,0.75,0.3125,0.33804904772646704,1.6930180940254654e-05,0.1386861313868613,0.772341545631139,0.5506299314868331,1.7803147786000574e-13,0.5165088998387369,0.7673195293398823,0.7249837259515838
complex|Cohesin-SA2 complex (human),complex,4,4,1.0,9.132679125000001,0.05029079311476951,0.09404775933035218,0.17479190227302835,0.0703698280887881,0.11327409342534396,0.20349722336000825,0.049012611030985524,0.01857267392567096,0.09038782834482884,0.3509113978056224,0.3333333333333333,0.36282741018323367,-0.028378970444451646,0.060534214442151166,1.2995917149366993,0.14285714285714285,0.09687047039167868,0.34479098248149626,5.737639697940242e-08,0.4806211346845915,4,0.75,0.3125,0.2523959911056685,0.0015331925362430435,0.16312056737588654,0.7577515888752431,0.6198142739502002,8.083415044059457e-08,0.5165088998387369,0.6354463571203612,0.26167341048599646
"complex|Protein-sorting complex (Stam2, Hgs, Eps15) (mouse)",complex,3,3,1.0,9.145764833333333,-0.015395619342432276,-0.160686930581311,-0.04765418955213063,-0.1095472717006631,,,,-0.03403046111995033,0.09342816813597828,0.19945635400232106,0.5238095238095238,0.42095289090364935,0.022315034292661982,0.13535530935063403,-0.27860490893198653,0.6666666666666666,0.60972597747933,0.8066869336719708,3.900645387359702e-25,1.2224918688365443,3,1.0,0.125,0.22895491605169024,0.004162759518336933,0.17518248175182483,0.25546732691114155,-0.645325193979414,1.6094896015804597e-24,0.30649038461538464,0.681110324748925,0.7957017618077235
complex|MRN complex (MRE11-RAD50-NBN complex) (human),complex,3,3,1.0,8.420808333333333,0.12688284933958208,0.23603367258128202,0.3036042128284078,0.11010761307232872,,,,0.03961012165687135,0.12567655538475084,0.6944232949059654,0.19047619047619047,0.24370839454329468,-0.010493581625915922,0.08814830416258719,1.55846935764199,0.09523809523809523,0.059561013181572496,-0.26307671386869863,0.0013860569648665195,-0.28696815700618633,3,0.6666666666666666,0.5,0.11475621153040509,0.15507264500272816,0.2127659574468085,0.745307321524368,0.46316307513566185,0.0016408752369589715,0.539340101522843,0.5140334853698397,0.1852202239183047
complex|OGT-TRAK1-TRAK2 complex (human),complex,3,3,1.0,9.709268333333332,-0.07181976599452329,-0.06263269639065812,-0.2515988372093022,0.16944042927687422,,,,0.06367262052941666,0.15915135559787005,-0.8513429622697684,0.8095238095238095,0.802710566982309,-0.025733386729587665,0.11628511021601262,-0.3963222735853714,0.6190476190476191,0.65406635113528,-0.6824354275029765,1.052779456826657e-21,-1.0804270963207803,3,1.0,0.125,0.12863265766491572,0.11068214428879988,0.24444444444444444,0.2928850702992903,-0.5500229833410695,2.9961915344955082e-21,0.30649038461538464,0.8955031257422612,0.820716569102761
complex|26S proteasome (human),complex,22,20,0.9090909090909091,11.0175912,0.1061702794587534,0.25629033526889305,0.7037586966906847,0.45740699680026486,0.5277799949620762,0.6909109907217723,0.26754587584213574,0.040445326327638434,0.037437059650576275,1.7556120524573102,0.09523809523809523,0.039577336434171204,0.017967756742084135,0.019397821303840417,4.547032439112467,0.047619047619047616,2.720380749594291e-06,0.3840840391581096,6.931210043596485e-11,0.5996462576568564,20,0.7,0.057659149169921875,0.2338113499403822,0.0034108179447612233,0.2,0.3470688332454939,0.08585079950426963,1.0964383133480791e-10,0.2219707520891365,0.1576909498549009,2.8665169055642326e-05
complex|Wave-2 complex (human),complex,5,4,0.8,10.172124375,0.0013179945377075342,-0.03659887909666185,0.005251214933035856,-0.07384658923924392,0.08888755806790961,0.16326306129464663,-0.04103401362338227,-0.017492809093959383,0.09718992843560996,0.1935468410611024,0.42857142857142855,0.4232653628160372,0.008820066799435752,0.07793653342077839,-0.09625873685226184,0.5238095238095238,0.5383424589623499,-0.3133675660664653,2.099331539883045e-10,-0.569975816956354,4,0.5,0.6875,0.15630176275337565,0.05211973105859595,0.23703703703703705,0.6249787551668137,0.2893504237425723,3.2602286398914525e-10,0.6875,0.6819033317091941,0.7502614545130587
complex|Wave-2 complex (Rac-activated) (mouse),complex,5,4,0.8,10.546119375,0.04165381368315094,0.125463855932291,0.14810752498074242,0.04065376572010466,0.09964704548067305,0.1812345986654577,0.0071630840467635445,0.010483073748164509,0.12010220585323862,0.2595351160583692,0.3333333333333333,0.3976111956329678,0.018359697733906267,0.10546841287759352,0.2208634349725144,0.42857142857142855,0.41259938450163874,0.016011185954583652,0.796019465601184,0.029513553319305094,4,0.5,0.6875,0.13439786020431183,0.09546099418053766,0.22962962962962963,0.6971213915865171,0.5207951266866515,0.8067764854066054,0.6875,0.6626853260549463,0.6502647901601847
complex|BAF complex (human),complex,13,11,0.8461538461538461,10.76560059090909,0.003953454734374937,0.03692271608098425,0.041834109495683905,0.12837942483578538,0.03972887358049417,0.07642160295824164,0.05441216380462186,0.013212917482123906,0.0375506856774039,-0.24658571689733075,0.5714285714285714,0.5973855702319785,0.017089603621368084,0.03458229416679326,-0.3798518636050117,0.6190476190476191,0.6479723094791588,-0.32055084621646374,2.5782943121042058e-18,-0.8931620302914145,11,0.8181818181818182,0.03271484375,0.29896232799458605,0.00015763869569784074,0.15827338129496402,0.1291130927788656,-0.22227957245749294,5.987841981662773e-18,0.158598577115019,0.7818815489073238,0.8183589932867793
complex|20S proteasome (human),complex,14,14,1.0,11.246087857142859,0.13629907341957215,0.31156847295622647,0.6884069844192454,0.3921104149593071,0.5259215782953506,0.689316653982798,0.21966950263467058,0.044044658178137096,0.04803022626419763,1.920757456647726,0.047619047619047616,0.02738114612030499,0.036790041778961155,0.03452204805911333,2.882477640672365,0.047619047619047616,0.0019728056863764667,0.41162468414966635,4.541810296635303e-11,0.5978622371197797,14,0.6428571428571429,0.21197509765625,0.22523605426831234,0.004835870035120276,0.18382352941176472,0.4936829021413914,0.15466541474055942,7.229473318614246e-11,0.42269858065992594,0.12379773511840021,0.011179232222799977
complex|PA28-20S proteasome (human),complex,16,16,1.0,11.44946625,0.14551854798266786,0.2516823886694079,0.7315296910360504,0.30274655248413407,0.5472518343436037,0.7073856009687864,0.16783513507444467,0.02642043732614649,0.030966726309558983,3.8460026244284498,0.047619047619047616,6.003023847562673e-05,0.02430833247646777,0.02484215468097681,4.8792150706242206,0.047619047619047616,5.325443540255321e-07,0.31200292188013934,1.546031165551291e-08,0.48775293637540207,16,0.5625,0.4018096923828125,0.16995585060101187,0.034497175080362534,0.21014492753623187,0.4996194434604056,0.13381052502318305,2.219808261348982e-08,0.539340101522843,0.0007153135893123746,6.466610013167175e-06
complex|PA700-20S-PA28 complex (human),complex,36,34,0.9444444444444444,10.643396470588236,0.08068966068432212,0.19372405279752172,0.7490114995648998,0.4702849126801471,0.618308143975624,0.7641414229760403,0.30804027092782693,0.02544749448552866,0.015825029810990952,3.4908096135418423,0.047619047619047616,0.00024077964061392786,0.01959228378013917,0.014024237815851581,4.35655596449774,0.047619047619047616,6.606246116444868e-06,0.3075339595737658,1.4421728534328019e-09,0.5458068056929541,34,0.6470588235294118,0.06072474247775972,0.3210048016499629,4.652392099870066e-05,0.15441176470588236,0.3174182037181769,-0.17468860931898683,2.155651099796978e-09,0.2219707520891365,0.0025371408411798187,6.580440467552506e-05
complex|PA28gamma-20S proteasome (human),complex,15,15,1.0,11.13533486666667,0.12998785956785114,0.29918237316447427,0.691466460759173,0.3518720464723864,0.5690915116057389,0.7253770827213969,0.20944160192252897,0.03492945548190378,0.03125153802953712,3.0417192266218622,0.047619047619047616,0.001176156006377937,0.02588883696154697,0.021721325503324784,4.792480209845859,0.047619047619047616,8.236601297708642e-07,0.30122097545406823,2.464201604512313e-07,0.44506082407478076,15,0.6,0.30361938476562494,0.2279398021333505,0.004337595926458693,0.1897810218978102,0.4481262871115314,0.10660271739316697,3.385621816544396e-07,0.5165088998387369,0.009674831665366902,9.814641733250952e-06
"complex|Ubiquitin E3 ligase (ASB2, TCEB1, TCEB2, CUL5, RNF7) (human)",complex,5,4,0.8,11.20846425,0.02743999235134738,0.10860637521526018,0.10141175598009806,0.09833987623444149,0.11136331600175936,0.2004084792044424,0.0517733293900378,0.02654261733646495,0.14039562665905428,0.006391759032933938,0.42857142857142855,0.49745007443832784,-0.015415113034097839,0.07859647986566852,0.5452547678813364,0.38095238095238093,0.2927891543034056,-0.29275633466449064,4.2590065745251726e-07,-0.4242415626252413,4,0.5,0.6875,0.3932841352196191,4.1440732040017154e-07,0.12408759124087591,0.3278177506700972,-0.38356627722126563,5.770704976110091e-07,0.6875,0.7383572117681816,0.5235710683546173
"complex|Ubiquitin E3 ligase (ASB1, TCEB1, TCEB2, CUL5, RNF7) (human)",complex,5,5,1.0,10.437975600000001,-0.04347433732722883,0.16453587531552535,-0.26312914799910103,0.11749293474746089,-0.08571333447860872,-0.1874977240966954,0.03512754574178201,0.025936468378954664,0.06243667951118998,-1.1116991846714654,0.9047619047619048,0.8668662447514005,0.02124565027978916,0.08447935662843169,-0.7661041725457027,0.7619047619047619,0.7781928397632213,-0.3609718868053413,3.824985614683147e-10,-0.570244405186497,5,0.6,0.5,0.4017111920337727,2.21061767260576e-07,0.12408759124087591,0.12233816200492516,-0.6962414117464415,5.89704553654294e-10,0.539340101522843,0.9291693728033986,0.877828746460201
"complex|Ubiquitin E3 ligase (ASB6, TCEB1, TCEB2, CUL5, RNF7) (human)",complex,5,5,1.0,10.49752654,0.012272705133616935,0.08347112051054646,0.0584921004616383,0.20796377294642926,0.03991416864829312,0.07676435200450163,0.08422911445242705,0.049893604355402583,0.10219715669238179,-0.3681208013939792,0.5714285714285714,0.6436084194856959,0.006993524802199352,0.07563682864846275,0.06979642623507692,0.42857142857142855,0.4721778458469713,-0.07457828889477428,0.06743070167641818,-0.11931034420183526,5,0.6,0.5,0.3784505816763882,1.2016735666656854e-06,0.12857142857142856,0.26338012499017327,-0.12833730085471884,0.07443648886357851,0.539340101522843,0.8016235742134802,0.7008460459311856
"complex|Ubiquitin E3 ligase (ASB7, TCEB1, TCEB2, CUL5, RNF7) (human)",complex,5,5,1.0,10.47029846,-0.0060082962626230255,0.1779411308678421,-0.030781252859165276,0.1864637252527031,0.04447968682487049,0.08517099448833698,0.08476086201326274,0.0438310685023433,0.09186530304891385,-0.5425265373416257,0.7142857142857143,0.706272084386081,0.02401202498078818,0.06113512131103702,-0.4910486901739653,0.7142857142857143,0.6883039947564658,-0.05362699589546812,0.1643305516190683,-0.07988380093826371,5,0.6,0.5,0.35863491347362314,4.6012605059209515e-06,0.13970588235294118,0.18421105352275935,-0.6563439134845468,0.17726011278706605,0.539340101522843,0.8415858949460311,0.8338029831249569
"complex|Ubiquitin E3 ligase (ASB12, TCEB1, TCEB2, CUL5, RNF7) (human)",complex,5,4,0.8,11.20846425,0.02743999235134738,0.10860637521526018,0.10141175598009806,-0.12021442606249468,0.07397567630735594,0.13776043152430797,-0.06332685906800264,-0.027568048655532813,0.09088888810270306,0.6052229502986323,0.23809523809523808,0.2725154342899002,0.01915327926962583,0.09125517085261821,0.0908081482320056,0.5238095238095238,0.4638225177259704,-0.29275633466449064,4.2590065745251726e-07,-0.4242415626252413,4,0.5,0.6875,0.3932841352196191,4.1440732040017154e-07,0.12408759124087591,0.3278177506700972,-0.38356627722126563,5.770704976110091e-07,0.6875,0.5457786416254989,0.6941005987096388
"complex|Ubiquitin E3 ligase (WSB1, TCEB1, TCEB2, CUL5, RBX1) (human)",complex,5,5,1.0,11.1026556,-0.027907886049507002,0.08829656596729088,-0.15707382374531287,0.16881544553776948,-0.03882813220130054,-0.08079331803629611,0.06710019708662636,0.03903483564416448,0.09255048625316485,-0.7233103185493239,0.7142857142857143,0.7652553726056691,-0.004445569644229418,0.06803796834266691,-0.3448415197689591,0.6190476190476191,0.6348932414132105,-0.18091723757724687,0.00017712097704435537,-0.3126928276560111,5,0.6,0.5,0.17732267732267734,0.027292962829723977,0.2,0.6902597710096369,0.5997931328166516,0.00022010647732120185,0.539340101522843,0.8758533214292891,0.8111111050118671
complex|CAND1-CUL1-RBX1 complex (human),complex,3,3,1.0,9.872616333333333,0.09453978201339952,-0.07020530599503427,0.23852007436720724,-0.023657680696930507,,,,-0.007763450083521825,0.14928405641207024,0.6852924187331347,0.2857142857142857,0.24657970741339613,0.056782541950334275,0.1606200932482386,0.23507171051576578,0.47619047619047616,0.4070765376299093,0.03515043930356858,0.4026793475819659,0.045729894123413425,3,0.6666666666666666,0.5,-0.03010860107634301,0.7099679400889573,0.27941176470588236,0.6730371424384544,0.25518935142517907,0.4211781527210882,0.539340101522843,0.5162383036979968,0.6447485533889868
complex|CAND1-CUL2-RBX1 complex (human),complex,3,3,1.0,9.749144666666666,0.1636004408798836,0.010206381003768694,0.369801835867443,0.00809572818717366,,,,0.002713219721978699,0.14008157312542102,1.1485252311798049,0.19047619047619047,0.12537590160293705,-0.00875486609446086,0.14696229264350943,1.172785915856876,0.14285714285714285,0.1204408337384531,-0.5588298932432141,1.001684190682469e-12,-0.6583395600290606,3,1.0,0.125,0.0960104411717315,0.23467891873285476,0.2246376811594203,0.8021895372621883,0.579255876886219,1.7119937575337104e-12,0.30649038461538464,0.34759752477906986,0.2993412534435238
complex|CAND1-CUL4A-RBX1 complex (human),complex,3,3,1.0,9.823441,-0.057226443412597895,-0.07619124405385791,-0.19386809316367193,-0.02860442524086452,,,,-0.009356385722996083,0.14293111419790472,-0.3349169840187502,0.6666666666666666,0.6311561450604669,0.02995924476770826,0.12131682345302518,-0.7186611526641656,0.8095238095238095,0.763825137782442,-0.7038013760547873,1.8896986640708213e-20,-0.9963065274655188,3,1.0,0.125,0.22524572201991558,0.004834000606969952,0.15492957746478872,0.27527164462651277,-0.6871246821531349,4.9271284185895645e-20,0.30649038461538464,0.7956983158881971,0.868757404703491
complex|CAND1-CUL4B-RBX1 complex (human),complex,3,3,1.0,9.432596333333334,0.14461816266375158,-0.003329426090048493,0.3365205272827255,0.07281281696369306,,,,0.02550920363816101,0.11775101457703271,1.0115323375635927,0.09523809523809523,0.15588085592519318,0.0454458722530694,0.12128931382601121,0.8176506839913715,0.19047619047619047,0.20677833887417457,-0.1925055687009739,0.021534623294725084,-0.22168778639674583,3,0.6666666666666666,0.5,0.15742644452321872,0.05043045767785005,0.21897810218978103,0.8947680669045394,0.7972304997024363,0.024190876388347562,0.539340101522843,0.39041971143686277,0.42058778801408375
complex|Mediator complex (human),complex,33,28,0.8484848484848485,8.717823275,0.05639114623214807,0.04088616553342829,0.6259321883121444,0.36576804669133883,0.46452956307976234,0.6343737604079526,0.19397964843336776,0.02018112692096089,0.02444276869893979,1.4814205279763495,0.14285714285714285,0.06924727392683087,0.02566089998287128,0.01362625419706868,2.25522332145305,0.047619047619047616,0.012059657392852384,0.34593651488992416,1.0268444725932838e-20,0.9928481066512146,28,0.7142857142857143,0.017849069088697433,0.16395539943927043,0.041497821693906936,0.17391304347826086,0.504991849193653,0.2560776379096429,2.71623797210879e-20,0.11435961350798608,0.23419170890373833,0.052143412046424836
complex|ARC complex (human),complex,18,16,0.8888888888888888,8.39752325,0.06133965745220493,0.03772402044997385,0.5111385581876311,0.14032662298366605,0.37937029478875034,0.550063019657605,0.0579684143664889,0.010099000105529766,0.023533544360525925,2.1773455184516903,0.09523809523809523,0.014727398680548504,0.021404120801809704,0.023766655584687723,1.680317893617507,0.14285714285714285,0.046447740708286396,0.496097835624835,1.0827815724595715e-24,1.3149442359589774,16,0.8125,0.0106353759765625,0.027904353710805324,0.7303489257371012,0.2773722627737226,0.4097683028775312,-0.0668892497517881,4.221854755002917e-24,0.08056640625,0.07683655286519435,0.15276742518201974
complex|HuCHRAC complex (human),complex,4,4,1.0,9.54183375,-0.11760028934997276,-0.11463469342611488,-0.7268260017322966,0.06222891801109922,-0.16903874505766986,-0.40685108734558595,0.030691647511817428,0.016318858168003384,0.09249714201005453,-1.447819301307915,0.9047619047619048,0.9261662033563374,0.0008371463851096744,0.07273732577124671,-1.628289663927968,1.0,0.9482682599517488,-0.04467607235248793,0.3919293360726207,-0.10049636679956896,4,0.5,0.6875,0.2182108214366279,0.006378474382175464,0.2196969696969697,0.5933954517213512,0.09674508339556884,0.4102708567262655,0.6875,0.9496476374913594,0.9649178223770788
complex|SWI-SNF chromatin remodeling-related-BRCA1 complex (human),complex,11,10,0.9090909090909091,9.665744709999998,-0.010027101004306576,0.10655962060460969,-0.11021746492196598,0.24024338071869053,-0.0346661995024213,-0.07182220178046744,0.10735776948353633,0.03065185221263736,0.04535513564036786,-0.8968985020681554,0.8571428571428571,0.8151134602564287,0.020908312077054163,0.038852990880013455,-0.7962170319627663,0.8095238095238095,0.787047050184893,-0.3965974833920324,8.124694360039169e-19,-0.8934228477375931,10,0.8,0.0546875,0.2564274435242177,0.0012788684609331743,0.1678832116788321,0.4606901746162546,0.07602375378797709,1.936258936271017e-18,0.2219707520891365,0.9005802962105256,0.8807729736896426
complex|BRCA1-CTIP-ZBRK1 repressor complex (human),complex,3,3,1.0,8.055741866666667,0.08411668885497507,-0.033997151226853685,0.21600997829697255,0.03996382388696292,,,,0.013685901945716204,0.09836923944746011,0.7159838513021806,0.23809523809523808,0.23700066018124838,-0.0018862542527590994,0.08267325157863945,1.0402753183830866,0.19047619047619047,0.14910600385141792,-0.26591836070496927,8.086361711746257e-06,-0.37486295772356226,3,0.6666666666666666,0.5,0.2219586864748155,0.005508212222133224,0.14893617021276595,0.7883393322839162,0.572699429563671,1.0563638506635736e-05,0.539340101522843,0.5130319893566921,0.3425512272654803
complex|BLM complex III (human),complex,4,4,1.0,8.62025285,-0.04996157634401621,-0.09352472623455454,-0.23508142036846102,0.023214075741867932,-0.10624555657803518,-0.23775111242243943,0.02402489954216374,0.005906351809158934,0.09289609190380593,-0.6014023518990065,0.7142857142857143,0.7262139837117111,-0.0003419908324403885,0.09433585358776281,-0.5259886207041481,0.6666666666666666,0.7005519433263578,0.4761106182637655,8.047157277838308e-18,0.885474573873891,4,0.5,0.6875,0.12944797138345526,0.10842104226391827,0.21428571428571427,0.47845576308543486,0.1261094154192508,1.800022022674358e-17,0.6875,0.8526342384162305,0.839343807015151
complex|BCDX2 complex (human),complex,4,4,1.0,8.022351650000001,-0.03278300014792205,0.021534802374115463,-0.14543542973526097,0.007825196202372969,-0.03801915196064945,-0.07904346960365732,0.006821997066187852,0.0019678481489899843,0.05685282034449291,-0.6112422934577985,0.7142857142857143,0.7294804060767219,-0.016050163165243346,0.04505009131611967,-0.3714273710404537,0.6666666666666666,0.6448403789072544,-0.4347548282422292,3.476787707759527e-16,-0.7948386667663131,4,0.75,0.3125,0.30837549547226967,9.47176652775385e-05,0.17518248175182483,0.373158878908112,-0.28112489463947354,7.025204956249441e-16,0.5165088998387369,0.8535547359258608,0.8183547641962373
complex|RAD51B-RAD51C-RAD51D-XRCC2-XRCC3 complex (human),complex,5,5,1.0,7.912350720000001,-0.029101319392581537,-0.0005150738965138402,-0.16467571983997314,0.17668981617981735,-0.05215499758903691,-0.11004963355057866,0.06843592585376494,0.04115534792349905,0.06310283821149404,-1.1133677867326655,0.8571428571428571,0.8672247479498387,-0.0078862321546471,0.037445166700948315,-0.5665641017802481,0.7142857142857143,0.7144948148837527,-0.48959444115122475,1.0262885214402654e-19,-0.957584067696478,5,0.8,0.1875,0.22283200670297443,0.005321341976210037,0.2028985507246377,0.39927559588883893,-0.10005103989128297,2.550717085450952e-19,0.39254926108374383,0.9291693728033986,0.8443523492133405
complex|RAD17-RFC complex (human),complex,5,5,1.0,7.94730174,0.025103094457252294,-0.005925055352613251,0.11406221414365564,0.07421928827591207,0.06423808160510522,0.1207212609949459,0.01131854281551072,0.015780852572220238,0.07085707202818536,0.13156402908271284,0.42857142857142855,0.44766456938942945,0.028222594733253243,0.05748068995484275,-0.054270404173151904,0.5238095238095238,0.5216401355799997,-0.1963291600068473,3.3112767607907634e-05,-0.3259285831771089,5,0.6,0.5,0.15755534787792852,0.05023977968753277,0.22058823529411764,0.595407890980904,0.32303218199731837,4.2303385471024286e-05,0.539340101522843,0.7081542505850155,0.7414617311755849
complex|RAD17-RFC-9-1-1 checkpoint supercomplex (human),complex,8,8,1.0,7.795321812499999,0.003608789198700573,0.0060241097288586,0.028158974956907556,0.054613294921101,0.02891515510423432,0.05620513015245668,0.02974073270726201,0.0071692564945256025,0.02365193483630004,-0.15053598449631136,0.47619047619047616,0.5598291186663961,0.02708173637429126,0.03714386856882765,-0.631946754067775,0.6666666666666666,0.7362891645633594,-0.13505622217762625,0.00042026577736215464,-0.28737998898861045,8,0.625,0.36328125,0.20138248847926268,0.011981299981364059,0.21641791044776118,0.38018254437635673,-0.19397639915322268,0.0005132556189049302,0.539340101522843,0.7734713690050851,0.854980587266196
complex|SNF2h-cohesin-NuRD complex (human),complex,16,16,1.0,9.094953468749999,0.047930850046721735,0.05391432387118914,0.446137416552443,0.15632447251475445,0.30587611399352327,0.4684611514305411,0.07776194577505793,0.011448037417064436,0.024359136088389147,1.4977055219559672,0.19047619047619047,0.06710488827081758,0.013480900804732068,0.019464628406641545,1.7698744883429147,0.14285714285714285,0.03837402578997258,0.26608500441617156,3.299381871175145e-11,0.599614139902146,16,0.6875,0.1050567626953125,0.21381843962489122,0.007552707575390071,0.18518518518518517,0.7502743331224352,0.6261079390105733,5.284813926819485e-11,0.30649038461538464,0.23000796087296693,0.13117126778073737
complex|CRSP complex (human),complex,11,10,0.9090909090909091,8.27132453,0.06180739706488968,0.061302097438516036,0.39715173553172334,0.12531334337632624,0.24798768536329907,0.3974200839828125,0.06705258994562725,0.014124301429071387,0.0212662593643178,2.2421947752515767,0.09523809523809523,0.012474393344428358,0.02524884578704757,0.02772250774193317,1.3187317546508788,0.14285714285714285,0.09362940337847503,0.5150403399489627,5.064139399664051e-22,1.1425484692471148,10,0.8,0.0546875,0.1230704779091876,0.12710498788513375,0.18181818181818182,0.5635690851193784,0.32946255587665463,1.4843167205911874e-21,0.2219707520891365,0.06983470494922735,0.25562631543373804
complex|PCNA-MSH2-MSH6 complex (human),complex,3,3,1.0,8.59312,0.3648362214212784,0.43811464141223055,0.6327837786818825,0.10251238666313006,,,,0.03667738650590066,0.08543106932580889,3.84121183903103,0.047619047619047616,6.12141999596314e-05,-0.04659844663802025,0.09453277200900499,4.352296661946042,0.047619047619047616,6.735939978946412e-06,-0.5340965561509747,2.1835883003321597e-08,-0.5038951690980089,3,0.6666666666666666,0.5,0.08161515903451387,0.31270568545755295,0.2463768115942029,0.9272354035400121,0.8390273799272309,3.124663392731205e-08,0.539340101522843,0.0007226676384123152,6.65761509547029e-05
complex|ARC-L complex (human),complex,14,12,0.8571428571428571,8.25195575,0.06138556228256525,0.03651961599635549,0.439713847736616,0.08180331493286662,0.27227893613874926,0.4280176750628145,0.034475186113021014,0.007369559436623601,0.0228358711371816,2.3654014563951637,0.09523809523809523,0.009005267842113286,0.02511197060057339,0.032040379906554645,1.1321211479946032,0.14285714285714285,0.1287917524922984,0.4801469531272539,2.0381567876108485e-23,1.2178789348496857,12,0.75,0.072998046875,0.09006477393574168,0.2650700627575698,0.21897810218978103,0.5991559515689301,0.3916401432771291,6.838552379483768e-23,0.25222902375508127,0.055823331557740226,0.3136465168081004
complex|DNA polymerase delta complex (mouse),complex,4,4,1.0,8.2403335,0.2318569990583499,0.1272138461124996,0.5469709011174202,-0.008486448066662355,0.3955700047525268,0.566893818877502,-0.011450121725935692,-0.0021081937093439798,0.08955397533664013,2.6125606583984813,0.047619047619047616,0.004493337166967592,0.0008089149195629017,0.07351846148856467,3.142721970245869,0.047619047619047616,0.0008369237352328764,-0.32373848355037194,1.3218289148908818e-09,-0.5538541145122832,4,0.5,0.6875,0.05655634687892752,0.4845638975056606,0.27611940298507465,0.8336956234646221,0.6283622435662952,1.980413474131462e-09,0.6875,0.03130603763870863,0.005362199811165414
complex|PCNA-DNA polymerase delta complex (human),complex,5,5,1.0,8.3841638,-0.019171780801160266,-0.016411972289582487,-0.10382060774296709,0.09364520139605145,-0.054672902774187876,-0.11566980981425957,0.023935009491829955,0.02024577610373305,0.053078540442866584,-0.7426269934329136,0.7142857142857143,0.7711462294019291,0.004113881492786105,0.07308667534592295,-0.3186033867833521,0.5714285714285714,0.6249863575459307,-0.4260508617757442,1.0749127144782634e-22,-1.139995441473774,5,0.6,0.5,0.14922819116367503,0.063849675394332,0.20863309352517986,0.5644485798204816,0.4347974028824466,3.367355555183749e-22,0.539340101522843,0.8780008839091725,0.8072225079878252
complex|VEGF transcriptional complex (human),complex,6,5,0.8333333333333334,9.973103599999998,-0.08000008117673799,0.03473074132188869,-0.5882361718942125,0.136251018293566,-0.16155618322982254,-0.3853715180396067,0.07278778221133339,0.03058387045274973,0.08294012239929166,-1.3332986307533126,0.8571428571428571,0.9087830885697157,-0.008793639261399906,0.05387574084640734,-1.3216791230460903,0.9047619047619048,0.9068624882953558,0.43295488658656234,3.6609062249705865e-21,1.0420737320233502,5,0.6,0.5,0.013383390802745641,0.8687231795097674,0.20833333333333334,0.5803943691211765,0.21839248411641826,9.910096468869422e-21,0.539340101522843,0.9405019788363534,0.9468958111831351
complex|PC2 complex (human),complex,12,10,0.8333333333333334,8.924769470000001,0.10104125702479444,0.11801480342155986,0.529186001303381,0.06061651489307427,0.38442401072008203,0.5553558848204766,0.02184448004169986,0.006411425956592708,0.031087603647106887,3.0439731586390155,0.09523809523809523,0.0011673798523648693,0.025599831453039557,0.04232791702959285,1.782308955080669,0.14285714285714285,0.03734943158457123,0.20706987880184183,5.5776099735821425e-05,0.3753308885777635,10,0.7,0.171875,0.15374947633012148,0.056127555804356674,0.21739130434782608,0.5917546750531727,0.1397112394476949,7.04802053153343e-05,0.3824443717277487,0.00966499553094291,0.12891866733579452
complex|SMCC complex (human),complex,17,14,0.8235294117647058,8.646410928571429,0.04271082847729924,0.03992915710614282,0.3844752594824364,0.19007964224342902,0.26866502256963687,0.4235397331684375,0.08063058868046996,0.016487138958280637,0.03265927059407905,0.8029478014053633,0.2857142857142857,0.2110024527742888,0.018075471856887255,0.020581043283416055,1.1969926053390523,0.19047619047619047,0.11565471849324549,0.31228062316875893,4.695788675590136e-15,0.7643009984897096,14,0.7142857142857143,0.08978271484375,0.10646128065482904,0.1873518215025586,0.2116788321167883,0.682841660496405,0.617810556723266,8.936015763249885e-15,0.2922213807397959,0.4770002256865571,0.29257890095017464
complex|INO80 chromatin remodeling complex (human),complex,13,13,1.0,8.546665415384616,0.09760680569119703,0.12481567019240905,0.5843960700788895,0.22667174688996572,0.37177668022075144,0.5420367405005365,0.11104233912221714,0.02204991158673742,0.03595493129734632,2.1014334161733235,0.09523809523809523,0.017801468582292354,0.024431170486691325,0.029637206461082567,2.4690463084162353,0.09523809523809523,0.006773684277696379,-0.3153398850727638,1.1722123414901747e-09,-0.5594011550488026,13,0.6923076923076923,0.1334228515625,-0.01357030066707486,0.8669066084869097,0.27941176470588236,0.46639624377731237,-0.045961211476843004,1.758318512235262e-09,0.31856579727001405,0.09020604170299992,0.031940937263492904
complex|SRCAP-associated chromatin remodeling complex (human),complex,10,10,1.0,9.226931500000001,0.021700315927838075,0.009422038092521056,0.18154659338892018,0.06277292389061473,0.16641406505095968,0.2853430356117819,0.042068011518006224,0.00665316727579286,0.024396185695209658,0.6167828381057051,0.38095238095238093,0.2686889866368595,0.01977203016407322,0.03754238316474478,0.05136290243757529,0.3333333333333333,0.479518172650328,-0.032951414153025264,0.2722147459038553,-0.09204342408465804,10,0.6,0.376953125,0.13971190100222355,0.08294762613174118,0.20437956204379562,0.13163343449813744,-0.7105641894313134,0.2894693920161931,0.539340101522843,0.5429135625388207,0.7084422597093489
complex|Cell cycle kinase complex CDK5 (human),complex,5,4,0.8,10.5054485,-0.10953628239402835,-0.07638970720483262,-0.6525929448685182,-0.13588119392663525,-0.266038392600185,-0.7249381709287812,-0.05883109022750789,-0.030828534886154148,0.08172641216835846,-0.9630637809688044,0.9047619047619048,0.8322422417643334,-0.003381473393873134,0.10825977301268744,-0.9805563603732521,0.8571428571428571,0.8365942182579715,0.2763436815863045,3.2604209751610486e-11,0.5919424325032892,4,0.5,0.6875,0.27394540942928036,0.00056222887873576,0.16058394160583941,0.2730633234212569,-0.26897948525785415,5.2289770356356437e-11,0.6875,0.9092620893312126,0.9155859470205268
"complex|28S ribosomal subunit, mitochondrial (human)",complex,30,30,1.0,9.601327953333332,0.12917978401886931,0.1895830940761672,0.8165231773538634,0.32072676444286047,0.699885238067919,0.8234499863807336,0.18741274495071178,0.015494852150723246,0.017093363258062353,6.6508229042944365,0.047619047619047616,1.4572940503883686e-11,0.03584371307002711,0.021989058800025878,4.2446596645024375,0.047619047619047616,1.0946271979964205e-05,-1.1264868156171695,1.6605450340442345e-27,-2.489200425712359,30,0.9666666666666667,2.8870999813079834e-08,0.13738519544971156,0.08825420638154206,0.20863309352517986,0.6881284623808642,0.380246751565523,2.1846601339144965e-26,9.202631190419197e-07,3.4408331745280925e-10,0.00010187223922959387
"complex|55S ribosome, mitochondrial (human)",complex,78,78,1.0,9.582598141025642,0.10901732750045896,0.19212503665086472,0.9051574436391197,0.6156669635185814,0.8347377020599623,0.9099259268752757,0.44415932286039866,0.020124015542603395,0.010637668941738666,8.356465353896084,0.047619047619047616,3.231270076670431e-17,0.022339396279633966,0.012052675640929386,7.191592456572674,0.047619047619047616,3.2019972451372214e-13,-1.0562837548515513,1.6605450340442345e-27,-2.517159103702509,78,0.9358974358974359,7.483229370420609e-17,0.16740678676162546,0.037338515670233365,0.208955223880597,0.6980119412636924,0.4765417934607085,2.1846601339144965e-26,5.612422027815457e-15,1.1134782020958918e-15,6.185676496287814e-12
"complex|39S ribosomal subunit, mitochondrial (human)",complex,48,48,1.0,9.570892008333333,0.09259795719794327,0.18818599159812935,0.8304588167970721,0.46488489456543314,0.7181466232664738,0.8359549918983762,0.2876692218019493,0.017777346334450005,0.012789709438761045,5.8500633827332065,0.047619047619047616,2.456928623736838e-09,0.028724584904285522,0.014038240982163865,4.5499555375072545,0.047619047619047616,2.6828626151469274e-06,-1.0124068418730399,1.827819653864277e-27,-2.433366740928215,48,0.9166666666666666,7.569163074094831e-10,0.15700750862041185,0.05105431246346112,0.208955223880597,0.5974363155156047,0.2881085171000713,2.1846601339144965e-26,2.8384361527855614e-08,5.13538359879421e-08,2.8505415285936105e-05
complex|p54(nrb)-PSF-matrin3 complex (human),complex,3,3,1.0,11.019559333333333,0.30760797408116947,0.28252780034607006,0.5713316063362439,0.056230519486861474,,,,0.01947351022646505,0.10887730615541283,2.6464143358159293,0.047619047619047616,0.00406750533124172,0.0339284941173924,0.11088054090939131,2.468237237293249,0.047619047619047616,0.006789014900711041,-0.6163715144812825,6.952452643260779e-12,-0.6318524251396643,3,0.6666666666666666,0.5,0.16108085462924174,0.04525221302197893,0.19424460431654678,0.8504678306627674,0.728572434087778,1.1482353782587427e-11,0.539340101522843,0.02865231655985189,0.031940937263492904
complex|Spliceosome (human),complex,142,122,0.8591549295774648,9.871003175409834,0.03175844658311306,0.04337513701805043,0.8000646022344408,0.7435834453420174,0.7006067856229256,0.8239491827810108,0.5808755970026589,0.023217825701628225,0.010571692371474699,0.8078764100750561,0.23809523809523808,0.20958086625888317,0.024237225739919974,0.007530830952995202,0.9987238978192315,0.19047619047619047,0.15896423031765777,-0.1106975586654771,4.500102782651228e-07,-0.4483269520350444,122,0.5327868852459017,0.2632081549831163,0.0394347587895975,0.6261348540156557,0.24087591240875914,0.12315849295653453,-0.49138038337067463,6.090903447855962e-07,0.48706879187731966,0.47547260583643425,0.354955155262721
complex|DNA ligase IV-condensin complex (human),complex,3,3,1.0,7.768092333333333,0.1214823413535951,-0.04528784392527041,0.2932078675534171,-0.01569839858685082,,,,-0.0051786023530430245,0.0696024707206469,1.819776545217746,0.14285714285714285,0.034396520484671275,0.04418016906408633,0.09366701669410128,0.8252870115631313,0.2857142857142857,0.20460433201013323,-0.44729901001264555,2.2704925591802757e-13,-0.6922278584836077,3,0.6666666666666666,0.5,0.3388160226869904,1.6154340130312145e-05,0.14705882352941177,0.7868908974879898,0.6263182408180467,4.037486768416808e-13,0.539340101522843,0.1437887331736258,0.42058778801408375
complex|DNA ligase III-XRCC1-PNK-DNA-pol III multiprotein complex (human),complex,4,4,1.0,8.932939375,0.20587638406338282,0.018243104955997087,0.5090817849929115,0.06673125818358605,0.36287606234399983,0.5325151308621449,0.022352518328636425,0.01756175294851952,0.10305343421069331,1.8273493994373153,0.09523809523809523,0.03382362609691555,0.049627545341717975,0.0894681647156354,1.74641828429458,0.14285714285714285,0.04036914752613908,-0.5703910667646154,8.927710887800049e-19,-0.9371913104235847,4,0.75,0.3125,0.0683155554123296,0.3983205276074303,0.21379310344827587,0.8984733324242621,0.8059536614241655,2.1197078923547602e-18,0.5165088998387369,0.14279842143565338,0.13652695781386556
complex|PCNA-MutS-alpha-MutL-alpha-DNA complex (human),complex,5,5,1.0,8.5694248,0.043617343680661544,0.07647374394532336,0.1856895744555359,-0.08192673550957534,0.09161735568499457,0.1678561726924986,-0.01292410541126816,-0.015377485361128252,0.05822944923236196,1.0131442048571269,0.23809523809523808,0.15549564321436654,-0.004566083276509624,0.07570003582561667,0.636504678388356,0.14285714285714285,0.2622237663202136,-0.2413192840401853,1.092328538243231e-05,-0.3777730159738654,5,0.6,0.5,0.17621733105604073,0.028284142088425047,0.21323529411764705,0.7925063196127327,0.6959476759907206,1.4211417206735911e-05,0.539340101522843,0.39041971143686277,0.4928131229430932
complex|MCM complex (human),complex,6,5,0.8333333333333334,9.1400341,0.0884561266790056,0.35364552000446536,0.3266897823174067,-0.0978195844191583,0.15861236647742824,0.27379712329441686,-0.00712284209401671,-0.018144042709787745,0.04516926825079881,2.360015415722572,0.047619047619047616,0.00913708782866548,0.03436539408600406,0.05855417124283143,0.9237724904120075,0.19047619047619047,0.177802390433136,-1.1460513319609469,8.5621855531552e-27,-1.7603941559275238,5,1.0,0.03125,0.36468048080951304,3.0836886321359645e-06,0.1366906474820144,0.7181581839392277,0.584631859445828,5.485822402147176e-26,0.15625,0.055823331557740226,0.3816465451216303
complex|ORC complex (origin recognition complex) (human),complex,6,5,0.8333333333333334,9.2298325,0.11977140630580899,0.08863953510006883,0.40488327471823043,0.18221920124850993,0.23091678750328676,0.3751947976461734,0.07730526357789294,0.04266306377244538,0.09071938091141453,0.8499654843176034,0.14285714285714285,0.19767213810148088,0.03132413465597299,0.07295601473346856,1.2123369399077226,0.09523809523809523,0.11269171452304871,-0.2161457290905574,0.0009281213347108151,-0.2984583069946142,5,0.6,0.5,0.09006155135187392,0.26508723116953037,0.25925925925925924,0.8036796797261786,0.6683592068092458,0.0011163723601474427,0.539340101522843,0.46024330196840013,0.2901289491710285
"complex|Ubiquitin E3 ligase (SKP1A, FBXW2, CUL1) (human)",complex,3,3,1.0,9.073794333333334,-0.01492434328018962,0.058336796101852974,-0.04615056354645142,0.04018458298972943,,,,0.013763583574157684,0.11374819342208106,-0.25220556029313024,0.5714285714285714,0.5995589097618363,0.03138912790928408,0.13813073076954924,-0.335287237904655,0.7619047619047619,0.6312957900897687,1.0717936675550266,3.931484899229176e-26,1.6221568517384537,3,1.0,0.125,0.17247268860172085,0.03187338174722002,0.23880597014925373,0.38564709914776446,-0.4107192083183227,2.0050572986068798e-25,0.30649038461538464,0.7829514935641531,0.8089468666979448
"complex|Ubiquitin E3 ligase (DDB1, CUL4A, RBX1) (human)",complex,3,3,1.0,11.072498666666668,-0.2532430106828587,-0.042939363305403745,-1.5394275845053043,0.03900959500874529,,,,0.013350393977768387,0.1825910158483952,-1.460057623437392,1.0,0.9278628811143703,0.08647054366767327,0.14413887297550385,-2.356848970286216,1.0,0.9907846294354027,-1.017585777350948,3.709856897008764e-27,-1.7246695761435138,3,1.0,0.125,-0.11090844639231737,0.16948378295661068,0.29285714285714287,0.1543464963880995,-0.7789168270484546,2.782392672756573e-26,0.30649038461538464,0.9496476374913594,0.9915623253768747
"complex|(ER)-localized multiprotein complex, Ig heavy chains associated (mouse)",complex,10,8,0.8,9.902825125,0.1007452604381689,0.5511485611864552,0.47264492855264156,0.0545779990093857,0.33927143021077577,0.5066507394358154,0.008434848464150617,0.007164390722194655,0.05243353523228073,1.7847522449403932,0.14285714285714285,0.037150756247185224,0.031523693653679935,0.06467299777807355,1.0703318102250943,0.14285714285714285,0.14223499042453386,0.11024966234164654,0.1310875128298526,0.11567721063483645,8,0.75,0.14453125,0.43545486771293224,1.4905171944199434e-08,0.12318840579710146,0.5637365324276543,0.04302165626984215,0.14200219104338324,0.3328391494259938,0.1527974652101973,0.3315349411175149
complex|18S U11/U12 snRNP (human),complex,24,20,0.8333333333333334,10.334904485,0.014221310004562981,0.05176687695708984,0.22392151243556194,0.2837946273907494,0.15176620274253952,0.2635364753387622,0.16523492850444516,0.01942747328430828,0.02482234615704153,-0.2097369542269649,0.6190476190476191,0.583063509172004,0.01245212957915131,0.015206078560661196,0.1163469212890048,0.5238095238095238,0.4536888001371379,-0.43729301999622244,5.844001460882863e-23,-1.2194214978317555,20,0.75,0.020694732666015625,0.06706519287164449,0.40703067832774115,0.26666666666666666,0.27432368984662897,-0.15737604223357418,1.8911426047273224e-22,0.12330390551224815,0.7768087504642687,0.6853711139512451
complex|BASC complex (BRCA1-associated genome surveillance complex) (human),complex,12,12,1.0,8.372800166666668,0.0237194533574863,0.08954413991501792,0.22573581008670882,0.05885178881153212,0.13320292863906855,0.2350910419884635,0.01738839483425201,0.0051839782620175185,0.025955941583109904,0.7141129916677813,0.23809523809523808,0.23757865654337218,0.016164011490362278,0.034198267513219575,0.22093054463075984,0.38095238095238093,0.4125732569154497,-0.28444675627848254,1.859218778327699e-11,-0.6374199395530383,12,0.5833333333333334,0.38720703125,0.31085688505043346,8.257647541174329e-05,0.1357142857142857,0.3767119619849102,0.1391427642731653,3.0274635279282453e-11,0.539340101522843,0.5134115035471178,0.6502647901601847
complex|GCN5-TRRAP histone acetyltransferase complex (human),complex,10,10,1.0,8.75253192,-0.03714419033118908,0.011943829415408894,-0.5579699973317388,0.11972201526367245,-0.20176839019584222,-0.5055384620645257,0.0590172293647675,0.01341798714160471,0.02312350594246435,-2.1866138118761937,1.0,0.9856146358996626,0.01381912048912894,0.03722984623972631,-1.36888319366566,0.9523809523809523,0.9144821050037031,-0.37557291676773963,4.3505850468102823e-20,-0.9946119938409241,10,0.7,0.171875,0.1854210305823209,0.020896210457092782,0.19708029197080293,0.4945461581957635,0.1645614832613566,1.104979269857193e-19,0.3824443717277487,0.9879391987201807,0.9502564660796425
"complex|Succinate dehydrogenase complex II (EC 1.3.5.1), mitochondrial (mouse)",complex,4,4,1.0,10.87144275,-0.03042346296356428,-0.06774725717723384,-0.13391645916072054,0.1399135243402765,-0.06646439869138193,-0.14239285271651772,0.06924276923678095,0.0390791581431092,0.10600289616116561,-0.6556671904605557,0.6666666666666666,0.7439808582364758,0.004494823630007261,0.09137468591846842,-0.3821439848748519,0.6666666666666666,0.6488227160527635,-0.867836014305774,1.3996363969133638e-26,-1.6710031898230213,4,1.0,0.0625,0.2166833166833167,0.006766954889230543,0.18840579710144928,0.3322789679694717,-0.4145690230273056,8.300169330532738e-26,0.2219707520891365,0.8662790815082252,0.8183589932867793
complex|TFTC-type histone acetyl transferase complex (human),complex,11,10,0.9090909090909091,8.467118500000002,0.08552817193593892,0.025972279935030863,0.48327730186193296,0.11794573807967085,0.33384902654872867,0.5005799305676254,0.059613507933966844,0.013195266734734876,0.03286086895864229,2.201186623891172,0.047619047619047616,0.013861407422200019,0.025602547867216514,0.036685203990861254,1.6335093593496344,0.09523809523809523,0.05118095695396542,0.2059165461785846,2.391183517616101e-08,0.467180977240903,10,0.6,0.376953125,0.052860043182623835,0.5136066790978548,0.27611940298507465,0.7502986524770309,0.6021353569825041,3.4102449496202784e-08,0.539340101522843,0.07333317204690881,0.16395909576961284
"complex|Gamma-secretase complex (APH1A, PSEN1, PSENEN, NCSTN) (human)",complex,4,4,1.0,9.88238825,-0.0022952722667792433,0.13573845864420728,-0.009244746699253643,-0.013744512311787034,0.03129558802021822,0.060691790760583925,-0.012279286089786422,-0.0034010685564611247,0.09906899350244411,0.011161880731680196,0.3333333333333333,0.4955471463092387,0.03672982442373536,0.09765281528646734,-0.39963104572083624,0.5714285714285714,0.6552858567424398,0.5476765799268395,1.652969666027717e-16,0.8352676645179994,4,0.75,0.3125,0.048590119557861494,0.5482395882311054,0.23741007194244604,0.4933858896248837,-0.11510132900039893,3.399252135782805e-16,0.5165088998387369,0.7378405231940188,0.820716569102761
"complex|Gamma-secretase complex (APH1B, PSEN2, PSENEN, NCSTN) (human)",complex,4,4,1.0,9.622114999999999,0.26251046277956375,0.024812028520808622,0.5874256854835709,-0.011950017272703733,0.4290692731505299,0.6004877177221825,0.0022478752161512613,-0.0029609666165174714,0.08068559287550048,3.290196179207719,0.047619047619047616,0.0005005877739181811,0.042660134645149436,0.1270892060801622,1.7298898538695924,0.09523809523809523,0.041824978193916694,0.42142244190343886,3.89336325895941e-12,0.6566169525703338,4,0.75,0.3125,0.06034932809126357,0.4557027481615139,0.2391304347826087,0.9165544900573902,0.8471324718027612,6.505947778732959e-12,0.5165088998387369,0.004763055311534932,0.14105967172487763
"complex|Gamma-secretase complex (APH1A, PSEN2, PSENEN, NCSTN) (human)",complex,4,4,1.0,9.89554325,0.25786467296598153,0.16212837258148868,0.581564146514681,0.13722304877159844,0.4173226285762365,0.5888886837225701,0.06247054199101302,0.03824147057974624,0.09306171923820115,2.3599736194867282,0.047619047619047616,0.009138117336327026,0.0024376923437708694,0.0860195681380355,2.969405521919469,0.047619047619047616,0.0014918827451316473,-0.13441316668462114,0.008199775592270317,-0.1924778546359729,4,0.5,0.6875,0.02457220199155683,0.7615157279188,0.2116788321167883,0.8589200789875141,0.7566235458387187,0.00944418598025714,0.6875,0.055823331557740226,0.008806252315013197
complex|TFIID-beta complex (human),complex,13,11,0.8461538461538461,8.645574145454546,0.03258097256619841,0.07658535127695815,0.27031835058325293,0.09033925190478248,0.15741684519763,0.2720140904304031,0.04479663593945184,0.008947485784231251,0.023797178673102635,0.9931213740341205,0.19047619047619047,0.1603254044772371,0.011734542719135382,0.029048866016757265,0.7176331714648501,0.3333333333333333,0.23649174943496654,0.1311585880493911,0.00052889226186058,0.2624361714216343,11,0.5454545454545454,0.5,0.24410428281396027,0.0022066148428428016,0.17037037037037037,0.6572504905512899,0.48343784881169394,0.0006416152558251564,0.539340101522843,0.39538663579976263,0.4638876623532036
complex|TFTC complex (TATA-binding protein-free TAF-II-containing complex) (human),complex,17,16,0.9411764705882353,8.747771575000002,0.012997703600278528,0.03735234134835038,0.17403284714575923,0.25346684925424584,0.1294911459538733,0.22929112179009772,0.12855098443540997,0.020779382371298793,0.031385384203557534,-0.24793957341896142,0.47619047619047616,0.5979094197526593,0.03233628737737802,0.0231014627387716,-0.8371151210543566,0.7619047619047619,0.7987360691830432,0.0010881138426072751,0.7004699916389998,0.002978889978357402,16,0.5625,0.4018096923828125,0.25493216460958396,0.0013683189504846843,0.16428571428571428,0.43480960200922564,0.22354585403340152,0.7144793914717799,0.539340101522843,0.7818815489073238,0.8888415932793351
complex|PCAF complex (human),complex,10,9,0.9,9.292056066666667,-0.04071163737689698,-0.011701745717709619,-0.5433797813086876,0.11759713455053074,-0.196418675498912,-0.48885823876223267,0.05777864242551043,0.014591622004428045,0.04304082597012261,-1.2849023719878088,1.0,0.9005867990150793,0.01305831180646504,0.025677845029803012,-2.0940210956547904,1.0,0.9818709494650512,0.07638647724028022,0.017772100687071753,0.1945804966271723,9,0.5555555555555556,0.5,0.1348973607038123,0.09422450505423943,0.21014492753623187,0.34742823695288855,-0.035324793751595834,0.020159633786491535,0.539340101522843,0.9350555120066988,0.9880706081830625
complex|STAGA core complex (SPT3-TAF9-GCN5 acetyltransferase complex) (human),complex,3,3,1.0,8.056224,-0.1201357094666508,-0.04942559389064264,-0.4743893245320874,0.07171064016905487,,,,0.025103680733693436,0.10003602925761543,-1.4518708037313228,1.0,0.9267312339865426,-0.0018887121039927936,0.10711931963213425,-1.103881146451808,0.9047619047619048,0.8651776508426279,-0.95440894311982,3.448988391650277e-26,-1.6345205985799958,3,1.0,0.125,-0.017640424092036994,0.8275376386067296,0.2835820895522388,0.20188267121477624,-0.7473353663678753,1.7948817140220828e-25,0.30649038461538464,0.9496476374913594,0.9227943108922821
complex|cRET-Shc-Grb2-Gab2-P85PI3K-Shp2 complex (mouse),complex,6,5,0.8333333333333334,9.6484692,-0.007588401467675388,-0.01285203951897489,-0.039129735920327424,0.027709213461812373,0.009282316370108566,0.018393894789502478,0.0198576559771409,0.005667475728155352,0.06436504777371829,-0.2059483781078372,0.5238095238095238,0.5815843824484441,0.02358057061835027,0.0629070711347056,-0.4954764468255437,0.6666666666666666,0.6898680780923729,0.22869205705822393,3.11112052556703e-07,0.4492038981748957,5,0.6,0.5,0.11137894363700816,0.16767007052417263,0.26717557251908397,0.5755097394691985,0.3925744730953346,4.251531264842404e-07,0.539340101522843,0.7765021505320847,0.8338029831249569
"complex|TFIID complex, B-cell specific (human)",complex,12,10,0.8333333333333334,8.64104696,0.008977305389293595,0.04789625614426066,0.0830619976227942,0.1400631870094302,0.050737519882791966,0.09657506070298442,0.05070433379838742,0.016026579067946738,0.041807623291552166,-0.16861216026306738,0.38095238095238093,0.5669491424941728,0.020977158970510598,0.030084424387988154,-0.3988726334417819,0.6666666666666666,0.6550064726326763,0.04901758281968727,0.09231116589219027,0.10416221799631115,10,0.5,0.623046875,0.24967935290515936,0.0017297295553895542,0.18248175182481752,0.5877781447754219,0.3070844702317725,0.10102724164166746,0.6625394208715596,0.7734713690050851,0.820716569102761
complex|WIP-WASp-actin-myosin-IIa complex (human),complex,6,6,1.0,12.043664333333334,-0.004481767704646492,-0.04035851541293774,-0.027507006290091594,0.17532889581195285,0.0243451142666145,0.047533031451113074,0.08486851603942831,0.03422149704336282,0.08202963367721479,-0.47182052403532604,0.6190476190476191,0.6814725499990305,0.001778663506185666,0.0502575569750113,-0.12456696241611832,0.5238095238095238,0.5495668076005668,0.704165693599736,2.803710241184715e-25,1.5650047288169624,6,0.8333333333333334,0.109375,0.28127034256066513,0.00039217996291594293,0.18181818181818182,0.21273297555923362,-0.3907133748914309,1.1797790618846572e-24,0.30649038461538464,0.8267150344897849,0.7583308221761067
complex|DA complex (human),complex,15,13,0.8666666666666667,8.765720307692309,0.02802439548307653,0.06204406549856474,0.2726327314324594,-0.0029281927404167696,0.16236940171981437,0.2793765931545969,-0.011453265679291409,-0.00022463840966860347,0.017421520829849747,1.6215021735842776,0.09523809523809523,0.05245499210212633,0.01750541663926085,0.025491616840845922,0.4126446317426532,0.3333333333333333,0.3399334981713261,0.0849525315756752,0.010166218040458003,0.1833740762377299,13,0.5384615384615384,0.5,0.15600850762141086,0.05256782194946204,0.1619718309859155,0.598527217877417,0.39153390834078644,0.011656410073366864,0.539340101522843,0.19163356713527524,0.5833313730396242
complex|DAB complex (human),complex,16,14,0.875,8.807597714285714,0.04247785421276348,0.047062142206617176,0.383124160127825,0.1370118306530557,0.24134922296872763,0.38884983935710377,0.07955340381117934,0.011213156168224847,0.02352928950749111,1.328756571021185,0.19047619047619047,0.09196414720681784,0.010325533140864184,0.018063225386450072,1.7799878141374466,0.14285714285714285,0.037538977501362564,0.12452788595993534,0.0001663045127614988,0.27281821461159905,14,0.5,0.604736328125,0.11711514292159453,0.14670514199768317,0.20437956204379562,0.6742672367696186,0.5017055599740238,0.00020686658904479118,0.6479317801339286,0.2798431687080972,0.12891866733579452
complex|TFIID complex (human),complex,12,11,0.9166666666666666,8.93742150909091,0.00804048210126725,0.06997968571781359,0.08186311407888698,0.13747656260577357,0.050315892574369026,0.09581097064244669,0.06385952102449391,0.014282931434683236,0.03315237911395345,-0.18829566686478355,0.5238095238095238,0.5746775590278234,0.009615485471331828,0.03071129325804849,-0.051284176046601945,0.5238095238095238,0.5204504614015646,-0.026459721649069637,0.7464327401114751,-0.05582486579173854,11,0.5454545454545454,0.5,0.2596049112178144,0.0011062720491526576,0.19117647058823528,0.4706064267069792,0.1312614323906008,0.7589328099219543,0.539340101522843,0.7748499891958507,0.7414238416614468
complex|TIP60 histone acetylase complex (human),complex,5,5,1.0,8.899892,0.002517696528882718,0.05077028510472035,0.012462970731809131,0.10816603156470006,0.01396982257571119,0.027554710731379956,0.022038761304443474,0.023682521836542535,0.09092267258240351,-0.23277830167693395,0.42857142857142855,0.5920332185583193,0.021899657434165668,0.07873889406204533,-0.24615485315313407,0.47619047619047616,0.5972188188116911,-0.3430321093433819,1.815038613344475e-11,-0.6188178716000905,5,0.6,0.5,0.033721117592085334,0.677011449770103,0.24113475177304963,0.6424904063764999,0.48526612835761723,2.963091206164156e-11,0.539340101522843,0.7785928533605644,0.7905317756180471
complex|NuA4/Tip60 HAT complex (human),complex,16,15,0.9375,8.880410013333336,0.03530819586117182,0.0320356442181807,0.35442529141399953,0.26384007494343237,0.2485147251308785,0.3980965864937273,0.13353777280293025,0.023335795050125993,0.033442311550566345,0.35800159306999446,0.3333333333333333,0.3601710606807601,0.021000878254993922,0.022359854691350465,0.6398663052006526,0.2857142857142857,0.26112976068624055,-0.022007749915310983,0.549507712477465,-0.05841658569039955,15,0.5333333333333333,0.4999999999999999,0.1917630756340434,0.016833093155497435,0.2,0.16172336704947454,-0.4064652472510905,0.5668465480653462,0.539340101522843,0.6339878656969712,0.4925154509984567
complex|IMP3-IMP4-MPP10 complex (human),complex,3,3,1.0,10.585192333333334,0.33840552651232275,0.5037242850675084,0.6054448279701594,0.03693477860581257,,,,0.012622396481619799,0.14622800395230168,2.227912036171749,0.047619047619047616,0.012943190698254312,0.020464903688310193,0.1155377531185274,2.751833182162067,0.047619047619047616,0.002963135036488963,-1.6024070050979413,1.628958993624077e-27,-2.403776014211565,3,1.0,0.125,0.09923947020721215,0.2192384757145916,0.19148936170212766,0.8221449197533004,0.628879411402192,2.1846601339144965e-26,0.30649038461538464,0.07113175922532004,0.01594091633554189
complex|TRAP complex (human),complex,16,14,0.875,8.565009035714287,0.03147941720692314,0.033783853318829354,0.3127318343577019,0.18055144728862826,0.18780479369742448,0.31622164634109895,0.09767386671826021,0.015494212901427894,0.02067644749286519,0.7731117403514918,0.3333333333333333,0.2197281267633771,0.017531749025076305,0.029586607696702724,0.47141829590018297,0.19047619047619047,0.3186710265672208,0.21904697329454118,5.658244349255934e-10,0.5796747329935149,14,0.7142857142857143,0.08978271484375,0.16666559247204407,0.03820080450137118,0.176056338028169,0.4391874656567778,0.1602334101806453,8.619189420909576e-10,0.2922213807397959,0.4884713471979895,0.558879723346914
complex|DRIP complex (human),complex,14,14,1.0,8.554213557142857,0.08247187865332489,0.03414380631741195,0.5572062741746785,0.11936769277926167,0.38729079751076917,0.5583411901898134,0.07708960132995475,0.009589137470099898,0.02255386426849411,3.2314968430946966,0.047619047619047616,0.0006157184209984348,0.030014710830618224,0.03361818711046618,1.5603806252353043,0.047619047619047616,0.05933498029712343,0.5144826830787237,2.153086264398992e-24,1.273458064192633,14,0.7857142857142857,0.0286865234375,0.05927298507943669,0.46379399944771815,0.2127659574468085,0.456130505503517,-0.10867249022444873,7.957057933648449e-24,0.15625,0.00548979711030073,0.18507996992220177
complex|Decapping complex (human),complex,5,4,0.8,8.908225825,0.1310418042161395,0.11538254806012611,0.37625271357880363,0.08517627313086551,0.2397520566659061,0.3867742027557943,0.042675603023281904,0.022747210226104285,0.0626806358903528,1.7277200917277686,0.047619047619047616,0.04201920981468485,-0.0046537158200834795,0.07766071924428948,1.747286419140406,0.09523809523809523,0.04029383382917969,0.9842942733891635,1.737155386195053e-25,1.4101131432973433,4,1.0,0.0625,0.15384615384615383,0.05597124365965953,0.1956521739130435,0.8622898087141694,0.7730136674965996,7.637493508271354e-25,0.2219707520891365,0.1663804115333018,0.13652695781386556
complex|LSm1-7 complex (human),complex,7,7,1.0,10.615980357142858,0.058802947205226656,0.11571435364066177,0.30426910849759436,0.20610575953691346,0.22944805982748864,0.37325376699473406,0.08601363118292144,0.03576135533712571,0.08970320296521672,0.2568647618640278,0.23809523809523808,0.39864158700809216,0.008228470382860429,0.0421763437827093,1.1991195131309567,0.19047619047619047,0.11524073882945746,-0.7554458159509034,8.284295644356798e-26,-1.5687430554720154,7,0.7142857142857143,0.2265625,0.3491669620701879,8.47293066959584e-06,0.11971830985915492,0.2698077813867254,-0.4143374548626695,3.970855994945458e-25,0.43570324890595624,0.6634726889460703,0.29211121671482754
complex|LSm2-8 complex (human),complex,7,6,0.8571428571428571,10.468349583333334,0.016478156241769633,0.1435132525836388,0.09134310746826357,0.20227067476615784,0.08476853679690877,0.15628870845980153,0.09287891819440516,0.04054620219141114,0.10587770141299684,-0.22731930924491223,0.47619047619047616,0.5899122702565207,0.022541557980034137,0.06753013710174278,-0.08978808571244591,0.5238095238095238,0.5357721919146723,-0.9820225569314227,2.3903906622965102e-27,-2.1219493901615207,6,0.8333333333333334,0.109375,0.26538300409268156,0.0008459826162230708,0.14685314685314685,0.27635321687174913,-0.43234856797315274,2.2575911810578153e-26,0.30649038461538464,0.7785928533605644,0.7498255197206548
"complex|F1F0-ATP synthase (EC 3.6.3.14), mitochondrial (human)",complex,15,14,0.9333333333333333,12.328178249999997,0.13910821971266177,0.21114472141518947,0.693459023443494,0.310855177497495,0.5527353950912995,0.711950531737314,0.14765379801341705,0.031213860740681543,0.03854881048667834,2.798902420329319,0.047619047619047616,0.0025638315309407453,0.018782527935205146,0.023890849815937667,5.036476002506489,0.047619047619047616,2.370902631890772e-07,-1.1870937489965638,1.6605450340442345e-27,-2.3135618524494546,14,1.0,6.103515625e-05,0.25592472044084946,0.0013083277149115898,0.1267605633802817,0.6077204471189559,0.476869170504402,2.1846601339144965e-26,0.0011444091796875,0.01957416288592485,2.963628289863465e-06
complex|p300-CBP-p270-SWI/SNF complex (human),complex,7,7,1.0,10.08784707142857,0.0380123605113052,0.11704187129487459,0.21666975137269429,0.12224547767608503,0.10933940092040065,0.19712524558252154,0.03471221996018471,0.01950769143149894,0.0638016310410429,0.2900344204038045,0.38095238095238093,0.3858949525608542,0.04186597810753573,0.05431520859803331,-0.07094914473678486,0.5238095238095238,0.5282808849749742,0.17065869136225492,2.4130266019791953e-05,0.33795866946661646,7,0.5714285714285714,0.5,0.37809609745093614,1.2318566453255476e-06,0.13970588235294118,0.591264522769262,0.32332560231320556,3.101420279761567e-05,0.539340101522843,0.6534644295116296,0.7467385014890157
complex|p300-CBP-p270 complex (human),complex,3,3,1.0,10.150654166666666,0.15693132087180217,0.3092707099399028,0.3583281445544595,0.11215321261456318,,,,0.0404054732964611,0.16530920118835057,0.7048963199729786,0.23809523809523808,0.24043738024089434,0.009790140093010533,0.15323458280035135,0.960234811814649,0.14285714285714285,0.16846852506240995,1.350365836498601,2.950194147509096e-27,1.8772121707259999,3,1.0,0.125,0.38591408591408594,7.079212458943838e-07,0.1590909090909091,0.7954966759663437,0.5521723997944133,2.4112163705603187e-26,0.30649038461538464,0.5140334853698397,0.36732682436571673
complex|ABIN2-NFKB1-MAP3K8 complex (human),complex,3,3,1.0,9.574359866666667,-0.12801751974398665,0.11792018887076527,-0.5162239885163934,0.043549140759606315,,,,0.014950432581817146,0.13445582164336012,-1.063308011348306,0.9047619047619048,0.8561788533647804,-0.0005081889289360534,0.1111192291064968,-1.147500138727974,0.9523809523809523,0.8744125120865609,1.472996875411126,1.9360968390460265e-27,2.721616167647353,3,1.0,0.125,0.037227288840192066,0.6455996099211739,0.24822695035460993,0.15656916108896665,-0.7767375487368317,2.1846601339144965e-26,0.30649038461538464,0.9212050953924852,0.9259767050750541
complex|Ikaros complex (mouse),complex,12,10,0.8333333333333334,9.38325575,-0.0066828599226235064,0.021505136267693677,-0.07110527878728605,0.14448204385754934,-0.026987009714066142,-0.05547101628342212,0.06936872897458232,0.016607777453070835,0.03991297262292806,-0.5835355235434156,0.7619047619047619,0.7202335748163696,0.020106052898370343,0.03357733038811321,-0.7978273588563031,0.8571428571428571,0.7875146588283863,0.01009665000440831,0.3662909522755692,0.024912692410871073,10,0.6,0.376953125,0.21365408784763623,0.0076001471013772475,0.21705426356589147,0.5491714337773583,0.3679469860010995,0.38437939436325164,0.539340101522843,0.849774954515984,0.8807729736896426
complex|Ikaros-NuRD complex (mouse),complex,6,5,0.8333333333333334,9.1117491,-0.033820393761297085,-0.009255825203579749,-0.19555726341244778,0.10870650389676051,-0.07134960803733242,-0.1536630117315467,0.05607612650991646,0.023812127263478047,0.05873670363345983,-0.9812011478278517,0.9047619047619048,0.8367532208709247,0.0030852369278392923,0.07318316666743037,-0.5042912512497352,0.6666666666666666,0.6929716377702547,0.4477892556791539,1.2878539431928442e-16,0.8425415322019373,5,1.0,0.03125,0.2145306306596629,0.007350160215327609,0.2222222222222222,0.554160120253712,0.4012322628827483,2.678652165694741e-16,0.15625,0.9122650325930318,0.8351028716040404
complex|Mi2/NuRD-BCL6-MTA3 complex (human),complex,5,5,1.0,9.724839800000002,0.05868888744574692,0.037869870192695346,0.2376538718779668,0.02780661588514076,0.11655973858591334,0.20878370329478738,0.0055473950564472845,0.005687851089391831,0.07835690165784026,0.676405463143423,0.23809523809523808,0.2493916248117659,0.04727831309326666,0.07379737725536534,0.15462032360575076,0.38095238095238093,0.4385603233834322,0.2528285679184,8.955994872259441e-07,0.42990704395926727,5,0.6,0.5,0.08720634204505172,0.28059715064921764,0.19014084507042253,0.6279263848014618,0.38214504362019397,1.2007248645773698e-06,0.539340101522843,0.5187183060929879,0.6761359278281451
complex|NuRD.1 complex (human),complex,8,8,1.0,9.340080125,-0.0318671848061886,0.03959937909385621,-0.3281345485488103,0.04918697348768533,-0.10894685892304423,-0.24453504263812487,0.04040038870861133,0.006424889966864441,0.03621457510427838,-1.0573663963415996,0.9047619047619048,0.854827799214509,0.03724484894941841,0.06872683705163986,-1.005604749476216,0.9523809523809523,0.8426971308405256,-0.29286354446080026,7.17845485230434e-11,-0.6047515297711789,8,0.625,0.36328125,0.30494022106925334,0.00011429791434804227,0.17647058823529413,0.214875932100014,-0.6505196678262709,1.1341424952525444e-10,0.539340101522843,0.9212050953924852,0.9201113765561433
"complex|TIM (TIMM17ab, TIMM23, TIMM44) complex, mitochondrial (human)",complex,4,4,1.0,8.879478375,0.05796898507430378,0.05826237242023743,0.1975249735641822,0.0988177583165076,0.1117993391377578,0.2011142392375631,0.049832475162850436,0.026681925638500154,0.08690218609611892,0.36002614941352906,0.38095238095238093,0.3594137892849888,0.02559287205102951,0.09571778486224113,0.3382455315892506,0.38095238095238093,0.3675890832570368,-1.2240844437764657,1.6927383807402364e-27,-2.273439148866164,4,1.0,0.0625,0.18353904160355772,0.022254188173270517,0.18571428571428572,0.7635617302703075,0.4806580481487528,2.1846601339144965e-26,0.2219707520891365,0.6339878656969712,0.6078807797052165
complex|MSL complex (human),complex,4,4,1.0,9.340988,-0.18884279854098343,-0.052921439602081365,-1.7426082505438665,0.18709396311923407,-0.33803752098808737,-1.0213192792820032,0.0984157273301688,0.054408054716729284,0.09153414918990295,-2.6574874558898016,1.0,0.9960637239912535,0.045025895379420075,0.10594792441650724,-2.2073928791753237,1.0,0.9863566882837946,0.45395681523498566,1.547259347986544e-17,0.8588839702621482,4,1.0,0.0625,0.15773903515839,0.049969097657165035,0.18705035971223022,0.19758301468909212,-0.7396632912856169,3.4308794237962496e-17,0.2219707520891365,0.9960637239912535,0.9897731793163372
complex|CTF18-CTF8-DCC1-RFC3 complex (human),complex,4,4,1.0,7.590554174999999,-0.006924375750884855,-0.04238273618665459,-0.028285072412106278,0.12933220520534844,-0.006581122398822323,-0.013249440990519227,0.06914991111894417,0.03580622481266215,0.06234504115306837,-0.6853889222502179,0.7142857142857143,0.7534507337272248,0.012655915709683127,0.07382337881574133,-0.2652315807630426,0.5714285714285714,0.6045844660522325,-0.023365024086763435,0.656845206575951,-0.037292059654579976,4,0.5,0.6875,0.03817150591344139,0.637243360199772,0.20833333333333334,0.7323817939730733,0.5172757627907479,0.6732135356787279,0.6875,0.8733178959111014,0.7921994647599321
complex|NRD complex (Nucleosome remodeling and deacetylation complex) (human),complex,7,6,0.8571428571428571,9.572548000000001,-0.034612047349489306,0.036604874337680886,-0.2511335085401028,-0.14640229923502027,-0.1179661145719685,-0.26748658191226327,-0.04873523284476851,-0.021747184971119115,0.04169739770000214,-0.308529143015789,0.6190476190476191,0.6211601359135347,0.017737622351383438,0.05067219140072034,-1.0331045146022353,0.9047619047619048,0.8492225045725998,0.1256562230922167,0.0014905954264788782,0.22491847825165684,6,0.6666666666666666,0.34375,0.24867712932229064,0.0018078458979406023,0.1897810218978102,0.6037335453651019,0.4420922605743895,0.0017613616021877384,0.537117464201791,0.7942951890210527,0.9205970594775138
"complex|Ubiquitin E3 ligase (SKP1A, SKP2, CUL1) (human)",complex,3,3,1.0,9.410889,0.08190281881712869,0.06872406799843718,0.21112499244362937,-0.007657054749092812,,,,-0.0025393887572021856,0.10758341453859534,0.7848998652486289,0.2857142857142857,0.21625614053554226,0.05834266865820266,0.11026710410037768,0.213664359385723,0.42857142857142855,0.41540440328638734,0.3686505155124516,4.1844621353773723e-10,0.5772779610410116,3,0.6666666666666666,0.5,-0.08316522187489929,0.303573206634655,0.2805755395683453,0.8142606288355064,0.6346695223153743,6.435692669006213e-10,0.539340101522843,0.4853961977059849,0.6530710409249616
"complex|Ubiquitin E3 ligase (VHL, TCEB1, TCEB2, CUL2) (human)",complex,4,4,1.0,10.77702225,0.04498183444996454,0.12161811555103497,0.15853390076332877,-0.0340097757813832,0.08959827361167115,0.16446111522310222,0.0014029673202467685,-0.008290963585919254,0.09268428655210373,0.5747770201147934,0.23809523809523808,0.28272105508423795,0.017553229391030142,0.10060098762834507,0.272647473007573,0.23809523809523808,0.39256210787092766,-0.6786417880324364,8.788631030539718e-19,-0.9726363035907589,4,1.0,0.0625,0.17191840417646867,0.03243619294784234,0.19148936170212766,0.7822967763972004,0.6575004600015152,2.0905792096899515e-18,0.2219707520891365,0.5520204368030679,0.6343495593675026
complex|LSD1 complex (human),complex,13,11,0.8461538461538461,9.380071681818182,0.042805576300721945,0.06024647770193201,0.32972195589645253,0.1533179145052745,0.1806027220577038,0.30595003498370144,0.052589515514096116,0.01619529056844381,0.04152909903463335,0.6407624136051299,0.2857142857142857,0.2608385282785075,0.012022397891963112,0.026048641161096807,1.1817575518961418,0.19047619047619047,0.11865095756058475,0.3959280403658583,5.624707528621814e-17,0.8708634853632227,11,0.8181818181818182,0.03271484375,0.18139924591537493,0.023889861864701257,0.20588235294117646,0.4950195634448473,0.1762752865538851,1.201256632997121e-16,0.158598577115019,0.5340230527838665,0.29819151686260076
complex|MRN-TRRAP complex (MRE11A-RAD50-NBN-TRRAP complex) (human),complex,4,4,1.0,8.8014935,0.15068161401002267,0.061028969418068825,0.41508804590182874,0.11669026693612541,0.25484128381946114,0.40617293534331333,0.0596288116400097,0.03197055629516585,0.10010753342641994,1.1858354077029643,0.19047619047619047,0.11784365276729702,0.04751360161343277,0.07863435183594192,1.3119967290101604,0.14285714285714285,0.09476061910598593,0.12535664028411922,0.01845741164637762,0.16903372975393444,4,0.75,0.3125,0.19331958364216428,0.015947799088315066,0.19014084507042253,0.8542787231298917,0.6792130037246222,0.020899822246120307,0.5165088998387369,0.33389034950734153,0.25706338161730224
complex|BLM-TRF2 complex (human),complex,3,3,1.0,8.553756133333332,0.08635446093234196,-0.033555777448384116,0.2209102173326168,0.088206171011017,,,,0.03123904114037083,0.1278952384050717,0.4309419215233702,0.3333333333333333,0.3332553003471057,0.04159435172257041,0.1620880620167009,0.2761468590151917,0.47619047619047616,0.39121763553695343,0.34738697681034414,3.833595434306185e-09,0.5372491894649657,3,0.6666666666666666,0.5,0.19292642841029936,0.016167499079221447,0.22388059701492538,0.7067567680798609,0.3713279116010189,5.624665338021158e-09,0.539340101522843,0.6087658998104756,0.6329980778040808
complex|Anti-HDAC2 complex (human),complex,18,16,0.8888888888888888,9.1864314875,0.002987754940055491,0.10351925816128021,0.04575357212381637,0.19547593172705713,0.037442393846054925,0.0721821164590098,0.11851747668346176,0.014958525451613258,0.02538603764412097,-0.471549387871093,0.6190476190476191,0.6813757701054932,0.030986852074336258,0.023550370299631092,-1.1889026277739405,0.9047619047619048,0.882761007011843,-0.006854327227793124,0.8395881982643426,-0.016019887021086483,16,0.5,0.5981903076171875,0.3537140279075763,6.335089898996133e-06,0.14814814814814814,0.40452076206686266,-0.08737846673316567,0.8482368881038327,0.6425380305070885,0.8267150344897849,0.9322086627346773
complex|anti-BHC110 complex (human),complex,11,9,0.8181818181818182,9.61408848888889,0.008066337028979496,0.10979336402621089,0.0681962798421786,0.14647607931428883,0.08099844847282517,0.1498585841399778,0.046536786080282506,0.01871135649035081,0.0591731821668596,-0.17989601153025603,0.42857142857142855,0.5713828967706948,0.019062327499431767,0.04526664267655819,-0.2429159712378374,0.6666666666666666,0.5959647535868323,0.16220707453779423,1.3898200515981077e-05,0.34358041134138134,9,0.5555555555555556,0.5,0.33877735168057743,1.619264114465396e-05,0.17692307692307693,0.2917821376255925,-0.2103764235534946,1.802665885846986e-05,0.539340101522843,0.7734713690050851,0.7905317756180471
complex|XFIM complex (human),complex,5,4,0.8,9.5412481,-0.1656447417316982,-0.0740122840421155,-1.3170821791320408,0.057581049504910206,-0.376378909225335,-1.207075625866968,0.040019557461739075,0.015044992207033175,0.08954748583763372,-2.0178091238245988,1.0,0.9781944278463165,0.03782441381375533,0.12629596064392798,-1.6110503812477701,1.0,0.9464156290580706,-0.11538228502967209,0.006240603882309333,-0.23384215422772736,4,0.5,0.6875,0.2739389642615449,0.0005624046468330531,0.18705035971223022,0.19982305526140806,-0.7148910147551545,0.007220299410112886,0.6875,0.9828194606020911,0.9649178223770788
complex|RANBPM-Muskelin-TWA1-HSMpp8 complex (human),complex,4,4,1.0,8.90555475,0.024995219592095868,-0.04393529687813332,0.09300670902177173,0.06033365351954836,0.052955165163253375,0.10058389362673964,0.05175769182718461,0.01579828978652322,0.06598668529109306,0.1393755386408848,0.42857142857142855,0.44457670050896086,0.03253173559473686,0.06685989955588822,-0.11272101891719441,0.47619047619047616,0.5448741316160777,0.5367824907705796,5.969451801778889e-17,0.8535034693046516,4,0.75,0.3125,0.1619058360993845,0.04414678456661793,0.23134328358208955,0.749003617770574,0.6521563246197227,1.2727510112488433e-16,0.5165088998387369,0.7041446285690725,0.7534864618335131
complex|CtBP complex (human),complex,17,14,0.8235294117647058,9.01953007857143,0.003127043914295911,0.020864086204977688,0.04206846558918513,0.1332061830484444,0.00810614576403184,0.01608192906688072,0.06406759080961308,0.010857736606997903,0.02451198529976744,-0.3153841925964005,0.5238095238095238,0.623765016317106,0.001441790302109496,0.01670982450620506,0.1008540581357159,0.42857142857142855,0.45983315668826785,0.41421741366389,4.568188851315873e-20,1.0092780648012802,14,0.7857142857142857,0.0286865234375,0.16542812026682996,0.03967779685426687,0.21641791044776118,0.6794240509950585,0.49525657260988626,1.1556430129816942e-19,0.15625,0.7942951890210527,0.6909681396038628
complex|HPFH(-198) complex (mouse),complex,4,4,1.0,9.234549125000001,0.08437171910683934,0.04248248459326428,0.26931832597810984,0.14340004358442515,0.16368513576861832,0.2813220358967698,0.06905186884805621,0.04017033134540522,0.09697713802807813,0.45579183568643095,0.3333333333333333,0.32426983780141366,0.04388473083597609,0.1089060310566262,0.37176075446007073,0.2857142857142857,0.35503549305107734,-0.004241594971841316,0.7946673838745115,-0.0061984644012687655,4,0.75,0.3125,0.08085785182559375,0.31723197965139766,0.24817518248175183,0.7429244326112742,0.5644209587108711,0.8060468690851251,0.5165088998387369,0.6000639233625579,0.5962936985747046
complex|HDAC1-associated core complex cII (human),complex,10,9,0.9,9.148687666666667,-0.03617652603247788,0.004545185166808969,-0.458196352480189,-0.04534321870607209,-0.1376865895555653,-0.3193423362965024,-0.0089262015269489,-0.004842940299620334,0.029153488694150322,-1.074779970986617,0.9047619047619048,0.85876337513288,0.03352755619534852,0.04704992839953086,-1.4814917811547919,0.9523809523809523,0.9307622132845945,0.2416931873402702,4.025330212936136e-13,0.6609627623620414,9,0.5555555555555556,0.5,0.16744223518417067,0.03729769017783229,0.17266187050359713,0.09073476155881244,-0.6160133239370522,7.098611371360405e-13,0.539340101522843,0.9231423650353507,0.9578061516851154
complex|HDAC2-asscociated core complex (human),complex,8,8,1.0,9.040340875,-0.013910020611160312,0.02987147295983867,-0.12328438305454295,0.12225318647685059,-0.01347522915423761,-0.027318582467392268,0.07163766078989973,0.017112162671998055,0.04035015608171701,-0.7688243688656949,0.8095238095238095,0.7790012098402821,0.00684995890910835,0.04083091320419441,-0.5084377960504706,0.6666666666666666,0.6944268239164822,0.03204639814361077,0.23370776655009196,0.06656168257239832,8,0.5,0.63671875,0.1122039251071509,0.16452476951066353,0.19858156028368795,0.5194654659926952,0.1978858871535106,0.25061177657810535,0.6725902288732395,0.8836535076035228,0.8360662894178611
complex|AP3-BLOC1 complex (human),complex,15,12,0.8,9.302479,0.024662353967968172,0.01053024617887956,0.2327944084760237,0.08241373118743658,0.1485709112005294,0.25870568330036764,0.02306013223367405,0.007429044971256879,0.04549019425949533,0.37883568705829657,0.19047619047619047,0.35240494235498476,0.022272897210898486,0.03362682239866826,0.07105805980538671,0.3333333333333333,0.47167577359019697,0.009445914650020964,0.6143598091250688,0.022582329619273804,12,0.5,0.61279296875,0.014585414585414585,0.8570531387656705,0.2426470588235294,0.5424325956911967,0.3923938286370238,0.6327211281376921,0.6543643510521356,0.6310622212115247,0.7008460459311856
complex|BLOC1-BLOC2 complex (human),complex,11,10,0.9090909090909091,9.14213715,0.0297967033826046,-0.0012740920827674332,0.23495821237345604,0.1368935732649943,0.12993172012852156,0.22998154280285674,0.07487439019309272,0.015612936986406808,0.030793342275324345,0.46061146170429457,0.23809523809523808,0.32253869345440056,0.008467961946750474,0.03611013228568757,0.5906580808707778,0.3333333333333333,0.27737477019504886,0.03136988251296252,0.3015421630406522,0.07321111179225502,10,0.5,0.623046875,0.02482356353324095,0.7591505284756114,0.2536231884057971,0.5571900960096176,0.35443466978477667,0.3185304539161819,0.6625394208715596,0.5985980118695207,0.5108913502311797
"complex|Retromer complex (SNX1, SNX2, VPS35, VPS29, VPS26A) (human)",complex,5,4,0.8,10.70644525,0.1611585995028375,0.12653369635551362,0.43454325217807127,0.10641380731824755,0.2870651069152083,0.4460770560445628,0.07105482282406253,0.028910835921969323,0.08099914446435168,1.6327056841825212,0.09523809523809523,0.05126545569112308,0.05422308449957247,0.10742131168096887,0.9954776508487757,0.14285714285714285,0.1597520043729631,-0.43826896730533066,1.1558080459909762e-10,-0.5932880037462055,4,0.75,0.3125,0.09441203957332989,0.24259789122837333,0.22794117647058823,0.6360555417680726,0.31493921712390044,1.8170841660154063e-10,0.5165088998387369,0.18891172256121944,0.3554691196780593
complex|Presenilin-TMP21 complex (mouse),complex,5,4,0.8,9.88238825,-0.0022952722667792433,0.13573845864420728,-0.009244746699253643,-0.018847536554499625,-0.0018172092104781895,-0.0036410349431908184,-0.010865469456759019,-0.004646206971819058,0.10164605166293865,0.023128637724518654,0.42857142857142855,0.49077383109599404,-0.02514014261850902,0.07563221054708198,0.3020521307850517,0.2857142857142857,0.3813061615509251,0.5476765799268395,1.652969666027717e-16,0.8352676645179994,4,0.75,0.3125,0.048590119557861494,0.5482395882311054,0.23741007194244604,0.4933858896248837,-0.11510132900039893,3.399252135782805e-16,0.5165088998387369,0.7378405231940188,0.6232889179197814
complex|Tis7-Sin3-Hdac1-Ncor1-Sap30 complex (mouse),complex,5,4,0.8,8.391827099999999,0.014076948331908312,-0.03361572985857434,0.054026220388693126,0.09241014437263192,0.07087177714181492,0.13236276957634194,0.026446790860925894,0.024822955789344577,0.1026999982266481,-0.10463493323262728,0.47619047619047616,0.5416672529330666,-0.03999995039199346,0.05212030668284813,1.0375399180392297,0.23809523809523808,0.1497421510965788,-0.3228051915926315,1.6972528257790463e-09,-0.5588129924495706,4,0.5,0.6875,0.1584383358576907,0.04894966061931012,0.2,0.651354000064272,0.3216804125943003,2.5280342907339767e-09,0.6875,0.7659011159803195,0.34276704245626205
complex|MeCP1 complex (human),complex,9,9,1.0,9.417733555555557,-0.03817490189640885,0.0044883337433527055,-0.4946353712404692,0.08748593752423986,-0.15406492597955995,-0.3642476372266776,0.026453758045467717,0.01054033153481761,0.04078219626407577,-1.1945220683011313,0.9047619047619048,0.8838630932547729,0.022857208464268412,0.03977467604639885,-1.5344464475205457,0.9523809523809523,0.9375400708387442,0.20898614880649244,3.1228597314457244e-10,0.5547719374524768,9,0.6666666666666666,0.25390625,0.23238696787083885,0.0036175494896067465,0.19852941176470587,0.6159143434670277,0.40920111266248876,4.826237766779756e-10,0.47122338973799127,0.9342212871772704,0.9624505558127205
complex|Apg16L-Apg12-Apg5 complex (mouse),complex,3,3,1.0,8.998540666666667,-0.2174594026113654,-0.08951411672527525,-1.1544857869340992,0.10312342193511458,,,,0.03691214512236043,0.11490225103992774,-2.2138082189994126,1.0,0.9865790127750952,0.05936182005462294,0.12468608876603898,-2.220145209506217,1.0,0.9867955439198824,0.36851939417391594,1.6703528489992685e-10,0.5782421289003447,3,1.0,0.125,0.4284457478005865,2.674718265774494e-08,0.1267605633802817,0.1479567749849469,-0.845008596351011,2.600366156866993e-10,0.30649038461538464,0.9881290190795337,0.9897731793163372
complex|BRMS1-SIN3-HDAC complex (human),complex,8,8,1.0,9.7929253,-0.042171315387862465,0.013527500879351268,-0.478675005470901,0.2265580892336723,-0.1324021704894567,-0.30521554108578536,0.11453987855501577,0.03532191940077653,0.07088745204994308,-1.093186911754733,0.8571428571428571,0.8628441288094597,0.016608985279178413,0.05492895575207435,-1.0701150215261663,0.8571428571428571,0.8577162307883248,0.06996929582859919,0.10784166388145072,0.15003747202037046,8,0.5,0.63671875,0.19879797621733103,0.013146227479405501,0.17266187050359713,0.6985278395766272,0.38543391672349037,0.11751976192209374,0.6725902288732395,0.9260322089495464,0.9209420154119273
"complex|SNARE complex (RINT1, ZW10, p31) (human)",complex,3,3,1.0,8.874955333333332,0.1448188495993478,0.228150964303508,0.3368826369359307,-0.06742750825201566,,,,-0.021508971833475842,0.07861396195735058,2.115754215810409,0.09523809523809523,0.017182858441248477,0.009791425391362105,0.12526187654616197,1.0779610519264804,0.19047619047619047,0.14052556890843815,0.02318529619588892,0.7331997961136894,0.024540964476400466,3,0.6666666666666666,0.5,0.16473204215139697,0.040529491114484596,0.18181818181818182,0.8577642479043361,0.7425723653143558,0.7466691214416565,0.539340101522843,0.0883392923894831,0.3287524777215755
complex|BRG1-SIN3A complex (human),complex,14,14,1.0,9.73521017857143,0.02284659820702293,0.07723545874055365,0.24660828860321218,0.2419055629328805,0.11886104431217208,0.21246792873237047,0.13010243514410152,0.02228470650476041,0.0319680671924303,0.017576655444329486,0.47619047619047616,0.4929882900286312,0.01489149717974766,0.02521284409284928,0.31551779711878875,0.38095238095238093,0.3761842702455531,-0.4276301377306447,2.895637121858971e-21,-1.084513333760612,14,0.7142857142857143,0.08978271484375,0.3430633882246786,1.24305986956343e-05,0.1510791366906475,0.3365950436660403,-0.11233057601145091,7.922612296931734e-21,0.2922213807397959,0.7378405231940188,0.615705962211913
complex|BRM-SIN3A complex (human),complex,15,15,1.0,9.876101233333333,0.014926855893508485,0.06491771014870264,0.1852004023586454,0.24921331445799644,0.12426677855043701,0.22106279563051615,0.12280937435599566,0.02164998871256786,0.0355938943083519,-0.1888844407081872,0.47619047619047616,0.5749083057092351,0.023478255071226795,0.02814772707228053,-0.3038042523205933,0.5238095238095238,0.6193614865533272,-0.2960528621726993,1.780794504564075e-15,-0.7801978412438076,15,0.6666666666666666,0.15087890624999997,0.38532757565015635,7.383291366288606e-07,0.14705882352941177,0.3101399083698665,-0.15400944425318494,3.4770489943632395e-15,0.3456412987583638,0.7748499891958507,0.8008984739913715
complex|PU.1-SIN3A-HDAC complex (human),complex,3,3,1.0,11.114781333333333,-0.0716150202220273,-0.0632777016313258,-0.2507616639330281,0.002299993173597927,,,,0.0007678417450473173,0.14881862639250232,-0.4863830806781413,0.6666666666666666,0.6866522078975141,0.05279685431120636,0.11117382312877808,-1.1190752555943075,0.8095238095238095,0.8684459824129616,1.308539018725168,2.13086941159952e-27,2.3450532264176767,3,1.0,0.125,0.26977216332055043,0.0006872619497402227,0.15555555555555556,0.4561576670722481,0.17659458172332804,2.19101491918499e-26,0.30649038461538464,0.8297411748025726,0.9242642968084525
complex|DDB2 complex (human),complex,13,13,1.0,10.019716430769229,-0.01798141066576303,0.014184469908581326,-0.29807633439747516,0.3804043397375765,-0.09408019667965752,-0.20770093850435412,0.19040552133817878,0.04509753038160838,0.054645807638929345,-1.154323520372574,0.9047619047619048,0.8758162214359602,0.01248697876555298,0.03835647982098515,-0.794347906103899,0.8571428571428571,0.7865035389074964,-0.7516519600320961,2.011791407832354e-27,-2.160351042169983,13,0.9230769230769231,0.001708984375,0.07492829750894267,0.3541331665536753,0.22857142857142856,0.11631578228058388,-0.6091624184173784,2.1846601339144965e-26,0.020364066150700934,0.9315491653479476,0.8807729736896426
complex|CSA complex (human),complex,13,13,1.0,10.035244592307691,0.0026671415158930245,0.01144729252848255,0.03359752738516544,0.1107754711360003,0.040930219728638646,0.07864162064448238,0.0381236471588169,0.009491763544512193,0.034632478095937815,-0.19705843773910178,0.5238095238095238,0.5781090962403469,0.01083113549049761,0.019292144257126075,-0.42317711633267485,0.5714285714285714,0.6639169792814279,-0.786767630660007,1.8632276066070416e-27,-2.2954689069374856,13,0.9230769230769231,0.001708984375,0.168728046147401,0.035842066816511316,0.2074074074074074,0.2397649865638248,-0.2936699013364401,2.1846601339144965e-26,0.020364066150700934,0.7755053541188914,0.8242396772968067
complex|CSA-POLIIa complex (human),complex,14,14,1.0,10.086414192857143,-0.01122874998171294,0.0022577909565548947,-0.18407221054413841,0.1288254788631292,-0.03788429469349597,-0.07875205546390505,0.06613931659128362,0.010452143577326229,0.02348298638671004,-0.9232596400647429,0.8571428571428571,0.822064042385068,0.01518990643682173,0.02323715851731632,-1.1369142401317054,1.0,0.8722129307256804,-0.6756682332248772,1.8993156846494713e-27,-2.1314032067547664,14,0.8571428571428571,0.0064697265625,0.16580838516322388,0.03921890605918513,0.17985611510791366,0.18907966148407732,-0.3392700587719583,2.1846601339144965e-26,0.05536175414219798,0.9032216028651264,0.9257176228025584
"complex|Ubiquitin E3 ligase (FBXO31, SKP1A, CUL1, RBX1) (human)",complex,4,4,1.0,9.77537025,-0.043045543757869655,-0.020712007227366436,-0.19771433868356336,0.16556847744432232,-0.08442600085477578,-0.18442201489687457,0.07625416733553024,0.04726079244731629,0.12512355099758146,-0.7217373187157348,0.8095238095238095,0.7647720033430003,0.030777314619389352,0.10481469630892537,-0.7043178197041888,0.7619047619047619,0.7593825642999948,-0.009893686171481043,0.9155588233913292,-0.019868971280627822,4,0.5,0.6875,0.039157616576971414,0.6285648564946528,0.24087591240875914,0.4118291859472629,-0.18401328055094524,0.9206131702081584,0.6875,0.8758533214292891,0.8673593546654693
"complex|SNARE complex (STX4, SNAP23, VAMP1) (human)",complex,3,3,1.0,8.609908666666668,-0.15041553470215355,0.0016125131016690257,-0.6454042569111271,0.22913173864790198,,,,0.09014771460423635,0.1313143642483181,-1.831964466975448,1.0,0.9665216426481206,0.04791898922333705,0.13470019126754385,-1.4724145679314973,1.0,0.9295455191992835,0.2626156173148889,5.454167039437747e-05,0.3331212381729538,3,1.0,0.125,0.04295059778930746,0.5956632980151637,0.26119402985074625,0.17249592161837213,-0.7282777851300923,6.898871999288817e-05,0.30649038461538464,0.9741621299417815,0.9578061516851154
"complex|SNARE complex (STX4, SNAP23, VAMP2) (human)",complex,3,3,1.0,9.264450000000002,-0.10738915767408812,-0.04380970691540709,-0.4102885584026076,0.10030720156209895,,,,0.035831863132411906,0.11232386272089233,-1.275072075845383,0.9523809523809523,0.8988581339870547,0.0239468220209039,0.168995571591806,-0.7771563388194727,0.7619047619047619,0.7814667309193971,0.43633446290862615,6.386244499752402e-11,0.6033444320072011,3,1.0,0.125,0.21399568173761724,0.007501842082176454,0.18115942028985507,0.5102400930492816,0.018639531989046554,1.012743997162228e-10,0.30649038461538464,0.9350555120066988,0.8783370183720702
complex|SIN3 complex (human),complex,7,7,1.0,9.659723,0.004210946644462865,0.04769435729687282,0.028750232344723074,0.09036248269001933,-0.021886719473672066,-0.04475293385628034,0.0256987327847625,0.013992711359743868,0.05817456908306268,-0.16814503088651034,0.47619047619047616,0.5667654079467068,-0.01005078184795365,0.02945317259297334,0.4842170549674144,0.2857142857142857,0.31411591714607445,-0.1638702915330054,0.0003110914263731003,-0.2985320631842717,7,0.5714285714285714,0.5,0.28911411169475687,0.0002637374436209898,0.13768115942028986,0.7545719038108096,0.5333257568377873,0.00038175319405746186,0.539340101522843,0.7734713690050851,0.5531737491177416
"complex|SNARE complex (STX4, VAMP1, VAMP7) (human)",complex,3,3,1.0,9.212394666666667,-0.13116762816002994,0.008434683916422289,-0.5334440717839488,0.09909452863303654,,,,0.035368028271151986,0.10933459879388778,-1.523174349824311,1.0,0.9361424542201262,0.07799194907151855,0.14262266943279175,-1.4665240670601176,0.9523809523809523,0.9287472152482158,0.48858128683256796,7.18636668073494e-13,0.6555276858144532,3,1.0,0.125,0.062047629789565274,0.44309745440123766,0.2318840579710145,0.14975826101407752,-0.7608968448567264,1.246614628290755e-12,0.30649038461538464,0.9533399593695375,0.9578061516851154
"complex|SNARE complex (Vti1b, Stx6, Stx7) (mouse)",complex,3,3,1.0,9.517716166666666,0.11856764547773424,0.005697546292563545,0.28752145301625426,-0.05552006427714744,,,,-0.017846142120625005,0.14452124666379276,0.9439012653669235,0.19047619047619047,0.17261005267684526,-0.020823592124774044,0.08108940129855383,1.7189822019933232,0.047619047619047616,0.042808806378527756,0.05101321875135679,0.43804062960341195,0.056801051978767995,3,0.6666666666666666,0.5,0.09799233025039476,0.2251141025904237,0.2014388489208633,0.8608482693901035,0.6984189477330044,0.456665415163001,0.539340101522843,0.4191958422151957,0.1436348108753234
complex|SIN3-ING1b complex I (human),complex,9,9,1.0,9.571603722222223,0.009386624057898856,0.07914166065419792,0.07857889235007955,0.1467370332366775,0.10444446602600448,0.18913484423859714,0.08235956167677824,0.018749691829050213,0.029920211044889886,-0.3129345497297382,0.6190476190476191,0.6228348059977722,0.004492461612422568,0.03394495507324648,0.14417937613750426,0.3333333333333333,0.4426794131165695,0.034422334642363224,0.2776079268277669,0.06472001773300225,9,0.5555555555555556,0.5,0.2906416164480681,0.00024379810489225998,0.15217391304347827,0.7668327692569806,0.6057354071284,0.2942228650917729,0.539340101522843,0.7942951890210527,0.6774906247147721
complex|SIN3-ING1b complex II (human),complex,16,16,1.0,9.7417650625,0.006473157107654763,0.049787220626936836,0.09440412293221788,0.24012828224137434,0.0376600685349163,0.07258652361575206,0.13281536262468122,0.019368189609918724,0.026167321092359853,-0.4927914652306139,0.6190476190476191,0.6889200290734402,0.016186072191375068,0.02146067650658954,-0.4525912815813582,0.5238095238095238,0.6745784610664423,-0.24394578254593044,2.2889257431402974e-14,-0.703201002387758,16,0.6875,0.1050567626953125,0.3409977119654539,1.412680922289583e-05,0.1925925925925926,0.4935458978516121,0.15676445757703672,4.2295366992809843e-14,0.30649038461538464,0.8297411748025726,0.8286582631441679
complex|NCOR-HDAC3 complex (human),complex,5,5,1.0,9.053786800000001,0.16143482590295594,0.12914865510205345,0.4904629352554893,0.22272044698040677,0.28746502645938354,0.4465597442284423,0.1254883696523194,0.05420151854617874,0.06300823522178411,1.7018935220027072,0.09523809523809523,0.04438766518512881,0.011256900022729496,0.07175196638160009,2.093014776508449,0.047619047619047616,0.01817391775571668,0.22412623958067387,0.00018213765936036524,0.30085778502830607,5,0.6,0.5,0.06584383358576906,0.41564643898604353,0.2517985611510791,0.6578461957874976,0.3015916181665534,0.00022590030708605612,0.539340101522843,0.1709796770726261,0.07241170355793365
complex|SIN3-SAP25 complex (human),complex,11,9,0.8181818181818182,9.525052944444447,-0.007871625603263451,0.03816901204629976,-0.07560575180251194,0.21294642622103074,0.02513524611165047,0.0490379122305837,0.09920916381221945,0.029185021629090868,0.051388681407193854,-0.7211052359706352,0.7142857142857143,0.7645776150944262,0.011918569735027102,0.039927355672743546,-0.49565504664262927,0.5714285714285714,0.6899310958406506,0.13208069942281278,7.608905145200217e-05,0.2939730129285733,9,0.5555555555555556,0.5,0.3461409558183752,1.025637764441443e-05,0.13768115942028986,0.6105667621058424,0.22131890552110053,9.595800257299977e-05,0.539340101522843,0.8758533214292891,0.8338029831249569
complex|NCOR-SIN3-RPD3 complex (human),complex,4,4,1.0,9.747481850000002,0.016613946885158343,-0.05059569955159734,0.06330076109287248,0.04064516049342803,0.07118599615562268,0.13291061759788117,0.001553601058843386,0.010480785015134964,0.12241437302911803,0.05010164834618332,0.47619047619047616,0.48002069309970447,0.03352834917181689,0.09423835832751634,-0.17948532409567422,0.47619047619047616,0.5712216800554449,-0.17223198925633107,0.0010711248156986203,-0.26182008285842584,4,0.5,0.6875,0.38601398601398595,7.028624346645116e-07,0.13970588235294118,0.44312669522428544,-0.34100986267448524,0.0012823325258363764,0.6875,0.7305548948608468,0.7742318259182823
complex|NCOR-SIN3-HDAC1 complex (human),complex,3,3,1.0,10.820949333333333,-0.04200535405685257,0.06712602616819334,-0.13757372852149086,0.18815120356615936,,,,0.07171222936577516,0.14058754199759704,-0.8088738291232905,0.7619047619047619,0.7907061380635119,-0.008546535016036921,0.09788739014501181,-0.3418092870925383,0.7142857142857143,0.6337527899919235,0.4419011592887869,2.3350360938124244e-11,0.6290547447908459,3,0.6666666666666666,0.5,0.14762334439753794,0.0667913687714024,0.2158273381294964,0.274756254084664,-0.6440389259211242,3.763806598749483e-11,0.539340101522843,0.8913321904393009,0.8110485864916224
complex|MeCP2-SIN3A-HDAC complex (human),complex,4,4,1.0,9.736215125000001,-0.06620594358036318,0.030847582367375947,-0.3304587804422354,0.1213207943735299,-0.13216379738471454,-0.30458235548696777,0.06791030117380713,0.03336620991222092,0.09433282837886463,-1.0555408462118512,0.8571428571428571,0.8544109806552118,0.018353000653021753,0.0765469929356796,-1.104667093904493,0.9047619047619048,0.865348066541946,0.7210290252620871,1.0005580993949191e-21,1.125473498725439,4,1.0,0.0625,0.25450033837130615,0.00139519478321518,0.21052631578947367,0.262862620470614,-0.43599429325851075,2.8539408875358433e-21,0.2219707520891365,0.9212050953924852,0.9227943108922821
complex|Exon junction complex (F4A3-MLN51-UPF3B-MAGOH-Y14-PYM) (human),complex,6,5,0.8333333333333334,9.500555799999997,0.10093623837819701,0.12914555411531947,0.35952484860447803,0.07202135021437478,0.1765221262104246,0.3000744691117744,0.019120725860950254,0.015284943879815141,0.08610193103409765,0.9947662435638369,0.14285714285714285,0.15992498380914488,0.042581088796527805,0.05355654148640401,1.0895989166231614,0.23809523809523808,0.1379449302637767,0.012648190509520646,0.9643542569348895,0.01865313427044326,5,0.6,0.5,0.17000741194289581,0.03444164353150936,0.21897810218978103,0.6041751225383195,0.20753703542485522,0.9658693461052507,0.539340101522843,0.39516347743538704,0.324535134554901
"complex|Apoptosis- and splicing-associated protein complex (ASAP-S), SAP18-RNPS1-Acinus-S (human)",complex,3,3,1.0,9.442805333333332,0.10821580745599328,0.05204696134309931,0.26688505822127045,0.08044214930317355,,,,0.028333522745722,0.14080990131420568,0.5673058781002946,0.23809523809523808,0.285253192055079,0.04402987935332807,0.15358551397083936,0.4179165498306821,0.42857142857142855,0.3380040659306391,-0.7381231125886725,6.118895919845757e-20,-0.970911520175436,3,0.6666666666666666,0.5,0.001553285424253166,0.9846961377540296,0.24822695035460993,0.7585991054662355,0.6262078044326096,1.541816659644929e-19,0.539340101522843,0.5527322490428962,0.580802134853861
complex|TREX complex (human),complex,8,8,1.0,9.5829293125,-0.029483729475814728,0.11118864808496351,-0.29720981158226273,0.1743352342511953,-0.12175175843015396,-0.2772604661582375,0.08159004665634705,0.02571447609306412,0.06290433256540133,-0.8774944954942419,0.8095238095238095,0.8098909463228843,0.02825750411295474,0.06960670000984177,-0.8295355702914428,0.8571428571428571,0.7965992911525437,-0.8963278537999224,2.2141114461665848e-27,-2.0948579630034576,8,0.875,0.03515625,0.3734523540975154,1.7003079310256496e-06,0.11428571428571428,0.29333582457194957,-0.08494945562523337,2.2054406259585878e-26,0.1629971590909091,0.8979225709231977,0.8878182659261304
complex|THO complex (human),complex,5,5,1.0,9.5150788,-0.09472486497602577,0.12189606732862397,-0.7625566141143623,-0.001574712932047322,-0.15989705629838585,-0.3806606261700655,-0.0073044824256683185,-0.0003145463302702607,0.08360511825087952,-1.1292408960232805,0.8571428571428571,0.8706018869216368,0.011196619530040818,0.07494598985747052,-1.4133042302530676,1.0,0.9212168546412958,-0.9300567742873994,3.245897617485404e-27,-1.9236966629135088,5,0.8,0.1875,0.35887338467983626,4.52989186561997e-06,0.17037037037037037,0.4297357613839745,0.0766404668214665,2.570508982791236e-26,0.39254926108374383,0.9304420836756805,0.9556968996482117
complex|LARC complex (LCR-associated remodeling complex) (human),complex,19,19,1.0,9.961767026315789,0.02112521750776843,0.07773359506386746,0.2908009375991788,0.16609725912692078,0.17856190384069154,0.30301658870661763,0.08278872605036039,0.0103744330050122,0.02186724309720257,0.4916387701443514,0.23809523809523808,0.31148736526080756,0.02216747816503988,0.02641037515923193,-0.03946406103614622,0.42857142857142855,0.5157397968392796,-0.0174805776464507,0.6823768298842527,-0.048145469047941335,19,0.5263157894736842,0.5,0.25401372820727663,0.001426057201232492,0.1897810218978102,0.304491454857525,-0.09479484432833701,0.698258794624737,0.539340101522843,0.5858858538236702,0.7371841266480734
complex|URI complex (Unconventional prefoldin RPB5 Interactor) (human),complex,9,8,0.8888888888888888,9.0025224125,0.03668313974614103,0.06289819992150071,0.2335051926699886,0.09727185616818843,0.174528868044329,0.297189575825295,0.047257511704941704,0.013290144409551341,0.043715246542880906,0.5351221184042315,0.2857142857142857,0.29628270807845203,0.033720812130742496,0.05063805918206922,0.058500022774322334,0.2857142857142857,0.4766751721780458,-0.29497377466843544,3.797915806641261e-12,-0.6583540568403605,8,0.625,0.36328125,-0.10997711965453902,0.17311682793463382,0.31851851851851853,0.48270094978188216,0.13843353766222619,6.3547803851280935e-12,0.539340101522843,0.5672078870871267,0.705636869988354
complex|SMG-1-Upf1-eRF1-eRF3 complex (SURF) (human),complex,5,5,1.0,9.5969933,0.057790260956153805,-0.06576603675289476,0.23469821940039506,-0.13936696891349495,0.09557351235173836,0.17447211213893257,-0.03648974699678941,-0.025077422313861748,0.06804592141314925,1.2178199890464285,0.23809523809523808,0.11164619325248176,0.005887829983439944,0.060004110260179475,0.8649812612446629,0.23809523809523808,0.19352453695306138,-0.3486405970680448,2.193154405596725e-12,-0.6499869366434281,5,0.6,0.5,0.184206116464181,0.021764401065466545,0.20422535211267606,0.569133789107675,0.32316402678699807,3.698772311026223e-12,0.539340101522843,0.32278661314493023,0.407167961411144
complex|Exon junction complex (human),complex,8,7,0.875,10.285218642857144,0.03438279393323716,0.10150961940851481,0.19951935941078508,0.05135872139103551,0.11050921523820177,0.19902440019734155,0.024641428950501306,0.007674819259348591,0.03911708010902278,0.6827701505186755,0.2857142857142857,0.2473760470606356,0.025704105120525546,0.06464025188625333,0.1342613705773208,0.38095238095238093,0.4465979492163751,-0.4983901174777078,1.3915839904206824e-17,-0.8677710007808249,7,0.8571428571428571,0.0625,0.13584802294479714,0.09190633655877764,0.2631578947368421,0.4985278891267113,0.1581811023553758,3.0964565231873823e-17,0.2219707520891365,0.5170564918070661,0.6786798393931802
complex|MR-UBC9-SRC1 complex (human),complex,3,3,1.0,8.652313766666666,0.07385189033563873,-0.031033641571414677,0.1930425556996344,0.018858011292135952,,,,0.006366037637143595,0.09812034213298756,0.6877865611906252,0.23809523809523808,0.24579360008060402,-0.017256708806413293,0.06053549610465707,1.505044230322958,0.09523809523809523,0.06615635282786496,0.6348565996178889,8.64814488806483e-17,0.8227420998647094,3,1.0,0.125,-0.04886726177048758,0.5459575203437369,0.2605633802816901,0.7714889209971675,0.5917561926372401,1.8255603861395127e-16,0.30649038461538464,0.5154388817479771,0.2001278640980146
complex|NuA4/Tip60-HAT complex B (human),complex,8,7,0.875,8.923429142857144,0.02335448309487989,0.038231179447014325,0.14338875950502397,-0.04108784540154048,0.07547308503184386,0.14035327537668535,-0.026092128563140315,-0.005670005092229658,0.038612100405359534,0.7516941032060721,0.23809523809523808,0.2261175186917015,0.036691183330060495,0.08741923105841702,-0.15256025560632636,0.47619047619047616,0.5606274652773452,-0.07916158466163553,0.08320203238049215,-0.15615482663076524,7,0.5714285714285714,0.5,0.11289355805484837,0.16192943189422487,0.18055555555555555,0.5792710376905833,0.42211163376301314,0.09145050972855819,0.539340101522843,0.4962837570623492,0.7678472524786382
complex|Exosome (human),complex,11,11,1.0,9.110971181818183,0.020162210801721158,0.07029621189098735,0.18457077090974763,0.10604776746059055,0.11602629501549436,0.20792752918762278,0.05368878974217378,0.01066930220476021,0.034039647879271814,0.278877990472445,0.23809523809523808,0.3901692298849444,0.004436766272984091,0.02700670436185245,0.5822792858409482,0.3333333333333333,0.28018928786027575,-0.645867106340091,2.117931531824354e-26,-1.6003353166114203,11,0.6363636363636364,0.2744140625,0.020150816925010473,0.8034612013220325,0.2446043165467626,0.5614582567749916,0.2895873851264484,1.1948507535734741e-25,0.4991125958452211,0.6585989159654051,0.5133527057181285
"complex|SNARE complex (STX11, VAMP2, SNAP23) (human)",complex,3,3,1.0,10.293601,0.04550542441002555,0.010620879563877214,0.12512824540445372,0.041066376278544564,,,,0.01407410714607846,0.15742210336196888,0.19966266866397672,0.42857142857142855,0.4208722059626659,-0.022826154603803397,0.1368329643139431,0.4993795125058622,0.2857142857142857,0.3087560247345516,1.0222245069436005,5.1285980505402126e-27,1.7164333276142691,3,1.0,0.125,0.2551770809835326,0.0013532868929542591,0.1678832116788321,0.6252125377579857,0.311087690056691,3.553783975238462e-26,0.30649038461538464,0.681110324748925,0.5467554604674352
complex|NuA4/Tip60-HAT complex A (human),complex,15,13,0.8666666666666667,8.869850553846154,0.00939079564026801,0.026661369545225185,0.10971644658447031,0.2798700587917924,0.04872314264955577,0.09291898055469389,0.1401158870806975,0.02902746850828239,0.03395673914455088,-0.5782849991697605,0.6190476190476191,0.7184641398064553,0.027876741414484547,0.03393718549348703,-0.544710632464328,0.7142857142857143,0.7070237244974684,-0.0881233855778658,0.0019622269343273027,-0.2501683133665488,13,0.5384615384615384,0.5,0.21790789855305986,0.006453896540808079,0.15384615384615385,0.42723707059391086,0.22387056098537736,0.0023037194670969714,0.539340101522843,0.8489729177509087,0.839343807015151
complex|DMAP1-associated complex (human),complex,10,10,1.0,8.8003627,0.08989704384385683,0.12364157830577241,0.49692314370692836,0.24906508754681705,0.3267473350084184,0.49255397223970326,0.1337729855744178,0.03210257673005669,0.04590915225031913,1.2588877006196164,0.19047619047619047,0.10403544846758944,0.035170250168667226,0.04944346331681536,1.1068559927633026,0.19047619047619047,0.134178097534911,-0.012577868003179775,0.9951058490886519,-0.023713392319125465,10,0.5,0.623046875,0.193019883342464,0.016115038058169613,0.19285714285714287,0.44542712519939326,-0.002704538320832116,0.9951058490886519,0.6625394208715596,0.30563409400040675,0.3200129238051701
complex|BRM-SIN3A-HDAC complex (human),complex,12,12,1.0,9.756484958333333,0.02853620630108601,0.08104903374193062,0.2606248014866142,0.2450276653221424,0.151321924737761,0.26286639989458704,0.13033347180817617,0.026333764554005167,0.044051169113066196,0.049997350613506554,0.42857142857142855,0.4800622497936219,0.01369104211416369,0.034854532900057814,0.42591774876138694,0.2857142857142857,0.3350838906837662,-0.3919482773149681,1.221352561464821e-18,-0.9437259799641949,12,0.6666666666666666,0.19384765625,0.40762785601495277,1.4071714050180512e-07,0.12030075187969924,0.40084712438774545,-0.040928676354464774,2.8837491034586053e-18,0.3948175107328275,0.7305548948608468,0.5781217329117753
complex|eRF1-eRF3-GTP-Mg(2+) complex (human),complex,3,3,1.0,10.114120166666666,0.1407090517474646,0.06010022389124218,0.3294218757258758,-0.09058015491973229,,,,-0.02847393595335765,0.16336686076209458,1.035601632495084,0.19047619047619047,0.15019401503511687,0.05029564116995524,0.09100846399302576,0.9934615596241465,0.19047619047619047,0.16024253731925348,-0.978237713759901,1.6742093474031825e-25,-1.4775610028357888,3,0.6666666666666666,0.5,0.1856337211175921,0.02074733442163697,0.2426470588235294,0.777375483620102,0.5214172572888967,7.411864298399506e-25,0.539340101522843,0.382994738339548,0.3557018383432973
complex|FCP1-associated protein complex (human),complex,7,7,1.0,9.666786857142856,0.08545919747903706,0.034022254452795456,0.3954469224992265,0.06598919576033786,0.24280265839080978,0.39073405057757515,0.02421966269413319,0.00999220896593206,0.04007257906914229,1.8832575857643765,0.09523809523809523,0.029832734198132625,0.038248472073398196,0.060504878763097396,0.7802796463817264,0.19047619047619047,0.21761314522540454,-0.47149985593809934,9.506102222277678e-19,-0.9393849636302913,7,0.7142857142857143,0.2265625,0.22901292256130967,0.0041529628027146635,0.1925925925925926,0.713127480613581,0.5530206427369166,2.252840210669896e-18,0.43570324890595624,0.13024694935051742,0.43693977978329257
"complex|Upf complex (UPF1, UPF2, UPF3a) (human)",complex,3,3,1.0,9.032263,0.02260546662192923,0.35981369271702257,0.06488297979750046,-0.05166738385713116,,,,-0.01664898817705909,0.11585445905429836,0.3388255844394444,0.42857142857142855,0.3673705632637567,-0.0046237593488543255,0.14318293869239002,0.19017088362239876,0.3333333333333333,0.42458761312880045,-0.2431021306159579,0.0011607105961101466,-0.2911012102536075,3,0.6666666666666666,0.5,0.27403886436144503,0.0005596859271373186,0.18115942028985507,0.5546213371499976,0.08653204803047769,0.001385679784682057,0.539340101522843,0.6364096034800133,0.6617960962582158
"complex|Upf complex (UPF1, UPF2, UPF3b) (human)",complex,3,3,1.0,8.957678333333332,0.1922337312797422,0.4319829569769102,0.41655091898878666,0.06277281198179328,,,,0.02183816605513522,0.1281126000318401,1.3300453287362695,0.14285714285714285,0.09175166843226334,0.047685515905228876,0.1675180400899942,0.8628814860588088,0.19047619047619047,0.19410131543228604,-0.0014953740050591634,0.9183403333210814,-0.0014936191146764487,3,0.6666666666666666,0.5,0.28172794946988494,0.000383327388054485,0.17647058823529413,0.6851784447319269,0.2167053273275286,0.9226823679939944,0.539340101522843,0.2798431687080972,0.4077086938651807
complex|Postsplicing complex (human),complex,7,6,0.8571428571428571,9.4715625,0.14750255255742803,0.4190892608694753,0.5093575910918301,-0.0545390072894839,0.37633037041891804,0.5468605191126795,-0.007681615199006666,-0.008694669033419552,0.04877035843513779,3.202708091608191,0.047619047619047616,0.0006807095107999032,0.02180412594300312,0.058387815365068776,2.1528194851699403,0.09523809523809523,0.015666434083666626,-0.2731660934197208,0.00014650906758782717,-0.3284382778231283,6,0.5,0.65625,0.2617253714027908,0.001003250926725237,0.14285714285714285,0.7277843487985297,0.41158639500563865,0.0001825992777854151,0.6847125613747954,0.005985549146688804,0.06422734230442105
complex|MRIP-MBS-RHOA complex (human),complex,3,3,1.0,10.044778333333333,-0.047606999960313555,-0.11157453635080021,-0.15785058551791442,0.028481982899103878,,,,0.009677755409076647,0.15361637266828174,-0.3729078767735947,0.6190476190476191,0.6453914953066111,0.019300896912758457,0.16625161459401874,-0.40244960649831285,0.7142857142857143,0.6563234158156253,0.7707684841980047,2.0137373527213003e-19,1.041480181671666,3,1.0,0.125,0.13543875479359352,0.09289870406728996,0.19285714285714287,0.4048789031289573,-0.35252239732058294,4.96618012518309e-19,0.30649038461538464,0.8017636458373999,0.8212093770018863
"complex|mRNA decay complex (UPF1, UPF2, UPF3B, DCP2, XRN1, XRN2, EXOSC2, EXOSC4, EXOSC10, PARN) (human)",complex,10,10,1.0,9.1946089,0.04101105927826063,0.0615117930525493,0.299547682799137,0.20240050682468194,0.20316444678213183,0.33771683883362075,0.09324344978542912,0.0247481927652886,0.04736759685032078,0.34333315587788577,0.23809523809523808,0.3656739201242841,0.03449207414382595,0.04004746964863937,0.16278144890625243,0.47619047619047616,0.43534525753270753,-0.008934076898969825,0.9420201111838153,-0.018450226369861468,10,0.6,0.376953125,0.1750217524411073,0.029390646062670573,0.2462686567164179,0.45344796197640513,0.18008437671210445,0.9449847692835284,0.539340101522843,0.6364096034800133,0.6719917716152568
complex|JBP1-pICln complex (human),complex,3,3,1.0,10.633759,0.22215818279558253,0.16465102528958053,0.4614463730139598,0.15919374397159905,,,,0.059364931829579345,0.15000077178850893,1.0852827557149558,0.14285714285714285,0.13889822052144912,0.043116415559957155,0.09406189590277028,1.903446294774846,0.09523809523809523,0.028491167558362035,-1.1304132351878238,4.488836213198171e-27,-1.7019279622659733,3,1.0,0.125,0.17985885082659273,0.025130326385195013,0.125,0.7723788513177484,0.5095885203405608,3.2153180740604874e-26,0.30649038461538464,0.36665679330196194,0.1036675822270711
complex|Anti-Sm protein complex (human),complex,7,6,0.8571428571428571,9.529218716666668,0.07362685037864444,0.15960778719788637,0.32289309449022136,0.0324419871349965,0.20129543219528995,0.3351306045132221,0.00812037673463062,0.00555723771795955,0.05569864332142338,1.2221053979335126,0.19047619047619047,0.11083388604490685,0.04396352187983678,0.06436773451158635,0.46084158039565914,0.2857142857142857,0.3224561337082762,-1.1242928184988785,1.6605450340442345e-27,-2.5835999007661337,6,0.8333333333333334,0.109375,0.13482324127485415,0.09440717662028188,0.2,0.5724359971948357,0.1490583817522804,2.1846601339144965e-26,0.30649038461538464,0.32116637433467327,0.5624234890260631
complex|20S methylosome and RG-containing Sm protein complex (human),complex,6,5,0.8333333333333334,10.6829468,0.17180934831314731,0.10457488572863886,0.5091439681227671,0.148370896702553,0.2608088862885355,0.41371676409464886,0.05849468416516136,0.033670791797902395,0.10179310766141406,1.357052158921444,0.19047619047619047,0.08738231901378746,0.032818280460218,0.07014135142824758,1.9815852563820764,0.09523809523809523,0.02376283932678076,-1.1449895237261083,3.5709680224058404e-27,-2.0057565561110526,5,1.0,0.03125,0.061802713415616634,0.4449030248726144,0.24817518248175183,0.6553374355430257,0.3742710867750251,2.7263378614176326e-26,0.15625,0.27441491808517,0.09071143754983674
"complex|RICH1/AMOT polarity complex, Flag-Rich1 precipitated (human)",complex,9,8,0.8888888888888888,9.7234658625,0.01674449003226968,-0.012750703702489556,0.11990203164236604,0.07186304971742746,0.07858297538427413,0.14571521557027511,0.028361601820366966,0.00958562705937654,0.033465963174566404,0.2139147448274778,0.38095238095238093,0.41530677083073264,0.004853716618965671,0.04003247139796196,0.2970282123004118,0.38095238095238093,0.3832224851458308,0.2523050822665219,1.2332762079782967e-11,0.6095926373771792,8,0.625,0.36328125,0.1592375366568915,0.04780581607134107,0.22556390977443608,0.0910849856630996,-0.7118734073275461,2.023715785292572e-11,0.539340101522843,0.6781690545501616,0.6248192692595068
complex|DNMT1-G9a-PCNA complex (human),complex,3,3,1.0,9.2448025,-0.08351237313879774,0.047922648986907644,-0.30077378445132896,-0.04413769865230403,,,,-0.014292021589404439,0.07108654627469466,-0.9737475679562493,0.8095238095238095,0.8349090537692286,-0.02525137729865462,0.06834330112979282,-0.8524755883462214,0.8095238095238095,0.8030249087802628,-0.7091476235617264,2.828063982182701e-17,-0.8535623917734723,3,1.0,0.125,0.06331410524958911,0.4338271914879528,0.2391304347826087,0.6543389518179697,0.24684357783766814,6.153210882735399e-17,0.30649038461538464,0.9113947290717178,0.8903102249520305
complex|TRAP-SMCC mediator complex (human),complex,10,9,0.9,8.6926622,0.05624800064700867,0.11020458932254464,0.34912937247304826,0.13505943674482548,0.21064144077066327,0.34798319911562636,0.07934600381894928,0.017053983056911512,0.035352401861641056,1.1086663289100147,0.19047619047619047,0.13378707627702013,0.02287589602582744,0.03350790570072155,0.9959471928579113,0.2857142857142857,0.15963790182082505,0.46158520434220457,1.7998742574987387e-17,0.882811529546542,9,0.8888888888888888,0.01953125,0.2252489446037833,0.00483337760814023,0.17518248175182483,0.767851529427365,0.6139286553920643,3.984096663734187e-17,0.11972280649038461,0.3619453369205333,0.3554691196780593
"complex|SNARE complex (VAMP3, VAMP4, VAMP8, STX6) (human)",complex,4,4,1.0,10.580073625,-0.06662828810887067,-0.06750641387422811,-0.333093501863555,0.1249041478698498,-0.13280334787219128,-0.3062819662560656,0.055857507620405825,0.03445358359219695,0.10759586671658318,-0.939458687268406,0.8095238095238095,0.8262523531641961,0.0480339783276149,0.11120160865418968,-1.0311205730220838,0.9047619047619048,0.8487578593427326,0.17477863729063384,3.7415057767336745e-05,0.34161442643564705,4,0.5,0.6875,0.27828622989913315,0.00045470738212385686,0.17266187050359713,0.24407388080198153,-0.48390668991976665,4.770419865335435e-05,0.6875,0.9042675968106009,0.9205970594775138
"complex|SNARE complex (VAMP3, VAMP4, STX16) (human)",complex,3,3,1.0,10.191104000000001,-0.16036780278021304,0.0028001910207828087,-0.7082712008445149,0.006982569846234877,,,,0.0023384086833854803,0.140290300766856,-1.159782326890829,0.8571428571428571,0.8769312793370981,0.01795512189138193,0.10468110669425942,-1.7034871936577831,1.0,0.9557615337112098,0.12221348018047903,0.019804904933872734,0.19585354661928525,3,0.6666666666666666,0.5,0.06149656794818085,0.44716581942509626,0.20422535211267606,0.16488292422238437,-0.7860865942921107,0.022346242292644015,0.539340101522843,0.9316236168892669,0.9686772301127126
"complex|SNARE complex (VAMP4, STX6, STX16, VTI1a, VTI1b) (human)",complex,5,4,0.8,9.612001125,-0.08275878242108714,-0.03903573783844686,-0.4403681172983929,0.03455757442651726,-0.14529647708754354,-0.33999269499308155,0.0021186174919988103,0.008869268922297637,0.11498191145657041,-0.7968910081825646,0.8571428571428571,0.7872428332302136,0.004914868150938228,0.0866470018895246,-1.0118486348068887,0.8571428571428571,0.8441947840610392,0.3601814536035701,2.6906572181591595e-13,0.7039533606332712,4,0.5,0.6875,0.15861557797041667,0.04869404179125082,0.19858156028368795,0.5751403572289537,0.13724956976328861,4.764705490490179e-13,0.6875,0.8890474865974511,0.9201113765561433
complex|MTA1 complex (human),complex,6,6,1.0,9.5426705,-0.03331520386184804,0.09309616986791859,-0.2398433784031673,0.17035080118231274,-0.1343944119889346,-0.31052112844543367,0.08905675275747556,0.0330890950778034,0.05413025589373688,-1.2267501389612814,1.0,0.8900417417703845,0.02402719601115551,0.051501928943204135,-1.1134029549891273,0.9523809523809523,0.867232296774261,-0.291911578856373,1.3843889708540902e-07,-0.4645742698701686,6,0.6666666666666666,0.34375,0.320447294640843,4.8039569122449355e-05,0.1357142857142857,0.6407925548202309,0.2872587697935946,1.9248592560948363e-07,0.537117464201791,0.9346178929507832,0.9237436745089246
complex|MTA2 complex (human),complex,9,9,1.0,9.4287276,-0.03894589299823575,0.02239394797646832,-0.5091462935303828,-0.06924351871395952,-0.1444848409522135,-0.3377727195694098,-0.02273321167642277,-0.00724763392357841,0.037218786605608484,-0.8516736295180761,0.8095238095238095,0.8028023696038367,0.02321752983094795,0.04219415550313964,-1.4732709326190485,1.0,0.9296610023850145,0.003468600620389172,0.683663311324399,0.008277480574384096,9,0.5555555555555556,0.5,0.2508684863523573,0.0016410380835923512,0.16176470588235295,0.16673790772996158,-0.49516623406884386,0.6990142116588682,0.539340101522843,0.8955031257422612,0.9578061516851154
complex|MTA1-HDAC core complex (human),complex,5,5,1.0,9.830764,-0.06957482330530036,0.08744162392473283,-0.4820199194194841,0.05195223006417702,-0.12556703773780406,-0.28719648768261596,0.01069840729077345,0.010841018064530097,0.07641305690521757,-1.0523835143721305,0.8571428571428571,0.8536881854178946,0.006078250316589291,0.08183176848518338,-0.924495156616193,0.8095238095238095,0.8223857139871449,-0.11452586296320773,0.04214464568981846,-0.1669024003016262,5,0.6,0.5,0.23801682188778964,0.0028611000676337334,0.1773049645390071,0.7429231478335699,0.568078871318635,0.04680698889766423,0.539340101522843,0.9212050953924852,0.9039832498433483
complex|ARC92-Mediator complex (human),complex,13,12,0.9230769230769231,8.331791666666668,0.0634478409119608,0.043865477691971265,0.44841411158427746,0.19456396840916812,0.2879018668382227,0.44708665194346975,0.10548450064852181,0.019733061571653814,0.029202830805447024,1.4969363631745296,0.14285714285714285,0.06720490864638351,0.017097353334953595,0.019643384615379216,2.359597823112339,0.047619047619047616,0.009147378360160097,0.678366141217582,2.5079651507514227e-26,1.61023313281668,12,0.8333333333333334,0.019287109375,0.11895846089394478,0.14040816205948578,0.19424460431654678,0.7232267447309106,0.6421801380683422,1.3723843636086112e-25,0.11972280649038461,0.23000796087296693,0.04180253551686066
complex|CRSP-Mediator 2 complex (human),complex,10,9,0.9,8.755174355555557,0.09566674814405923,0.11228724646849295,0.487726821404941,0.08661134256651852,0.32461516206232227,0.490127504741712,0.04593443683302419,0.010426171109740139,0.03809995575434011,2.237288084635348,0.09523809523809523,0.01263375873888292,0.012953629517184827,0.04314760924149742,1.9169803398359475,0.09523809523809523,0.02762021468352023,0.27778079454037763,8.335544506637679e-09,0.5232298028759399,9,0.6666666666666666,0.25390625,0.1180400244916374,0.14351941889425088,0.176056338028169,0.5109397384998688,0.2482502072608175,1.203603538614161e-08,0.47122338973799127,0.0703407964719464,0.102051256780881
complex|Toposome (human),complex,7,6,0.8571428571428571,9.715525083333333,0.06668669026203856,0.08527734191686452,0.30006757456030897,0.163961898591444,0.18711913682328038,0.3152491287841748,0.08067899768974755,0.03165171210760067,0.07238273994636091,0.484023928638243,0.2857142857142857,0.31418444358704667,0.03458328372532678,0.056342281422975364,0.5697924493987672,0.3333333333333333,0.28440923866451606,-0.5293074514563239,5.309100167648006e-19,-0.9649605752657668,6,0.8333333333333334,0.109375,0.23336663336663335,0.003474189791468226,0.1619718309859155,0.7556814167635116,0.5934741145225051,1.2771891912738127e-18,0.30649038461538464,0.589963424997768,0.5166057562201859
complex|Scrib-beta-PIX-GIT1 complex (human),complex,3,3,1.0,8.928348,0.03522799839811238,0.15608196528135254,0.09872801451964336,0.14275594065330927,,,,0.05259037225848121,0.14361190214869615,-0.12089787545876095,0.6666666666666666,0.5481140375166377,0.007442102946535187,0.11713124577461871,0.23722018209421408,0.3333333333333333,0.4062429900327054,0.08407823858636046,0.19077724894069692,0.10205755403171082,3,0.6666666666666666,0.5,0.2952402436273404,0.00019190369980181537,0.1678832116788321,0.7321171781923007,0.5746112890830387,0.20561368757344764,0.539340101522843,0.7673195293398823,0.6447485533889868
"complex|FACT complex, UV-activated (human)",complex,5,5,1.0,9.26771488,0.08745305278652685,0.20781138558289247,0.32394525721571155,-0.0666157387901409,0.17113431846222332,0.2922539554419923,-0.011179158280787992,-0.01264904725568509,0.07063022887028648,1.4172699372962674,0.19047619047619047,0.07820201052680521,0.0437177931292009,0.07598322883797752,0.5755909603497454,0.2857142857142857,0.2824458462851752,-0.3901612413914083,1.4554387579368935e-10,-0.5825803886786233,5,0.6,0.5,-0.05286648835035932,0.5135552686039716,0.2733812949640288,0.6893203801830782,0.46297649247802297,2.274123059276396e-10,0.539340101522843,0.2556604190299401,0.5159033043482728
"complex|Class C Vps complex (VPS11, VPS18, STX7) (human)",complex,3,3,1.0,8.874335333333333,-0.19369401059987804,0.014717283039463217,-0.9485319450292846,0.05963089284691199,,,,0.020699865246614938,0.12618875511863434,-1.6989935089298092,0.9523809523809523,0.9553397966718135,0.0063321463490310925,0.12289487676575524,-1.627619980694318,0.9523809523809523,0.9481972551247322,-0.28272749227556543,3.350759629034093e-07,-0.4463362384052491,3,0.6666666666666666,0.5,0.20557184750733137,0.010284932400949812,0.21897810218978103,0.61438262225493,0.30579032052536015,4.5643360331393896e-07,0.539340101522843,0.9651808563839638,0.9649178223770788
"complex|Class C Vps complex (VPS11, VPS18, VPS16) (human)",complex,3,3,1.0,9.179480333333334,0.35749288350596914,0.3353210658298138,0.6253571727224965,-0.13415175312078506,,,,-0.04104629599564169,0.0942386337295325,4.229042418478066,0.047619047619047616,1.1734404874260281e-05,0.014209176218462849,0.1502034284564238,2.285458533239126,0.047619047619047616,0.0111429776084438,-0.2708672172286024,0.000495447684388594,-0.27903986444559903,3,0.6666666666666666,0.5,0.06601463053075957,0.4144352224252284,0.19444444444444445,0.8346455175086325,0.6137117444907457,0.0006027631656445203,0.539340101522843,0.00016087490553421354,0.0496758617159645
complex|Kif13a-AP1 complex (mouse),complex,5,5,1.0,9.222721459999999,0.004102401749088091,-0.003109359398160505,0.020180848945393765,0.08925092027849535,0.006914241576501049,0.013733526234916669,0.019541715916075127,0.019222698910066997,0.056939517744719725,-0.2655501444316515,0.5714285714285714,0.6047071568884367,0.03614288729421698,0.08349995886530144,-0.3837185787937361,0.5714285714285714,0.649406479523001,0.15392667409732771,0.0038635966421234087,0.25100515437687143,5,0.6,0.5,0.1154297315587638,0.15264778590547476,0.2318840579710145,0.4318463107106673,0.001666837476940929,0.004502820583827556,0.539340101522843,0.785134037711565,0.8183589932867793
complex|BRCA1-RAD50-MRE11-NBS1 complex (human),complex,4,4,1.0,8.152294399999999,0.06207788096243139,0.08105100709712494,0.20932766941707617,0.050813811510109434,0.11791973440182621,0.21096279235990484,0.03167376453470387,0.01320676752425381,0.07987501151988519,0.6118448374309271,0.38095238095238093,0.27032021057632566,0.011870316553199641,0.04290777096265725,1.17012753827104,0.09523809523809523,0.1209748239083131,-0.3925944186510897,1.4579469245134509e-09,-0.5462696356925488,4,0.5,0.6875,0.07741613225484194,0.3383355530456386,0.2463768115942029,0.7858001613769451,0.5980736694930838,2.176677199946897e-09,0.6875,0.5444838364689024,0.30008346397490115
complex|mPar6c-Mlgl-aPKC complex (mouse),complex,3,3,1.0,7.976239166666666,-0.10146596169179538,-0.09631664795738004,-0.3818969721727773,-0.012220678058620312,,,,-0.004040639780931029,0.08440035364151062,-1.1543236219681865,0.9047619047619048,0.8758162422542175,0.025634396207422822,0.14619437280168154,-0.8693929558536078,0.7619047619047619,0.8076838826657804,0.2945597026872933,2.5657684828793567e-08,0.479767311329271,3,0.6666666666666666,0.5,0.19610389610389609,0.014464953078589214,0.16428571428571428,0.5040772295606429,0.13655331082343433,3.651065642490156e-08,0.539340101522843,0.9315491653479476,0.8923717074513604
complex|EED-EZH2 complex (human),complex,5,5,1.0,8.6512174,-0.003568394107651196,-0.010635454201526917,-0.018100326938227385,0.05000448873211345,-0.002961236611135954,-0.005940063154758238,0.026739727424352388,0.010417640787522595,0.046667583917035856,-0.29969485714190214,0.6190476190476191,0.6177950390957663,0.016626748005758148,0.05647773103211156,-0.357577079396603,0.5714285714285714,0.6396700831699127,0.36853617915599907,1.998172595682118e-11,0.6113508140282088,5,0.8,0.1875,-0.06265347555670137,0.4386489067923907,0.2898550724637681,0.5115007652451106,0.13283395958056515,3.233083831846067e-11,0.39254926108374383,0.7919296346012342,0.8157586946696939
complex|GAA1-GPI8-PIGT-PIG-PIGS complex (human),complex,5,5,1.0,9.0136894,0.07069357404942038,0.3327799105675426,0.27554954234336404,0.01065245180775643,0.15258063757626736,0.26476349263878896,-0.015064539987950765,0.0021488023725254623,0.056687526252021864,1.20916851040841,0.23809523809523808,0.11329905642580507,0.051925836932168734,0.07404229885908951,0.2534731823085163,0.3333333333333333,0.3999512910310506,-1.0078084249095833,7.950129402123054e-25,-1.3896432109791985,5,1.0,0.03125,0.22982179111211368,0.004018494685517723,0.17777777777777778,0.65611956595989,0.46565865350002617,3.138208974522258e-24,0.15625,0.32523993361933046,0.6422391638093067
complex|Polycomb repressive complex 2 (PRC2) (human),complex,5,5,1.0,8.904942,0.033970976610275906,0.08034377538932894,0.14953542530905334,0.07160920091454077,0.08223050550126483,0.15196486346164767,0.04017355429421094,0.015192158868288045,0.06476638757345403,0.28994696856745467,0.3333333333333333,0.38592840425275066,0.020004660897706483,0.059191906321670006,0.2359497536144801,0.42857142857142855,0.40673583008702346,0.3327744244573533,4.268496330267561e-08,0.46576111754001914,5,0.6,0.5,0.05999806644967935,0.4583346251009376,0.2112676056338028,0.7065707858668597,0.5604207156924106,6.040324995661642e-08,0.539340101522843,0.6534644295116296,0.6447485533889868
complex|DNA synthesome complex (mouse),complex,13,11,0.8461538461538461,8.344138236363637,0.0651139278619228,0.08493918401198895,0.43379333031197737,0.2016606540984488,0.2488980433619478,0.3985882509543074,0.09446004489340962,0.022448160043136833,0.03677884416110031,1.1600627695612045,0.14285714285714285,0.12301162542982713,0.024251009297442394,0.032436600695628946,1.2597780805677015,0.19047619047619047,0.1038747145839054,-0.4492785339422986,7.675385140413073e-20,-1.0033419382850937,11,0.7272727272727273,0.11328125,0.16862492346363314,0.03595701191653877,0.2,0.376550356442801,-0.235976562806923,1.9150912043105026e-19,0.30649038461538464,0.3431943597878109,0.2742034391190049
complex|RC complex (Replication competent complex) (human),complex,9,8,0.8888888888888888,8.1420271125,0.08870921448749643,0.06035118231764204,0.4378095357927806,0.18374054453891492,0.3154918911376179,0.47965615487722263,0.10913417432015508,0.027367526811516902,0.046021650513000376,1.332887608162847,0.09523809523809523,0.09128434486893572,0.02186969935228695,0.04025056288665125,1.6605858487851413,0.09523809523809523,0.04839832651325958,-0.19107942003635187,1.023915177948968e-05,-0.36859713169480285,8,0.625,0.36328125,0.3089942315748767,9.154305758924792e-05,0.14388489208633093,0.7432365044512775,0.5599263724771023,1.334858744258624e-05,0.539340101522843,0.2791068098510624,0.15687407834605943
complex|RC complex during S-phase of cell cycle (human),complex,13,12,0.9230769230769231,8.670297366666667,0.030835578403117448,0.024388227000498218,0.27630624809646265,0.09409369777727963,0.16132987918800445,0.27783643920503526,0.0418168707033589,0.008581300594016938,0.026257044714775347,0.8475545534862725,0.19047619047619047,0.1983430466277658,0.030692872362616985,0.041989918247496844,0.0033985786697493907,0.38095238095238093,0.4986441658854238,-0.12872218666007293,9.364991333047449e-06,-0.3844687844958529,12,0.5,0.61279296875,0.2016854113628307,0.011850880192108329,0.2074074074074074,0.47433981334557784,-0.04081309601708039,1.2221457471479527e-05,0.6543643510521356,0.4606327585617512,0.7249837259515838
complex|TFIIH transcription factor complex (human),complex,10,9,0.9,8.65827548888889,0.03346165271028082,0.02630575660286214,0.2375613194435882,0.16167325016083728,0.14301452755689267,0.25024096213820735,0.07145753789263377,0.02097850627887037,0.03365845205705301,0.37087702103028397,0.3333333333333333,0.35536456553674944,0.038331509111637865,0.04897992233715753,-0.09942556396547479,0.6190476190476191,0.5395998068929214,-0.07936023084268193,0.02143518613535197,-0.17184873744512552,9,0.5555555555555556,0.5,0.13202926106151913,0.10150043032800514,0.23529411764705882,0.4876111528048704,0.1496988002746824,0.02410040769186399,0.539340101522843,0.6319404366277068,0.7502614545130587
complex|TFIIH transcription factor core complex (human),complex,5,5,1.0,8.168318079999999,-0.08364085787576711,-0.03182170566674318,-0.6284660464685057,0.12213449392396042,-0.1837011707788657,-0.45008314162141544,0.054521293704192765,0.027072043002024,0.09089464125913897,-1.2180355117102077,1.0,0.8883947609134599,0.03049113279431981,0.07646311926630556,-1.4926410505512901,1.0,0.9322344141215035,-0.05835610328223181,0.1310875128298526,-0.10872135487867639,5,0.6,0.5,0.18141535883471369,0.02387716934266935,0.19285714285714287,0.5661076486328518,0.10100686214025177,0.14200219104338324,0.539340101522843,0.9346178929507832,0.9585474822620299
complex|Snurportin-CRM1-RanGTP complex (human),complex,3,3,1.0,10.502457666666666,-0.08928990197457905,-0.03667950475174534,-0.32610557569874676,0.1073778231200062,,,,0.03855238876081005,0.14880935237312748,-0.8591011834715526,0.7619047619047619,0.8048576527752755,0.039083171881821095,0.11686697372794404,-1.0984546768126409,0.8571428571428571,0.8639970008751011,-0.7767955731442144,1.2565154607945784e-22,-1.1920223579212526,3,0.6666666666666666,0.5,0.22712448841481098,0.004482762937382662,0.2074074074074074,0.15522267933509967,-0.8126656733868041,3.9266108149830573e-22,0.539340101522843,0.8955031257422612,0.9227943108922821
"complex|Ubiquitin E3 ligase (SKP1A, SKP2, CUL1, RBX1) (human)",complex,4,4,1.0,9.97796175,0.01759145010516905,0.01615045574168365,0.06683844491422888,-0.07259451518458321,0.04872177341687675,0.09291649063056,-0.03551458920692683,-0.01721153169681028,0.07393979422703381,0.4706935171487763,0.38095238095238093,0.3189298072851158,0.0488454074711462,0.10935960586530996,-0.28579069134969554,0.5714285714285714,0.6124807809293275,0.14061906138531133,0.00359269520439722,0.24559934612837225,4,0.5,0.6875,-0.07611743095614064,0.3465255127536527,0.2898550724637681,0.6858140703714701,0.4652252383890206,0.004194767752386864,0.6875,0.595366770554206,0.796849995596829
"complex|Ubiquitin E3 ligase (FBXW11, SKP1A, CUL1, RBX1) (human)",complex,4,4,1.0,10.183568,-0.030004049817262162,-0.055114354054126714,-0.13188769410135048,0.013831041418703135,-0.06898013369488182,-0.14818187278567765,0.005040416144242928,0.0034940046469172743,0.09036573561835352,-0.3706942043348551,0.6666666666666666,0.6445673462262596,0.025561077828648533,0.10222605201414393,-0.5435515365322211,0.6666666666666666,0.7066249413734879,0.7571466920855465,1.8701679481501907e-25,1.4470662123304283,4,0.75,0.3125,0.11475943411427282,0.15506097425541976,0.18705035971223022,0.500072012896382,0.13287549653104738,8.055622073957748e-25,0.5165088998387369,0.8017636458373999,0.839343807015151
"complex|Retromer complex (SNX1, SNX2, VPS35, VPS29, VPS26B) (human)",complex,5,4,0.8,10.22940225,0.0032479714835139304,0.25750283740286156,0.01286651570574208,0.015351825521800271,0.03358569294565439,0.06498869551867978,0.001250747976882746,0.0038826608291572307,0.11770970004480479,-0.005391988471652833,0.47619047619047616,0.5021510817535142,0.03188793641516311,0.04603647400139387,-0.622114650456984,0.8095238095238095,0.7330667588967167,-0.5616292076204537,2.681377604656472e-15,-0.7848363181323487,4,0.75,0.3125,0.11661241983822629,0.14845907276252565,0.2097902097902098,0.20114028026671069,-0.45727749520383826,5.156495393570138e-15,0.5165088998387369,0.7418802192766287,0.8527920780960891
complex|BAR-BCL2-CASP8 complex (human),complex,3,3,1.0,7.9455091666666675,0.005427566898651796,0.08822410624394017,0.01610784785233188,0.12349654265906504,,,,0.04485878404462197,0.08757268873653529,-0.4502684308871687,0.6666666666666666,0.6737415504385252,0.02678079214064863,0.13984592378704655,-0.15269108075336485,0.6666666666666666,0.5606790525942056,-0.35773604672801346,2.418477740432379e-07,-0.4774753837656888,3,0.6666666666666666,0.5,0.18800232026038477,0.01915030030743667,0.18115942028985507,0.503284670422508,-0.1370104227799836,3.3263852416950197e-07,0.539340101522843,0.8243958510644143,0.7678472524786382
complex|mPar6c-Mlgl-aPKCz complex (mouse),complex,3,3,1.0,7.885584933333333,-0.0719131192432163,0.003629188140999847,-0.2519808097695718,-0.07352235859840305,,,,-0.0233623495073474,0.06797689488640493,-0.7142245878838875,0.7619047619047619,0.7624558424477201,-0.023239434396568184,0.07910256702926323,-0.6153237078721069,0.7142857142857143,0.7308295180964037,0.1802484614981897,0.0022071733852608603,0.2737858338564905,3,0.6666666666666666,0.5,0.1917534078824401,0.016838722722822937,0.19083969465648856,0.6584664707606085,0.41330730265934995,0.0025865313108525707,0.539340101522843,0.8757938730818406,0.8517437253865766
"complex|SNX complex (SNX1a, SNX2, SNX4) (human)",complex,3,3,1.0,9.526845999999999,-0.057775739339690414,0.10886013929632414,-0.19597208185759252,0.017966130997482704,,,,0.00606130918235182,0.1925104198127588,-0.3316030819741186,0.5238095238095238,0.629905503965567,0.021125501942829954,0.1220257616998084,-0.6465949499796833,0.6190476190476191,0.7410529363701966,-0.9651914593651609,1.4469928106206383e-24,-1.2843853405111239,3,1.0,0.125,0.23802648963939288,0.002859934460125242,0.1678832116788321,0.5313237417606006,0.24752461182270796,5.540287788412354e-24,0.30649038461538464,0.7956983158881971,0.8573888329147012
complex|DNA repair complex NEIL2-PNK-Pol(beta)-LigIII(alpha)-XRCC1 (human),complex,5,5,1.0,8.6817091,0.09072650474613324,0.02233206606342142,0.3328421163395087,0.05284738611248552,0.15725047853208882,0.27176567467321816,0.03775388520506946,0.011036058707016927,0.06395113682642951,1.2461146117762538,0.14285714285714285,0.10636116059525436,-0.0035416599019385013,0.03981117022876803,2.3678822829466193,0.047619047619047616,0.008945113546942551,-0.6946245372325438,3.499518517856906e-24,-1.2770991579158952,5,0.8,0.1875,0.01598723856788373,0.8434824578706663,0.2898550724637681,0.7289847818292455,0.516208071063021,1.2604198051603264e-23,0.39254926108374383,0.3103628257625427,0.041231833023689546
complex|DNA repair complex NEIL1-PNK-Pol(beta)-LigIII(alpha)-XRCC1 (human),complex,5,4,0.8,9.010023125,0.14098099381974438,-0.023658461455768554,0.3963082025259168,0.019691572251408822,0.25126003376331796,0.4016112190647097,0.00594722931001681,0.0049966875381079814,0.10172852662546883,1.3367372043270238,0.14285714285714285,0.090654216600776,0.013016250230000756,0.08056638769899255,1.5883142740349494,0.09523809523809523,0.056107645677706916,-0.6250625786176818,1.7191378549597264e-21,-1.1047904506668023,4,0.75,0.3125,0.059720924237053274,0.4604170948183741,0.2391304347826087,0.8528863978503648,0.7244929643192773,4.7650016632035895e-21,0.5165088998387369,0.2791068098510624,0.17611881551883424
"complex|SNX complex (SNX1a, SNX2, SNX4, LEPR) (human)",complex,4,4,1.0,9.09049135,-0.003194079149123471,0.12602875234899744,-0.012899926757740172,0.04256416835412277,0.03753920959703455,0.07236200665922639,0.018276158498698687,0.010991939149917205,0.08372203657899226,-0.1694418683384043,0.5714285714285714,0.5672754532922751,0.051867865466694085,0.12782771801551387,-0.4307512132003713,0.6190476190476191,0.6666753617123229,-0.4708672335076243,5.630623621147965e-13,-0.6824033922180404,4,0.75,0.3125,0.22737584995649512,0.0044375498948083306,0.18518518518518517,0.6945166737862226,0.5362210604929051,9.874890119619884e-13,0.5165088998387369,0.7734713690050851,0.8251126882827516
complex|PCNA-KU antigen complex (human),complex,3,3,1.0,10.160652333333333,-0.25006584335415066,-0.1889989394625369,-1.5007903284012993,-0.13416451907013158,,,,-0.04104988130156979,0.12707547406570208,-1.6448174881056352,1.0,0.9499962726862125,-0.0051402688934348035,0.13725812066984416,-1.7844159111711226,1.0,0.9628219462469132,-0.34278764812449886,1.0783293046425625e-10,-0.5861215232311748,3,0.6666666666666666,0.5,0.27387451258419,0.0005641651168060835,0.16083916083916083,0.6159903806414758,0.3244742453269258,1.6973702017521817e-10,0.539340101522843,0.962069299185799,0.9735114841116688
"complex|eIF3 complex (EIF3S6, EIF3S5, EIF3S4, EIF3S3, EIF3S6IP, EIF3S2, EIF3S9, EIF3S12,  EIF3S10, EIF3S8,  EIF3S1, EIF3S7, PCID1) (human)",complex,13,13,1.0,11.6532724,0.1008672659036331,0.187993146342243,0.5932275565240018,0.2513227231256172,0.44096040990973917,0.6120368149980757,0.12270335398657901,0.025172227377292005,0.03802785575612575,1.9905155581681115,0.14285714285714285,0.02326708593526457,0.01217829988296674,0.023381437428369012,3.793135742503959,0.047619047619047616,7.437839182058685e-05,-1.318677494434983,1.6605450340442345e-27,-3.0206105515311723,13,1.0,0.0001220703125,-0.011978344236408752,0.8824001064049182,0.27611940298507465,0.36323127129395766,-0.30284037790556273,2.1846601339144965e-26,0.00213204997859589,0.11110687103918475,0.0006002053770332167
complex|DNA polymerase alpha-primase complex (human),complex,4,4,1.0,8.148611449999999,0.0164222795871171,0.17160653853389482,0.06260477880537399,0.10206015862203247,0.03955424138559723,0.0760984656902103,0.04730824212926138,0.027629979741894052,0.07676482601627621,-0.1460004631861032,0.5714285714285714,0.5580394886119266,0.016429033040736278,0.07403065370794933,-9.122509772534222e-05,0.5714285714285714,0.500036393548466,-0.8737964608177949,6.273622467622063e-25,-1.355234228399137,4,1.0,0.0625,0.21154007283039541,0.00823435818300699,0.19285714285714287,0.5389399602690605,0.12346326255967666,2.499646451943166e-24,0.2219707520891365,0.7734713690050851,0.7249837259515838
"complex|SNX complex (SNX1a, SNX2, SNX4, TFRC) (human)",complex,4,4,1.0,9.585293749999998,0.012270314929664869,0.039049692278749736,0.047338678247313595,-0.12211993476996542,0.07661711151153673,0.14232935867788446,-0.06501846108569702,-0.027968362719312478,0.0648245732118465,0.6207318560737373,0.2857142857142857,0.26738803285889556,0.0523271454109888,0.10718077242778268,-0.37373149655469984,0.6666666666666666,0.6456979551226782,-0.8103911290451677,4.433929146928208e-25,-1.2834707938856553,4,1.0,0.0625,0.07475105539621668,0.3552759792691936,0.23357664233576642,0.7187996253046499,0.532656048749337,1.8236321491398276e-24,0.2219707520891365,0.5411424474525267,0.8183547641962373
complex|TFIIIC containing complex (human),complex,5,4,0.8,8.894336000000001,0.1529024742669741,0.1711910063115416,0.4192820900942012,0.05107959449893039,0.29600872828906427,0.4568005165826969,0.013481786471970004,0.013278597662831506,0.07882486499181245,1.771317675185937,0.047619047619047616,0.038253944918776005,0.007031517770489925,0.04463527447929991,3.2680645117155804,0.047619047619047616,0.0005414284016281177,-0.39370824109513103,1.3807234524481037e-09,-0.530655403558747,4,0.75,0.3125,0.03498437046824144,0.6656261344452507,0.23529411764705882,0.7822177217128875,0.5824762945956018,2.0662234763748033e-09,0.5165088998387369,0.1556362926879383,0.0035767938449525914
complex|TFIIIC containing-TOP1-SUB1 complex (human),complex,7,6,0.8571428571428571,8.817562,0.05247598070519134,-0.03596400374599199,0.2494145251771858,0.07854535550928875,0.17402096044466592,0.2964529021334588,0.03433592671526693,0.01400776320204349,0.08625148931200301,0.4460006176124602,0.19047619047619047,0.32779839989782456,0.02716364869594081,0.06795677590942392,0.37247694097477535,0.3333333333333333,0.35476888866529527,-0.10656311695833143,0.0024798576289248053,-0.2220025322059332,6,0.6666666666666666,0.34375,-0.03423673101092456,0.6723553689311608,0.2867647058823529,0.34035455249165086,-0.17149900203203475,0.0029034145793196756,0.537117464201791,0.6033280190507325,0.5962936985747046
complex|DNA synthesome complex (17 subunits) (human),complex,18,17,0.9444444444444444,8.885741488235293,0.021852479424084467,0.09567690983388562,0.27525283840631753,0.17745620519670713,0.15734867446607548,0.27191230773848823,0.097682108783063,0.01253159774682026,0.017748355370038365,0.5251687541144866,0.2857142857142857,0.2997329419612671,0.00758793390558159,0.013003525430308376,1.0969752468246294,0.19047619047619047,0.1363261064571853,-0.5418144097611293,2.088833648847373e-25,-1.4803489918923654,17,0.7647058823529411,0.0245208740234375,0.3587058103187135,4.579932167140782e-06,0.1056338028169014,0.4305374307036591,0.0446573983032245,8.937123833155707e-25,0.13895161946614581,0.5719771391762484,0.32307766864853393
complex|5S-DNA-TFIIIA-TFIIIC2 subcomplex (human),complex,6,5,0.8333333333333334,9.4564014,0.14343740191144158,0.19792326918425443,0.4557186264402481,0.12931659794332137,0.28310807886983097,0.44128485126396244,0.05656975594271154,0.02884770973363206,0.07995614870187284,1.4331567245074854,0.09523809523809523,0.0759065268752269,0.02818919050556874,0.06735042619499668,1.711172711397547,0.14285714285714285,0.04352461731386224,-0.6353216023457836,5.566730091214675e-19,-0.9678196324745274,5,0.8,0.1875,0.06031387966871837,0.45596796782125787,0.24087591240875914,0.7000441035557392,0.41064033812132555,1.3366442309413767e-18,0.39254926108374383,0.25072751752827543,0.14532704367248156
complex|5S-DNA-TFIIIA-TFIIIC2-TFIIIB subcomplex (human),complex,9,8,0.8888888888888888,8.784467249999999,0.1553625159840863,0.16017316352920644,0.5953905313103478,-0.03850846664018893,0.44195702999553554,0.6129961168078689,-0.016732937642433533,-0.004656652839562294,0.025171796850017466,6.357081688569942,0.047619047619047616,1.0281132966467707e-10,0.03713083670410075,0.03750393302957207,3.1525141426302987,0.047619047619047616,0.0008093549007614348,-0.520610947818676,4.99136401103592e-16,-0.8352932662843281,8,0.875,0.03515625,0.04646643678901744,0.5658798491525693,0.27205882352941174,0.7385580476220966,0.5338781225830227,1.0006272191935216e-15,0.1629971590909091,2.299727110920408e-09,0.0052117550427819665
complex|RFC2-RIalpha complex (human),complex,3,3,1.0,9.042953500000001,-0.11015412756653786,-0.1163014737956285,-0.4238372214085916,-0.032936739183456507,,,,-0.010743019702496267,0.13379432037120584,-0.7430144088944158,0.8095238095238095,0.7712635215515868,0.013814409231779418,0.09214804212940048,-1.345319270313224,0.9047619047619048,0.9107389234456715,-0.0373382974502312,0.45690058854764604,-0.05585646034433391,3,0.6666666666666666,0.5,0.22744352421771774,0.004425447270672015,0.19708029197080293,0.30492555188724646,-0.45348935534132556,0.4751617050556678,0.539340101522843,0.8780008839091725,0.9477031171391483
complex|CF IIAm complex (Cleavage factor IIAm complex) (human),complex,16,13,0.8125,9.367591923076924,-0.012743100046652337,0.026182108069864735,-0.19556565275078558,0.1356617640721719,-0.10472163362140986,-0.23394206216555843,0.06443538904864812,0.011929393444638444,0.03106508481076113,-0.7942194151919418,0.7619047619047619,0.7864661461746163,0.02717748620758655,0.03756693099294281,-1.062652316787289,0.8571428571428571,0.8560301738433208,0.020931979876112936,0.28150446406574525,0.05682204974282086,13,0.5384615384615384,0.5,-0.03785247011053463,0.6400617662499343,0.25,0.2990976895155663,-0.259723286278138,0.2981048103686256,0.539340101522843,0.8890474865974511,0.9205970594775138
complex|Cleavage and polyadenylation factor (CPSF) (human),complex,5,5,1.0,9.6426814,0.04399386845039022,0.11789393384975103,0.18705266151585548,0.15018580575808332,0.06563068374746732,0.12317716587639184,0.052767137932183225,0.03413890422227271,0.07858814201787762,0.1254001427578686,0.5238095238095238,0.4501033875515281,0.04231748763407691,0.0720380557939092,0.02327076706663486,0.38095238095238093,0.4907171449492232,-0.23649907362613368,1.7776295239208017e-05,-0.37528763741877047,5,0.6,0.5,0.012687312687312689,0.8754943041273872,0.22695035460992907,0.6864844014553745,0.5404165449015597,2.294005711537472e-05,0.539340101522843,0.711129887395537,0.7191544365635167
"complex|Polyadenylation complex (CSTF1, CSTF2, CSTF3, SYMPK CPSF1, CPSF2, CPSF3) (human)",complex,7,6,0.8571428571428571,8.956086933333332,0.1032589754413309,0.08286001939150364,0.40859720754932466,0.14961108411313798,0.2569264457257354,0.40881699418359985,0.09578697364019226,0.028486797956510934,0.05865603611898306,1.2747567417127457,0.14285714285714285,0.10119767812510932,0.016268968297777943,0.06952380921815991,1.2512261356477976,0.23809523809523808,0.10542599270325803,-0.299209539419061,5.5166177194478804e-08,-0.4771923166968115,6,0.6666666666666666,0.34375,0.11925171602590957,0.1394256397715601,0.2,0.815825808628615,0.7331507979861777,7.780627867584124e-08,0.537117464201791,0.2986737027998018,0.2777234311914339
complex|snRNP-free U1A (SF-A) complex (human),complex,4,4,1.0,10.770183,-0.001380230036836183,0.012465449839472212,-0.005543875618291061,0.11150137390964385,-0.010763912121119266,-0.021762069243145464,0.0548948747765135,0.030419178635725685,0.09810397893230435,-0.3241398465041334,0.5714285714285714,0.627083919551223,0.011403911095236561,0.07335042750204739,-0.17428857018885008,0.5714285714285714,0.5691806592802928,-0.41708516377145366,4.077780655049855e-13,-0.7050790202913043,4,0.5,0.6875,0.17129000032225836,0.0330844375353891,0.23484848484848486,0.24503534809343872,-0.5981839921642589,7.181174496116802e-13,0.6875,0.7949266488563015,0.7742318259182823
complex|Integrator complex (human),complex,12,12,1.0,8.997550533333333,0.003473031939684546,0.035824290198231995,0.04014279401290942,0.1576696010423775,0.059315346917699546,0.11198808190646914,0.07572692749955608,0.015358972965030379,0.0409959610386533,-0.2899295619424338,0.5238095238095238,0.6140649373403607,0.018972900867951527,0.0288385624031101,-0.5374702355688644,0.7619047619047619,0.7045285803106869,-0.27370460712932554,1.3781816330481837e-13,-0.6379809430109468,12,0.6666666666666666,0.19384765625,0.0757307208920112,0.34898816047298753,0.23134328358208955,0.28960988750304684,-0.11706704287588302,2.4714227596855614e-13,0.3948175107328275,0.7918318425725327,0.839343807015151
complex|DSS1 complex (human),complex,13,11,0.8461538461538461,9.119561218181817,0.023952943074935493,0.024455960068311924,0.2125664524681778,0.14072090405699678,0.13675772739452463,0.24061015658627022,0.06241957465408736,0.0146694434030863,0.03544536979981598,0.2619100809013816,0.3333333333333333,0.39669538370526647,0.031792299968218085,0.04411369453442398,-0.17770801054001895,0.5238095238095238,0.5705238530565685,-0.2770833517641822,8.817914234722999e-13,-0.6694831542879609,11,0.6363636363636364,0.2744140625,0.16626276948857596,0.038676430186966766,0.17142857142857143,0.3031111767594414,-0.21272073427774285,1.5091061274190368e-12,0.4991125958452211,0.6621698719959924,0.7742318259182823
complex|Integrator-RNAPII complex (human),complex,14,14,1.0,9.1813501,0.014508602414892009,0.020276534410831954,0.170888786770983,0.1054011758431691,0.15308608777545582,0.26552412590596924,0.04733842054859988,0.008345445170257657,0.02716957838390734,0.22684037115146463,0.38095238095238093,0.4102739351086856,0.031211069361092098,0.04320092437329977,-0.38662290653491227,0.6190476190476191,0.6504823013568427,-0.28043310437285107,2.024980068455426e-14,-0.7180989395763542,14,0.6428571428571429,0.21197509765625,0.06328832457864716,0.4340147853078633,0.24817518248175183,0.31253023847500705,-0.2940988052452606,3.747241781249156e-14,0.42269858065992594,0.6740969938963584,0.8187215540276154
complex|ING1-p300-PCNA complex (human),complex,3,3,1.0,9.228390666666668,0.15835236476857398,0.12484159126100591,0.36079242646353693,0.08738729617071789,,,,0.030931088165153182,0.11811685472542924,1.078773024388605,0.19047619047619047,0.14034446151979957,0.0019865977205571796,0.10393852578887874,1.5044062426441274,0.14285714285714285,0.06623839894067621,0.22318891329927482,0.0005152696167393444,0.2599151694220323,3,0.6666666666666666,0.5,0.09410589410589411,0.24413561365435862,0.24817518248175183,0.8881366095641366,0.8134455248265269,0.0006256845346120612,0.539340101522843,0.3697090670201332,0.2001278640980146
complex|Smrt-Sin3A-Hdac7 complex (mouse),complex,3,3,1.0,9.474824333333334,0.1394481064172918,0.04560517823438078,0.3271135804872269,0.03521907310816161,,,,0.012021959209591152,0.1315609011495859,0.9685715595913713,0.19047619047619047,0.166379499545309,0.05877218379856626,0.11516198476346479,0.7005430028357763,0.23809523809523808,0.24179412968007258,0.28461549585415924,1.8637442847608215e-05,0.36839807224126503,3,0.6666666666666666,0.5,0.13326351068286552,0.09831680689978743,0.19148936170212766,0.5897194675510017,0.045100671504728795,2.4027037038119793e-05,0.539340101522843,0.4087357647789383,0.46895990370997265
"complex|Ubiquitin E3 ligase (DDB1, DDB2, CUL4A, CUL4B, RBX1) (human)",complex,5,5,1.0,9.75891672,-0.08999821411176408,0.021206717977660494,-0.703103199849825,0.17492699496667877,-0.12698700305823155,-0.29091663813271224,0.07581336596803852,0.04067793399790022,0.06836511654072602,-1.9114448233525463,1.0,0.9720262794369257,0.03405042834258748,0.05272481151144792,-2.3527564897489937,1.0,0.9906825834811769,-0.5963339801391225,1.4052506943346047e-20,-1.0346944131727747,5,0.8,0.1875,-0.144107505397828,0.07362271305751653,0.30714285714285716,0.24099479661835707,-0.45361296184766675,3.679044425619345e-20,0.39254926108374383,0.9773923551120507,0.9915623253768747
complex|RNF20-RNF40-UbE2E1 complex (human),complex,3,3,1.0,10.444229666666667,-0.06998291680647102,-0.04536640225586449,-0.24411675561843416,-0.0060854468875888345,,,,-0.00202028606682468,0.14858904840986295,-0.4573865400374632,0.6666666666666666,0.6763033813907424,0.0010064788056556688,0.12230803917822104,-0.5804147960273042,0.6190476190476191,0.7191825351759726,0.16315712198504848,0.005170682316103316,0.24286023331977374,3,0.6666666666666666,0.5,0.26331410524958915,0.000931909925578467,0.1678832116788321,0.48129221631758806,-0.07598467237196631,0.006004207607497019,0.539340101522843,0.8245314577464989,0.8456241352853493
complex|p400-associated complex (human),complex,7,6,0.8571428571428571,10.045264833333334,0.09421291034841056,0.15366671008048086,0.38426421289334634,0.08185950315027674,0.2644493892364404,0.41828386566920284,0.040027018601777466,0.014642078232728306,0.059373418152511896,1.3401760348593956,0.09523809523809523,0.09009406048303542,0.041786122746443576,0.10041677131684723,0.5220919465389262,0.23809523809523808,0.3008031567512326,-0.48074724745520936,1.1280421472805944e-16,-0.804917539184594,6,0.6666666666666666,0.34375,0.18174083980535594,0.02362201765519517,0.22302158273381295,0.39790634675555253,-0.20970443469796415,2.3577930127586195e-16,0.537117464201791,0.2791068098510624,0.5341560234788602
complex|Paf complex (human),complex,5,4,0.8,9.052599625000001,-0.00670700248581213,0.0073359009503490835,-0.027378901014742496,0.08565835292906239,0.019763889572751676,0.038761697241568555,0.04599825646351713,0.022884793522457113,0.11685617484634092,-0.25323262589401657,0.5238095238095238,0.5999557719311196,0.051166295508581296,0.10316057163715292,-0.5610021064826143,0.6666666666666666,0.7126019494118341,-0.11397710003446807,0.014247975814640594,-0.19098717591703745,4,0.5,0.6875,0.03601881988978763,0.6563593166432716,0.25547445255474455,0.4018006573419226,-0.28367858297720405,0.01624880962760891,0.6875,0.7829514935641531,0.8443523492133405
complex|SKI complex (human),complex,3,3,1.0,9.990972333333334,-0.1573746360576246,0.1799833373646161,-0.6889797981393437,-0.1081603327258952,,,,-0.03362859116869248,0.14124131383932526,-0.8761320715955986,0.8095238095238095,0.8095208803286295,-0.011813560483885464,0.09232319914699204,-1.576646789957794,1.0,0.9425615899196482,-1.2591736139907286,2.8395377566665458e-27,-2.1110817361271645,3,1.0,0.125,0.42291901646740354,4.202299069295144e-08,0.14925373134328357,0.18556665680622472,-0.8274815863223983,2.3662814638887882e-26,0.30649038461538464,0.8979225709231977,0.9640358019939823
"complex|SNARE complex (STX4, VAMP8, VAMP3, SNAP23) (human)",complex,4,4,1.0,10.48293,-0.08006664610189307,-0.17437675334958244,-0.4215142911325798,0.1405508423893812,-0.13946975656938446,-0.32414841345580175,0.06019063971360137,0.03927814262211689,0.135596118163376,-0.8801490067747717,0.8095238095238095,0.8106107031439347,-0.006616253657463021,0.08474470721191381,-0.8667254258222754,0.7619047619047619,0.8069537645995232,-0.42180747674835484,2.3259176632372392e-17,-0.8184646483532377,4,0.5,0.6875,0.19343237407753536,0.015885252153068363,0.19424460431654678,0.20273511746103504,-0.54693626841685,5.095438179772302e-17,0.6875,0.8979397450117435,0.8923382912960902
complex|cMYC-ATPase-helicase complex (human),complex,5,5,1.0,9.1867054,0.09942689222976267,0.09154764045919409,0.35567844962969175,0.2551310947148019,0.20749251905097413,0.3436750386065371,0.11451719137660452,0.06411173707395743,0.10109263757634605,0.3493345905544796,0.38095238095238093,0.3634190663547749,-0.006158946758883441,0.07745689207310574,1.3631561525731186,0.09523809523809523,0.08641665142704746,-0.49427381990072544,7.682386240286671e-17,-0.8282145210840948,5,0.8,0.1875,0.1522670877509587,0.05856974391293852,0.22388059701492538,0.727606524664814,0.5660787073423516,1.6297907581306997e-16,0.39254926108374383,0.6356094781925075,0.24082914199236377
complex|TIP49-TIP48-BAF53 complex (human),complex,3,3,1.0,8.938281333333334,0.17479110519422894,0.2072224048358855,0.388544922677777,0.09200418037360487,,,,0.032672036056903116,0.1251294806775418,1.1357760646634996,0.19047619047619047,0.12802514841032225,0.04914865896028836,0.07521862341720459,1.6703635419789225,0.14285714285714285,0.04742372915714353,-1.2210499258323646,1.0744895090666696e-26,-1.5113767194427417,3,1.0,0.125,0.08674228996809642,0.28317445000420777,0.22857142857142856,0.8350988405160482,0.7018443874112271,6.586414057980787e-26,0.30649038461538464,0.35294557427363754,0.15464259507764197
complex|PHAX-CBC complex (cap binding complex) (human),complex,3,3,1.0,9.395534499999998,0.23079944655503967,0.1545366402255864,0.47372664479226,-0.022523332045367255,,,,-0.00739671162054025,0.13445947416530343,1.7715089223295892,0.09523809523809523,0.03823805514934713,0.039750805453633645,0.13262821203982564,1.4404826707913236,0.14285714285714285,0.07486544466650419,-0.6254272002048187,6.127765204909473e-14,-0.7019767108804982,3,0.6666666666666666,0.5,-0.02610292932873578,0.7471472421466501,0.24475524475524477,0.7907147198954779,0.5980887381055354,1.117725412912672e-13,0.539340101522843,0.1556362926879383,0.21793023276208412
complex|CRM1-RAN-PHAX-CBC complex (cap binding complex) (human),complex,5,5,1.0,10.074485499999998,0.08259922503274134,0.06747840162739785,0.31043076327301344,0.1196479498591584,0.1342786040675183,0.23676476588026218,0.04437924895838923,0.026462540994252697,0.07469085447653115,0.7515871177525157,0.2857142857142857,0.2261496963554705,0.0015891361171542686,0.05581456968062816,1.4514147359574403,0.14285714285714285,0.07333220442486682,-0.869023871369624,6.74823379032032e-25,-1.3162571858248995,5,0.8,0.1875,-0.06826077148657794,0.3986998133440758,0.29411764705882354,0.7221483557531259,0.5758043245449287,2.6720490939932943e-24,0.39254926108374383,0.4962837570623492,0.21493921986598896
complex|Polycomb repressive complex 4 (PRC4) (human),complex,3,3,1.0,7.836849333333333,0.1790438643013569,0.10616228083776254,0.39550581423536274,0.013179982781712361,,,,0.004432272443564143,0.07789002192742003,2.24177099372883,0.047619047619047616,0.012488088414450068,0.05259799385221505,0.12248474702220466,1.03233972819668,0.23809523809523808,0.15095649806927675,0.4369874800304891,5.200480069462715e-08,0.4767629544862394,3,0.6666666666666666,0.5,0.10810157584351132,0.18060756875553122,0.2357142857142857,0.8612924505909983,0.7504753078402435,7.35101118466182e-08,0.539340101522843,0.06983470494922735,0.3437222131859025
complex|BCOR complex (human),complex,8,7,0.875,9.763380571428574,-0.04186909310379129,-0.006968212523320171,-0.39141205949125546,0.15537085907605908,-0.09226050759133746,-0.2032752972915757,0.08126039600417692,0.025605903816646736,0.05725706309863434,-1.1784571766142053,0.8571428571428571,0.8806928025467036,-0.0004670915946770691,0.04477186055099484,-0.9247326557259695,0.8571428571428571,0.8224475057398306,0.30642531975595155,6.639601477129016e-14,0.7182966120464995,7,0.5714285714285714,0.5,0.24378846959492123,0.0022369017845498174,0.19402985074626866,0.17014019961161728,-0.32908370523262753,1.2093559833342135e-13,0.539340101522843,0.9334025962153343,0.9039832498433483
complex|C complex spliceosome (human),complex,80,66,0.825,9.940414348484847,0.031842399860388636,0.04393639631888442,0.6846141507658408,0.5425735974254463,0.5312438954461712,0.6938723439499862,0.36943561953538273,0.017654593055524966,0.01040603617624076,1.3634208611783911,0.14285714285714285,0.08637495508888715,0.021781144474182758,0.011152448389958684,0.90215664169894,0.19047619047619047,0.1834868318009087,-0.11152023872871251,6.317909477718471e-06,-0.38339944057895886,66,0.5606060606060606,0.1945262302738964,0.05814508072572589,0.4723571820819593,0.2446043165467626,0.10175040450667512,-0.4410036018807556,8.304468643392836e-06,0.39556769314069845,0.272594227075077,0.39056045166303605
complex|CDC5L core complex (human),complex,6,6,1.0,9.717105383333335,-0.010349492915976673,-0.03287376709935765,-0.06548567515123827,-0.014910373756526535,-0.0005364917400574715,-0.001073559435884756,0.0010846287430792433,-0.002454563575817263,0.052455654483947456,-0.15050673598163616,0.5714285714285714,0.559817581635743,0.020584364277905866,0.06293391578710965,-0.4915291986363023,0.7142857142857143,0.6884738971108119,-0.6230294984383258,1.8701679481501907e-25,-1.4200430666071677,6,0.8333333333333334,0.109375,0.2082917082917083,0.00930039010860118,0.17857142857142858,0.3085184512000638,-0.3596428357614975,8.055622073957748e-25,0.30649038461538464,0.7734713690050851,0.8338029831249569
complex|CDC5L complex (human),complex,30,25,0.8333333333333334,10.227099112000001,0.019788764598283385,0.051345662856587634,0.33541862830115066,0.38611520339951094,0.23287911887285287,0.3777809443082469,0.2120697721754287,0.024541373753937078,0.026066565036150537,-0.182325870288721,0.6190476190476191,0.5723365013066404,0.02797731606253135,0.02219578105182087,-0.3689237808360974,0.5714285714285714,0.6439077313985121,-0.3494066753782544,1.2900274221907495e-21,-1.0790604614523682,25,0.6,0.21217811107635498,0.19117334278624598,0.01717950507696032,0.17391304347826086,0.17196196904614638,-0.4807908778993625,3.599091823398699e-21,0.42269858065992594,0.7734713690050851,0.8183547641962373
complex|ESCRT-III complex (human),complex,10,9,0.9,10.28605672222222,0.10002522491969515,0.040368903718496565,0.5000700613667427,0.16712550891079397,0.32227640334631047,0.4874569379453786,0.07535318940370411,0.021809421597702525,0.029800244703072753,2.6246698341348744,0.047619047619047616,0.004336651274399021,0.023196827883668336,0.05593063297843065,1.3736371813574018,0.14285714285714285,0.08477717394623169,0.4197160440019949,1.5899606558991444e-15,0.7737858344288809,9,0.6666666666666666,0.25390625,0.22499436047823143,0.004882816726611522,0.18248175182481752,0.43702152537596256,-0.15266444872363313,3.118768978879091e-15,0.47122338973799127,0.030380386675048093,0.23864385041340563
complex|ESCRT-II complex (human),complex,3,3,1.0,9.622488666666667,-0.26050066204139644,-0.01751540673575665,-1.6315326647359443,-0.0592495914798474,,,,-0.018999392978392572,0.11171623101654518,-2.161738423016057,1.0,0.9846808278951849,0.06082514350243351,0.14346921289358788,-2.2396847314005934,1.0,0.9874443012473576,-0.913974283729859,5.039369987238982e-25,-1.4064759264203608,3,1.0,0.125,0.23565466791273243,0.0031591094156445663,0.18115942028985507,0.17913448744237148,-0.825050727273322,2.04624099800309e-24,0.30649038461538464,0.9877797447414325,0.9897731793163372
complex|DNA double-strand break end-joining complex (human),complex,7,6,0.8571428571428571,9.030425500000002,0.05458666608940985,0.14048152122005222,0.2572954833553107,0.11518544633525708,0.14642865506654912,0.25545184066957755,0.05976656838719437,0.02123596995378339,0.056643853522556534,0.5887787299348489,0.2857142857142857,0.278004858024402,0.018914784268308966,0.05866768592070038,0.6080328763830511,0.19047619047619047,0.27158283464486366,-0.03490651780583693,0.7744623006964528,-0.04814573644989885,6,0.6666666666666666,0.34375,0.04244465212207148,0.6000068731103768,0.23404255319148937,0.7134046632825477,0.34955697735333235,0.7861778928248228,0.537117464201791,0.5506303344741506,0.5047640148282816
complex|RNA pol II containing coactivator complex Tat-SF (human),complex,5,4,0.8,10.017974,0.010634152677208908,0.16584232102655058,0.04122154218914709,0.05531134800783215,0.04143635781437975,0.0795754008460787,0.02536618280196511,0.014426290168955852,0.12473087675659732,-0.030402556210255848,0.5238095238095238,0.5121269968807349,0.04072216404556001,0.10242758421984702,-0.29374910672276755,0.6190476190476191,0.6155251864733984,0.3443067633500057,5.061257499269187e-10,0.5806369832795857,4,0.75,0.3125,0.27933679224001806,0.00043171348053463944,0.15217391304347827,0.7147554167608793,0.5148093429013648,7.728267439003847e-10,0.5165088998387369,0.7466841184960805,0.7992994690542975
complex|ESCRT-I complex (human),complex,3,3,1.0,10.752726333333333,0.1875588531350457,0.1143271789083286,0.4091842878900576,0.025750028588981,,,,0.008733264062516954,0.12112997721911592,1.4763115884108966,0.14285714285714285,0.0699301323073827,0.07601017685705316,0.13355060746494324,0.8352539789627975,0.2857142857142857,0.20178736156155885,0.7422108663183347,6.0488745585465135e-25,1.2841188355468685,3,0.6666666666666666,0.5,0.2782991202346041,0.00045441851900627757,0.20437956204379562,0.8847358264179387,0.7786853197256501,2.4329069596677617e-24,0.539340101522843,0.23525308361982306,0.4176605292061486
complex|Rap1 complex (human),complex,11,10,0.9090909090909091,9.368025000000001,0.10385433165087031,0.16683370648540358,0.5368011730242102,0.19952444333770605,0.4004612494346656,0.5718990791017213,0.08021191105685696,0.024319555536313674,0.05560318435777908,1.4303996620551365,0.14285714285714285,0.07630117260074543,0.02520331165012466,0.03056497972221436,2.5732397245329355,0.047619047619047616,0.00503756976696153,-0.02952173650489879,0.7744623006964528,-0.04519573660716922,10,0.6,0.376953125,-0.018120589088331026,0.8229193481548972,0.2826086956521739,0.6516926194232519,0.37843891395078716,0.7861778928248228,0.539340101522843,0.25128297061523897,0.024991834446988135
complex|E2F-6 complex (human),complex,12,10,0.8333333333333334,8.569999710000001,-0.02356410376672089,-0.025688022817749505,-0.2990660482040622,0.18694391422500878,-0.12215243643208869,-0.27829988144095097,0.09829728927894268,0.022475961162643318,0.03245796936975484,-1.4184517954553715,1.0,0.9219705486095898,0.018945341297072,0.03511391610466331,-1.2106153280393417,0.9047619047619048,0.8869785665428468,-0.2859843169776277,2.362187119849249e-15,-0.7885095481046485,10,0.5,0.623046875,-0.016190261351551678,0.8415207591980738,0.25,0.30060162687803216,-0.22364514857977694,4.57718628846169e-15,0.6625394208715596,0.9495254034549492,0.9327222740486079
complex|TIN2 complex (human),complex,4,4,1.0,8.969561500000001,0.1516821173057982,0.0860410115832192,0.4169822276958213,0.0706822906767213,0.26731863873419487,0.42186492104494616,0.049805616239722995,0.01865975852626341,0.07572482729708392,1.7566545019331767,0.09523809523809523,0.039488358535832165,0.018722918538241463,0.0894547705211695,1.4863287669615328,0.09523809523809523,0.06859609061591664,0.36103297411311003,5.863437386857064e-07,0.4426229861635577,4,0.75,0.3125,-0.07504108794431374,0.35340712078974534,0.3282442748091603,0.7964161677672047,0.5822130597226867,7.910986950521435e-07,0.5165088998387369,0.1576909498549009,0.20530520078707445
complex|Oligosaccharyltransferase complex (Stt3A variant) (human),complex,6,6,1.0,10.920017999999999,-0.07962824661853787,0.17243574238656081,-0.7938232455535639,0.13845923040332028,-0.20072853773590768,-0.5022787556240403,0.07242520892002281,0.026086464951492395,0.07468175010749578,-1.4155360769915823,0.9523809523809523,0.9215443107885452,0.004591081201992982,0.042614305798698224,-1.9763158461002917,1.0,0.975940492001429,-0.0004729426114795668,0.6785229325740758,-0.0007590988302445984,6,0.6666666666666666,0.34375,0.43631207502175245,1.3863833853419593e-08,0.10144927536231885,0.02041415269280235,-0.7689228177819524,0.6948728827565837,0.537117464201791,0.9495254034549492,0.9828784575843775
complex|Oligosaccharyltransferase complex (Stt3B variant) (human),complex,7,6,0.8571428571428571,10.762081166666666,-0.09120540240210986,0.10354112011775482,-1.0059918902136213,0.11296555344253856,-0.24416409289104743,-0.6460769873317267,0.052912584907942276,0.02078417179884044,0.07997488020042216,-1.4003093711462558,1.0,0.9192896520932641,0.0015265375776139876,0.06270647350196974,-1.4788256267801594,1.0,0.9304065375958175,-0.07668751135804973,0.1315354141968714,-0.13794130351196646,6,0.5,0.65625,0.2938770906512842,0.00020610025946072365,0.13286713286713286,-0.010014536249597453,-0.7926865071909648,0.14236642877844738,0.6847125613747954,0.9490985657487081,0.9578061516851154
"complex|Ubiquitin E3 ligase (AHR, ARNT, DDB1, TBL3, CUL4B, RBX1) (human)",complex,6,6,1.0,9.933443,-0.07222519870261533,-0.01709015808830368,-0.678304623158216,0.1742040258796305,-0.25395946528500524,-0.6808194822336934,0.08632364410694472,0.033964653844349935,0.08893263223767418,-1.194048234883803,1.0,0.883770449756158,0.007389577087234334,0.05041710489126085,-1.5791223229013664,1.0,0.9428459988201159,-0.1249253016940479,0.0007536224193137423,-0.28597139011564654,6,0.5,0.65625,0.05450033837130611,0.5006087748848864,0.2112676056338028,0.3002971913637564,-0.30886537153521615,0.0009081933692107952,0.6847125613747954,0.9342212871772704,0.9640358019939823
"complex|Ubiquitin E3 ligase (DET1, DDB1, CUL4A, RBX1, COP1) (human)",complex,5,5,1.0,10.4624366,-0.03882696907707461,0.021257264061424364,-0.22982911754511476,0.20851789784360414,-0.1054295882166433,-0.23570998286533043,0.09637888353379478,0.050053163998657876,0.0976186971551685,-0.9104826807353745,0.7142857142857143,0.8187159942928601,0.03024141285406589,0.09188615356070463,-0.7516734486606891,0.7142857142857143,0.7738762693100217,-0.550905553769649,6.266707155296523e-23,-1.1399330789291933,5,0.8,0.1875,-0.04893815861557797,0.5453744855082399,0.2536231884057971,0.4790354202734001,0.19824735041121574,2.0176898037886531e-22,0.39254926108374383,0.9029955819406545,0.8762808555686302
complex|TRF2-Ku complex (human),complex,3,3,1.0,10.149655333333333,-0.0563398130409527,0.37793689285263904,-0.1904829913648074,-0.01870866139575087,,,,-0.006159397740761187,0.1431978258985504,-0.35042721483594463,0.6190476190476191,0.6369909474295281,-0.025186052573663364,0.09324049920123487,-0.33412262626406813,0.5714285714285714,0.630856486520637,-0.18356566744833355,0.0722965003798876,-0.18621065282687302,3,0.6666666666666666,0.5,0.07973961522348619,0.323992870542021,0.21678321678321677,0.21752950733822826,-0.7677643684831152,0.07973878718369956,0.539340101522843,0.7966938508765314,0.8089468666979448
complex|WINAC complex (human),complex,14,14,1.0,9.618337878571428,0.03631778867191407,0.09009675010456458,0.3453829544493503,0.19355093925120104,0.2587568265838785,0.41113076190595893,0.0782223837866266,0.016854203515850756,0.05010390913405863,0.3884644031264369,0.2857142857142857,0.34883619595917054,0.02473494828655234,0.03388340031069964,0.3418440970844393,0.38095238095238093,0.3662341109124432,-0.2785375582310494,7.372839555471866e-13,-0.6640252834588861,14,0.7142857142857143,0.08978271484375,0.20726692662176535,0.009661113157424859,0.16546762589928057,0.4527447611805624,-0.0853482157964074,1.2737629313315214e-12,0.2922213807397959,0.6273147388546438,0.6064266122251495
complex|FIB-associated protein complex (human),complex,6,6,1.0,10.466742333333334,0.14517070566036377,0.16282991914693923,0.5046918638682164,0.10434341444340758,0.35105046497448333,0.5196703958517397,0.0524753743670013,0.01904673705591816,0.0732836326853064,1.721038709230552,0.14285714285714285,0.04262189994520716,0.007399661042020693,0.05319434410281064,2.58995663809799,0.09523809523809523,0.004799401098608003,-1.064217183812496,2.300577280411703e-27,-2.2078383031379185,6,0.8333333333333334,0.109375,0.18659727369404788,0.020084294285130488,0.17142857142857143,0.7698745675412878,0.5854696764046035,2.2054406259585878e-26,0.30649038461538464,0.1677250692288245,0.02409148189261891
complex|EBAFb complex (human),complex,10,8,0.8,9.712584750000001,0.02859257317889652,0.05905120437894767,0.19059364603029494,0.19988364060402078,0.1319069497392861,0.23307030629976858,0.09345708926015606,0.030281662986654568,0.054201548918442755,-0.03116312801871452,0.42857142857142855,0.5124302773992709,0.016090608991753998,0.05208556296524196,0.24002743707474958,0.3333333333333333,0.4051544932711775,-0.6925658260135237,1.4986192690056184e-25,-1.4239175829766921,8,0.875,0.03515625,0.24135864135864135,0.0024828356426435144,0.19696969696969696,0.4218788747623707,-0.0006142377330029039,6.704349361340924e-25,0.1629971590909091,0.7466841184960805,0.6447485533889868
complex|EBAFa complex (human),complex,10,9,0.9,9.822453833333334,0.030649329720667855,0.08274819436433561,0.22152678715437366,0.267253376517189,0.09002860387227425,0.16518576402940613,0.13441132289055108,0.03894701669474783,0.060922020273080926,-0.13620176968665632,0.3333333333333333,0.5541691119006166,0.015143473495494397,0.04821462792813741,0.3216006612823916,0.38095238095238093,0.373877621400331,-0.4897876492290324,9.934246791911541e-21,-1.0344460874626498,9,0.7777777777777778,0.08984375,0.2551964164867391,0.0013521065993850325,0.1678832116788321,0.3920885303100963,-0.13000833426975777,2.638784304101503e-20,0.2922213807397959,0.7722028608451215,0.614296349594616
"complex|Ubiquitin E3 ligase (FBXW7, CUL1, SKP1A, RBX1) (human)",complex,4,4,1.0,9.9533445,-0.08184644608241065,-0.022359664845353826,-0.43393353812385327,0.014316306873497501,-0.17549498110856349,-0.42569778736949354,0.012770153025326353,0.0036179231923744574,0.07652465655373003,-1.1168213373787346,0.9047619047619048,0.8679646381523269,0.007995401337792645,0.09735840776028465,-0.9227949540979697,0.8571428571428571,0.8219429645496079,0.6424620332630882,7.96489836281172e-24,1.1904527742000504,4,0.75,0.3125,0.09023879346459991,0.2641440948271833,0.25,0.33190565746234113,-0.3595428925527892,2.78225901714656e-23,0.5165088998387369,0.9291812876945565,0.9039832498433483
complex|Menin-associated histone methyltransferase complex (human),complex,7,7,1.0,9.124044285714286,0.13161461562685708,0.1484780504775667,0.5147838433485699,0.10271509401075643,0.322419024316477,0.48762006351674614,0.05380225338298603,0.01609018941754273,0.059989658132204055,1.925739032463293,0.09523809523809523,0.02706848375564884,0.03408625724212469,0.04786294829559593,2.0376588124577855,0.09523809523809523,0.020792032969412486,-0.30451106089735547,4.687020761598133e-09,-0.5167433538289987,7,0.5714285714285714,0.5,0.21511391833972482,0.007187882402628326,0.19285714285714287,0.6517732312224587,0.48375154786844277,6.853155356694517e-09,0.539340101522843,0.12370006017366406,0.08106985332110372
complex|MLL-HCF complex (human),complex,7,6,0.8571428571428571,8.934118166666666,0.05572142669018986,0.1937765263573535,0.2614787227401036,0.12161517427211244,0.14631099029360345,0.2552727689649542,0.053401659209739896,0.022555060377453792,0.0631741653766342,0.5249988838792493,0.3333333333333333,0.2997919834137034,0.035314830448853265,0.05505173402510741,0.3706803537201893,0.3333333333333333,0.3554378124837455,-0.2767424082381043,2.9150826746662077e-07,-0.4339692863204348,6,0.5,0.65625,0.1792401147239857,0.025643910986479466,0.2014388489208633,0.768813053265875,0.6341095643920854,3.9964843120423815e-07,0.6847125613747954,0.5719771391762484,0.5962936985747046
complex|ALL-1 supercomplex (human),complex,28,27,0.9642857142857143,9.091164503703702,0.00894731856351494,0.024797857629864774,0.19598545047527968,0.2649034352429753,0.16525423746754925,0.28363636390063135,0.1213369558114149,0.01317107741590375,0.0182513102449198,-0.23142222644341282,0.5238095238095238,0.5915066002165962,0.021788592932224345,0.016368142819988492,-0.7845284898802241,0.8095238095238095,0.7836349641916827,-0.14504407265573727,2.5838750170059703e-09,-0.49740286589784116,27,0.5555555555555556,0.3505540192127228,0.33317650091843637,2.2742231371477665e-05,0.14705882352941177,0.45773072553788235,0.06158608522475132,3.830744938003037e-09,0.539340101522843,0.7785928533605644,0.8787463318772167
"complex|Ubiquitin E3 ligase (GLMN, FBXW8, SKP1A, RBX1) (human)",complex,4,4,1.0,9.145196,0.0015592698423006663,0.0008775792457159278,0.006208039343617392,0.0017340671489702853,0.0033663537588572478,0.006710118883787678,0.00967885992349933,0.00043408133187576163,0.07426956086101115,0.015150062789930783,0.5238095238095238,0.4939562306020045,0.007250627315791941,0.08466344521100376,-0.06722331531993415,0.47619047619047616,0.5267980379182351,-0.2875716217832924,2.6979813183127022e-08,-0.4794458695898379,4,0.75,0.3125,0.2166639811801102,0.006772004442340815,0.2074074074074074,0.533126360222468,-0.0096391165892285,3.834923278538122e-08,0.5165088998387369,0.7378405231940188,0.7460972072817016
"complex|Neddylin ligase (FBXO11, SKP1, CUL1, RBX1) (human)",complex,4,4,1.0,10.454051875,-0.006362226840276652,-0.07802599453812868,-0.02594409399458364,0.10950535652822548,0.003944163621080921,0.007857336620903089,0.03472105076882613,0.029825911975553187,0.12494984359807164,-0.28962132143387764,0.7142857142857143,0.6139470231794244,0.0566712621720009,0.13256656006303666,-0.4754855898976675,0.7142857142857143,0.6827795490771239,0.49524466459951516,4.1367615375224485e-16,0.8259618140427193,4,0.75,0.3125,0.10032548097064227,0.21421148137090903,0.2014388489208633,0.5773574951572985,0.2335944529023131,8.332339589796401e-16,0.5165088998387369,0.7918318425725327,0.8333645653699046
complex|MKK4-ARRB2-ASK1 complex (human),complex,3,3,1.0,9.776156,0.01327645549891221,0.06419352638009419,0.038799136479017005,0.0031813195536756333,,,,0.0010626936967164991,0.1475197903395054,0.08279405613366642,0.47619047619047616,0.4670076477101478,0.0246294056419637,0.09318143309533124,-0.12183704162863235,0.5238095238095238,0.5484859612550019,1.314085361476491,2.256933762369711e-27,2.2057246850115035,3,1.0,0.125,0.03752376655602462,0.642970966197532,0.3037037037037037,0.47685423582171876,-0.26132224809410365,2.2054406259585878e-26,0.30649038461538464,0.7233972701202671,0.7576593722644935
complex|Large Drosha complex (human),complex,20,20,1.0,9.9315647,0.028514432939184674,0.041617233129897714,0.36989116125048543,0.34572294575821105,0.2040430185112693,0.3389297813687037,0.20076317494214288,0.0257401645124924,0.02713179450362676,0.10225156416843101,0.47619047619047616,0.4592784999563522,0.01554899685489986,0.01654242452863072,0.7837687916813494,0.23809523809523808,0.21658789455766736,-0.05705808419606994,0.10938574235344639,-0.14889993499821308,20,0.55,0.41190147399902344,0.30523347620121816,0.00011248925715773623,0.15217391304347827,0.48712006513996675,0.05057581366150382,0.11899899445447454,0.539340101522843,0.7167442930775387,0.4359019328053216
complex|hASC-1 complex (human),complex,4,4,1.0,9.691505,-0.09312437539009936,-0.03949675119956505,-0.5169075912764607,0.11428688293510228,-0.18525515947475785,-0.45475626296775135,0.06121773627684211,0.031250349510955254,0.10865909960514052,-1.1446323902280027,0.9523809523809523,0.873819265501476,0.0298426208541236,0.07395529919271897,-1.6627205566944592,0.9047619047619048,0.9518158073232466,0.1916870914551974,1.690483098954351e-07,0.39611273622576937,4,0.5,0.6875,0.2725532531984145,0.0006013934985995598,0.1388888888888889,0.4250355711413683,-0.25455994339316407,2.340245332428662e-07,0.6875,0.9315491653479476,0.9669841867228203
complex|GALNS-lysosomal hydrolase 1.27 MDa complex (human),complex,4,4,1.0,10.20001875,0.12683143740551928,0.11556912409528719,0.36749571883965376,0.12224529281298663,0.2540762946543686,0.4052006974972661,0.06357051382909555,0.03364613436373672,0.08850308327697153,1.0529045948620563,0.19047619047619047,0.14619235999962565,-0.02301065128998856,0.06964752225788556,2.1514345929017247,0.14285714285714285,0.015720956612636828,-0.0010540728408456228,0.8014338805397309,-0.0016740585128217056,4,0.5,0.6875,0.056962392446263416,0.48142811799793145,0.2357142857142857,0.7569162530794088,0.48934164539507896,0.8116189020557243,0.6875,0.3767447537933312,0.0642442938497178
complex|Elongator holo complex (human),complex,4,4,1.0,8.40288575,-0.016850712370974057,0.006237634815398223,-0.07099162799623127,0.01964477410124955,-0.03593994085614727,-0.07455954743745788,0.006991901414309568,0.004984635047425268,0.06213852115163912,-0.35139792537246994,0.6190476190476191,0.6373550807012252,0.04468904574038597,0.07896935800996825,-0.7792865443276353,0.8095238095238095,0.7820945304036687,-0.7295954156064344,2.114609014859166e-24,-1.3234425618065544,4,0.75,0.3125,0.0914794882536818,0.2576063053883062,0.20567375886524822,0.4572398308291435,0.022710591488783814,7.837577017283248e-24,0.5165088998387369,0.7966938508765314,0.8783370183720702
complex|ASCOM complex (human),complex,7,6,0.8571428571428571,9.505602999999999,-0.03747415873840524,0.08129732881002735,-0.2766882493086507,0.231083033099622,-0.10070563137755772,-0.22396588901545264,0.13869947837388213,0.04769924379358742,0.05831025286533531,-1.4606934174800523,0.9047619047619048,0.9279502018393401,0.000790602800417072,0.0773505723451512,-0.4946926749045701,0.8095238095238095,0.6895914635074403,0.5569498109298519,1.2449300322500158e-19,1.0083273024254662,6,0.8333333333333334,0.109375,0.36818987464148756,2.435257242161176e-06,0.14184397163120568,0.5610412924788503,0.21587554781680984,3.0821083322694564e-19,0.30649038461538464,0.9496476374913594,0.8338029831249569
complex|NCOR1 complex (human),complex,10,10,1.0,9.2180044,0.09766382367690937,0.08247653069873497,0.519771972393101,0.1272496992218255,0.3484828697351792,0.5168517562312316,0.061677845418337464,0.014370779561260783,0.044538798741405726,1.8701232738505533,0.14285714285714285,0.030733350604296432,0.009495355788622994,0.0383605932064048,2.2984125249023912,0.09523809523809523,0.010769160664015539,-0.39383547483479153,9.640588229060608e-14,-0.715486832007514,10,0.7,0.171875,0.17201830427636877,0.032334137762425115,0.19285714285714287,0.7538365972328465,0.5134089249455711,1.7361228802333723e-13,0.3824443717277487,0.1317456079545039,0.04834746424866131
complex|SMAD3/4-E2F4/5-p107-DP1 complex (human),complex,6,5,0.8333333333333334,9.359937919999998,-0.033203585847106296,0.0738258113731789,-0.19144450553325199,0.016278201401308,-0.06577562355983387,-0.14081333182606495,-0.00288018179576617,0.003298596454200088,0.06354729351703896,-0.5744097078110658,0.7619047619047619,0.7171547074046049,0.033676541816843646,0.08818873151583188,-0.7583749818642468,0.8571428571428571,0.7758867346667132,-0.4461862259196599,1.1447853597442548e-16,-0.8462671868817647,5,0.6,0.5,0.06267603364377558,0.4384837616364328,0.25,0.5286416314137314,0.2960759164853719,2.388872886536702e-16,0.539340101522843,0.848726317743662,0.8776281441070677
complex|NCOR2 complex (human),complex,7,7,1.0,10.003937714285714,-0.05775782891654566,0.012366439763037366,-0.6187205292794996,0.21420385807841105,-0.17397542785008013,-0.4212354782552506,0.11511916521212504,0.03748245358365662,0.09662477227069456,-0.9856714821887121,1.0,0.8378528260128943,-0.0014040451012802197,0.03138202296773596,-1.7957345794183852,1.0,0.9637316302051504,-0.05608941730589656,0.10405692546213002,-0.13121470418886716,7,0.5714285714285714,0.5,0.357548902710193,4.93997946503294e-06,0.15037593984962405,0.1759752788334649,-0.5148749808900883,0.11368687229153024,0.539340101522843,0.9122650325930318,0.9736591351121766
complex|p27-cyclinE-CDK2 complex (human),complex,3,3,1.0,8.340231333333334,0.16791318057675175,0.06564788915833016,0.37709956651496956,0.017224169763699775,,,,0.005808082857998458,0.07675050636988243,2.1121046021184915,0.047619047619047616,0.017338739180356128,0.03016658368600118,0.13423737674841296,1.026141900470199,0.19047619047619047,0.1524123512376349,0.8701735270293166,1.1569306279494356e-23,1.1927818703673752,3,0.6666666666666666,0.5,0.085849634236731,0.28817670084418406,0.25925925925925924,0.826710455998501,0.6713945495773882,3.997524527467562e-23,0.539340101522843,0.08878270062230548,0.34577535200708986
complex|SF3A1-SF3A2-SF3A3 complex (human),complex,3,3,1.0,10.168730333333334,0.2550798598709109,0.1520196726598404,0.5067275796122804,0.14402741562259982,,,,0.053108527886915405,0.14704289197466355,1.3735538608612003,0.14285714285714285,0.08479011459870772,-0.012556147243779148,0.10399343906480078,2.573585502330774,0.047619047619047616,0.005032538702313822,-0.7575044081968176,4.3505850468102823e-20,-1.0070016731827243,3,0.6666666666666666,0.5,0.11790789855305985,0.14397127790710698,0.25925925925925924,0.8481447178848996,0.671973238299277,1.104979269857193e-19,0.539340101522843,0.2682565660380951,0.024991834446988135
complex|SF3b complex (human),complex,8,8,1.0,10.567582875,0.2441501529988233,0.16132839183713968,0.7209909199960318,0.1468014098485879,0.5701546035115687,0.7262400813734491,0.08943298964641604,0.021054675238930204,0.05461799892859298,4.084651252997494,0.047619047619047616,2.20715324652262e-05,0.03169388455044323,0.04463586734272719,4.75976565700133,0.047619047619047616,9.690893206379407e-07,0.019553039694727818,0.8933467825594024,0.025002979763357473,8,0.5,0.63671875,0.04319229157938835,0.5935933658712829,0.2608695652173913,0.7978205293685247,0.5335247542187996,0.9004088124610576,0.6725902288732395,0.0002931375405537855,1.1335677833150224e-05
complex|SMN containing complex (human),complex,8,7,0.875,10.027945685714286,-0.05317817237403558,-0.03551250007752468,-0.5466739292801592,0.0645584072487694,-0.1719287606308254,-0.415251134097595,0.032559162125643866,0.009762865353304364,0.04240281346039471,-1.4843599419677291,0.9523809523809523,0.9311432720464987,0.011896901934892653,0.06057892987783981,-1.074219608041197,0.9523809523809523,0.8586378669121064,-0.8437815306357968,1.6605450340442345e-27,-2.6149022136288225,7,0.7142857142857143,0.2265625,0.22924172601591955,0.004114521863403881,0.18840579710144928,0.08049821155770313,-0.6458500055810522,2.1846601339144965e-26,0.43570324890595624,0.9520510600315043,0.9209420154119273
complex|SMN-PolII-RHA complex (human),complex,10,9,0.9,9.706321611111111,0.09598363807682089,0.06435314105837366,0.48864066940053585,0.16376243983299016,0.33502938525991655,0.5019056343762648,0.05954635037566397,0.021295781425319214,0.03963741998922047,1.8842764405910701,0.047619047619047616,0.02976379623234272,0.03477787338593586,0.04956949584608082,1.2347465643172206,0.14285714285714285,0.10846242006198031,-0.24672607132064275,7.357255243633958e-09,-0.49461496709986524,9,0.6666666666666666,0.25390625,-0.03022139151171409,0.7089304140569996,0.291970802919708,0.7869281311685116,0.6923015519821965,1.0635488022259974e-08,0.47122338973799127,0.13024694935051742,0.2822236440388263
complex|ITGA4-PXN-GIT1 complex (human),complex,3,3,1.0,8.686304333333334,-0.1171993664606581,-0.012465966670594556,-0.45924440632598806,-0.10707824968342337,,,,-0.033314572487219155,0.06647718026711269,-1.2618584849173886,1.0,0.8965001435912219,0.05265177344113605,0.1880457845417077,-0.9032435388846589,0.9047619047619048,0.8168016725100407,0.43362303466085866,5.504139295198945e-12,0.6330485041463493,3,0.6666666666666666,0.5,0.1903870323225162,0.017651009126356813,0.1897810218978102,0.5166828313723008,0.21677683048886753,9.149644851862653e-12,0.539340101522843,0.9346178929507832,0.9016641839396553
complex|AXIN-MEKK4-CCD1 complex (human),complex,3,3,1.0,8.305613000000001,0.029723764580244172,0.0933686432356109,0.0841677301483652,-0.07354134134663572,,,,-0.023368099526288606,0.1074311260073963,0.494194430233167,0.2857142857142857,0.3105844364676363,0.01719093309954434,0.09269974913215011,0.1351981164785396,0.42857142857142855,0.44622761812719564,0.7559526220776449,1.0382290967338465e-22,1.220415960564545,3,0.6666666666666666,0.5,0.00875253778479585,0.9139257044641443,0.22695035460992907,0.7647386608383532,0.6198554438941857,3.2684990082361836e-22,0.539340101522843,0.5858858538236702,0.6786798393931802
complex|PIAS3-SMAD3-P300 complex (human),complex,3,3,1.0,8.644553833333333,0.2649369707727665,-0.00784963108594483,0.5195270608474796,0.03460805714527911,,,,0.011808464388667025,0.07647891933544876,3.309781421908401,0.047619047619047616,0.00046684426328275986,0.004566281708535847,0.12023892385773056,2.165444273040128,0.047619047619047616,0.015176839337164684,0.5627214915586717,1.74061391741071e-20,1.0161403307892072,3,0.6666666666666666,0.5,0.3236505430053817,3.9923629181127084e-05,0.16901408450704225,0.8823525070185823,0.7625618299507468,4.547710542415277e-20,0.539340101522843,0.004509291179435749,0.06282620180157458
"complex|SNARE complex (SNAP25, VAMP3, VAMP2, NAPB, STX13) (human)",complex,5,4,0.8,9.65285025,0.06166094821645688,0.2303345757953514,0.20814123510691634,-0.02330293819655522,0.12466381866607877,0.22169081390728443,-0.012491786243464895,-0.005725665919840677,0.09731654877716503,0.6924476359164679,0.2857142857142857,0.24432812974777884,0.008502722126614074,0.07143601777034941,0.7441375898182684,0.23809523809523808,0.22839662011672845,0.4161305380809628,7.609825608734562e-11,0.6077686844698862,4,0.5,0.6875,0.2823627984918307,0.000371351973119478,0.18115942028985507,0.7092993827427532,0.48272010824006617,1.1993235662715162e-10,0.6875,0.5140334853698397,0.4535914184561196
complex|ITGAM-ITGB2-CD11 complex (human),complex,3,3,1.0,12.418318333333332,0.00261343998152778,-0.07299205940663651,0.007799552619277006,0.1331458342125971,,,,0.04870520847990241,0.2106218662110683,-0.21883657821256397,0.47619047619047616,0.5866113239498215,0.0035276253459031225,0.10860972109876912,-0.008417159671591339,0.5238095238095238,0.5033579212231841,0.42478881827349,7.979310934346655e-10,0.5618821662704474,3,1.0,0.125,0.3477586929199832,9.262945193437303e-06,0.16176470588235295,0.4029707469142491,-0.35171276607494756,1.2068352836645299e-09,0.30649038461538464,0.7785928533605644,0.7257472495672408
"complex|Ubiquitin E3 ligase (CDC34, CUL1, RBX1) (human)",complex,3,3,1.0,9.960418666666667,-0.07830308146897418,-0.181644432591784,-0.2785285285285285,0.003398189396166044,,,,0.001135301779033321,0.11804432341581053,-0.6729538613067075,0.8095238095238095,0.7495116777917461,0.025922663823676924,0.1483312922290523,-0.7026551425959825,0.7619047619047619,0.7588646555377203,0.47904741778823623,1.884499256354657e-15,0.7716949450047557,3,0.6666666666666666,0.5,0.0732332183945087,0.36515675977790113,0.19718309859154928,0.35125962199589794,-0.17337515753513175,3.673909100691418e-15,0.539340101522843,0.8703345985286669,0.8673593546654693
complex|COP9 signalosome complex (human),complex,9,9,1.0,9.973010666666665,0.011793551921242948,-0.0172632792865801,0.09699101840002697,0.14355085994933908,0.16362737697764526,0.28123672614620643,0.06957698221959724,0.018283023298325117,0.03692213902934982,-0.17576098101801785,0.5238095238095238,0.5697591375018028,0.0355856514553486,0.05121937013934819,-0.4645137077901682,0.6190476190476191,0.6788601295927994,-0.7145891545463202,4.752705908866196e-27,-1.8493380225986777,9,0.8888888888888888,0.01953125,0.19639392865199315,0.014317643713889714,0.2,0.2075106751967066,-0.43627196805443996,3.385307281454972e-26,0.11972280649038461,0.7734713690050851,0.8322564088757878
complex|Kaiso-NCOR complex (human),complex,10,8,0.8,9.170935125,0.06832399607568461,0.08843560092249926,0.36975161389046524,0.0958459025983235,0.25273492889987964,0.40349306636133325,0.060416109309393416,0.013077483099776266,0.033427296099084,1.652736518447337,0.047619047619047616,0.04919224937610848,0.011132372490672417,0.0514053580083256,1.1125615266748934,0.14285714285714285,0.1329483958829562,-0.1421221483918986,0.0013860569648665195,-0.27243572741111793,8,0.625,0.36328125,0.21513003125906352,0.007183445143634264,0.16666666666666666,0.3804785648675631,-0.018030109261161706,0.0016408752369589715,0.539340101522843,0.18339215776180792,0.3186007598064602
"complex|Ubiquitin E3 ligase (NFKBIA, FBXW11, BTRC, CUL1, SKP1A) (human)",complex,5,4,0.8,10.5498925,0.07799483535553604,0.059830438045386014,0.25282273795851395,0.021964550649877866,0.12707019818500945,0.22548763757508344,0.008365421807400419,0.005583110548285734,0.0694141277692244,1.043184249869015,0.14285714285714285,0.14843148330894496,-0.014390921915193759,0.08020878462854188,1.1518159475745853,0.14285714285714285,0.12469835659062822,1.3454399408058324,1.628958993624077e-27,2.5553709243890883,4,1.0,0.0625,0.1255357545680126,0.119608214300785,0.2013888888888889,0.680230616874562,0.2454225450980812,2.1846601339144965e-26,0.2219707520891365,0.3800203638933832,0.30752496064419915
"complex|Ubiquitin E3 ligase (SMAD3, BTRC, CUL1, SKP1A, RBX1) (human)",complex,5,4,0.8,9.934331,0.00030847160437700677,-0.020175019691265783,0.001232745616453812,-0.03251566709412513,0.017919822625152248,0.03520871138738242,-0.0183602824572157,-0.007935398198958785,0.09885119655460804,0.0833967629191181,0.5238095238095238,0.466768031181771,0.02466617193954678,0.135233192976814,-0.18011628505544458,0.5238095238095238,0.5714693609683691,0.09108410409137715,0.036154902321832466,0.16721527085988536,4,0.5,0.6875,-0.08534368856949504,0.2910379515313896,0.29927007299270075,0.6146778096074753,0.1706128211435729,0.040365587093114184,0.6875,0.7233972701202671,0.7742318259182823
"complex|Ubiquitin E3 ligase (FBXO18, SKP1A, CUL1, RBX1) (human)",complex,4,4,1.0,10.1269075,-0.13292330061008828,-0.10802287287814982,-0.8843422910112679,0.07575587770718209,-0.2884614516563265,-0.8108104679017317,0.0036669647984069907,0.020079844086545225,0.14562413407599442,-1.0506716188732035,0.9523809523809523,0.8532952823705708,0.06915899546492621,0.12522786237746317,-1.613716725962277,0.9523809523809523,0.9467055578568448,0.5963362395800577,8.096119869390211e-25,1.3566033318373354,4,0.75,0.3125,0.2523025361735039,0.001539600322034074,0.17857142857142858,0.3753294200907806,-0.32909420352507945,3.1859730967507778e-24,0.5165088998387369,0.9212050953924852,0.9649178223770788
"complex|Ubiquitin E3 ligase (NIPA, SKP1A, CUL1, RBX1) (human)",complex,4,4,1.0,9.907035,-0.08175624970686175,0.00700461220093566,-0.4332999308646578,0.08242184873368257,-0.15961409736017265,-0.37985905489083405,0.038532664596597696,0.02196314440800511,0.10245850609404623,-1.0123063283751499,0.8095238095238095,0.8443041950079218,0.004487472625400034,0.07155736657890528,-1.205238907683419,0.9047619047619048,0.8859444568565382,0.09255694228129124,0.019075919343073268,0.17545623888998707,4,0.5,0.6875,0.06876349456994617,0.3952273903048137,0.23529411764705882,0.31167899129490184,-0.43689529569923125,0.021561876917037603,0.6875,0.9161598711788088,0.9327222740486079
complex|LIG1-9-1-1 complex (human),complex,4,4,1.0,7.521324775,0.054696886060330595,-0.041109264301233926,0.18794716949554383,0.00994060188565808,0.10863548026814002,0.1959805223658635,0.00976255560006269,0.002503817561595122,0.050992879712307045,1.0235363994581141,0.23809523809523808,0.15302714944887602,0.021552322466474018,0.054273929985311865,0.6106903185899101,0.3333333333333333,0.2707023082836897,-0.22152675309626096,9.065390637499718e-05,-0.3194295262647102,4,0.75,0.3125,0.07120943572556476,0.37859257290621096,0.2518518518518518,0.8248912543447672,0.6889902696150058,0.00011410042510179802,0.5165088998387369,0.3878918798157394,0.503861960674021
complex|FEN1-9-1-1 complex (human),complex,4,4,1.0,7.80127195,0.04550023811843144,-0.013231910393887306,0.16014152052422595,0.09094736819103741,0.09706063270307512,0.1769467061522844,0.0663563125684631,0.02440126518455983,0.054780147468584416,0.3851572861495407,0.38095238095238093,0.3500604437050727,0.033762510237288636,0.0851588741648068,0.13783329096656372,0.47619047619047616,0.44518608653634173,-0.2236679012472913,0.0002273575287482938,-0.32536513498298514,4,0.75,0.3125,0.28144113950565564,0.0003888539412298725,0.16666666666666666,0.6368202979118252,0.19755616934354364,0.0002808922956919327,0.5165088998387369,0.6286296700337574,0.6786798393931802
complex|RAD9-RAD1-HUS1-POLB complex (human),complex,4,4,1.0,8.07254395,0.013016915428270437,0.014345681462508105,0.0501107976672485,0.015900170654024742,0.025495194624178125,0.04972269935115896,-0.0025150011253152775,0.004023017664058197,0.07511985885728703,0.11972729849371626,0.38095238095238093,0.4523495874157587,0.03601712648778921,0.0906349787904853,-0.25376748984171765,0.5714285714285714,0.6001624046117252,-0.4145293997893019,4.640611768677393e-13,-0.6616635815624556,4,0.75,0.3125,0.32556153523895465,3.5715060976237066e-05,0.13970588235294118,0.545843852840434,0.02070552199120383,8.161075869053347e-13,0.5165088998387369,0.7122127487731933,0.79065693443437
complex|BRD4-RFC complex (human),complex,6,6,1.0,8.061330566666667,0.05542792768415392,0.03263933250226885,0.26040031653559487,0.12290553114110409,0.13955771532890462,0.24493312352964025,0.07101673304048747,0.02282168086357618,0.04523750284521734,0.7207791051628524,0.23809523809523808,0.23552271655670143,0.01864821790001191,0.04343209730277516,0.8468324595918584,0.19047619047619047,0.19854425644289903,-0.009612313740648255,0.9058318992686497,-0.015945958962161798,6,0.5,0.65625,0.31833650220746995,5.420825397502523e-05,0.15441176470588236,0.6574928499516296,0.4193815267084029,0.9115514377012852,0.6847125613747954,0.5122317006353039,0.41466447647187754
complex|BARD1-BRCA1-CSTF complex (human),complex,5,4,0.8,7.9767,0.21791489430788716,0.07531521530150886,0.5270823158085916,0.13850829295738273,0.36160703677784367,0.5311474265490926,0.07421699090486003,0.03864116454344401,0.070705684938722,2.5354924419417344,0.09523809523809523,0.005614467577068639,0.026903594505958372,0.09614372599775836,1.9867266201684581,0.09523809523809523,0.023476350092400667,-0.5514693168365545,1.5114303284513608e-13,-0.7029553721459794,4,1.0,0.0625,0.14766201540395088,0.0667192073976973,0.16083916083916083,0.8883506132128033,0.8094035260524208,2.7027681188996986e-13,0.2219707520891365,0.03767603242506587,0.08988692602946202
complex|BRCA1-BARD1-POLR2A complex (human),complex,3,3,1.0,8.573957,-0.02199032734068614,0.16442465325800004,-0.06900590698828524,-0.04870486345540478,,,,-0.015724385131307892,0.11565180555295301,-0.05417937211978317,0.5238095238095238,0.5216038723972765,0.0407735647050759,0.09465169943810028,-0.6631036993351395,0.7619047619047619,0.7463679292174099,-0.12441917120703667,0.04074560236677038,-0.15807017935983897,3,0.6666666666666666,0.5,0.1168412232928362,0.14765885327500294,0.2222222222222222,0.5480344642572682,0.21033063679568129,0.04537174062675304,0.539340101522843,0.7565926476752303,0.8611937644816268
complex|BRCA1-LMO4-CTIP complex (human),complex,3,3,1.0,8.973799533333334,0.06921038484989521,0.017081268592999594,0.18238524812265988,0.03592419236231195,,,,0.012268556100341641,0.10865598461643233,0.5240560743208442,0.38095238095238093,0.30011976949718444,-0.00856678410234763,0.10262655572096425,0.7578659188730305,0.2857142857142857,0.22426562743216671,-0.43795029909507,8.619880874073561e-10,-0.5428639355605912,3,0.6666666666666666,0.5,0.06943701459830491,0.3906037097699187,0.25735294117647056,0.7931840497745902,0.6140815153075077,1.3006329129519278e-09,0.539340101522843,0.5719771391762484,0.44608217624962965
complex|MDC1-MRN-ATM-FANCD2 complex (human),complex,6,6,1.0,8.344275950000002,0.10595575687386584,0.18451966749152907,0.4155728578137424,0.11574346044702515,0.28077184639587766,0.4384416275013794,0.06509120951248962,0.02134982934845746,0.05275336814528406,1.6038014348657625,0.14285714285714285,0.0543789141116595,0.0008674140338344654,0.04605549434448517,2.281776459807232,0.09523809523809523,0.011251270630212992,-0.1292925502592976,0.030365997368568827,-0.19474144556522235,6,0.6666666666666666,0.34375,0.27907898553059846,0.000437254437309918,0.16428571428571428,0.6105046302045664,0.15962466404688627,0.03399178809914421,0.537117464201791,0.195532411377041,0.04982234838819045
complex|MDC1-MRE11-RAD50-NBS1 complex (human),complex,4,4,1.0,8.247001075,0.06555337280326734,0.1362713115313292,0.21912110814014177,0.08032407311755085,0.13961492085223073,0.2450212230422947,0.04718113332666528,0.02136831058580741,0.0758582194824781,0.5824690128360565,0.23809523809523808,0.280125403932265,0.004573068985795877,0.06861608262859765,0.8887173601492696,0.23809523809523808,0.1870774993839297,-0.04869725740120865,0.6505229634463323,-0.06388149782215245,4,0.75,0.3125,0.20187876639489546,0.011768286767465393,0.19852941176470587,0.7119876571876889,0.5921824348857616,0.6672701354739129,0.5165088998387369,0.5506303344741506,0.3968782224867061
complex|RPA-MSH4-BLM complex (mouse),complex,5,4,0.8,9.60989485,0.04687009557207955,0.057683521563228014,0.16436848279535057,-0.007135217351627285,0.09400283041705437,0.171851164921061,0.0006812678080356752,-0.0017743092761560348,0.10126772465855377,0.48035447633736034,0.2857142857142857,0.3154876793714716,0.046626948692693744,0.10043380899267186,0.002420966423802049,0.47619047619047616,0.4990341750775758,0.1755632606485594,0.0002107409516660766,0.3173042169981945,4,0.5,0.6875,0.3257419999355483,3.53399560145709e-05,0.17164179104477612,0.6862120819356523,0.4354768770983895,0.0002608686537614055,0.6875,0.5915393988215093,0.7249837259515838
complex|MSH2/6-BLM-p53-RAD51 complex (human),complex,5,5,1.0,7.969682279999999,0.008167868082388941,0.010236667307537273,0.03954727278348988,0.04159138772749887,0.029611088720333002,0.05751897788345612,0.01873597592605985,0.008604578638611986,0.035149758400594096,-0.012424283297937653,0.5238095238095238,0.504956444395786,0.04400814202682078,0.09116420681267094,-0.39313975514620936,0.5714285714285714,0.6528918685836143,-0.2623370292290777,5.6644812704245376e-09,-0.48148713804203286,5,0.8,0.1875,0.1760143082723728,0.02846949467814549,0.2014388489208633,0.37746598421270366,-0.3749537883117779,8.235135256318455e-09,0.39254926108374383,0.7435637180696759,0.8201351058562643
complex|MutS-alpha-PK-zeta complex (human),complex,3,3,1.0,8.097832766666667,-0.0894964516745859,0.049079317038681625,-0.3270244022481884,0.08779814143876226,,,,0.031085549458280588,0.07840560219515975,-1.5379258338291346,0.9523809523809523,0.9379666250356318,0.028342113950493027,0.09882469411240548,-1.1924000036979285,0.9047619047619048,0.8834477805726655,-0.243541898959868,3.916123660495975e-05,-0.3425839249706387,3,0.6666666666666666,0.5,0.27679095098449935,0.0004893906109261191,0.20588235294117646,0.3614034702230291,-0.5304700741654763,4.9781232972406466e-05,0.539340101522843,0.9536742000960371,0.9322086627346773
complex|BLM-RAD51L3-XRCC2 complex (human),complex,3,3,1.0,7.894495666666667,-0.09200751876986575,-0.08076313216198727,-0.3382691703991262,0.015020607301618928,,,,0.005057513718868761,0.138087533177086,-0.7029239371251315,0.8571428571428571,0.7589484236281221,0.005578014453067214,0.0942749356621775,-1.0351164128355237,0.9047619047619048,0.8496927257635191,0.08144200513852312,0.10518110045954804,0.13026373129593694,3,0.6666666666666666,0.5,0.09486642389868197,0.2403280416845705,0.20567375886524822,0.46094195298835544,-0.1662426868987218,0.11471847997085008,0.539340101522843,0.8749179386309726,0.9205970594775138
complex|Replication-coupled CAF-1-MBD1-ETDB1 complex (human),complex,3,3,1.0,8.266171666666667,0.1410675823402713,0.20808654647242086,0.33007654627915867,0.0123813912914668,,,,0.004161480375072623,0.0881943354942936,1.5523230737880762,0.09523809523809523,0.060292469814511036,0.03601164705797462,0.10743063016387334,0.9778955510364751,0.19047619047619047,0.16406299288152065,0.2788405776683597,0.0002772504625750727,0.3222149879735375,3,0.6666666666666666,0.5,0.11066353001836873,0.17043365308010164,0.21428571428571427,0.7286387043542862,0.5652599211311119,0.00034121075268650356,0.539340101522843,0.21235607462293252,0.3619036607680603
complex|MBD1-MCAF1-SETDB1 complex (human),complex,3,3,1.0,8.259003866666667,0.18022453485729142,0.11159107494671468,0.39742289263743275,0.013074896217145134,,,,0.0043966223261284534,0.0865595541964444,2.031294109164733,0.09523809523809523,0.02111258430114683,0.009546812820873624,0.08641677385936486,1.9750531570893826,0.047619047619047616,0.024131057954947268,0.6457121421267144,3.75509255841709e-15,0.7763820916698698,3,0.6666666666666666,0.5,0.024162933840353194,0.7653714734388513,0.2608695652173913,0.7859804878307477,0.6605721773380284,7.178025505220074e-15,0.539340101522843,0.10235188206829737,0.09156874670404097
complex|CTGF/Hcs24-actin complex (human),complex,3,3,1.0,12.076417433333333,0.04431122439775881,0.09280633097451596,0.1221118242971731,-0.059027262338966484,,,,-0.018930798634787655,0.09813458221773172,0.644441761541625,0.2857142857142857,0.2596445056585405,0.04454090946809393,0.12817967954791892,-0.0017918992397640851,0.6190476190476191,0.5007148639864013,0.2849170319183207,2.9737752419496154e-05,0.35628095983999275,3,0.6666666666666666,0.5,0.1360736038155393,0.09136297829517388,0.19858156028368795,0.34415203150452184,-0.3501430404680835,3.806790595869237e-05,0.539340101522843,0.5340230527838665,0.7249837259515838
complex|Cofilin-actin-CAP1 complex (human),complex,3,3,1.0,13.827039,0.09484599870838784,0.2713456421833427,0.23916946297276276,0.18216112870676807,,,,0.06911358158983741,0.1734541698171211,0.1483528308698547,0.38095238095238093,0.4410321617904396,-0.0061603222536105486,0.08569947450146057,1.1786107388590457,0.14285714285714285,0.11927660674504031,0.9169401241451891,2.489637277337289e-21,1.113448255781842,3,1.0,0.125,-0.14028229834681447,0.08168657718316463,0.3014705882352941,0.7654349173492183,0.6990316593504406,6.841136915097077e-21,0.30649038461538464,0.702017485996018,0.29819151686260076
complex|ITGAV-ITGB5-PLAUR complex (human),complex,3,3,1.0,8.826677,-0.040675408499384856,-0.10837845269031272,-0.13283223645776754,-0.008063170171065078,,,,-0.0026733529239860833,0.11963578705635704,-0.3176478920767836,0.5714285714285714,0.6246239792454633,-0.056114434847550076,0.10799100374806876,0.14296585652803806,0.38095238095238093,0.4431585733428392,0.6338050900326353,9.77540334331361e-27,1.5920135335156107,3,0.6666666666666666,0.5,-0.01170764719151816,0.8850392331137047,0.24285714285714285,0.28570651650030404,-0.6410814935501319,6.050310321711093e-26,0.539340101522843,0.7942951890210527,0.6774906247147721
complex|ITGAV-ITGB5-ICAM4 complex (human),complex,3,3,1.0,7.882043666666667,0.0039325619739295865,-0.005429827771196827,0.011705619771400444,-0.11322625170352502,,,,-0.03509310971847905,0.08433666963874505,0.4627366940095519,0.2857142857142857,0.32177655652483383,0.01651064948606108,0.16525079515561666,-0.07611514062783606,0.5714285714285714,0.5303362526970333,-0.31489809681370146,2.5693369489499786e-11,-0.6349193613517814,3,0.6666666666666666,0.5,-0.133953143630563,0.09657266292320235,0.30434782608695654,0.7281907755305882,0.45384967150480027,4.131027250833824e-11,0.539340101522843,0.5980540955818704,0.7471588090483066
complex|ITGAV-ITGB5-ADAM9 complex (human),complex,3,3,1.0,7.748433333333334,0.07275825928210906,0.06162280837762572,0.19054703647566007,-0.03321974736379584,,,,-0.01083332882351456,0.07677244099812763,1.0888228512580747,0.14285714285714285,0.13811600628848175,0.0606158428129724,0.14256241911251386,0.08517263206338806,0.38095238095238093,0.4660620739749995,0.5516475308624946,2.8279283396764957e-22,1.1463077438808302,3,0.6666666666666666,0.5,-0.3349199187908865,2.0474852877207806e-05,0.37681159420289856,0.8210590814577765,0.7029363058557027,8.424319236185822e-22,0.539340101522843,0.3662262176984289,0.6957360998805824
complex|ITGA5-ITGB1-ADAM15 complex (human),complex,3,3,1.0,11.58479,0.07266039621463853,-0.04297657514621145,0.19032326146945067,0.322947789478512,,,,0.1371849891583957,0.2222557294849179,-0.29031689348703943,0.6666666666666666,0.6142130920033214,-0.04989023101095706,0.09899097295123659,1.237998007009837,0.09523809523809523,0.10785839990641638,0.4932197172718577,2.8279283396764957e-22,1.1860002800672238,3,0.6666666666666666,0.5,0.1402210692533273,0.0818212017260649,0.22058823529411764,0.6910825172887933,0.38209858098509614,8.424319236185822e-22,0.539340101522843,0.7918318425725327,0.28180217188664114
complex|CD98-LAT2-ITGB1 complex (human),complex,4,4,1.0,9.20328755,-0.010152053049900264,0.1571275146418257,-0.04188383287958104,0.05952909201542764,-0.02966863635647305,-0.06115155599025344,0.02213508881172587,0.015577770922853246,0.07869784311736638,-0.32694446192611937,0.5238095238095238,0.6281450541923691,0.039676596385650846,0.11102111883482582,-0.4488213590216543,0.7142857142857143,0.6732197352493521,0.683767750155797,1.3332657829617858e-23,1.2772804046827546,4,0.75,0.3125,0.3382037317521189,1.6770932877946638e-05,0.14084507042253522,0.6452680748803522,0.29101995865398145,4.5819780950843046e-23,0.5165088998387369,0.7953177200548864,0.8286582631441679
complex|ITGA7-ITGB1-CD151 complex (human),complex,3,3,1.0,10.4051489,0.00479078048727688,0.21522501793403995,0.01423593894480124,0.11773350045381858,,,,0.04258712067914264,0.11092772720086903,-0.3407294203677658,0.6190476190476191,0.6333463558320724,-0.022980119816865256,0.09712688232221034,0.285923934138177,0.3333333333333333,0.38746819093268337,0.621407560669866,3.6791040380876284e-18,0.921360553451569,3,0.6666666666666666,0.5,0.30175630820792115,0.00013576240346371208,0.14074074074074075,0.5599974989632778,0.3506246985845515,8.421647483952829e-18,0.539340101522843,0.7962955776085571,0.6285266455969101
complex|ITGA4-ITGB1-CD81 complex (human),complex,3,3,1.0,11.294899666666666,0.01703358552239938,-0.22812925739637013,0.049417250637177446,0.05366367839363798,,,,0.01855159052288642,0.11309389922094741,-0.013422518906359126,0.42857142857142855,0.5053546495148933,-0.017887158922405853,0.11053504894238715,0.31592463005111215,0.38095238095238093,0.3760298582796885,0.3318587679930321,5.109675327099528e-11,0.5983578332503882,3,0.6666666666666666,0.5,0.06778382907415165,0.40201091824933494,0.23529411764705882,0.5747037835756352,0.32886753725001255,8.123236960164461e-11,0.539340101522843,0.7435637180696759,0.615705962211913
complex|ITGA4-ITGB1-CD53 complex (human),complex,3,3,1.0,11.098657333333335,0.11168521104147959,0.1742155020394156,0.2738791351142523,0.034405628035800835,,,,0.011737772979330627,0.15208309127821798,0.6571896798133001,0.2857142857142857,0.2555294802944533,-0.01050803559509764,0.103945360049337,1.1755526805485015,0.14285714285714285,0.1198868370260982,0.9799429553647556,9.433771718726634e-26,1.4908474490305186,3,0.6666666666666666,0.5,0.004563178756727143,0.9550617565102518,0.2318840579710145,0.5956452983082311,0.13163253301812078,4.405882396108593e-25,0.539340101522843,0.5280390395063662,0.2991305620514192
complex|ITGA4-ITGB1-CD47 complex (human),complex,3,3,1.0,10.415329000000002,0.4217041342410696,-0.05803496672641225,0.6862898601213834,0.12169780159192335,,,,0.04414772091798262,0.16536267561252088,2.2832021308592036,0.047619047619047616,0.011209232333589938,-0.0018751600985666029,0.1361504315394612,3.1111123890699384,0.047619047619047616,0.0009319199342640809,0.8617703035401348,1.0564132954438937e-22,1.2028731996601183,3,0.6666666666666666,0.5,0.07840868808610744,0.33215990759926645,0.23357664233576642,0.8922569342398116,0.7670729690269571,3.317554068204346e-22,0.539340101522843,0.06555858360241822,0.005796087396032698
complex|ITGA4-ITGB1-THBS1 complex (human),complex,3,3,1.0,10.005078666666668,0.19733614024454038,0.036937920312910245,0.4244785165773975,0.1239002055041824,,,,0.04501861202209451,0.17324310153887534,0.8792126605298981,0.19047619047619047,0.18964299054794187,0.048248499132310864,0.1589125376174993,0.9381741890692213,0.2857142857142857,0.17407745023632898,0.9444418049029484,1.7053945703405405e-25,1.463421388650383,3,0.6666666666666666,0.5,0.23251587122554865,0.0035983868762508933,0.18248175182481752,0.7943213600046155,0.6683867127121004,7.523799575031797e-25,0.539340101522843,0.44722563880518035,0.37554779873319705
complex|ITGA9-ITGB1-ADAM9 complex (human),complex,3,3,1.0,8.900622766666666,-0.07490177614702727,0.06265336963555135,-0.26429812668283414,0.06406105683554786,,,,0.022306330342421535,0.09216328897706888,-1.0547378198887316,0.8571428571428571,0.8542273751508087,0.001618754351975121,0.1122000120359974,-0.6820010899326118,0.7619047619047619,0.7523808691640754,0.9376125184933993,2.603875338330275e-26,1.5500788558356113,3,0.6666666666666666,0.5,-0.17822177822177823,0.026508759017771204,0.2714285714285714,0.46603512328357516,-0.012850997564086659,1.3890966763059e-25,0.539340101522843,0.9212050953924852,0.864221268634411
complex|ITGA9-ITGB1-TNC complex (human),complex,3,3,1.0,8.9974049,-0.015913797519960433,0.0025624487045111297,-0.04931083794094526,-0.012293010760632769,,,,-0.004064361427700375,0.08331789661180497,-0.14221957795537005,0.5714285714285714,0.5565467159991075,0.013469317898929545,0.07532543831449928,-0.39008223617908994,0.7142857142857143,0.6517621310404224,0.5120099592103375,5.70669288348405e-15,0.7741904078089509,3,0.6666666666666666,0.5,-0.0434952144629564,0.5910036649683369,0.23076923076923078,0.3686513858512854,-0.44382892581306316,1.081134238698687e-14,0.539340101522843,0.7734713690050851,0.8195233896218328
complex|ITGA9-ITGB1-ADAM15 complex (human),complex,3,3,1.0,10.511993433333334,0.0362336879854821,-0.13594209010640515,0.10135605650291502,-0.17806685061747246,,,,-0.0530571385019464,0.11039850052675666,0.8088047035184829,0.2857142857142857,0.20931374515721773,-0.012521015755502875,0.12293596586918529,0.39658616903749944,0.2857142857142857,0.3458363267254393,-0.19322792903638428,4.420371364430273e-05,-0.365408872671553,3,0.6666666666666666,0.5,0.08098031001256807,0.31649719947937865,0.2097902097902098,0.5982190395476651,0.1914996098855053,5.602359333646717e-05,0.539340101522843,0.47547260583643425,0.5887066976968426
"complex|LAT-PLC-gamma-1-p85-GRB2-CBL-VAV-SLP-76 signaling complex, C305 activated (human)",complex,7,7,1.0,8.906244500000001,-0.025040768761748083,-0.018484686589177436,-0.2062774581076444,0.1060421378447769,-0.061836020122041216,-0.13182347957994545,0.04600285038196775,0.016663474359232065,0.04949206869302134,-0.842644977716615,0.7619047619047619,0.8002864858898906,0.0167415779778591,0.04459848498786916,-0.9368557418704251,0.9047619047619048,0.8255836161489714,0.46861430186162617,2.3059743987164744e-23,1.22083494674307,7,0.7142857142857143,0.2265625,0.15463890947761916,0.054702978182443594,0.22794117647058823,0.3916843631633642,-0.02427996233399357,7.676546627580952e-23,0.43570324890595624,0.8955031257422612,0.9066486740654077
"complex|Cbl-SLP-76-Grb2 complex, Fc receptor gamma-R1 stimulated (human)",complex,3,3,1.0,9.696875833333332,-0.029029703470395685,-0.08578052869756488,-0.09245711571718296,-0.09764641222975663,,,,-0.030559456548798027,0.15048289889445876,0.010165627387835177,0.47619047619047616,0.4959445712762934,0.02648451959606457,0.16721018140168467,-0.33200264840990684,0.5238095238095238,0.6300563704050878,0.9133873031211669,2.039686455250051e-24,1.3633281597770577,3,1.0,0.125,0.18624601205246366,0.020323852565494384,0.21323529411764705,0.18753436368002574,-0.7454211029483898,7.581924870098585e-24,0.30649038461538464,0.7378405231940188,0.8089468666979448
"complex|SLP-76-Cbl-Grb2-Shc complex, Fc receptor gamma-R1 stimulated (human)",complex,4,4,1.0,9.980625875,-0.05114157042713393,-0.05046855909550415,-0.24163979794186236,0.07276834988929382,-0.107193889301539,-0.24012803679777453,0.013407158051978178,0.01924225799410476,0.13222911999656373,-0.5322869003670884,0.6666666666666666,0.7027363481917834,-0.014024363844963247,0.05446274662666763,-0.6815155107141858,0.7619047619047619,0.7522273221632174,0.8410336062635956,7.273794318688075e-26,1.4894605467733213,4,1.0,0.0625,0.27908865328220167,0.0004370454707017132,0.14388489208633093,0.20951620003265145,-0.6393939332454907,3.526269108869694e-25,0.2219707520891365,0.8396114221202429,0.864221268634411
complex|PLC-gamma-2-SLP-76-Lyn-Grb2 complex (human),complex,4,4,1.0,10.94255525,0.05867229131264592,0.056560964365527745,0.1995627532662163,-0.0068667010792737414,0.1073496694893042,0.1938857660720891,0.00998229026914773,-0.0017078796455643358,0.08733770062338284,0.6913414313319434,0.38095238095238093,0.2446755004651115,0.004152032304733863,0.09414317620642945,0.5791206671035243,0.3333333333333333,0.28125387789759076,0.87864192431876,1.754769423327209e-26,1.6162448206071458,4,0.75,0.3125,0.20975798395153233,0.008804960962138612,0.16546762589928057,0.6045158971896708,0.4235127545834774,1.0262986306156842e-25,0.5165088998387369,0.5140334853698397,0.5144888010321783
"complex|PKC-alpha-PLD1-PLC-gamma-2 signaling complex, lacritin stimulated (human)",complex,3,3,1.0,9.178277166666668,0.06083700432581803,-0.041428149103711474,0.162713062413607,-0.04811254902729224,,,,-0.015539099226836656,0.11925282610686627,0.6404552918872682,0.3333333333333333,0.2609383230465481,0.03893331060384672,0.19829605147383716,0.11045955559463697,0.42857142857142855,0.45602246174832156,0.8768576485213107,2.3140546805692222e-24,1.3351887200140002,3,0.6666666666666666,0.5,0.1747156069736715,0.029679841249196183,0.18705035971223022,0.40435411209243804,-0.4336735435940726,8.47821757967172e-24,0.539340101522843,0.5340230527838665,0.688081229265219
complex|PLC-gamma-1-SLP-76-SOS1-LAT complex (human),complex,4,4,1.0,7.66767675,0.010752309929177825,0.039606319397498924,0.04166524677685013,-0.015278319027741755,0.040934037105702356,0.07864866676762475,-0.014499053635170327,-0.0037763080278381883,0.0699172511329193,0.2077973278639879,0.3333333333333333,0.417693609565905,0.017089958257117406,0.07791761534494938,-0.08133781173720671,0.5238095238095238,0.5324133479113897,0.4438913971724958,6.402950601376981e-13,0.6860976313128855,4,0.75,0.3125,-0.11387322355064292,0.15829537398365126,0.2857142857142857,0.6957232678732495,0.4872349579504497,1.1137465234318758e-12,0.5165088998387369,0.6781690545501616,0.7492571949084127
complex|Class C VPS/HOPS complex (human),complex,6,5,0.8333333333333334,9.1061082,0.06961689991449385,0.10678402867792532,0.2722669699768626,0.10983665495022364,0.12749884271958778,0.22616225913288518,0.055849938974919425,0.024083534922232676,0.07254861741977392,0.627625537352426,0.23809523809523808,0.2651246376953358,0.026964585295104516,0.09142033141740072,0.46655173918206777,0.3333333333333333,0.3204103111534131,0.16352874460473152,0.011995066512208451,0.23170940748045768,5,0.6,0.5,0.02561631916470626,0.7517057487391038,0.19310344827586207,0.7959695860997945,0.630982830388977,0.013704041042173635,0.539340101522843,0.5382705621999253,0.5603884042806608
complex|CD19-Vav-PI 3-kinase (p85 subunit) complex (human),complex,3,3,1.0,8.652801533333333,0.051459287160004884,0.07704298174345747,0.1399721294703864,0.10080810530062445,,,,0.03602368827411041,0.11075005056202633,0.1393732897417474,0.42857142857142855,0.4445775890181202,-0.019432335581026985,0.15656526679167526,0.4527927821651516,0.2857142857142857,0.3253489807547616,0.1803366474843571,2.9967550226509936e-05,0.374445194025811,3,0.6666666666666666,0.5,0.2828107376494473,0.0003631117175155631,0.1925925925925926,0.35788429302321095,-0.4656820979349701,3.832359733079255e-05,0.539340101522843,0.7041446285690725,0.566409669822892
complex|NELF complex (Negative elongation factor complex) (human),complex,4,4,1.0,8.93450705,0.19609751851731594,0.19318578838453063,0.49385742653479864,-0.026042903790577557,0.3196474277379872,0.48444367945443745,-0.012445522087975102,-0.006385993585233773,0.07587445590007942,2.6686650955257494,0.047619047619047616,0.0038076670908254516,0.058943297597529344,0.08791498915630955,1.5600777778170631,0.09523809523809523,0.05937075113582786,-0.6402341641459441,4.630740093618698e-15,-0.7850115078796791,4,0.5,0.6875,0.05895394927652992,0.4662074367334324,0.2028985507246377,0.8920876852537303,0.8046254599195465,8.825401523712766e-15,0.6875,0.027428110400013847,0.18507996992220177
complex|POLR2A-CCNT1-CDK9-NCL-LEM6-CPSF2 complex (human),complex,6,5,0.8333333333333334,9.3983812,-0.045622544403675656,0.027733674855338997,-0.2790336161990081,0.06625334850999953,-0.09653419857141142,-0.21369751554241126,0.027552862353839393,0.013992299033455637,0.06649435285765717,-0.8965399447491025,0.8095238095238095,0.8150177718337523,0.05043127171477742,0.08012938461469903,-1.1987339798043681,0.8571428571428571,0.8846842995364388,0.15494589452471288,0.00018087111295327335,0.2966829926462789,5,0.6,0.5,0.19619735103606073,0.014417342874677932,0.1865671641791045,0.3870250466944473,0.00782679048825102,0.00022454787635386905,0.539340101522843,0.9005802962105256,0.9322086627346773
complex|BRD4 complex (human),complex,8,7,0.875,8.013728328571428,0.048382688790033664,0.03482792033949013,0.26248146680172063,0.05895184520866458,0.12268668978675164,0.21855908848452693,0.03516419784386829,0.008869889022379526,0.05612668353169188,0.7039931327020822,0.19047619047619047,0.2407185251375339,0.04750428561635823,0.052823396523164375,0.016629055143968893,0.5238095238095238,0.4933662725537916,0.6011779950663717,1.1365804862778447e-23,1.2765495748946,7,0.8571428571428571,0.0625,0.06635622442074054,0.41201899935435143,0.2318840579710145,0.6535126512571302,0.4934405768965212,3.9378807608811194e-23,0.2219707520891365,0.5140334853698397,0.7222066561493505
complex|HES1 promoter corepressor complex (human),complex,6,6,1.0,9.458967433333333,0.11952850746645603,0.13719571567672828,0.4488933087599542,0.0634145837218615,0.2930743795039929,0.45329856371667115,0.025044020253450268,0.011158788915226247,0.07095254495273896,1.5273549190295312,0.14285714285714285,0.06333638998894511,0.004499089918570717,0.04848663199363847,2.3723944687058767,0.09523809523809523,0.00883660549452287,1.1121000122124174,1.9360968390460265e-27,2.0925361421505584,6,1.0,0.015625,0.2867616254713029,0.000297425459006728,0.16428571428571428,0.7176878168731017,0.4779844559577784,2.1846601339144965e-26,0.10375976562500001,0.22063906348607928,0.04096971638369694
complex|HES1 promoter-Notch enhancer complex (human),complex,13,11,0.8461538461538461,9.05593388181818,0.1007262612159193,0.0977617641569911,0.5519899920734633,0.13973819828966236,0.35991634544736284,0.5293213022290184,0.07966122736395725,0.014552093818661998,0.038881166766248434,2.2163472592098876,0.09523809523809523,0.013333864370711058,0.007570381461791344,0.022055526235566465,4.223697895899938,0.047619047619047616,1.2016307569743547e-05,0.7378526426480436,3.514141579786163e-26,1.6312854585316927,11,0.8181818181818182,0.03271484375,0.21341239405755533,0.007670391599822511,0.17985611510791366,0.45704558115467103,-0.15797543367190314,1.8213538675720968e-25,0.158598577115019,0.07178866187688546,0.00011102023298132625
complex|RNA polymerase II (RNAPII) (human),complex,17,17,1.0,9.313623094117647,0.04974669674344396,0.0603606383727773,0.4708901626808574,0.22971760282668835,0.2978098148882996,0.4589421523429173,0.10112925655640977,0.017240218123486695,0.029561830547757788,1.0996098014783737,0.14285714285714285,0.13575108478722864,0.03989483464059716,0.03334577811248199,0.295445560442899,0.42857142857142855,0.38382676675830396,-0.1664291792848241,2.5638552973020114e-06,-0.405871496598341,17,0.5294117647058824,0.5,0.17328477973639264,0.031063780510317482,0.176056338028169,0.4611709019498449,0.17847718071585192,3.412229127411341e-06,0.539340101522843,0.36515323439602637,0.6250052715412996
complex|BRCA1-core RNA polymerase II complex (human),complex,13,13,1.0,9.242170246153846,0.0461421761304867,0.05421653888215948,0.3860757735706159,0.1537755547842024,0.2274710545263774,0.37063367594301055,0.08551000576718296,0.013785726784354904,0.029107498222907018,1.1116190439433888,0.23809523809523808,0.1331509904289458,0.03154017041286905,0.027503826332145802,0.5309081558790668,0.2857142857142857,0.2977412128637654,-0.3605540286525176,2.5252357941733467e-16,-0.8313978194028278,13,0.6153846153846154,0.29052734375,0.23349231413747543,0.0034561736622892828,0.18705035971223022,0.48267342392177687,0.170631217462858,5.135048863749628e-16,0.5165088998387369,0.3619453369205333,0.5309371278339873
complex|SMAD3-SMAD4-cJun-cFos complex (human),complex,4,4,1.0,9.881575625,0.2265146677345918,-0.07749882679335236,0.5394670632088446,-0.03371071155810236,0.39866778923927,0.5700678778855754,-0.018341696628948655,-0.00821985501834593,0.08754906936373776,2.6811766756502293,0.09523809523809523,0.0036681885659784075,-0.001970644236631995,0.08177715698482096,2.793999209505828,0.09523809523809523,0.0026030302966063112,-0.03790460846463,0.9016674515698055,-0.06115361034717316,4,0.5,0.6875,0.13243208404498727,0.10045257437781026,0.20437956204379562,0.8326483746663272,0.658839152051048,0.9080774097563208,0.6875,0.02703433769723971,0.014305446673159685
complex|ETS2-FOS-JUN complex (human),complex,3,3,1.0,10.256516499999998,0.19917975416075873,0.288054792368265,0.42731447737607653,0.0042792330842277146,,,,0.0014304919671108266,0.15408442668476946,1.2833825354603114,0.14285714285714285,0.09967904471862826,0.03833373019738575,0.1600101522865194,1.0052238665166497,0.14285714285714285,0.1573945326937332,0.8072239639511274,5.659502432220266e-18,0.9222280873294443,3,0.6666666666666666,0.5,0.27891785633721117,0.0004407508380090739,0.14492753623188406,0.5381164644231258,-0.11427566379258682,1.2771443541736e-17,0.539340101522843,0.29694107947722204,0.3520667178675611
complex|SMAD3-SMAD4-CTCF protein-DNA complex (human),complex,3,3,1.0,9.147252666666665,0.21144330436225753,0.17845661822925382,0.44580496379496476,0.10835532571209808,,,,0.0389306723598619,0.13531646953337445,1.27488274411303,0.14285714285714285,0.10117537381952418,-0.01513659790094995,0.11290676645768521,2.0067876299346885,0.047619047619047616,0.022386140282746526,-0.19102519838570325,0.006174471761202031,-0.24096384180358502,3,0.6666666666666666,0.5,0.39341303857432885,4.1049651769109423e-07,0.14814814814814814,0.7677687285985103,0.4553808104717603,0.007150273837904259,0.539340101522843,0.2986737027998018,0.08609666617501573
complex|SMAD3-SMAD4-SP1 complex (human),complex,3,3,1.0,9.516236666666666,0.005705371735342209,0.13137950495847775,0.01692301106797839,0.03962720599176475,,,,0.013567496653714466,0.12438068201334955,-0.06321017694314002,0.47619047619047616,0.5252004295207309,0.07672257038023184,0.16430847753866892,-0.43221871268435436,0.5714285714285714,0.6672087698976603,0.06146528024235312,0.21760436455366905,0.09280127773135552,3,0.6666666666666666,0.5,0.5028680996422932,2.594391258714894e-11,0.11538461538461539,0.5230849995447799,0.12166640622530155,0.23354003771542764,0.539340101522843,0.7583584910973181,0.8251126882827516
complex|SMAD3-SMAD4-cJUN complex (human),complex,3,3,1.0,9.016353666666665,0.05590596847456286,-0.12356605205109601,0.15085096665171238,0.10996890304854948,,,,0.03955627442066871,0.15067988189684844,0.10850615123979676,0.38095238095238093,0.4567971006709418,-0.0215617367131719,0.11597190928469762,0.6679868053009329,0.23809523809523808,0.2520710075355515,-0.5659132195588721,2.6185474262876213e-18,-0.8646169123422531,3,0.6666666666666666,0.5,0.10911668976185106,0.17652424436852537,0.22627737226277372,0.5675899438006953,0.1999832234516332,6.070269033666758e-18,0.539340101522843,0.7146212311109826,0.47968736508631066
complex|MMP-9-TIMP-1-LRP complex (human),complex,3,3,1.0,9.768138833333333,0.02455235538815111,0.11561098741619591,0.0702094513615798,0.12375358618614504,,,,0.04496054810533494,0.13669863216685757,-0.14929332059645709,0.47619047619047616,0.5593389071995506,-0.00035397567584143503,0.14600994726538047,0.17057968673000085,0.3333333333333333,0.4322771357241545,0.8908736491215555,2.3140546805692222e-24,1.33118216301289,3,0.6666666666666666,0.5,-0.1785698172794947,0.02621041305896522,0.3115942028985507,0.7570186614056874,0.5576143372481123,8.47821757967172e-24,0.539340101522843,0.7734713690050851,0.6711722564192625
"complex|Ubiquitin E3 ligase (CSN1, CSN8, HRT1, SKP1, SKP2, CUL1, CUL2, CUL3) (human)",complex,8,7,0.875,9.870566714285713,-0.016065327430882497,-0.00861749446769199,-0.12445362104882826,-0.14261916685494047,-0.024297827754123594,-0.049805828961505184,-0.023600397640867982,-0.018154829552043575,0.03610923643235373,0.05786613973617266,0.38095238095238093,0.4769276272423288,0.008384867676762999,0.042074482278497354,-0.5811169569670748,0.7619047619047619,0.7194191845445581,-0.3778451685272928,3.5413461635051696e-17,-0.8729131437400475,7,0.7142857142857143,0.2265625,-0.14993071444684347,0.06259572060802172,0.32592592592592595,0.5754361304475061,0.23449845763902014,7.665902136619849e-17,0.43570324890595624,0.7305548948608468,0.8456241352853493
complex|Casein kinase II complex (human),complex,3,3,1.0,9.275393466666666,0.13939669448322892,0.29096868623596034,0.32701927227483946,-0.04852128907401193,,,,-0.01566697513827104,0.11580388395500123,1.339019593520319,0.14285714285714285,0.09028214719996724,0.015148661666179614,0.10307959905697558,1.2053600707970662,0.19047619047619047,0.11403216443479425,0.2944747353128021,0.0002987287712145486,0.3291557085140789,3,0.6666666666666666,0.5,-0.021584866746157068,0.7897885291710942,0.25735294117647056,0.8350526826829475,0.7016151863349133,0.00036693562938203226,0.539340101522843,0.2791068098510624,0.2907820193087253
complex|HCF-1 complex (human),complex,19,18,0.9473684210526315,10.076199133333333,0.0160703412882292,0.03715306393500947,0.2271969030658719,0.21201193561080067,0.1341057096204383,0.23649596061961578,0.11096683271765855,0.014727349532460899,0.020415367873987254,0.0657833728031669,0.42857142857142855,0.47377514707002905,0.020022946753790002,0.03014052784930791,-0.13113922507669565,0.42857142857142855,0.5521674140188646,-0.43268138926119754,5.171107418156767e-23,-1.2059123261400262,18,0.7222222222222222,0.048126220703125,0.2044826141600335,0.010704279757046978,0.19424460431654678,0.6095221932192291,0.36797144743535626,1.6776493532187986e-22,0.20590916576001467,0.7287568047496318,0.7607916851965439
complex|PXN-ITGB5-PTK2 complex (human),complex,3,3,1.0,8.432436333333333,-0.04425259675365208,-0.013629870358081275,-0.14564843300840047,0.059792801960403735,,,,0.020758402694346145,0.13206746133087732,-0.49225599396600717,0.7142857142857143,0.6887308074624248,-0.00658627463713998,0.12670598041896958,-0.29727343564971104,0.7142857142857143,0.6168711196466108,-0.20669347323248982,7.825807903811422e-06,-0.3754609532244505,3,0.6666666666666666,0.5,0.14121362508459281,0.07966072078623009,0.2014388489208633,0.35892925983725393,-0.40969158823735913,1.023374879729186e-05,0.539340101522843,0.8297411748025726,0.7992994690542975
complex|SRC-3 complex (human),complex,7,6,0.8571428571428571,9.853397416666667,0.013788951304780757,0.012914989549674754,0.0773975524214423,0.0279627824139147,0.053677803966786175,0.1018865610810156,0.030669266536715496,0.0047716543458417695,0.04065788821469449,0.22178468570042395,0.47619047619047616,0.41224075081468314,0.026911360413893148,0.07330284837906731,-0.17901636019999034,0.47619047619047616,0.5710375721902523,0.8604347125375206,5.429727857223789e-27,1.8171143061355866,6,0.8333333333333334,0.109375,0.16493506493506493,0.04027950953796062,0.15,0.5574434227314176,0.2796511564979273,3.721990869871146e-26,0.30649038461538464,0.6761172958692792,0.7742318259182823
complex|Set1B complex (human),complex,6,6,1.0,9.514909000000001,-0.0041224253444599535,0.11943264346715124,-0.02525511367011397,0.06811973495005433,-0.01575311821148606,-0.032010501639305064,0.025880629893854194,0.012036562002792489,0.06710170432845963,-0.2408133669475066,0.6190476190476191,0.5951501154360206,0.03497005029349902,0.06562745368297403,-0.5956725949905455,0.6666666666666666,0.7243030152896066,-0.06199458418222213,0.14846275745885856,-0.11503864874196178,6,0.6666666666666666,0.34375,0.1716702652186523,0.03269086766453484,0.21323529411764705,0.5157260050309881,0.16415039966470674,0.1604152675932582,0.537117464201791,0.7806758207510716,0.8483770178642058
complex|Set1A complex (human),complex,6,6,1.0,9.723325833333334,0.016031143004549532,0.07744714368111927,0.0890490664350846,0.13799415315440325,0.1126130406832541,0.20242984140128106,0.03363179048940881,0.025987456390052434,0.1042178018125548,-0.09553371125031247,0.47619047619047616,0.5380545425021045,0.022832215800240287,0.06367548155017146,-0.10680834490952415,0.47619047619047616,0.5425294864652211,-0.4036156472707684,3.7926521104741936e-16,-0.7686405971464467,6,0.5,0.65625,0.11466275659824048,0.155411384035282,0.21830985915492956,0.22721023747768512,-0.552689773776062,7.651315570972464e-16,0.6847125613747954,0.7656468099220795,0.7518751035251706
complex|BLM complex II (human),complex,6,6,1.0,9.388736066666667,-0.015337442680203347,0.0421761071039471,-0.09966791039490772,0.21510131143844408,-0.046293052507088844,-0.09708024593672772,0.10615184531271349,0.04367988584746711,0.07517385304073422,-0.7850778713669355,0.9047619047619048,0.7837960434484019,0.042795325482640825,0.09038370666615335,-0.6431775184610079,0.7619047619047619,0.7399455403783252,0.2454497504964299,8.871005951618819e-09,0.5007126643050726,6,0.5,0.65625,0.2926428410299378,0.00021979096179555692,0.19117647058823528,0.3895575377537927,-0.2964919727862652,1.278026281165423e-08,0.6847125613747954,0.8875132818798511,0.8568851625634556
complex|Gata1-Fog1-MeCP1 complex (mouse),complex,13,11,0.8461538461538461,8.916383090909092,-0.002789281915495517,0.016157945094492716,-0.03156246726187,0.24322564367966923,0.01316746051398714,0.025992663655635354,0.1229575351671343,0.02838852982531751,0.03858842614256715,-0.8079575887760962,0.8571428571428571,0.7904425013175274,0.01653501767684968,0.03655333375793863,-0.5286603875945612,0.5714285714285714,0.7014794694641311,-0.17100040504530456,1.5969177989457277e-07,-0.46176093633239046,11,0.5454545454545454,0.5,0.21735039154393992,0.006594784353348266,0.19708029197080293,0.36886924273380756,-0.04525741499268753,2.2155279582761725e-07,0.539340101522843,0.8913321904393009,0.839343807015151
complex|JUND-FOSB-SMAD3-SMAD4 complex (human),complex,4,4,1.0,10.33861425,0.08751528828565558,-0.02081175563397608,0.27726608821635185,0.017398400743846295,0.17286909399304184,0.2947798605631387,0.001148359428488175,0.004407107654786004,0.0986624874062823,0.8423483211875489,0.23809523809523808,0.1997965054418389,-0.0057525218906603354,0.08776501369071613,1.0626992038648981,0.23809523809523808,0.14395919101588017,0.16892245257470742,0.0013201668013116687,0.27915433650452887,4,0.75,0.3125,0.1439367084528375,0.07396847509117843,0.20588235294117646,0.7673692788450904,0.6492287522989136,0.0015686977368801283,0.5165088998387369,0.46148649354772575,0.3343314545450769
complex|17S U2 snRNP (human),complex,33,29,0.8787878787878788,10.41159975862069,0.09060569603174516,0.0817687124003449,0.7428881199162559,0.5445128043281617,0.6070279927650908,0.7554666072998815,0.34344237266814714,0.039590446295043026,0.03747281336526328,1.3613936386210193,0.14285714285714285,0.08669466267766479,0.02582622190451771,0.015021398282641948,4.312479631279313,0.047619047619047616,8.071687934815871e-06,-0.431112676504356,3.089160916322494e-20,-1.0422547991508666,29,0.6206896551724138,0.132465448230505,0.014810995456156745,0.854866415507925,0.25735294117647056,0.6615932173442102,0.5279611345122577,7.924909795394728e-20,0.31856579727001405,0.2729276417630188,7.85603215029789e-05
complex|SMAD3-SMAD4-FOXO3 complex (human),complex,3,3,1.0,9.963995333333333,-0.05044232302569155,0.09442504604965296,-0.1683065119647842,0.009039492382132407,,,,0.0030314325349150104,0.13094769484751725,-0.4083596555317324,0.6666666666666666,0.6584951758645867,0.04049878144696633,0.17392018252434238,-0.5228898863415664,0.6666666666666666,0.6994745584764842,0.2579480535923602,1.6121564083813523e-07,0.46043691362699296,3,0.6666666666666666,0.5,0.3416196706519287,1.359437530709134e-05,0.16541353383458646,0.5313050068414863,0.09284048229805934,2.234238500745896e-07,0.539340101522843,0.814336905167166,0.8389746585677491
complex|SMAD3-SMAD4-FOXO1 complex (human),complex,3,3,1.0,9.103355666666667,0.06571527529737746,0.28300845328983687,0.1742447433370965,-0.021052815225619425,,,,-0.006920474757642336,0.13004053888441813,0.5585623581549403,0.38095238095238093,0.28823021779572955,0.1137073010358152,0.13407355540535743,-0.35795295793670007,0.6190476190476191,0.639810740917407,-0.7480562420697184,1.172008569242836e-20,-1.048509003767475,3,0.6666666666666666,0.5,0.4679095098449937,8.310458827526421e-10,0.11764705882352941,0.6442121458811126,0.1037139560784085,3.0810534552260123e-20,0.539340101522843,0.557260571294787,0.8157586946696939
complex|SMAD3-SMAD4-FOXO4 complex (human),complex,3,3,1.0,9.526573666666666,-0.09160975275369536,0.15671456657508412,-0.3364787236157155,0.2500754409566191,,,,0.10003621384478287,0.1496691572113639,-1.2804639925100558,0.9047619047619048,0.8998089997088614,0.03616286128158226,0.16525836897283075,-0.7731687951990137,0.8571428571428571,0.7802887544534305,0.10252574047021022,0.03855615745413286,0.16884258177434103,3,0.6666666666666666,0.5,0.5071992523605428,1.641999256300354e-11,0.15151515151515152,0.5347965839029047,0.3094514587584078,0.04297124191784912,0.539340101522843,0.9350555120066988,0.8780831084979027
complex|MBD1-Suv39h1-HP1 complex (human),complex,3,3,1.0,8.083326333333334,-0.01507632417298943,0.031176286961177652,-0.04663514566682336,0.08989810995974268,,,,0.031876458926374515,0.1317463630424747,-0.3563876984158302,0.6190476190476191,0.6392248796752988,0.03998973565246257,0.132003106312978,-0.4171573030629365,0.7142857142857143,0.6617183233752792,0.542767108843536,2.329119441128131e-15,0.7866447066858991,3,0.6666666666666666,0.5,0.2749508555960169,0.0005354211036715459,0.15217391304347827,0.4795306814095257,-0.17324297859744978,4.519980650591122e-15,0.539340101522843,0.7982485030225328,0.82311303639364
complex|TERF2-RAP1 complex (human),complex,7,7,1.0,9.69276557142857,0.13911798768278297,0.28636475459824645,0.5307798042009196,-0.05872217355936537,0.3171581577661432,0.48157946089637854,-0.030359336667798664,-0.007986876169653712,0.052555575835278784,2.799034384353375,0.047619047619047616,0.002562783955119218,0.014050069811994675,0.03468994428213397,3.6053075454260917,0.047619047619047616,0.0001558917383666147,0.077263084364201,0.12710945112772737,0.09728587755875402,7,0.5714285714285714,0.5,-0.0012052463665366891,0.9881249320108778,0.2608695652173913,0.6808610694070989,0.519936478741742,0.13792727675561905,0.539340101522843,0.01957416288592485,0.001190191415673256
complex|RAD50-MRE11-NBN-p200-p350 complex (human),complex,3,3,1.0,8.420808333333333,0.12688284933958208,0.23603367258128202,0.3036042128284078,-0.013778322106552346,,,,-0.004550970873786404,0.11723129732183954,1.1211495839079406,0.19047619047619047,0.13111209785140487,0.050910622607541166,0.09700035482529817,0.78321596729074,0.19047619047619047,0.2167501499680422,-0.26307671386869863,0.0013860569648665195,-0.28696815700618633,3,0.6666666666666666,0.5,0.11475621153040509,0.15507264500272816,0.2127659574468085,0.745307321524368,0.46316307513566185,0.0016408752369589715,0.539340101522843,0.3595009134635295,0.4359019328053216
"complex|Ubiquitin E3 ligase (CRY1, SKP1A, CUL1, FBXL3) (human)",complex,4,4,1.0,8.83345275,0.013161229629148638,0.016086368682514784,0.05064525694764861,0.13153549740819317,0.03210689397011904,0.06221621841244785,0.07360828695516722,0.03648297949295207,0.09013878888898723,-0.2587315644159135,0.6190476190476191,0.602078818144614,0.00721859632792516,0.07079699942526846,0.08393905602590365,0.42857142857142855,0.46655244344933167,0.9654360090179345,3.787181477250469e-26,1.5824683638508323,4,1.0,0.0625,0.16904385936644,0.0354919758177523,0.19708029197080293,0.8482374075598531,0.7734962107282464,1.939219431122228e-25,0.2219707520891365,0.7835877367270235,0.6957360998805824
"complex|Ubiquitin E3 ligase (CRY2, SKP1A, CUL1, FBXL3) (human)",complex,4,4,1.0,8.92879025,-0.0659971389709676,-0.024867846282020285,-0.3291592651885642,0.1335866730255214,-0.13306981829330827,-0.30699085370713225,0.07581324124564735,0.037115244811002535,0.08505777010875341,-1.212262955519906,0.8571428571428571,0.8872941303062095,0.01586466304438022,0.10482472230517598,-0.780939841433815,0.9047619047619048,0.7825810610750367,0.8172298648749541,2.3706287180578638e-26,1.593611645780363,4,1.0,0.0625,0.2644871257774484,0.0008822562983828087,0.17518248175182483,0.4677642857215354,0.0018393420310707515,1.319891535163221e-25,0.2219707520891365,0.9346178929507832,0.8783370183720702
complex|MDC1-H2AFX-TP53BP1 complex (human),complex,3,3,1.0,7.670851433333333,0.019327279352606547,0.23119613327627508,0.05582398649470116,0.05244717445102403,,,,0.01811580673442219,0.10083859660657354,0.012013977375260115,0.5238095238095238,0.49520723176405484,0.04051828641317877,0.10295570115411397,-0.2058264556797247,0.5714285714285714,0.5815367625047173,0.7708369631438473,2.3009873506939096e-20,1.016353499130204,3,1.0,0.125,0.3272211659308433,3.240208179537051e-05,0.145985401459854,0.7132723955518631,0.46253923145708076,5.962924536859217e-20,0.30649038461538464,0.7378405231940188,0.7814881112152261
complex|MDC1-p53BP1-SMC1 complex (human),complex,3,3,1.0,7.630570266666666,0.11833313490130719,0.24569221259538118,0.2870616053598548,0.08995346571216979,,,,0.031897339387314066,0.10233287986056436,0.8446532105005535,0.23809523809523808,0.19915224531653297,0.06327185548375926,0.09325524970770006,0.5904362445023997,0.2857142857142857,0.2774491086603622,0.5179273219879033,2.8881793424270766e-12,0.6693393022285722,3,0.6666666666666666,0.5,0.2676581483033096,0.0007599313494401782,0.16911764705882354,0.9081556033894557,0.8306377446118183,4.851684666132441e-12,0.539340101522843,0.46148649354772575,0.5108913502311797
complex|BARD1-BRCA1-CSTF64 complex (human),complex,3,3,1.0,7.763806,0.13296614388847403,0.12132300498018471,0.315102502335185,0.039939340826208695,,,,0.013677288191851319,0.07749438089768072,1.5393226491366527,0.14285714285714285,0.061862773632203036,0.014080939521526286,0.11445334853990807,1.038721941153992,0.14285714285714285,0.14946703688913793,-0.5868820841719876,8.668297187879664e-14,-0.7080367607496841,3,1.0,0.125,0.1343527440301634,0.09557330762375212,0.2014388489208633,0.8136249884695661,0.6289848121457717,1.5676707680207903e-13,0.30649038461538464,0.216772244620599,0.3427526475425375
complex|BRCA1 A complex (human),complex,4,4,1.0,8.74516,-0.050104763090199955,0.01935325820676137,-0.23587433545134334,0.1244754277168465,-0.074247128576307,-0.1604037770082725,0.06867735179748971,0.03432314835860636,0.09174879133380978,-0.920207342477484,0.8571428571428571,0.8212677909674527,0.0026941995612848263,0.06527877715318414,-0.808822789795617,0.8095238095238095,0.7906914572690658,0.25016759514933407,2.9909725609746933e-06,0.42144569794358944,4,0.5,0.6875,0.2184460700589733,0.006320444655589834,0.15942028985507245,0.6395891324484952,0.10970224372503815,3.972385432544514e-06,0.6875,0.9032216028651264,0.8835509272726195
complex|BRCA1 C complex (human),complex,4,4,1.0,8.6816685,0.00905774552355391,-0.06205642968926043,0.03527251373407776,0.11582375112088471,0.04924855167197209,0.0938739473950091,0.04644768039397463,0.03171056524264631,0.11724251050159597,-0.19321336281675783,0.5238095238095238,0.5766040630477164,0.03717755923195984,0.1249067647484223,-0.2251264274200258,0.47619047619047616,0.5890595387423596,-0.19927366191792126,5.964012721258437e-05,-0.339514157846284,4,0.75,0.3125,0.213289935870581,0.0077062015809677645,0.18439716312056736,0.6830211184119795,0.26437369440746394,7.528827940202483e-05,0.5165088998387369,0.7755053541188914,0.7864407454413701
complex|BRCA1 B complex (human),complex,3,3,1.0,7.492340000000001,0.0457904449567598,-0.0302449572787394,0.12584622554281166,-0.03004897378887263,,,,-0.009819611758721066,0.08854331464833297,0.6280548332344124,0.2857142857142857,0.264984009963972,0.02226833511922159,0.09179894543749043,0.25623507683490065,0.5238095238095238,0.39888466254862043,0.010087752565595217,0.832744450548265,0.014016441338947342,3,0.6666666666666666,0.5,0.20583932196835422,0.010184197580278005,0.19117647058823528,0.7221323398407602,0.5415340779946098,0.8419898290634718,0.539340101522843,0.5382705621999253,0.6413341043499257
complex|PCNA-CHL12-RFC2-5 complex (human),complex,6,6,1.0,8.098994733333333,0.05116118813881586,0.04670664872229011,0.24443834742749782,0.06469130254709445,0.1658213400033524,0.2844712724213396,0.03302533491383673,0.01139624891313368,0.0508028066070561,0.7827311497424072,0.23809523809523808,0.2168925030262896,0.03144248357524001,0.05959746436713852,0.33086482408215606,0.42857142857142855,0.3703732965955279,-0.22012144630946817,4.0063066022031706e-05,-0.35707129865378445,6,0.6666666666666666,0.34375,0.3017176372015082,0.00013604482925981502,0.16417910447761194,0.7372773502083154,0.6387594570899763,5.087690157180321e-05,0.537117464201791,0.4853961977059849,0.611246000882903
complex|RFC complex (human),complex,5,5,1.0,8.17248408,0.14606171055622302,0.07667592828037875,0.4609815423431621,0.0004218075340404422,0.2419572831190381,0.3896386557054349,0.006657829950318962,8.438998387288454e-05,0.04263364387332778,3.423993525068488,0.047619047619047616,0.000308540456059692,0.036341337359699535,0.053637299914563306,2.0455983685102095,0.09523809523809523,0.02039795106087949,-0.18322292407700652,0.003572589807093634,-0.25533349372640846,5,0.6,0.5,0.2792723405626631,0.00043309260165257053,0.15827338129496402,0.7363704030268514,0.5475448606108321,0.004175116410673129,0.539340101522843,0.0031212651742217037,0.07977726258472807
complex|RAD9-RAD1-HUS1-APE1 complex (human),complex,4,4,1.0,8.5284002,0.020029232645315382,-0.08663743469838765,0.07557575730503648,0.004844594352844944,0.06322842349079773,0.11893666891109964,0.004704534355158223,0.0012155652787248544,0.05770339117023183,0.32604093078495133,0.47619047619047616,0.37219669368780045,0.014341607046862447,0.0522925892691591,0.10876542313056504,0.5714285714285714,0.4566942747079644,-0.49220278108717597,2.5076825225112165e-17,-0.8539373059296032,4,0.75,0.3125,0.16459669362895168,0.04069686797432571,0.19117647058823528,0.4710685409858319,-0.048709524012566376,5.484211348545113e-17,0.5165088998387369,0.640419412215851,0.6882803785492371
complex|9-1-1 complex (human),complex,3,3,1.0,7.542021933333333,-0.012555335476399199,-0.046992352966713925,-0.038636187008026845,0.01697875613922659,,,,0.0057243806214891165,0.08920284542872747,-0.20492301574049784,0.5714285714285714,0.5811838635829476,-0.0074412235318735715,0.07483468775256978,-0.06833878911120346,0.5238095238095238,0.5272420264790691,-0.03293465912892449,0.6279730176666275,-0.04221895594227033,3,0.6666666666666666,0.5,0.20697044890593277,0.009767750756287772,0.17266187050359713,0.5734854599379028,0.2505403352237359,0.646219207041929,0.539340101522843,0.7765021505320847,0.7460972072817016
complex|RPAP1-RPB2-RPB3 complex (human),complex,3,3,1.0,9.098965333333334,0.11042742258445089,-0.139160914336275,0.2713527075428207,0.07237623147441884,,,,0.025348496246026864,0.14471544173564596,0.5879049624423569,0.3333333333333333,0.2782980426978787,0.012310835651380194,0.1195758077814525,0.820538775806536,0.2857142857142857,0.20595451681777976,-0.799484428351684,3.256999609037622e-24,-1.329594801063702,3,0.6666666666666666,0.5,0.23506171248106733,0.0032381867532211765,0.18248175182481752,0.7936611238235134,0.5604166159339993,1.1763950429243536e-23,0.539340101522843,0.5506303344741506,0.42058778801408375
complex|BRCA1-HDAC1-HDAC2 complex (human),complex,3,3,1.0,9.860915866666668,-0.07895565224607015,-0.08720284794621651,-0.2812850451523481,0.18806830913658293,,,,0.07167610571736786,0.10528516752440857,-1.4307025529357364,0.9523809523809523,0.9237422593709903,0.0025918604986777346,0.07868207501830383,-1.0364179227070138,0.9047619047619048,0.8499963937540339,0.19025243701725497,0.0015362594994203043,0.2719015479312897,3,0.6666666666666666,0.5,-9.99000999000999e-05,0.999015667184257,0.18620689655172415,0.17101420901414807,-0.7933686386389668,0.001813639686815637,0.539340101522843,0.9496476374913594,0.9205970594775138
complex|BRCA1-BARD1-BACH1-DNA damage complex II (human),complex,8,8,1.0,8.249240125,0.04973466803352834,0.004321114264273189,0.2951299972043613,0.08720487833623562,0.19024518771010265,0.319673945628149,0.03441150577543273,0.011801082781718075,0.03154488446213844,1.2025273161909922,0.19047619047619047,0.11457964462830278,0.013881594257016391,0.04385863428708139,0.8174689969102051,0.19047619047619047,0.2068302298704553,-0.0753597167954603,0.04232235110338454,-0.15388171839437334,8,0.5,0.63671875,0.3033160387999098,0.00012481666422587786,0.13970588235294118,0.5207946633021608,-0.058197849417670054,0.046963444435870576,0.6725902288732395,0.3268211340069039,0.42058778801408375
complex|BRCA1-BARD1-BACH1-DNA damage complex I (human),complex,6,6,1.0,8.392958666666667,0.05316868886940647,0.0074035024611497436,0.25201547208785896,0.041309969999854326,0.18575535041299474,0.31331142692849206,0.021672836116296827,0.0071304609395576035,0.042158833444473146,1.092018544357619,0.23809523809523808,0.1374124751245585,0.03922788294675167,0.06283819995452235,0.22185240717818344,0.47619047619047616,0.4122143904086874,0.42665045179255456,8.769297761012787e-15,0.7616669156030734,6,0.6666666666666666,0.34375,0.41142405981115654,1.0482690086685227e-07,0.1056338028169014,0.7266906365259005,0.5665420151075299,1.6394215022421265e-14,0.537117464201791,0.3662262176984289,0.6502647901601847
complex|BRCA1-CtIP-CtBP complex (human),complex,3,3,1.0,9.002551866666666,0.016132072748788657,-0.03560242869281005,0.04688356023742141,0.020417570792019845,,,,0.006899774689453889,0.13117726023566845,0.07038032386671551,0.5714285714285714,0.47194547584399493,0.03551464247960662,0.07604770743284403,-0.25487382046242824,0.6190476190476191,0.6005897215544086,-0.7410704372596324,8.16099531772585e-22,-1.1208452041478207,3,1.0,0.125,0.22046663014404952,0.0058410807141861835,0.19424460431654678,0.7125058480835816,0.5807821800475075,2.343529060833437e-21,0.30649038461538464,0.7284872659819535,0.79065693443437
complex|BRCA1-BARD1-UbcH5c complex (human),complex,3,3,1.0,9.224235,-0.021393678316430503,0.06717977660491574,-0.06704992395788367,0.09867588429810077,,,,0.03520808754820997,0.09931012189240351,-0.5699496162734051,0.6666666666666666,0.7156440643616535,0.006334694396640378,0.08382293213162477,-0.33079697891657867,0.6190476190476191,0.6296010784911206,0.14092940800464376,0.011019403755297957,0.20868210703334364,3,0.6666666666666666,0.5,0.19703200025780673,0.013998167696127158,0.19424460431654678,0.29309930096481523,-0.5330770398995347,0.012600663486999905,0.539340101522843,0.8479983104657141,0.8089468666979448
complex|BRCA1-BARD1-UbcH7c complex (human),complex,3,3,1.0,8.092446666666667,0.016285857569099466,0.11957508212446537,0.0473163965185307,0.08369090488458343,,,,0.029545423796690146,0.11730232006707098,-0.1130375445260515,0.3333333333333333,0.544999605136985,0.04205847972205086,0.12312936596591953,-0.20931336688670102,0.6190476190476191,0.5828981911887686,-0.5598353916830658,2.024980068455426e-14,-0.7213617350333296,3,1.0,0.125,0.24481647384873192,0.0021396760052400615,0.20437956204379562,0.6557185843363644,0.46299017220292016,3.747241781249156e-14,0.30649038461538464,0.7661240314770186,0.7814881112152261
complex|BRCA1-RNA polymerase II complex (human),complex,26,25,0.9615384615384616,9.0342134,0.041184192724399576,0.032063923740534225,0.5178003109429279,0.20450582719760432,0.3793877439507662,0.5500813612627073,0.11244690269897487,0.010178541244998613,0.013693902199733862,2.264194020606015,0.047619047619047616,0.011781092095756056,0.02377439090387592,0.017094828785967117,1.0184250476269814,0.19047619047619047,0.1542380018913378,-0.17198891128020563,3.3035919038718703e-09,-0.5308908514243155,25,0.56,0.34501898288726807,0.15101028004253808,0.0607081355096467,0.21052631578947367,0.4362145840346405,0.2167956654056198,4.863833345769786e-09,0.537117464201791,0.06705755545575433,0.3480592078078862
complex|RSmad complex (human),complex,10,9,0.9,9.663707411111112,0.06006439720559604,0.07953531369237249,0.3651293705143426,0.3613289162073742,0.22376896105689958,0.36570458669525835,0.18092617803803487,0.059143413289413735,0.06494684394421386,0.014180579998211824,0.5238095238095238,0.4943429566734558,0.022776415060870532,0.038956478936481825,0.9571702361890357,0.2857142857142857,0.16924066866848758,0.030149598533614153,0.2646353299767823,0.06409177142640192,9,0.5555555555555556,0.5,0.3873803615739099,6.370405368461678e-07,0.13432835820895522,0.7726502088854038,0.660010803364267,0.28164444550951373,0.539340101522843,0.7378405231940188,0.368228417324781
complex|TIF1gamma-SMAD2-SMAD3 complex (human),complex,3,3,1.0,8.843892566666666,0.024886983941437252,-0.02245011029176151,0.07112097852348537,0.06485158483839622,,,,0.022594034231328487,0.14537490527192487,0.015772665205317147,0.42857142857142855,0.49370787786524156,0.03189262662669165,0.07977306511587585,-0.08781965034285973,0.5714285714285714,0.5349899903046368,-0.2586316222557488,3.5455076608070606e-06,-0.4132863861889823,3,0.6666666666666666,0.5,0.256056846379427,0.0013005257372292738,0.14285714285714285,0.6108772775897572,0.3036497061402084,4.689338451793571e-06,0.539340101522843,0.7378405231940188,0.7498255197206548
complex|SMAD4-SMAD2-SMAD3 complex (human),complex,3,3,1.0,8.8568599,-0.01301849386484255,0.1433524147383697,-0.04009955316833691,0.1593997529015009,,,,0.05945088897547742,0.14503364705029342,-0.4996728987666546,0.6666666666666666,0.6913472908556243,-0.012856704116201798,0.11703106188810478,-0.0013824513426652682,0.47619047619047616,0.5005515181155126,0.03126061811785076,0.38999366267592384,0.04594345890680797,3,0.6666666666666666,0.5,0.28226934355966615,0.00037309284104385896,0.2,0.6349560916938183,0.4275632907967226,0.4085800492290903,0.539340101522843,0.8307896285022818,0.7249837259515838
complex|Profilin 1 complex (human),complex,6,5,0.8333333333333334,11.810914,-0.025710972930263764,0.03977697703409224,-0.14329152247308602,0.12956976332656028,-0.022266711072034567,-0.04554761778940528,0.06871879713010745,0.02891071641177171,0.0890066072908065,-0.6136812873180635,0.7619047619047619,0.730287021876576,0.015963304055589843,0.05751710911694927,-0.7245544434633787,0.7619047619047619,0.7656372921889417,0.3502841937132542,1.10899205021392e-12,0.6246586738298736,5,0.6,0.5,0.07210531404079791,0.372608106390308,0.2198581560283688,0.1894273310683654,-0.4625710213349191,1.8903273583191818e-12,0.539340101522843,0.8535547359258608,0.8697826623073037
complex|AR coactivator complex (human),complex,3,3,1.0,9.519730666666666,0.1619155725846313,0.32081051523928245,0.36692498097390436,0.11797937828027634,,,,0.042683653350073805,0.12473920104267287,0.9558496305725787,0.19047619047619047,0.1695741048692503,0.017267554920573094,0.08981736455112284,1.6104682918159607,0.09523809523809523,0.05364783113115903,-1.6945609225229803,1.628958993624077e-27,-3.1092435081903305,3,1.0,0.125,0.2859914279269118,0.00030929437758003554,0.15217391304347827,0.7557433840531541,0.4838347325799652,2.1846601339144965e-26,0.30649038461538464,0.4133976743944438,0.16972949055143363
complex|DAXX-Axin-p53-HIPK2 complex (human),complex,4,4,1.0,8.607192375,0.018294756343511038,0.16911541252426518,0.06937161499365037,-0.004517496429471,0.039276850176633425,0.0755849611582477,-0.010903024928410433,-0.0011255605704740476,0.07784110824682493,0.24948664467116222,0.38095238095238093,0.4014921851846639,0.0291009473325324,0.11009677436544298,-0.09815174923429178,0.47619047619047616,0.5390941020406823,0.727949084451174,2.0132670952352837e-25,1.378643248642084,4,0.5,0.6875,0.07995552834262512,0.3226802665066994,0.2198581560283688,0.7105432823172043,0.4961398730735321,8.642813287626217e-25,0.6875,0.6656729988432334,0.7502614545130587
complex|BAX-BAK-IRE1alpha complex (mouse),complex,3,3,1.0,9.075091166666667,0.005870882084474394,0.0022182391770394863,0.017408242772196214,-0.06571923360218428,,,,-0.02098691521179912,0.12155379152137744,0.22095400694720482,0.5714285714285714,0.4125641224990582,0.03553822883181265,0.1286753741859577,-0.2305596306598955,0.5238095238095238,0.591171533646428,-0.23079392861241552,0.00014754789541309698,-0.30422859652769335,3,0.6666666666666666,0.5,0.3398279140214624,1.5181996002909298e-05,0.1292517006802721,0.5701043804778759,0.22438347916974802,0.00018371442055829947,0.539340101522843,0.6761172958692792,0.7884348382836777
complex|ING2 complex (human),complex,12,11,0.9166666666666666,9.460524772727274,0.001429128771889442,0.021218811825922997,0.015498917008484481,-0.019392522908282812,0.026017204868050033,0.05071494853031427,-0.013690266904695714,-0.0017324149046394634,0.03063295591949913,0.10320726752054814,0.38095238095238093,0.4588992360344979,0.022918557100701467,0.032797809603511766,-0.6552092529530107,0.7619047619047619,0.7438334811437193,0.3464798707618098,3.3023388487192494e-18,0.9138894317056683,11,0.6363636363636364,0.2744140625,0.1611291933872579,0.04518681064472645,0.1956521739130435,0.7144789271565197,0.5179874121938284,7.600148072413436e-18,0.4991125958452211,0.7167442930775387,0.8590468192556541
complex|HBO1 complex (human),complex,7,6,0.8571428571428571,8.0935077,0.0488480118914902,0.009592385630440929,0.235555887403868,0.15296297172917056,0.13268651579354904,0.23428638717499017,0.07247892349414466,0.029218254483661825,0.06335059337087709,0.30985909307760917,0.38095238095238093,0.3783340558734224,-0.000550621813813033,0.03292314885943497,1.500422511716913,0.09523809523809523,0.06675249590584444,0.2099854305514352,9.960535274836576e-05,0.3496537489148299,6,0.6666666666666666,0.34375,0.11492700847539557,0.15445500501028903,0.22627737226277372,0.7296090539405641,0.561511922886411,0.00012512002438834122,0.537117464201791,0.6474844580384074,0.20120433163109136
complex|ING5 complex (human),complex,11,9,0.8181818181818182,8.705205466666667,0.036609769289697565,0.00043560249760362285,0.25484839581127516,0.07127638974534296,0.1632976632965065,0.28074957673990353,0.04859406077149124,0.008455299503078106,0.03660518259427825,0.7691388975893342,0.23809523809523808,0.22090542945913166,0.025098118623867894,0.030406449977084492,0.3785923932095101,0.3333333333333333,0.3524952858728391,0.28663517864645965,9.513425213610921e-14,0.7066835247242937,9,0.6666666666666666,0.25390625,0.05258934613773324,0.515768312505705,0.23357664233576642,0.572112042147627,0.2664644906044669,1.7156459897247417e-13,0.47122338973799127,0.488983372500682,0.5952734960104237
"complex|Ubiquitin E3 ligase (CUL1, RBX1, SKP1A) (human)",complex,3,3,1.0,10.237377666666667,-0.03673517983353358,-0.0959972463237803,-0.11894442951765649,-0.0770774984537787,,,,-0.024436813831073025,0.11112078638042958,-0.1106756566710774,0.6666666666666666,0.5440632247366735,0.0019709937475872546,0.15915531779823222,-0.24319748857019188,0.5238095238095238,0.5960737938492295,0.6022859123934797,3.868323141542699e-19,0.9585006206044216,3,0.6666666666666666,0.5,0.06252457220199156,0.4395932720934979,0.22857142857142856,0.447358251684433,-0.00936578515316966,9.35884631018395e-19,0.539340101522843,0.7661240314770186,0.7905317756180471
"complex|Respiratory chain complex I (early intermediate NDUFAF1 assembly), mitochondrial (human)",complex,7,6,0.8571428571428571,10.257799333333333,0.4185110021538894,0.32441840993804216,0.811971332499779,0.1020374728094605,0.6894462092255277,0.8161801251329358,0.039241592593504605,0.018586694952250044,0.08071499351504936,4.954770976064977,0.047619047619047616,3.6207766518480043e-07,0.008087160365547883,0.04416105556221435,9.293796005626135,0.047619047619047616,7.444080553573581e-21,-1.1604489752771971,6.152192547691502e-26,-1.6101037327255971,6,1.0,0.015625,0.14905094905094904,0.06416926439016331,0.25,0.9154985609816242,0.823658419854194,3.0053814169757337e-25,0.10375976562500001,5.995441858579488e-06,1.8252312895781376e-19
complex|RBPJ-NotchIC-Mastermind complex (human),complex,3,3,1.0,9.117495166666666,-0.1292992102405357,-0.19213403705058943,-0.5231950422513274,0.05096239428170376,,,,0.017584910867941693,0.09604762173343571,-1.5292843118607349,0.9523809523809523,0.936903011470095,0.002730402131520757,0.13588390598813843,-0.9716353928152579,0.8095238095238095,0.8343840157556601,0.4158750959877357,3.4524384903074747e-15,0.741595502128486,3,0.6666666666666666,0.5,0.24449743804582513,0.002169430863850821,0.2,0.22548597734991613,-0.776129166475145,6.60939801072377e-15,0.539340101522843,0.9533530244408389,0.9139515636498854
"complex|PLC-gamma-1-Lab-Blnk complex, BCR stimulated (mouse)",complex,3,3,1.0,8.592298666666666,0.08650644182514178,-0.06026560985038776,0.22124166673074397,-0.06599766602939017,,,,-0.02107208313941112,0.06822667121118932,1.5767810894885017,0.09523809523809523,0.057422952173338565,0.026865103202692912,0.08094825994975727,0.736783454758223,0.23809523809523808,0.23062702315671035,0.09960939390556374,0.04795581435753803,0.15242005500513484,3,0.6666666666666666,0.5,-0.011520737327188939,0.8868622263560094,0.2571428571428571,0.8521817036253352,0.6741933618172268,0.053076096619671,0.539340101522843,0.20393945409751163,0.45518491412508616
"complex|PLC-gamma-2-Lab-Blnk complex, BCR stimulated (mouse)",complex,3,3,1.0,9.79542,0.07452655922474416,-0.02116526812164965,0.1945773211737391,0.13587589838500175,,,,0.04980334935220964,0.12759269378611215,0.19376665809704474,0.47619047619047616,0.4231792975821696,0.04088141702113842,0.10187645564347318,0.3302543457278321,0.2857142857142857,0.37060389310491876,0.18944855112797704,0.0007440944677684834,0.28278213288175574,3,0.6666666666666666,0.5,0.15205439721568756,0.058927208134099025,0.208955223880597,0.7096806281303195,0.34315745326367814,0.0008975595519440079,0.539340101522843,0.6819033317091941,0.611246000882903
"complex|Grb2-Lab-Blnk complex, BCR stimulated (mouse)",complex,3,3,1.0,9.78997,-0.09221271552423944,-0.08137609387307039,-0.339194179299087,0.07823380406568828,,,,0.027512893571884734,0.10063479140921523,-1.189703952475831,0.8571428571428571,0.8829186143211989,0.0018703120433808597,0.11044997832717779,-0.8518157177806329,0.8095238095238095,0.8028418094016716,0.5996434559886692,3.881890296603994e-20,1.0029574328911413,3,0.6666666666666666,0.5,0.0560761818826335,0.4882861797145525,0.22302158273381295,0.19199333549347716,-0.45266594421845985,9.938574554558418e-20,0.539340101522843,0.9342212871772704,0.8903102249520305
complex|PLC-gamma-2-Syk-LAT-FcR-gamma complex (human),complex,4,4,1.0,9.830477,-0.011302733310964541,0.008717907371458944,-0.04679776108307543,0.04231839403895433,0.001852505287599544,0.0036981597147730835,0.027229303645460105,0.010926388933987084,0.08384570222597486,-0.26511939974026705,0.47619047619047616,0.6045412584573483,-0.00036567865556889483,0.08279976498627084,-0.1320904069861688,0.5238095238095238,0.5525436082290194,0.6417571352146522,1.0890827032648123e-21,1.132545996310422,4,0.75,0.3125,0.27753536785794847,0.00047182941853025765,0.17037037037037037,0.2019129986426654,-0.6712824771159064,3.0451325584706923e-21,0.5165088998387369,0.785134037711565,0.7607916851965439
complex|PLC-gamma-2-Lyn-FcR-gamma complex (human),complex,3,3,1.0,11.124546,-0.012252275654555037,0.11003541326850204,-0.037680162437449205,-0.04804229717153164,,,,-0.015517113860296639,0.1373353000319605,0.023772753290536464,0.38095238095238093,0.49051693681499053,0.04378589815746843,0.10436501136192815,-0.536944068522048,0.7619047619047619,0.7043468753206092,1.1487393401775385,2.090419892843675e-27,2.219639439702104,3,0.6666666666666666,0.5,0.2131449195965325,0.007748799935681471,0.18248175182481752,0.5137298236350917,0.2574209067982812,2.1846601339144965e-26,0.539340101522843,0.7378405231940188,0.839343807015151
complex|SMRT-SKIP-CBF1 complex (human),complex,3,3,1.0,9.985208,-0.08412706143816313,0.05618677863296099,-0.30343544976413805,-0.12063213441291795,,,,-0.03721761769725044,0.13664579504226665,-0.34329225957083337,0.7142857142857143,0.6343106983151532,-0.01608753828836142,0.09653827734383302,-0.7047932180048183,0.8095238095238095,0.7595305351363639,0.13793393979995747,0.033008102803666145,0.1852965668292419,3,0.6666666666666666,0.5,0.20760207534401084,0.009541804832966946,0.20437956204379562,0.6482895825521819,0.36592579363790845,0.036884602168864446,0.539340101522843,0.7962955776085571,0.8673593546654693
complex|Ku antigen-YY1-alphaMyHC promoter complex (human),complex,3,3,1.0,11.194894666666668,-0.10270571087371423,-0.02521412313398123,-0.3877693954508403,0.13686666823769048,,,,0.05020296439407881,0.1880937638572364,-0.8129385692119547,0.8571428571428571,0.7918733601039987,-0.013272757447514726,0.12561394059293424,-0.7119667849288862,0.8095238095238095,0.761757327827724,-0.20007575726034957,0.005198791967246153,-0.248867169420215,3,0.6666666666666666,0.5,0.14861590022880344,0.06495925690973606,0.22857142857142856,0.44373281942549503,-0.07447787960273983,0.00603135555799713,0.539340101522843,0.8913321904393009,0.8679540598573262
complex|SHARP-CtBP complex (human),complex,3,3,1.0,9.676777000000001,-0.041391567721242715,-0.05149601936669571,-0.13538205408339565,0.016435608799699825,,,,0.005539230011581212,0.14748274973549466,-0.31821211509137665,0.5714285714285714,0.6248379782365728,0.02171304113315512,0.09932014846158856,-0.6353656315647086,0.6666666666666666,0.7374050111305365,0.42371403539825014,2.3306596714365693e-13,0.6746886241583022,3,0.6666666666666666,0.5,0.2463987625277948,0.0019975070628563086,0.18115942028985507,0.4593285850884667,-0.07538427974944223,4.1387062410607604e-13,0.539340101522843,0.7942951890210527,0.8554971694189573
"complex|LAT-PLC-gamma-1-p85-GRB2-SOS signaling complex, C305 activated (human)",complex,5,5,1.0,8.4307162,-0.001726629217131581,0.018909507005129056,-0.008693185719470531,0.017869992607300048,0.0009080795984167353,0.0018145114759810393,0.013879711219931918,0.0036258334145100866,0.05124982017520618,-0.10443866170346293,0.6666666666666666,0.5415893785895126,0.0034759608619887227,0.057830248196699456,-0.08996312900862202,0.6190476190476191,0.535841742616074,0.14622581709514118,0.0028151582786014443,0.2847225287808504,5,0.6,0.5,0.1885630498533724,0.01878819129924392,0.2028985507246377,0.6012570470575032,0.3698767192616697,0.0032929603717585703,0.539340101522843,0.7659011159803195,0.7498255197206548
complex|SHARP-CtBP1-CtIP complex (human),complex,3,3,1.0,9.933746666666666,0.10007648652646539,0.1668547931951947,0.2501593266195704,0.07039565953499813,,,,0.024620679142629352,0.17062578906214637,0.44222979303763427,0.38095238095238093,0.32916146447601946,0.05060652552737821,0.12949025335808062,0.38203617427705105,0.38095238095238093,0.35121726641353235,0.04963173225803096,0.3106525144507546,0.07888099630551994,3,0.6666666666666666,0.5,0.2100125680770842,0.008721361838833812,0.19424460431654678,0.7476217673358431,0.5164603562614154,0.3278824138449603,0.539340101522843,0.6039950814390156,0.5947924059880162
complex|SHARP-CtIP-RBP-Jkappa complex (human),complex,3,3,1.0,9.476975666666668,0.05936274456747226,0.15917571637961872,0.15918850105053384,0.1007806170054697,,,,0.03601315784726507,0.14780283275018213,0.15797793780903308,0.3333333333333333,0.4372370917356315,-0.015065883942519667,0.14054693561471915,0.5295642212650077,0.38095238095238093,0.2982070532583221,0.38248580059283904,3.5213715749603643e-09,0.5436446484246005,3,0.6666666666666666,0.5,0.1746672682156553,0.029725724406013607,0.19285714285714287,0.7890450792805944,0.5830505676959877,5.172521610684867e-09,0.539340101522843,0.6985930976979076,0.5310251297546937
complex|SHARP-CtBP1-CtIP-RBP-Jkappa corepressor complex (human),complex,4,4,1.0,9.744453,0.073742076248408,0.06591870866643097,0.24153453148210216,0.10643935378534267,0.19021858460398877,0.3196363879115172,0.045799599963756425,0.028918378593874593,0.1258039545872828,0.3562980019315269,0.38095238095238093,0.3608087027518093,0.010851864178689836,0.1060632580605158,0.5929500301964639,0.2857142857142857,0.27660729721562305,0.15525672789076875,0.001118535957737443,0.2803211508356528,4,0.5,0.6875,0.2546614675646934,0.001385110623076794,0.15492957746478872,0.7189802580554029,0.489789319305993,0.0013365823300049108,0.6875,0.6339878656969712,0.5108913502311797
"complex|Ecsit complex (ECSIT, MT-CO2, GAPDH, TRAF6, NDUFAF1) (human)",complex,5,4,0.8,8.02011735,-0.008159389623087413,-0.0035935267935590285,-0.033456512658993035,0.0060584811806130385,-0.022424093332262487,-0.045876935344487946,0.016586230696420567,0.0015215339336804097,0.053230078212876904,-0.1818694219845408,0.5238095238095238,0.5721573990100731,0.01858999162977636,0.07176890266519394,-0.3727154834406648,0.6190476190476191,0.6453198943040187,-0.1338704769920574,0.00039591404915319636,-0.26693720897107726,4,0.5,0.6875,0.4067738712900003,1.5027808026341053e-07,0.10948905109489052,0.5847815322545579,0.19072938535919384,0.0004839793026561125,0.6875,0.7734713690050851,0.8183547641962373
"complex|Ecsit complex (ECSIT, NDUFS3, NDUFAF1) (human)",complex,3,3,1.0,9.307830133333333,0.2557797837451701,0.15664841219142608,0.5076474442284353,-0.021278778028497876,,,,-0.00699371421458798,0.10897730232393757,2.411268148101682,0.047619047619047616,0.007948577872772448,0.03553541019507674,0.1521224841870038,1.4478094722628079,0.14285714285714285,0.07383517145980327,-1.1113209155288697,3.692033740633524e-25,-1.5578345793899349,3,1.0,0.125,0.22488801521059584,0.004903602285451671,0.15714285714285714,0.7990752630096423,0.5561061307564674,1.538347391930635e-24,0.30649038461538464,0.05092681802906971,0.2156886915612309
complex|RBP-Jkappa-RING1-KyoT2 complex (human),complex,3,3,1.0,9.1995691,-0.08375004058836895,-0.0477107482267524,-0.3018019774947833,-0.004358287802583472,,,,-0.0014485537913144428,0.08701796276509755,-0.9457988233903496,0.8571428571428571,0.8278743970849867,-0.005091337359699537,0.09689743003879263,-0.8117728529763752,0.7619047619047619,0.7915390090441256,-0.37124892222945705,7.955280931190595e-12,-0.6560087676100669,3,0.6666666666666666,0.5,0.2255905384937643,0.004767746236695549,0.19852941176470587,0.6389822014065014,0.2861507073199771,1.3121582389738692e-11,0.539340101522843,0.9052657429531372,0.8837234995895448
complex|YY1-Notch1-RBP-Jkappa complex (human),complex,3,3,1.0,10.512114000000002,-0.228272144112161,-0.002084896747478323,-1.2601145180697895,0.1866655373669865,,,,0.07106549880399607,0.21445213320444054,-1.3958249724230714,0.9047619047619048,0.9186163958130856,0.022141361171542702,0.18761382139253716,-1.3347284513744497,1.0,0.9090173809315291,-0.19274849049498743,0.000495447684388594,-0.2909151053255446,3,0.6666666666666666,0.5,0.3320582643163288,2.4318915718028677e-05,0.1366906474820144,0.3342144644872509,-0.24185067353382142,0.0006027631656445203,0.539340101522843,0.9490985657487081,0.9468958111831351
"complex|PLC-gamma-1-LAT-c-CBL complex, OKT3 stimulated (human)",complex,3,3,1.0,8.064107166666666,-0.1349748171719468,-0.12898967784882479,-0.554652761733677,0.05175019123775764,,,,0.0178664588542174,0.07211278490443805,-2.119475433221798,1.0,0.9829748461109117,-0.0008856382115141274,0.08934480675964546,-1.5008055176744417,1.0,0.9332970644287413,0.3500191923830187,1.312229692410971e-10,0.5699806864538872,3,0.6666666666666666,0.5,-0.05752634462311881,0.47709107299298714,0.2846715328467153,0.44747727982251134,-0.04133391194412012,2.0553966312334006e-10,0.539340101522843,0.9868448258200098,0.95886684701583
"complex|SLP-76-PLC-gamma-1-ITK complex, alpha-TCR stimulated (human)",complex,3,3,1.0,7.755428666666667,0.048421022249641954,0.14211098638253353,0.13243754420012205,0.05632564712222508,,,,0.019507739750985846,0.0587211679151397,0.4923826198491121,0.47619047619047616,0.31122444174064623,-0.002321090979280074,0.1608158281085482,0.31552934699109275,0.38095238095238093,0.3761798862598631,0.16208807788887478,0.0009339516705036267,0.26959625674684645,3,0.6666666666666666,0.5,0.25657890496600166,0.00127011250863919,0.21052631578947367,0.838757620973269,0.7274369262905326,0.001122326465496818,0.539340101522843,0.5858858538236702,0.615705962211913
"complex|SLP-76-PLC-gamma-1-VAV complex, alpha-TCR stimulated (human)",complex,3,3,1.0,8.499818,0.05744562060518158,0.09996444201878359,0.1545772856089982,0.19211893439777583,,,,0.0734466380202978,0.1296406982223291,-0.12342588118181108,0.5238095238095238,0.5491150682298326,0.037475173447630176,0.1619088051744986,0.12334379922097556,0.38095238095238093,0.4509174294217453,0.6798147041049447,7.620564144849559e-21,1.0623709683388733,3,0.6666666666666666,0.5,0.17289484708839545,0.03145030989196159,0.1956521739130435,0.5238717175477364,-0.19984231360114188,2.0284382640257177e-20,0.539340101522843,0.7676773157818383,0.6835493126873435
complex|ITGA9-ITGB1-VEGFA complex (human),complex,3,3,1.0,9.027083766666665,-0.007447965710945932,0.1709150184922176,-0.022681763120812715,-0.0011092203504417912,,,,-0.0003694669033419293,0.07149436941396822,-0.09900778013185804,0.6190476190476191,0.5394339535967034,0.02239465514317774,0.13376279420625775,-0.22310105759384294,0.5238095238095238,0.5882715723712048,0.9846638337475676,6.752262369195837e-26,1.554859403946285,3,0.6666666666666666,0.5,-0.013006348490219456,0.8723897210486025,0.2446043165467626,0.19812566107539573,-0.6770669993119695,3.28592920638347e-25,0.539340101522843,0.7659001011534486,0.7862120070998805
complex|Ccd1-Dvl2-Rac complex (mouse),complex,3,3,1.0,8.951572566666666,0.06951660154488352,0.1349828515433611,0.18309370092894056,0.007600228889229046,,,,0.0025463113290255697,0.048299538513829406,1.3865616996875163,0.19047619047619047,0.08278772699995673,0.03836011263723381,0.08439747119720331,0.36916377310463955,0.3333333333333333,0.3560028282876361,0.4017286706325591,7.348054763357399e-11,0.5851547763020761,3,0.6666666666666666,0.5,-0.0067899842093390485,0.9331746506407892,0.2624113475177305,0.6731560280560216,0.44683608055109936,1.15950121575256e-10,0.539340101522843,0.2652702098927307,0.5964567753833588
complex|SMAD3-E2F4/5-p107-DP1 complex (human),complex,5,4,0.8,9.2824169,-0.035141184386646596,0.11112075862539454,-0.1571299334373351,0.028690594661711796,-0.057116158417608434,-0.12115205691032617,0.007075223882878382,0.007330383460871025,0.08738547420460464,-0.48602548917998145,0.6666666666666666,0.6865254529813936,0.001137782179360913,0.0587046135957462,-0.6179917444961485,0.7619047619047619,0.7317096097390703,-0.6682962299892472,2.4974234834593635e-20,-1.0149250425886849,4,0.75,0.3125,-0.045106506396828984,0.5773159457925368,0.2361111111111111,0.4994859887701086,0.03710182810013962,6.445779233624875e-20,0.5165088998387369,0.8297411748025726,0.8519906414769997
complex|ITGA9-ITGB1-ADAM8 complex (human),complex,3,3,1.0,9.733889266666667,-0.030359198045985785,0.1495895327226456,-0.09696516333228977,0.060194860142966,,,,0.020903821800824753,0.10348814114297941,-0.49535163430934037,0.7142857142857143,0.6898240355221388,-0.049331284071680845,0.08961785092798966,0.2116998547637528,0.42857142857142855,0.4161706007069077,1.052643505317541,6.321181397665938e-27,1.7794338141280204,3,0.6666666666666666,0.5,0.09290064773935743,0.2502551848168457,0.22962962962962963,0.5543436741378552,0.07641031052808173,4.1543846814557063e-26,0.539340101522843,0.8297411748025726,0.6533104155057723
complex|Axin-PP2A A-PP2A C-GSK3-beta-beta-catenin complex (human),complex,4,4,1.0,9.5552645,0.05138735555050452,0.14279682128186513,0.17809407200356522,0.06405745131897043,0.11340861703845093,0.2037142793812856,0.03806147736543541,0.01682257110180285,0.10546812441065956,0.327727307580794,0.3333333333333333,0.3715589271131482,0.030097200124110202,0.12673590835540363,0.1679883444452905,0.3333333333333333,0.4332962242790206,0.261237821134227,5.578927955714608e-06,0.3784864263720469,4,0.5,0.6875,0.16238922367954625,0.04350962330046377,0.20588235294117646,0.6757974029390131,0.3887829831683364,7.348278040843105e-06,0.6875,0.640419412215851,0.6711722564192625
"complex|p27-cyclinE-Cdk2 - Ubiquitin E3 ligase (SKP1A, SKP2, CUL1, CKS1B, RBX1) complex (human)",complex,8,8,1.0,9.231876374999999,0.03321239932151711,0.01844178960602405,0.21557974949184633,0.09199927397265618,0.1161788833798457,0.20817251626916683,0.04354297143464731,0.012506689832961474,0.0400128310991815,0.5174767423287674,0.38095238095238093,0.30241170015753593,0.022929374691721686,0.0493548911771916,0.20834864355951657,0.38095238095238093,0.4174783764143909,0.1922478728564786,8.422552102434123e-09,0.516365784088908,8,0.5,0.63671875,0.056675582482034095,0.48364193823446927,0.2536231884057971,0.7018044840891023,0.48122834225005134,1.2147911686203061e-08,0.6725902288732395,0.5741632980793352,0.6539126903296664
complex|Drosha complex (mouse),complex,8,7,0.875,10.498499,0.06359044196739425,0.04604005470731262,0.3222000371761186,0.11115885540504919,0.16839349001598433,0.28824790869671935,0.04188145131076474,0.017552192132711343,0.06201978420420289,0.7423155437481034,0.3333333333333333,0.22894808816616508,0.017740950597641185,0.06211586766177801,0.7381284862573979,0.23809523809523808,0.2302181874053727,0.28473169966349043,1.801186800703934e-08,0.5049716551629289,7,0.5714285714285714,0.5,0.2897264026296284,0.0002555697376421868,0.17266187050359713,0.6247504531354858,0.3775057204912394,2.583254410458398e-08,0.539340101522843,0.49984385686962407,0.45518491412508616
"complex|RNA-induced silencing complex, RISC (human)",complex,4,4,1.0,9.5181129,0.07212102188885645,0.01143488858154662,0.23716939102991913,0.07605609742857548,0.15908940914255196,0.2745075710082451,0.03243966853147502,0.02016423407041811,0.12584314605033145,0.4128694287224672,0.3333333333333333,0.3398511402234792,-0.006042728728988756,0.08083025390861802,0.9670110736780884,0.14285714285714285,0.16676924894929068,-0.34698925844956113,1.74896065676425e-12,-0.6355228466431224,4,0.5,0.6875,0.21307080016757438,0.007770653003830153,0.22627737226277372,0.8438289631283968,0.7009763217061391,2.953542830959495e-12,0.6875,0.6163729783569502,0.36642681576834174
"complex|Ubiquitin E3 ligase (SKP1A, SKP2, CUL1, CKS1B, RBX1) (human)",complex,5,5,1.0,9.7668634,0.018644537887889535,0.0467290791929992,0.08675282417090424,0.15662863446483205,0.058962145001770196,0.11135836210967039,0.06572430016152749,0.0358132285612235,0.10718130689728939,-0.1601836287533471,0.5238095238095238,0.5636317873847704,0.02254046660389001,0.08645601426422177,-0.04506255289648175,0.38095238095238093,0.5179712752280583,-0.2145075196472242,3.9934638241984325e-07,-0.43760375948465313,5,0.6,0.5,-0.025216718765105863,0.7554555909957057,0.24822695035460993,0.590000218437576,0.24637298313070305,5.42821575250853e-07,0.539340101522843,0.7734713690050851,0.7387174227245799
complex|Multisynthetase complex (human),complex,11,10,0.9090909090909091,10.262190649999999,0.10521915314021686,0.31199006857315326,0.5404244781024847,0.1317645683813744,0.3832102659925291,0.5540882328798431,0.07721617982591035,0.01494926153220794,0.03910702050279165,2.308278422836253,0.09523809523809523,0.010491827878068946,0.04747759522031368,0.05509159368576892,1.0481010632810717,0.19047619047619047,0.14729602323713703,-1.2895271853906107,1.628958993624077e-27,-2.7501188204386096,10,0.9,0.0107421875,0.1053817150591344,0.19188991930310717,0.22142857142857142,0.6846250726403599,0.5775561327068606,2.1846601339144965e-26,0.08056640625,0.061645532463308325,0.3402217928031698
complex|SKI-NCOR1-SIN3A-HDAC1 complex (human),complex,4,4,1.0,9.1587545,0.10698507791162919,0.13130818226359622,0.3239627662752449,0.165503334562779,0.2186419552998472,0.3588288657697663,0.07563684259005837,0.04723956247542148,0.08590827145660658,0.6954570779181137,0.2857142857142857,0.24338445053316515,0.029463796076818462,0.08418533965707574,0.9208406374624051,0.23809523809523808,0.17856681750111997,1.0126445423738317,1.5555890524238845e-24,1.4262844291630328,4,1.0,0.0625,0.09351938384196448,0.24710046475175657,0.21739130434782608,0.8572578796066601,0.7501487397131722,5.885388848191254e-24,0.2219707520891365,0.5140334853698397,0.38200116160055025
complex|hs4 enhancer complex (faster migrating complex) (human),complex,5,5,1.0,9.644359,0.10204118907685814,0.01375566705325637,0.3623197804795093,0.02238799772789932,0.20217805131805636,0.33635292392235955,0.013284618029916826,0.004559257665789955,0.05186459493164484,1.8795467609367218,0.14285714285714285,0.030084937448478028,0.021260167386433763,0.07869756649388651,1.026474201037712,0.19047619047619047,0.15233405909545095,0.7884170726937554,3.13027029401681e-25,1.3638016944490379,5,0.8,0.1875,0.1540910702201025,0.055576858974814465,0.18705035971223022,0.7089624974676859,0.4240796806795189,1.308555614711945e-24,0.39254926108374383,0.13024694935051742,0.34577535200708986
complex|MAD1-mSin3A-HDAC2 complex (human),complex,3,3,1.0,9.875393333333333,0.03169500636786412,-0.08215030689432042,0.08941688182586205,0.023241302052279113,,,,0.007869024941101747,0.1146777112173307,0.20776471010664593,0.38095238095238093,0.4177063442822515,-0.003561584281297217,0.18720522277941354,0.18833123417023814,0.47619047619047616,0.42530850104308415,1.0084619721228874,1.835997592613274e-25,1.4591022866629697,3,1.0,0.125,0.10618091585833522,0.18852275875363564,0.22302158273381295,0.8116198394857355,0.634776996902379,7.989409319392233e-25,0.30649038461538464,0.6781690545501616,0.6621103038216511
"complex|RNA polymerase II complex, chromatin structure modifying (human)",complex,25,22,0.88,9.5410004,0.027639484477812892,0.019762883787716484,0.3847490722787523,0.28120922181468705,0.2609938965842006,0.41394950013823983,0.18505013390714536,0.017472264673087805,0.014334141164103182,0.7093009402046865,0.14285714285714285,0.23906887255067555,0.01825934372367467,0.022091066384212193,0.42461240172823533,0.3333333333333333,0.33555962542220874,-0.0020486955668591366,0.4893245993611579,-0.00639216215443696,22,0.5909090909090909,0.2617335319519043,0.20556540233959586,0.010287370542327758,0.19424460431654678,0.42767585852212103,0.19528583996785082,0.50763943383684,0.48504397273063665,0.5140334853698397,0.5781601654234001
complex|CTF18-cohesion-RFC-POLH complex (human),complex,8,8,1.0,7.7523934625,-0.02461718403307681,0.00790120344865167,-0.23793922874323922,0.1052772251094962,-0.0823139296783936,-0.17939452791202634,0.04890251141493502,0.0144948869285351,0.03385370891755704,-1.1553260251885666,0.9047619047619048,0.8760215288252464,0.015714304075690744,0.03537385796096493,-1.1401495464043918,0.9047619047619048,0.8728879984628304,-0.0002269938035570516,0.9951058490886519,-0.0004912922286750362,8,0.5,0.63671875,0.29273951854597013,0.0002186888050096336,0.17037037037037037,0.3203043028588089,-0.30981357392399544,0.9951058490886519,0.6725902288732395,0.9315491653479476,0.9257176228025584
complex|CTLH complex (human),complex,5,5,1.0,8.21439254,0.015111590955829035,-0.014049330496964173,0.07125108572840044,0.06689533543977207,0.023925101739057455,0.046732132454654206,0.024443288645214913,0.014135548917102305,0.04892523724746427,0.019949663887982822,0.5714285714285714,0.49204176348067125,0.0011008377439361,0.06393666225161238,0.21913488628411482,0.3333333333333333,0.4132724879027828,0.7025635095131877,1.431165071673825e-23,1.2277430074245437,5,1.0,0.03125,0.08526634655666915,0.2914770012938401,0.2740740740740741,0.6985752343535029,0.6180947745501723,4.8920521886973913e-23,0.15625,0.7378405231940188,0.6505215087358619
complex|UTX-MLL2/3 complex (human),complex,12,10,0.8333333333333334,9.049771,0.038558379303419404,0.014322424062003217,0.2862483432782951,0.023007694189648355,0.17049507274085113,0.29132129935689,-0.0033463729876289094,0.0023494186542941447,0.03426620569468259,1.0566959461970469,0.23809523809523808,0.1453251878488802,0.0022341762485282974,0.024621772549213442,1.4752878974203465,0.09523809523809523,0.07006757940117654,0.4393083373021424,1.0613756413812762e-20,1.019449092713343,10,0.8,0.0546875,0.31986722954464886,4.966566536415987e-05,0.18115942028985507,0.5247031261856133,0.09198947949475599,2.801767997435046e-20,0.2219707520891365,0.3767447537933312,0.20775852031744205
complex|DGCR8 multiprotein complex (human),complex,11,11,1.0,9.846563727272727,0.016605907108228766,-0.013258127827183698,0.15665156484823226,0.16814589562726254,0.07865716461283757,0.1458427518832084,0.07004458043088173,0.018044229760671306,0.04742174418451456,-0.030330446025901767,0.38095238095238093,0.5120982423400432,-0.008172460717838514,0.024485074387862314,1.0119784581234663,0.23809523809523808,0.15577417672483634,-0.14427367125511645,4.489806794287797e-06,-0.38824754775103687,11,0.7272727272727273,0.11328125,0.28246269859173084,0.00036949936190977035,0.15217391304347827,0.42073280421136067,0.21109014037041796,5.925987228485446e-06,0.30649038461538464,0.7466841184960805,0.34966914669747595
complex|ITGAV-P2RY2-GNA12 complex (human),complex,3,3,1.0,8.671251333333332,-0.0470734883989421,0.1420251924162268,-0.15589776882084438,0.06967544716510005,,,,0.024356516507740664,0.14438418702910455,-0.4947218000561523,0.6666666666666666,0.6896017444912602,-0.00911226923257316,0.14144166461059307,-0.2683878139505853,0.6190476190476191,0.6057995906987715,1.5300247051050528,1.628958993624077e-27,2.7917913938543277,3,1.0,0.125,0.03707904998227579,0.6469155800024315,0.22142857142857142,0.4772077807272123,0.1720793584865881,2.1846601339144965e-26,0.30649038461538464,0.8297411748025726,0.7921994647599321
complex|Itgax-Itgb2-Icam4 complex (mouse),complex,3,3,1.0,11.059169000000002,0.08608477376945078,0.004661816723414702,0.22032164361425854,0.12172812944685565,,,,0.04415969448683673,0.18332323996183536,0.22869484137058732,0.42857142857142855,0.40955305226850786,-0.024221582729919557,0.1338940611184424,0.8238330780167582,0.19047619047619047,0.20501720489382375,0.1867210428193564,0.00036794133639994945,0.28163689396435587,3,0.6666666666666666,0.5,0.14569623924462635,0.07046878735400783,0.2222222222222222,0.6218769966978485,0.24029540475184627,0.00045021612659302835,0.539340101522843,0.6737808279256098,0.42058778801408375
"complex|Gamma-secretase complex (APH1B, PSEN1, PSENEN, NCSTN) (human)",complex,4,4,1.0,9.60896,0.033263746829597395,0.11025144867763588,0.12098203951802203,-0.05938549716633631,0.06375810742196528,0.11987331890044826,-0.009919336302377534,-0.014213325251738096,0.0671923625905631,0.7065843535021561,0.3333333333333333,0.23991240755521087,0.016157361557583176,0.07115141064259653,0.24042229265055587,0.3333333333333333,0.4050014489538789,1.1035121885148993,8.89270982375803e-27,1.7058361846822976,4,1.0,0.0625,0.13382101769198543,0.09690490969349114,0.22058823529411764,0.6768623298230928,0.2693394603838715,5.669102512645744e-26,0.2219707520891365,0.5140334853698397,0.6447485533889868
complex|STAT6-p100-RHA complex (human),complex,3,3,1.0,10.028308166666667,0.04801153070465025,0.2692721157205556,0.1314156582880167,-0.04963472365999139,,,,-0.016014975304232355,0.1546417092987524,0.41403128754345153,0.47619047619047616,0.3394255966899261,0.0077107754002013335,0.12406624286504461,0.3248325602016241,0.23809523809523808,0.3726539001108409,-0.5988903696759826,7.907374093539435e-16,-0.7929477940987838,3,1.0,0.125,0.11331893912539073,0.16034389967425516,0.24087591240875914,0.6459068000973055,0.4028069648518936,1.5703897148384392e-15,0.30649038461538464,0.6163729783569502,0.6130757711500932
complex|CBF1-HDAC1-SMRT complex (human),complex,3,3,1.0,10.759497666666666,-0.18790069739837578,-0.04869272735917907,-0.9030813069689204,0.1715099394428474,,,,0.06455070479447855,0.14877406944066487,-1.6968777095496388,0.9523809523809523,0.9551401084760041,0.018693988050784184,0.1433730779100451,-1.4409587103848132,1.0,0.9252018260116577,0.2465372215327778,5.486885869162198e-06,0.4012173171600366,3,0.6666666666666666,0.5,0.1390577164770713,0.08441309266721626,0.20567375886524822,0.18208677725796987,-0.6005089798722124,7.234518596878803e-06,0.539340101522843,0.9651808563839638,0.9578061516851154
complex|NCOR-SIN3-HDAC-HESX1 complex (human),complex,6,5,0.8333333333333334,10.16401588,-0.03839930296240981,-0.044860734685777046,-0.22683823529411756,0.16247985949566074,-0.08452518390900714,-0.18465867640122133,0.09554278425233412,0.03735100009741209,0.07587770753918281,-0.9983209234504729,0.8095238095238095,0.840938117605694,0.015661164236776316,0.07061279947568443,-0.7655901989525552,0.7619047619047619,0.7780399109721495,0.11195363594027466,0.006273908483417759,0.20794420685917833,5,0.6,0.5,0.32715026908575295,3.253748669525885e-05,0.14893617021276595,0.2570065898281609,-0.5933298765473386,0.007252251420088524,0.539340101522843,0.9148430886922013,0.877828746460201
complex|Daxx-Axin-p53 complex (human),complex,3,3,1.0,8.343720166666666,0.1295237992156523,0.1688445930161644,0.30862327852504773,-0.013562778018656024,,,,-0.004480414759013336,0.13182581582587136,1.0165248220551255,0.09523809523809523,0.1546897667095452,0.04773212488229374,0.1173503725857003,0.6969869164550506,0.2857142857142857,0.24290549088153612,0.3680575373110459,4.786277861876037e-10,0.5598101112060075,3,0.6666666666666666,0.5,0.2631852018948793,0.0009375198998811761,0.16428571428571428,0.8659023300954664,0.7135276244890365,7.343567116596808e-10,0.539340101522843,0.39041971143686277,0.46895990370997265
complex|NUMB-TP53-MDM2 complex (human),complex,3,3,1.0,9.198067199999999,0.11670644326828376,-0.007074384402450118,0.2838622278286625,-0.08428222175881413,,,,-0.026599497425795447,0.08324107488612283,1.7215772488537366,0.09523809523809523,0.04257306373814695,0.0033399041392920712,0.09133465943263211,1.241221457803871,0.14285714285714285,0.10726197502899965,0.41867579849484227,6.538631150414224e-12,0.6379736464459345,3,0.6666666666666666,0.5,0.13230318069027747,0.10078695527961505,0.21014492753623187,0.6549298816682544,0.2335978699131579,1.0826954177633943e-11,0.539340101522843,0.1677250692288245,0.28116790098460565
"complex|G protein complex (Hdac4, Gnb1, Gng2) (mouse)",complex,3,3,1.0,9.915632333333333,-0.17609308987527647,-0.01757535914594695,-0.81548008565549,-0.00031685913902809064,,,,-0.00010559740667378872,0.12160373956741997,-1.4472210566438302,0.9523809523809523,0.9260824895464639,0.00653468231032604,0.15036765740908128,-1.214541579834261,0.9523809523809523,0.8877295089971793,0.7258473885249433,7.002352561268866e-22,1.1611317481544234,3,0.6666666666666666,0.5,0.16939189842415647,0.0351095116188111,0.18115942028985507,0.20827741569769787,-0.6735621819097286,2.0199093926737114e-21,0.539340101522843,0.9496476374913594,0.9327222740486079
"complex|G protein complex (Btk, Gng2, Gnb1) (mouse)",complex,3,3,1.0,11.132362666666666,-0.13415718702759646,-0.051463975837111375,-0.5500607731128905,0.10752964280183588,,,,0.03861110660129234,0.14958479471537756,-1.154985665204967,0.8571428571428571,0.8759518516503428,0.016506365158222482,0.09259887602486255,-1.627055949851553,0.9523809523809523,0.9481373922815921,0.3409215534246426,5.061257499269187e-10,0.5472994283398219,3,0.6666666666666666,0.5,0.12450452773033417,0.12270128679800095,0.21014492753623187,0.036423136600317596,-0.8784255178092903,7.728267439003847e-10,0.539340101522843,0.9315491653479476,0.9649178223770788
complex|SMAD4-SNO-SKI complex (human),complex,3,3,1.0,8.1945838,0.009433187936775944,0.031123570186700016,0.02777554003199373,0.026924968560575992,,,,0.009139035007017293,0.11187439807319699,0.0026293140774370292,0.5238095238095238,0.4989510566546645,0.03132091690027526,0.08281027143030896,-0.2643117645365947,0.5714285714285714,0.6042301521283047,1.0617434148936438,4.236641653048788e-26,1.563025309625087,3,1.0,0.125,0.04646965937288518,0.5658528778010055,0.22857142857142856,0.394498579988743,-0.45807527209000565,2.135066445706405e-25,0.30649038461538464,0.7397239502729037,0.7921994647599321
complex|SMAD2-SKI-NCOR complex (human),complex,3,3,1.0,7.7731019,0.06447236924231436,0.02392204532815671,0.17132557611860177,0.0936673518329643,,,,0.03330199009283011,0.1276406538740398,0.2442041638257687,0.42857142857142855,0.4035363512056197,0.005616776345459355,0.08199778559661396,0.7177705162233724,0.2857142857142857,0.23644939776942125,0.9459026298404709,1.672253961910329e-24,1.3497199223170295,3,1.0,0.125,0.05236698785085882,0.5175474300729342,0.24113475177304963,0.7448994470831166,0.46988398444493257,6.2894507416981406e-24,0.30649038461538464,0.6673266508264138,0.4638876623532036
complex|SMAD3-SKI-NCOR complex (human),complex,3,3,1.0,8.156376666666667,0.013594848704599668,-0.1260850869413314,0.039704979729320355,0.14143285937742203,,,,0.05205221558376899,0.10996718192853948,-0.34971676280801905,0.6190476190476191,0.6367243638866587,0.037338277898640956,0.09286550570376735,-0.2556754417488524,0.6190476190476191,0.6008992701701212,0.1003790612988962,0.08733641377467712,0.16916389601077303,3,0.6666666666666666,0.5,0.11066675260223646,0.17042112920057897,0.2198581560283688,0.6730807933337238,0.5152267472306499,0.0957471432181542,0.539340101522843,0.7966938508765314,0.79065693443437
complex|SMAD4-SKI-NCOR complex (human),complex,3,3,1.0,8.371320333333333,-0.033647306916618845,-0.0932053246009547,-0.10822487169791994,0.019745986026472213,,,,0.006669796480898225,0.1674198334376085,-0.24081438005098624,0.5714285714285714,0.5951505080549345,0.004847897342093215,0.08535760250688985,-0.45098741211252763,0.6666666666666666,0.6740006892663949,0.7286374316901028,1.0268444725932838e-20,1.053775850979527,3,1.0,0.125,0.18392897425155486,0.021966747942564976,0.21641791044776118,0.4710750475346544,0.11892881737520136,2.71623797210879e-20,0.30649038461538464,0.7806758207510716,0.8286582631441679
complex|SCAMP1-SCAMP2-SCAMP3 complex (human),complex,3,3,1.0,9.735801,0.1316691200080816,0.15609643655277772,0.3126695191457128,0.05515071353767653,,,,0.019085282477008948,0.16288195199786906,0.6911989704822886,0.2857142857142857,0.24472025538783743,-0.01635819506228959,0.13258404649618283,1.1164790861518392,0.19047619047619047,0.1321085587183134,-0.7686700954053665,6.596697749783689e-18,-0.9131636930833646,3,1.0,0.125,0.2400341593889981,0.0026269734120681347,0.13286713286713286,0.8089798776997951,0.6814524980578746,1.4807728223546134e-17,0.30649038461538464,0.5140334853698397,0.3180629702690952
complex|RB1-HDAC1-BRG1 complex (human),complex,3,3,1.0,10.163981666666666,0.17692109260281486,0.13366699950590943,0.39204220669769496,0.05088411041087116,,,,0.017556949991521537,0.14386642790556026,1.107722940865025,0.19047619047619047,0.1339907443345033,0.023293664967366977,0.14735757156225393,1.042548584417633,0.19047619047619047,0.14857870634535042,0.3341910884572247,1.3590265394695763e-06,0.40190390622865935,3,0.6666666666666666,0.5,0.1457864715929232,0.07029300539177445,0.21897810218978103,0.6320132396967306,0.2150979058590623,1.814407160024827e-06,0.539340101522843,0.3619453369205333,0.3425512272654803
complex|Gamma-secretase-Delta1 complex (human),complex,5,4,0.8,9.88238825,-0.0022952722667792433,0.13573845864420728,-0.009244746699253643,0.13274154327072712,0.022466511867466524,0.04394571676764835,0.07129200911966657,0.036854475814743874,0.10819980359502594,-0.361828273072049,0.5714285714285714,0.6412598186089842,0.046711349951113576,0.10417533227489155,-0.47042443875846846,0.7142857142857143,0.680974096364353,0.5476765799268395,1.652969666027717e-16,0.8352676645179994,4,0.75,0.3125,0.048590119557861494,0.5482395882311054,0.23741007194244604,0.4933858896248837,-0.11510132900039893,3.399252135782805e-16,0.5165088998387369,0.8000061337832239,0.8332456553402592
"complex|SMN complex (GEMIN5,2,3,4, SMN) (human)",complex,5,4,0.8,8.2084734,0.09239378474815359,-0.006662469997953317,0.28936778458627244,-0.004657674195262374,0.18576911226949247,0.3133310023802885,-0.008557073074023328,-0.0011603650968889463,0.0717993788373381,1.3029938609495495,0.14285714285714285,0.09628842872758797,0.017018860964091033,0.07989074920696947,0.9434749896861279,0.19047619047619047,0.17271900104680676,-0.6629022575324583,2.1489394806967872e-23,-1.209485799002086,4,0.5,0.6875,0.040330637104830654,0.6183072931951938,0.2835820895522388,0.8460702995781011,0.7731783123543562,7.172507429027234e-23,0.6875,0.2902310794980488,0.3732486887028451
"complex|SMN complex (GEMIN2,5, SMN) (human)",complex,3,3,1.0,7.748380533333333,0.14240474360778288,-0.07918162892765812,0.332511734287708,-0.03642945279971149,,,,-0.011855231209389094,0.07575676370483343,2.0362534943837614,0.047619047619047616,0.02086245354475204,0.033491943659735984,0.1031052695925678,1.0563262224950112,0.14285714285714285,0.145409599851887,-0.31093911035286814,2.1406424815809659e-07,-0.4514923534794779,3,0.6666666666666666,0.5,0.0017659759595243464,0.9826008972686515,0.2608695652173913,0.8574482575291995,0.7552418364718754,2.9506153124494397e-07,0.539340101522843,0.10152529873877424,0.33708589056573807
complex|COG2-COG3-COG4 subcomplex (human),complex,3,3,1.0,8.573979666666666,0.04407716480320959,0.011945000899286148,0.12151906288647163,0.04875793578055912,,,,0.016798691611376305,0.11064856219798676,0.24653255903156793,0.42857142857142855,0.40263500178695044,0.05798016942487185,0.13625644821069272,-0.10203557192511072,0.6190476190476191,0.5406357799462266,-0.42459779694663247,3.1321753074999196e-09,-0.5359467460310615,3,0.6666666666666666,0.5,0.1346395539943927,0.09486109593661998,0.17985611510791366,0.66186293290057,0.385225277514997,4.627489591034064e-09,0.539340101522843,0.6667008146472232,0.7508830277030925
complex|COG5-COG6-COG7 subcomplex (human),complex,3,3,1.0,8.046961833333333,-0.12083202548588783,-0.011410597518797175,-0.47801515531762284,0.07971583350926353,,,,0.028063339502765433,0.1181793644744007,-1.2599100160240417,1.0,0.8961490874441649,0.06624727606945842,0.14998297897494864,-1.2473368833845722,0.8095238095238095,0.893863000582554,-0.5255515546789871,5.541636409378819e-17,-0.8485269449607832,3,1.0,0.125,0.253388546936934,0.0014666226265954048,0.18115942028985507,0.5422230498836619,0.19987607017999587,1.1855010775097304e-16,0.30649038461538464,0.9346178929507832,0.9364628806431852
complex|COG1-COG8-COG2-COG3-COG4 subcomplex (human),complex,5,4,0.8,8.36912075,0.16979918678947806,0.1315355879574213,0.449978696793524,-0.0019034668358095391,0.3001064493312069,0.46166442676380215,0.004249616071907056,-0.0004751883300321498,0.06732904247398304,2.5289885146563136,0.09523809523809523,0.005719588523421496,0.03662241181500365,0.10778556044872062,1.235571577677455,0.19047619047619047,0.10830892750198046,-0.11685122284160486,0.055089097304483046,-0.14297665413114408,4,0.5,0.6875,0.09130546872482355,0.25851653111543277,0.20422535211267606,0.8086969124656612,0.6154083960639674,0.06091812581371716,0.6875,0.03818049930556234,0.2822236440388263
complex|COG1-COG8-COG5-COG6-COG7 subcomplex (human),complex,5,4,0.8,7.973857375000001,-0.07713143055059479,-0.041202810734375706,-0.40140961594654423,0.09482584755678951,-0.06962092453545082,-0.1496614151617464,0.04045253606417689,0.025521537992517322,0.0822397908359482,-1.2482153407695806,0.9047619047619048,0.8940238962729707,0.024848143127216588,0.07649391863829744,-1.3331723030169655,1.0,0.9087623668445599,-0.19256654114087088,2.9509630074432097e-05,-0.35125590967296993,4,0.75,0.3125,0.07274338564661145,0.36838138366389955,0.2028985507246377,0.4509011428990599,-0.04151792690434342,3.7813847582815e-05,0.5165088998387369,0.9346178929507832,0.9468958111831351
"complex|Traf6-p62-aPKC complex, RANK-L stimulated (mouse)",complex,3,3,1.0,9.358910433333334,-0.129287935693592,-0.11422174535937339,-0.5231335103788148,-0.11325136884355073,,,,-0.035100347977616866,0.09070631490411753,-1.03837960802991,0.9047619047619048,0.850453320288188,0.022811745732809474,0.08752473020965226,-1.7377909199156591,1.0,0.958876169400616,0.38268302159373047,4.57366805155587e-12,0.590824571563719,3,1.0,0.125,0.2042054719474074,0.010813350818138296,0.16546762589928057,0.6231681366909951,0.22046925566343042,7.612828675892603e-12,0.30649038461538464,0.9212050953924852,0.9710620460570178
complex|GammaH2AFX-NDHII-Ku70-DNA complex (human),complex,3,3,1.0,9.207000833333334,0.048106236898976494,0.1677241031429535,0.13165213327387237,0.004545811580764657,,,,0.001519876575279712,0.12591742046968907,0.3699754978296358,0.42857142857142855,0.3557003734832194,-0.03405461119950353,0.12174737339882456,0.6748469868777741,0.23809523809523808,0.24988649222960774,-0.07324622388790715,0.6862390279669561,-0.08144654160828801,3,0.6666666666666666,0.5,0.03906738422867455,0.6293568824628696,0.24822695035460993,0.43434601568179515,-0.3694081722272629,0.7010855453989335,0.539340101522843,0.6319404366277068,0.47695400837238006
complex|NR3C2-UBC9-SRC-1 complex (human),complex,3,3,1.0,9.7345511,0.21415686232064454,0.042249910588215846,0.44981055343656073,0.027472720129607813,,,,0.00932842484657598,0.09384829903124592,2.1825482143887642,0.047619047619047616,0.014534548475469925,0.05880720254137308,0.11229929286704134,1.3833538556934666,0.14285714285714285,0.0832781960484047,0.621140601666244,6.5570674644758165e-15,0.7703313173931269,3,1.0,0.125,-0.06178337791241017,0.4450457466401994,0.2846715328467153,0.7700610919402592,0.5255075033518148,1.2330768461956735e-14,0.30649038461538464,0.07626151977870023,0.23543170723218623
complex|RIN1-STAM2-HRS complex (human),complex,3,3,1.0,8.9934575,0.15482613746649218,-0.08307026629206742,0.3546578135965472,-0.03983260559464044,,,,-0.012934070057328797,0.1421837011005949,1.1798835325374653,0.14285714285714285,0.11902327012966046,0.017808597879302824,0.13429862417056346,1.0202452961332857,0.14285714285714285,0.15380607009862285,1.0859672497632846,3.37224596609952e-27,1.6057957545240231,3,1.0,0.125,0.16827688440591665,0.03634725194076403,0.21323529411764705,0.832594708890204,0.6811374151880573,2.637799758758827e-26,0.30649038461538464,0.33574041906043606,0.3476998925101846
complex|SKI-SMAD2-SMAD4  pentameric complex (human),complex,3,3,1.0,8.374684233333333,-0.0331516778329779,0.019391503709813795,-0.10651750127030757,-0.061010216170100585,,,,-0.019541901628224966,0.1285529206064137,-0.1058690548651286,0.5238095238095238,0.5421568766542663,-0.002135557034776094,0.07501725040090726,-0.41345318086767274,0.6666666666666666,0.6603626909526267,0.8909982221561228,6.095627042456601e-24,1.283169976811357,3,1.0,0.125,0.09774419129257839,0.2262963155442441,0.20863309352517986,0.5602460481186589,0.3710899871199576,2.1528876673496306e-23,0.30649038461538464,0.7659011159803195,0.8228741600755357
complex|SKI-SMAD3-SMAD4  pentameric complex (human),complex,3,3,1.0,8.757959,-0.07319480973976544,-0.04853561069799076,-0.2572419856063719,-0.03327438244705551,,,,-0.010850759273089363,0.10364905133368345,-0.6014917615209833,0.7142857142857143,0.7262437513098247,-0.00869472766106363,0.13358778060928825,-0.4828292062681156,0.6190476190476191,0.6853914943118888,0.04547465361454791,0.4893245993611579,0.0752572811892377,3,0.6666666666666666,0.5,0.12086945312751764,0.13409951600863831,0.2112676056338028,0.530693379835192,0.21282059347707852,0.50763943383684,0.539340101522843,0.8526342384162305,0.8338029831249569
complex|CREBBP-SMAD2-SMAD4 pentameric complex (human),complex,3,3,1.0,9.280724566666667,0.06564807899759358,0.23879251711227853,0.1740872499220657,0.21276194608763074,,,,0.08264281243122527,0.16393462916009977,-0.103667745617276,0.42857142857142855,0.5412834880151995,-0.00875874453860946,0.07400945764521294,1.005369123131465,0.14285714285714285,0.15735957100406317,0.997982207936127,1.642299563409288e-24,1.3638021726163116,3,1.0,0.125,0.2769069640037382,0.00048661468215345337,0.17777777777777778,0.7514033821071738,0.48228394462970703,6.195064921144504e-24,0.30649038461538464,0.7659011159803195,0.3520667178675611
complex|CREBBP-SMAD3-SMAD4 pentameric complex (human),complex,3,3,1.0,9.663999333333333,0.11605702936433208,0.24704320914915137,0.2825802413554557,0.008824321371412754,,,,0.0029588470016920993,0.11292699197915818,1.0015159385766106,0.19047619047619047,0.158288719208445,0.02426988288902599,0.14344098776659472,0.6398948299537711,0.23809523809523808,0.2611204876567026,0.15245863939455212,0.009565454643498329,0.21564860725662965,3,0.6666666666666666,0.5,0.38030034481647385,1.0552643357385596e-06,0.145985401459854,0.7929896778029694,0.6055078640333996,0.011007179305469647,0.539340101522843,0.3926422509548004,0.4925154509984567
complex|GABP(gamma)1-E2F1-DP1 complex (human),complex,3,3,1.0,10.323272233333332,0.14374190487529445,0.06021082575142082,0.3349368056981007,0.0627902629580013,,,,0.02184450235051755,0.1119942094045302,1.088425938920429,0.23809523809523808,0.13820355762947922,0.002539366208108321,0.11732926737498872,1.2034724312723912,0.14285714285714285,0.11439677676479865,-0.2505375389284871,0.0011047956408960567,-0.3003476612696511,3,0.6666666666666666,0.5,0.04065611807547292,0.6154739939021145,0.2571428571428571,0.5924094288076249,0.057641461157800784,0.001321401915705884,0.539340101522843,0.3662262176984289,0.2909359357972365
complex|SMAD3-cSKI-SIN3A-HDAC1 complex (human),complex,4,4,1.0,9.4487335,-0.0024391354857796386,0.033916008740647964,-0.009828460785536267,-0.02802677524073826,-0.009719307787281114,-0.01962939975243573,-0.014053658398615592,-0.00686244466452361,0.07903562889052192,0.05596601483200726,0.42857142857142855,0.4776844404722242,0.03274712453954751,0.059951550844935746,-0.5869115899326135,0.7619047619047619,0.7213684572812987,0.5002724588171654,1.4344129784180233e-17,0.894698609617224,4,0.75,0.3125,0.08503109793432374,0.29281515287100157,0.2246376811594203,0.41431893274942566,-0.3262116337415849,3.18619607575432e-17,0.5165088998387369,0.7305548948608468,0.8469104816147843
complex|Axin-Dvl-Gsk complex (mouse),complex,3,3,1.0,8.713091499999999,0.05091901087046713,0.243391280438769,0.13863837478583407,-0.07254302386021834,,,,-0.02306551323541613,0.09456547615797967,0.7823629416541595,0.3333333333333333,0.21700065309208738,-0.0015375550648872587,0.08908020953346116,0.5888689105030692,0.19047619047619047,0.2779746073434548,0.5051003690165078,3.417827429926516e-10,0.5685759671405531,3,0.6666666666666666,0.5,0.10133414972124649,0.20961671580457616,0.23357664233576642,0.5255396046972937,-0.19239087272839786,5.275702146678339e-10,0.539340101522843,0.4853961977059849,0.5108913502311797
complex|Axin-Dvl-Gsk-Frat1 complex (mouse),complex,4,4,1.0,8.8173835,0.0010954349810407364,0.15538424326620728,0.004367387357501418,0.11664535568030071,0.013956263716942871,0.02752833473464082,0.05899886137308439,0.031957071937021284,0.10277847005771172,-0.30027336404843596,0.6666666666666666,0.6180156756299828,0.01039798474238112,0.06611357179832575,-0.14070559959635945,0.6190476190476191,0.5559487393641748,0.735951882653184,2.6231500597476612e-20,1.0451088324277023,4,0.75,0.3125,0.11988978763172313,0.13730595970425008,0.21739130434782608,0.5555793512524573,-0.12174534813083976,6.756598638743976e-20,0.5165088998387369,0.7919296346012342,0.7630082267915208
complex|HSP90-FKBP38-CAM-Ca(2+) complex (human),complex,4,4,1.0,10.61107775,-0.004508916813686777,0.10587957421384815,-0.01828297651539046,0.10931109708173002,-0.007968129795228538,-0.01606426171284958,0.06203273248363862,0.029768276491577456,0.1334783130654255,-0.2567997191308747,0.5238095238095238,0.6013333065477194,0.025139398498410737,0.07075404623743305,-0.4190334954499296,0.7142857142857143,0.6624041735093007,-0.08015073750151534,0.10938574235344639,-0.13570497088279768,4,0.5,0.6875,0.25948567561470787,0.0011123430488066616,0.16911764705882354,0.673275857507348,0.5801457934214371,0.11899899445447454,0.6875,0.7835877367270235,0.8231630811153591
"complex|EIF3 core complex (EIF3A, EIF3B, EIF3G, EIF3I) (human)",complex,4,4,1.0,11.528023625,-0.028361122836639902,0.019584798549565186,-0.12399434816459494,0.11881319085116555,-0.06401150707622419,-0.13677840605982128,0.0528993171922217,0.03260909026131694,0.14310274848809626,-0.4260589942689224,0.5714285714285714,0.6649675705089562,0.03503706394562243,0.11186508868670911,-0.566737911948706,0.7142857142857143,0.7145538704323093,-1.0525312588032874,2.531669712982508e-27,-2.005995916499068,4,1.0,0.0625,0.021533305404273145,0.7902790489986141,0.24285714285714285,0.3657923496952344,-0.38743474977204734,2.3008656897971766e-26,0.2219707520891365,0.8186479890694743,0.8443523492133405
"complex|EIF3 complex (EIF3A, EIF3B, EIF3G, EIF3I, EIF3C) (human)",complex,5,5,1.0,10.693163039999998,-0.09045672738686665,0.011251000068221684,-0.7087162459539242,0.27858388577843063,-0.07419212690260542,-0.16027542875475298,0.10744711244541143,0.07169530176099403,0.10873500388937678,-1.4912587791216576,0.9523809523809523,0.9320532166066204,0.02688566121158989,0.07999467183650469,-1.466877554523683,1.0,0.9287953162911529,-1.0411600677246444,1.6605450340442345e-27,-2.360948904313961,5,1.0,0.03125,-0.008684863523573201,0.9145886946030045,0.2867647058823529,0.12107990811074576,-0.7567698108721668,2.1846601339144965e-26,0.15625,0.9522178294658983,0.9578061516851154
"complex|EIF3 complex (EIF3B, EIF3G, EIF3I) (human)",complex,3,3,1.0,11.860246166666665,0.5160310528081741,0.28139490652592314,0.7618335847835552,0.283197534549669,,,,0.11636955980560879,0.19024189554552404,2.1008069324400105,0.047619047619047616,0.017828958830710572,-0.0032845010156111894,0.16022252147834928,3.2412144624372288,0.047619047619047616,0.0005951080224640394,-1.101787236094199,1.4827512472268047e-23,-1.2613557891679243,3,1.0,0.125,0.04246398762527795,0.5998406160875269,0.2318840579710145,0.9018437946114296,0.8330539422228853,5.054833797364107e-23,0.30649038461538464,0.09020604170299992,0.003911148085781703
"complex|EIF3 complex (EIF3B, EIF3J, EIF3I) (human)",complex,3,3,1.0,10.8483645,0.16535791725745286,0.21170436432872944,0.3727871412555903,0.12279121627530432,,,,0.044579739007767724,0.1391125401430861,0.8682048226957619,0.23809523809523808,0.1926411072900585,0.05799063220443553,0.13708767633196692,0.7832015825625369,0.38095238095238093,0.21675437286162658,-1.440713138940507,2.300577280411703e-27,-2.0492047967591973,3,1.0,0.125,0.09015822886790628,0.26457250876316973,0.2198581560283688,0.7039079131619953,0.45396081584630216,2.2054406259585878e-26,0.30649038461538464,0.45233409170317607,0.4359019328053216
"complex|EIF3 complex (EIF3A, EIF3B, EIF3G, EIF3I, EIF3J) (human)",complex,5,5,1.0,11.0092369,-0.017416875020294143,0.02215096843815707,-0.09360564648560527,0.27757587720463395,-0.04983529735357957,-0.10489822914864584,0.11051474598869375,0.07136183448604302,0.09590951982743436,-0.9256506514272271,0.8571428571428571,0.8226862193075312,0.0243441731337468,0.07835845199272194,-0.5329488662935783,0.7142857142857143,0.7029655114420763,-1.1340951054719572,1.793079115307046e-27,-2.4158492215175316,5,1.0,0.03125,0.039618446070058974,0.6245264810312137,0.22857142857142856,0.3529242134978538,-0.2435264846232985,2.1846601339144965e-26,0.15625,0.9032216028651264,0.839343807015151
complex|CBF-DNA complex (human),complex,3,3,1.0,8.410001233333332,0.06905389413831793,-0.07920540315928533,0.1820229020035487,-0.060914981259593035,,,,-0.019512587806171607,0.08480094918877526,1.044404370372457,0.23809523809523808,0.14814917123688093,0.005914311639301095,0.07807038891774479,0.8087519913028858,0.2857142857142857,0.20932890799395876,0.1412982004993503,0.028537360684946292,0.17465342170174092,3,0.6666666666666666,0.5,0.0769649705133576,0.3411666401617837,0.2158273381294964,0.7715493218638697,0.6236681451058295,0.03200099812955719,0.539340101522843,0.3800203638933832,0.42431535404180826
complex|p32-CBF-DNA complex (human),complex,4,4,1.0,8.990529675,0.0032434616647363987,-0.12368388954698724,0.012848822667667143,0.0838369176491804,-0.0018106854425310754,-0.003627939943103505,0.057426008131856755,0.02236552171387545,0.06848953412888727,-0.27919681878919106,0.5714285714285714,0.6099531075751045,0.024004491328520474,0.07275346547243942,-0.28536138490404694,0.5714285714285714,0.6123163557528634,-0.3336815923022498,1.625227129924316e-09,-0.545046339506142,4,0.5,0.6875,0.022039251071509135,0.7854694093178297,0.25735294117647056,0.6776800752204349,0.44196945589938413,2.423584316553805e-09,0.6875,0.7895332103129524,0.796849995596829
complex|gp78-p97/VCP-DERL1 complex (human),complex,3,3,1.0,9.995589666666667,-0.07675080184577861,0.14500937531655902,-0.27200571972901577,-0.044357020068242665,,,,-0.014360999267605428,0.11643922253485173,-0.5358143177184056,0.7142857142857143,0.7039565570561095,-0.03595020077713198,0.14719113466986652,-0.2771946908362238,0.6190476190476191,0.6091846919662741,0.31083895902834724,2.418477740432379e-07,0.4467645492224606,3,0.6666666666666666,0.5,0.40068963294769744,2.3878142920843455e-07,0.11594202898550725,0.48117968079468215,0.05760030738924787,3.3263852416950197e-07,0.539340101522843,0.8396114221202429,0.7957017618077235
complex|p97/VCP-VIMP-DERL1 complex (human),complex,3,3,1.0,10.354910000000002,-0.12956483856652712,0.3168743294116188,-0.5246458168218286,-0.3365623827499601,,,,-0.09162835575615227,0.11007070337345981,-0.34465558634307836,0.6190476190476191,0.6348233442987529,0.026741669462754313,0.14165328535588803,-1.1034442839541547,0.8095238095238095,0.8650828627051854,0.758610323165334,7.997978607967132e-19,0.9547981032822557,3,1.0,0.125,0.389719957461893,5.377728616718346e-07,0.10948905109489052,0.3057356906561859,-0.5675918751071777,1.909629723812377e-18,0.30649038461538464,0.7962955776085571,0.9227943108922821
complex|p97/VCP-VIMP-DERL2 complex (human),complex,3,3,1.0,10.044763000000001,0.3232561432751388,0.5530940611969396,0.588983415275476,0.1901238619874203,,,,0.07257322141767056,0.18799763580543444,1.3334365657497367,0.14285714285714285,0.09119428973475063,0.06077267176095795,0.17769563065642868,1.477152086095397,0.14285714285714285,0.06981743706109653,0.9004639224619198,2.6631242263445118e-17,0.8638268662790187,3,1.0,0.125,0.46781927749669683,8.380995155291085e-10,0.12408759124087591,0.8656493175453507,0.7284480732179581,5.814183884570638e-17,0.30649038461538464,0.2791068098510624,0.20749937588088127
complex|p97/VCP-VIMP-DERL1-DERL2-HRD1-SEL1L complex (human),complex,6,6,1.0,9.563584883333334,0.007465644200553445,0.25190410922088746,0.04318195947664392,0.20482438579333256,0.08829003254789625,0.16225460108495585,0.11798599952976438,0.04116346559729846,0.07319484320253256,-0.46038518456145916,0.7619047619047619,0.6773801164993899,0.030494095745256588,0.04817360255171276,-0.47803050477661213,0.6666666666666666,0.6836857532368001,0.6357250440729455,2.538652278835156e-18,0.9341274856938323,6,1.0,0.015625,0.4798362927395186,2.6603347604644167e-10,0.1044776119402985,0.5384791450054603,0.2414821810056504,5.906535867727781e-18,0.10375976562500001,0.8245314577464989,0.8333645653699046
complex|CyclinD3-CDK4-CDK6 complex (human),complex,3,3,1.0,10.144328333333334,0.1302616055676419,-0.2531728262599826,0.3100179459218109,-0.06013939616104716,,,,-0.019273725254624365,0.17016505491838885,0.8787663888686394,0.23809523809523808,0.18976397693615887,0.02763055474378817,0.14008515085131493,0.7326333319424082,0.19047619047619047,0.2318910478771951,-0.5230282041883977,9.090110917649066e-26,-1.4860068303112088,3,0.6666666666666666,0.5,0.21967387451258416,0.0060251459616074785,0.16428571428571428,0.7167215106718959,0.4091800657146766,4.292552377778726e-25,0.539340101522843,0.44722563880518035,0.4569723122773165
complex|CyclinD3-CDK4-CDK6-p21 complex (human),complex,4,4,1.0,10.44349775,0.11377731597233498,-0.12318773166955062,0.33929652133917526,0.029783555509627708,0.2248780365840598,0.36718437243139695,0.019913599464751783,0.007616012833140331,0.0758078538088547,1.4003997977158738,0.19047619047619047,0.08069681528599465,-0.0016928844981293246,0.0810074130739879,1.4254275761775026,0.14285714285714285,0.07701682073235973,-0.16057654617748593,3.7415057767336745e-05,-0.35698091852916536,4,0.5,0.6875,0.2246914375946634,0.0049422328092130485,0.17266187050359713,0.7168729292073971,0.4565175038089354,4.770419865335435e-05,0.6875,0.2618026450118147,0.22266767898811485
complex|p34(SEI-1)-CDK4-CyclinD2 complex (human),complex,3,3,1.0,9.487492000000001,-0.08810472159986722,-0.1148109328388293,-0.3208511709896752,0.058887552469852625,,,,0.020431282989324374,0.184631981012572,-0.5878505121049487,0.7142857142857143,0.7216836820025896,0.007926885916016368,0.1360413845491633,-0.705899957091213,0.8095238095238095,0.7598748228716308,-0.7023178848646604,3.0311398220796876e-24,-1.3663641173373764,3,0.6666666666666666,0.5,0.2988140891366698,0.00015888650161808275,0.16296296296296298,0.4613431783839958,-0.002892601677386913,1.101055063575955e-23,0.539340101522843,0.8504128415464896,0.8673593546654693
"complex|pRb2/p130-multimolecular complex (DNMT1, E2F4, SuV39H1, HDAC1, RBL2) (human)",complex,5,5,1.0,10.544227000000001,0.1499437174616575,0.20989090728669865,0.4686400576977202,0.17847358510115885,0.28796505593495914,0.44716283971837983,0.062254859010864014,0.04164003393187649,0.09427164305986177,1.1488468856006784,0.23809523809523808,0.12530956118191516,0.04673852837397583,0.07525108631567563,1.3714777306302206,0.14285714285714285,0.08511304046951579,0.25519544032113956,5.2150041841761095e-05,0.34007642311109115,5,0.6,0.5,0.11875221552640908,0.14110231876336748,0.22627737226277372,0.49849040292213737,-0.1138246251188925,6.602909965069056e-05,0.539340101522843,0.34759752477906986,0.2390289132128472
"complex|pRb2/p130-multimolecular complex (RB2, E2F4, HDAC1, SUV39H1, P300) (human)",complex,5,5,1.0,10.173236,0.028727500514119386,0.15639578513883118,0.1288332711211257,-0.05512224211330616,0.07974982020277423,0.1477190710488795,-0.007500582310552279,-0.0105588274290786,0.06718185990649814,0.584775830825101,0.38095238095238093,0.2793492288509857,0.0031454835968871457,0.07065864879019111,0.36205075182223917,0.38095238095238093,0.35865705244639373,0.60434706454629,2.1466481954656358e-19,0.9658223580549394,5,0.8,0.1875,0.187025877348458,0.019795297578079008,0.23134328358208955,0.4515150865255566,-0.0417864871575618,5.283738318954992e-19,0.39254926108374383,0.5506303344741506,0.5993286263029516
complex|p19-Cdk4-cyclinD2 complex (mouse),complex,3,3,1.0,10.06237,-0.1112360330912463,-0.2547098820177914,-0.4291911386839804,-0.005692596656940849,,,,-0.001890358187846579,0.13759601818162154,-0.7946863313956336,0.8571428571428571,0.7866020073487179,-0.020860099107777468,0.15089187160994297,-0.5989450128704847,0.7142857142857143,0.7253952233609213,-0.4606182200331532,1.7386271445655406e-23,-1.261211259801071,3,0.6666666666666666,0.5,0.1253552898714189,0.12014509167801067,0.22962962962962963,0.5348462524580021,-0.015784816702925607,5.84894356021389e-23,0.539340101522843,0.8890474865974511,0.8485127612708026
complex|SMARCA2/BRM-BAF57-MECP2 complex (human),complex,3,3,1.0,9.091813499999999,-0.07469793233828688,0.07319362354434511,-0.26345251299495875,-0.09077581549909208,,,,-0.028531932222835548,0.1041913461860205,-0.44308862305155133,0.6666666666666666,0.671149183036431,-0.027674367633211006,0.08677402167481033,-0.5419083246054778,0.6666666666666666,0.7060591691325484,0.13342142277184357,0.021041424969797898,0.17130229455031526,3,0.6666666666666666,0.5,0.11621281943862588,0.149864498047447,0.2014388489208633,0.49133639527793393,0.18185175952594354,0.023699484837890743,0.539340101522843,0.822012688157012,0.839343807015151
complex|ELK1-SRF-ELK3 complex (human),complex,3,3,1.0,9.1713,0.059444823269221736,0.309540495785759,0.1593852176212252,0.07378175937709569,,,,0.025866223441677244,0.11085741912245052,0.30289898586268144,0.42857142857142855,0.3809834221184101,0.045470405667218675,0.11573547818405407,0.12074445814946695,0.42857142857142855,0.4519467220356318,1.11815160387416,3.897216482769465e-24,1.306102430376285,3,1.0,0.125,0.004907995230575875,0.951669970063171,0.2805755395683453,0.48463670697838585,-0.2508833934245651,1.391863029560523e-23,0.30649038461538464,0.6503166270487596,0.6835493126873435
complex|AP1G1-PACS1-FURIN complex (human),complex,3,3,1.0,8.481662333333334,0.1735946502725736,0.06483026232280446,0.3865707295975276,0.05551848166660004,,,,0.019217442716281903,0.1193622437771692,1.2933504152660702,0.19047619047619047,0.0979449456404935,0.0501283719914999,0.17717676890967432,0.6968536509660443,0.2857142857142857,0.2429471931623039,0.5190913461374353,1.1617735665469095e-16,0.8518715634220874,3,0.6666666666666666,0.5,0.05915374947633012,0.46469518392742737,0.24817518248175183,0.8585668399625943,0.8011337768994908,2.4203615969727284e-16,0.539340101522843,0.2945278436123331,0.46895990370997265
complex|Smarcb1/Ini1-Smarca2-Mecp2 complex (mouse),complex,3,3,1.0,9.081178833333333,-0.04243198291319864,-0.059852144952523924,-0.13910057519978247,0.0174198077726703,,,,0.005874828175904583,0.13102936381254612,-0.36867164491626586,0.5714285714285714,0.6438137568585127,0.0007645044791520103,0.09431006653739146,-0.4580262635614235,0.6666666666666666,0.6765332137033495,-0.16577127254774057,0.005170682316103316,-0.2337387442118739,3,0.6666666666666666,0.5,0.18698720634204505,0.019821224083607925,0.2,0.3608626308172848,-0.08508297981920489,0.006004207607497019,0.539340101522843,0.8016235742134802,0.8302019706176811
"complex|Polycystin-1 multiprotein complex (ACTN1, CDH1, SRC, JUP, VCL, CTNNB1, PXN, BCAR1, PKD1, PTK2, TLN1) (human)",complex,11,9,0.8181818181818182,9.564751722222221,0.009897548943559887,-0.041818615016631616,0.08254221554584033,0.09495274856532707,0.025637461263998032,0.049993223204625084,0.036101209272228985,0.011522863202765063,0.043614008174119735,-0.03726587688791296,0.42857142857142855,0.5148634935587266,-0.0031791253416939306,0.03519163775782884,0.3715847035946697,0.3333333333333333,0.3551010398331734,0.22009011861879993,3.871922015961532e-13,0.6717128347421835,9,0.5555555555555556,0.5,0.3155908607521511,6.334741832959189e-05,0.1925925925925926,0.5094204147273983,0.16276069677116983,6.83753541599855e-13,0.539340101522843,0.7493732354878727,0.5962936985747046
complex|NCOA6-DNA-PK-Ku-PARP1 complex (human),complex,5,4,0.8,10.44597075,-0.11060646238991538,0.0989219936450445,-0.662135118954815,0.2121630797991443,-0.23859875210007517,-0.6267359102921658,0.1222554034820669,0.06307786562904757,0.12357260790686016,-1.4055245006229315,1.0,0.9200673155022769,0.01346523651293598,0.07791093351293463,-1.5924812257865348,0.9047619047619048,0.9443616908829652,-0.15633864729294364,0.016001180805233557,-0.2503452380151371,4,0.5,0.6875,0.23817150591344138,0.0028425017823321356,0.19852941176470587,0.38408797590539456,-0.24861854720996507,0.018215629934529274,0.6875,0.9490985657487081,0.9647925928491832
complex|DNA-PK-Ku-eIF2-NF90-NF45 complex (human),complex,8,7,0.875,10.026638571428572,0.012810397941254836,0.1119457687626679,0.08327227937144271,-0.05550876158589441,0.09076209259372094,0.16641959453852662,0.006643005285368804,-0.0075696663919542755,0.04805933310387093,0.42406048975256383,0.3333333333333333,0.3357608495430617,0.018960463578445854,0.04550518730451056,-0.13515086963682077,0.5714285714285714,0.5537537045294365,-0.604757901769778,2.7104235914597492e-20,-1.003719084720021,7,0.7142857142857143,0.2265625,0.09502433050820147,0.2395427092985158,0.22302158273381295,0.30226780994344854,-0.28741611647965637,6.967318707885444e-20,0.43570324890595624,0.6124393178360568,0.7608146263739565
complex|SWI/SNF chromatin-remodeling complex (human),complex,5,5,1.0,9.6933039,-0.07191271335952631,-0.0233842308622604,-0.504757489403955,0.1432231224378584,-0.13667918451095787,-0.3166359065106839,0.07553060730445038,0.03235139921637388,0.08339227930790026,-1.2502849597255536,0.8571428571428571,0.8944022646971115,0.0046119075451072225,0.07537354708888473,-1.0152715887762505,0.8095238095238095,0.8450118081842535,0.5414367866198476,3.481661684287863e-21,1.0919513138287822,5,0.6,0.5,0.3579517256936612,4.811672910741345e-06,0.18796992481203006,0.43777368242880454,-0.02727203849949799,9.465071743000054e-21,0.539340101522843,0.9346178929507832,0.9201113765561433
"complex|SWI/SNF chromatin-remodeling complex (Mecp2, Smarc) (mouse)",complex,6,5,0.8333333333333334,9.402061300000002,0.015006737669253489,0.0402173171503172,0.07078469872708895,0.00013646349129821234,0.06946060744012517,0.12989839355820124,0.010341353955601987,2.729567815047268e-05,0.07242389941992182,0.2068300949145329,0.42857142857142855,0.4180712759815114,0.02141702790315074,0.07270913112165099,-0.08816348283920593,0.5238095238095238,0.5351266296328521,0.13282368354742358,0.01623315221488354,0.2032660729414206,5,0.6,0.5,0.35503528729335176,5.816899567525993e-06,0.17692307692307693,0.4572690282305203,-0.09163292172148572,0.018463219512913926,0.539340101522843,0.6781690545501616,0.7498255197206548
complex|YWHAQ-CALM1-CABIN1 complex (human),complex,3,3,1.0,10.737727333333332,0.08037218632406473,0.14320356737513862,0.20772580479723496,0.10407995526442887,,,,0.03728005613822413,0.16342513405689582,0.2636811677378722,0.38095238095238093,0.3960128040412467,0.007648923235668709,0.11535690042574788,0.6304197045863418,0.23809523809523808,0.26421001105921954,0.2727326031972927,0.0002698055426331709,0.31285340307050746,3,0.6666666666666666,0.5,0.06991073442686346,0.38737122649748207,0.27611940298507465,0.6918153349131618,0.37931321412312463,0.0003323691467220221,0.539340101522843,0.6621698719959924,0.49539377073603663
"complex|TNF-alpha/NF-kappa B signaling complex (CHUK, KPNA3, NFKB2, NFKBIB, REL, IKBKG,  NFKB1, NFKBIE, RELB,  NFKBIA, RELA, TNIP2) (human)",complex,12,12,1.0,9.365314674999999,0.007759450694233292,0.07737671369454001,0.08579082213286522,0.11102172183672672,0.09635281816801938,0.1757697277214515,0.033213951144705135,0.010300044802999637,0.03046543820559301,-0.08339266586685529,0.47619047619047616,0.5332303400046527,0.003985206933444592,0.015319147025907512,0.24637427621823557,0.38095238095238093,0.40269625860835206,1.2530924043238145,1.628958993624077e-27,4.119958860389223,12,0.9166666666666666,0.003173828125,0.1528439302632851,0.057609225445965744,0.21323529411764705,0.4781860059945892,0.07945384235262633,2.1846601339144965e-26,0.03385902695044032,0.7613311125486363,0.6440894950413125
"complex|TNF-alpha/NF-kappa B signaling complex (SEC16A, CHUK, IKBKB, NFKB2, REL, IKBKG, MAP3K14, RELA, FBXW7, USP2) (human)",complex,10,9,0.9,9.005004277777779,0.04002802401388303,0.03348867554100159,0.2728720002842071,0.16847825308955158,0.15245973200023372,0.2645814474326515,0.06755133869369834,0.02201704425876018,0.05309291857493,0.33923506634324435,0.3333333333333333,0.3672163273417568,0.029072642582430475,0.04036860268710517,0.2713837166068669,0.2857142857142857,0.3930479622747663,0.7602666031803614,2.483680046871185e-27,1.8465348123976915,9,0.7777777777777778,0.08984375,0.25540588443814255,0.0013393802167395794,0.1702127659574468,0.46818958033670627,0.016085955923807058,2.294704391130986e-26,0.2922213807397959,0.6364096034800133,0.6343495593675026
complex|PTIP-HMT complex (human),complex,10,9,0.9,9.147489111111112,0.06097301294378123,0.06621459448396479,0.36884190063904454,0.07492701012401018,0.21350751343918212,0.35188494685802796,0.04296629606039594,0.008919262142536733,0.04183872818498851,1.244152321530679,0.14285714285714285,0.10672175379156984,0.04984612686240484,0.04536613369746573,0.24526855551717347,0.38095238095238093,0.4031242486611509,0.12235212997145203,0.00024352338476461602,0.2615743022630254,9,0.6666666666666666,0.25390625,0.2843511327382295,0.0003360492297341977,0.15827338129496402,0.13701454579522057,-0.8026203992952297,0.0003002827036507596,0.47122338973799127,0.31066263946176154,0.6440894950413125
"complex|TNF-alpha/NF-kappa B signaling complex (CHUK, BTRC, NFKB2, PPP6C, REL, CUL1, IKBKE, SAPS2, SAPS1, ANKRD28, RELA, SKP1) (human)",complex,12,10,0.8333333333333334,9.148816149999998,0.006282959258898479,0.02054589770464962,0.05946693748003779,0.09968681887914788,0.041180066579560706,0.07910267954868491,0.041620928442482316,0.0109512034601735,0.034525555058942344,-0.13521127157276258,0.5714285714285714,0.5537775822459883,0.007136595796367861,0.04233774144987293,-0.020162543117234328,0.38095238095238093,0.5080431459653215,1.204535717783163,1.628958993624077e-27,3.9636605911055813,10,1.0,0.0009765625,0.3785472591924205,1.1935648834864822e-06,0.15555555555555556,0.5295535637766776,0.3662856870359575,2.1846601339144965e-26,0.01338835685483871,0.7722028608451215,0.7298813914515675
complex|PTIP-DNA damage response complex (human),complex,6,6,1.0,8.061274233333334,0.08641083366705994,0.13880223353737825,0.3620428706304124,0.06478986976099363,0.2124962028237945,0.3505102982242913,0.03606366072294225,0.011414603875557875,0.04671040741450297,1.6055571754276055,0.19047619047619047,0.05418562059364418,0.019396631345766007,0.045588155538412875,1.469991525865251,0.14285714285714285,0.07078202454973428,0.12839946920339093,0.010909386196762811,0.19461257681766347,6,0.6666666666666666,0.34375,0.15823209049015502,0.04924851089193697,0.17985611510791366,0.7534166432909455,0.5399237678952655,0.012497275292787586,0.537117464201791,0.195532411377041,0.20890528078914633
"complex|CBP-RARA-RXRA-DNA complex, ligand stimulated (human)",complex,3,3,1.0,11.524022333333335,0.1356855646112717,0.11616503037933334,0.32017141531500287,0.08152418183728001,,,,0.02873654270076812,0.1502550824757509,0.7117830568411135,0.19047619047619047,0.23829956307209016,0.03123604211088382,0.1489929019873444,0.7010369024778101,0.23809523809523808,0.24163999287918847,0.6040293025546104,2.4297155163545262e-15,0.7947770140972304,3,0.6666666666666666,0.5,0.24023718217266604,0.0026043988768910216,0.16546762589928057,0.6520060497771686,0.36338754287670827,4.7008911735235525e-15,0.539340101522843,0.5140334853698397,0.46895990370997265
complex|Kinase maturation complex 1 (human),complex,16,16,1.0,10.4120210625,-0.014903124582841768,0.022414578152101343,-0.30710159277653587,0.2673562262676899,-0.11067390860140403,-0.2488938751979109,0.13129696082697795,0.022298906053259165,0.04065552227342951,-0.9150547958995078,0.9047619047619048,0.8199185678258939,0.030678165126112572,0.03879937072314863,-1.174794561339611,0.9523809523809523,0.879961541729619,-0.06497284813109418,0.04196757202172881,-0.18218258014216862,16,0.5625,0.4018096923828125,0.17630434082046986,0.02820502099230525,0.2222222222222222,0.07089952567125891,-0.6208307585037135,0.04665096279660351,0.539340101522843,0.9032216028651264,0.9307832803643126
complex|Ubiquilin-proteasome complex (human),complex,6,6,1.0,10.853520833333334,0.2970041273861451,0.22981061240353345,0.717106625930426,0.1088096699038085,0.5574831543582502,0.715876961876942,0.050856743673552515,0.01994329804851123,0.06788591069594205,4.081271452313233,0.047619047619047616,2.2395003482329074e-05,0.02381362903313094,0.05873627142864027,4.651137903517048,0.047619047619047616,1.6505424122237239e-06,0.3774746991822866,3.956109246058538e-10,0.5438187701592168,6,0.6666666666666666,0.34375,0.14553188746737133,0.07078987899438287,0.2116788321167883,0.8071823120989584,0.5917708267812083,6.091834889764052e-10,0.537117464201791,0.00029436731381411924,1.8299491961610852e-05
complex|RAF1-PPP2-PIN1 complex (human),complex,5,5,1.0,10.2171935,0.07106644586593935,0.04300882540824484,0.2766812243267436,0.1881342249093568,0.1271354656716314,0.22559039182725849,0.09197801982330592,0.044293315907393584,0.08186772813241684,0.32702910620948966,0.42857142857142855,0.37182293547127365,-0.00046776065850571605,0.06334621805945924,1.1292577318080816,0.14285714285714285,0.12939456301259672,0.47691551862276527,3.127029955026387e-14,0.7257285714296785,5,0.6,0.5,0.05895072669266217,0.46623185005746215,0.2318840579710145,0.6811935127225291,0.4462351589187352,5.76150750384197e-14,0.539340101522843,0.640419412215851,0.3136465168081004
complex|Pex26-Pex6-Pex1 complex (human),complex,3,3,1.0,7.6954956333333335,-0.04176768660728136,-0.00940012445293433,-0.1367243821088362,-0.07376485112008942,,,,-0.02343579190613803,0.08188004143577159,-0.22388721817542379,0.5238095238095238,0.5885774691440278,-0.006709821122548,0.0748110188849059,-0.46861900836651676,0.5714285714285714,0.6803290060539586,0.05085099898337419,0.24632740976217538,0.07742975905247206,3,0.6666666666666666,0.5,0.33486835744900256,2.0538736482360624e-05,0.10869565217391304,0.38222275960839985,-0.44486596460394584,0.263700627579155,0.539340101522843,0.7785928533605644,0.8332456553402592
complex|CHUK-IQGAP2-AKAP8L-RELA-TNIP2 complex (human),complex,5,5,1.0,8.809147620000001,0.13187296381682198,0.14920025552130686,0.431665031018271,0.09770743405120252,0.25934509195573896,0.41187295462116896,0.045201113843863924,0.02119848659501466,0.09266782991695413,1.1943138985880013,0.14285714285714285,0.11617760145013739,0.006761183448604305,0.08468695277643809,1.4773442220609305,0.09523809523809523,0.06979169480907474,0.6397134465167572,1.969781518046657e-22,1.1185308297562133,5,0.8,0.1875,-0.07517965905062679,0.35251639841287524,0.26618705035971224,0.7556063123997641,0.5755887028628504,5.965490345628237e-22,0.39254926108374383,0.32990298852767297,0.20749937588088127
complex|p14-Mp1-MEK1 complex (human),complex,3,3,1.0,10.447089933333332,0.12821955962521603,-0.11044784450412119,0.3061498746593694,0.1264389024580814,,,,0.04602594769331792,0.09512839979131978,0.8640281147607202,0.2857142857142857,0.19378622310164134,0.04968111071424707,0.07921274374099536,0.9914875460919372,0.2857142857142857,0.16072378529074843,-0.21973492365887556,1.083544117928756e-05,-0.371814600760038,3,0.6666666666666666,0.5,-0.047246302085011765,0.5593706720785582,0.2647058823529412,0.6323369096095611,0.3239588495245722,1.411152962573201e-05,0.539340101522843,0.45418646039447186,0.35576879556545876
complex|p14-Mp1-ERK2 complex (human),complex,3,3,1.0,10.194702266666667,0.12738028235073404,-0.014405117041575988,0.30455280298287074,0.07917391658719737,,,,0.027861930996164862,0.15624910190458682,0.6369211095711759,0.3333333333333333,0.26208811591470815,0.04656642692470048,0.1111239363249022,0.7272407556707804,0.2857142857142857,0.23353924180624314,-0.2048481402727281,2.710762221259251e-05,-0.34560731722120186,3,0.6666666666666666,0.5,0.23665366891173342,0.0030298149089639016,0.18518518518518517,0.5996286526229654,0.3238294606565182,3.480585933641032e-05,0.539340101522843,0.5355165829988027,0.4595100822576544
complex|REL-MAP3K8-RELA-TNIP2-PAPOLA complex (human),complex,5,5,1.0,8.88417252,-0.02706378326893306,-0.04558357469346745,-0.15174622401965293,0.08677742866509976,0.046283471140398165,0.08847214434144014,0.03161751640699506,0.01865022025954909,0.06228437656107207,-0.7339561869686201,0.7619047619047619,0.7685122794302103,-0.00023964726001452497,0.05368573577053076,-0.49965108280480847,0.7619047619047619,0.6913396089141534,1.037558329081124,2.4365926371307377e-27,1.9939352674407216,5,1.0,0.03125,0.07448680351906158,0.35698408238201756,0.24812030075187969,0.5380567865502871,0.2329190613804375,2.2676318338260514e-26,0.15625,0.8764339501552041,0.8347140164446454
complex|RPA complex (human),complex,3,3,1.0,10.344020666666667,0.04338986842152733,-0.01924679099556152,0.11977551738561781,0.0024049224456186478,,,,0.0008029281351358206,0.16816433465969796,0.25324597140393434,0.3333333333333333,0.40003907198997724,0.04385435720651002,0.13410479654575047,-0.003463625440304266,0.47619047619047616,0.5013817838688028,0.24794841174229393,2.9698418643923e-07,0.4468603049903764,3,0.6666666666666666,0.5,0.4818858560794045,2.1776831517121478e-10,0.10218978102189781,0.8139783440860158,0.6158165738592892,4.0628201471032e-07,0.539340101522843,0.6641273656083607,0.7249837259515838
complex|CHUK-NFKB2-REL-IKBKG-SPAG9-NFKB1-NFKBIE-COPB2-TNIP1-NFKBIA-RELA-TNIP2 complex (human),complex,12,12,1.0,9.712470008333334,0.007394749849372065,0.12505795556267213,0.08206189883770267,0.14461877625046113,0.06267421516565093,0.11795565239320537,0.07702219067947504,0.013893370008819576,0.0354764295915211,-0.18318134700343935,0.47619047619047616,0.5726721351692551,0.006079551399306575,0.03438910086350445,0.038244630334643294,0.38095238095238093,0.48474631852244976,1.2969910858593798,1.628958993624077e-27,3.901846137948255,12,1.0,0.000244140625,0.2697334923141375,0.0006885317536279216,0.21212121212121213,0.2867059402588958,-0.386325330975579,2.1846601339144965e-26,0.003940244264240506,0.7734713690050851,0.7128622331212496
complex|53BP1-containing complex (human),complex,5,5,1.0,10.0532298,0.014553094998430627,0.11274412518063248,0.06876263816965059,0.2008763590682466,0.0526446076521311,0.10002351652102631,0.06324677845182392,0.047867656211102824,0.1131006450868364,-0.2945567745178991,0.5238095238095238,0.6158337566502353,0.013583175038694256,0.07622894080758845,0.01272377589745833,0.42857142857142855,0.49492408478895716,0.18777812900517546,0.00010105442995448136,0.31859474317019043,5,0.6,0.5,0.25621153040507877,0.0012914457506080531,0.17985611510791366,0.15597422905414046,-0.537977021309714,0.0001268153525511454,0.539340101522843,0.7919296346012342,0.7236562019563306
"complex|TNF-alpha/Nf-kappa B signaling complex (RPL6, RPL30, RPS13, CHUK, DDX3X, NFKB2, NFKBIB, REL, IKBKG, NFKB1, MAP3K8, RELB, GLG1, NFKBIA, RELA, TNIP2,  GTF2I) (human)",complex,17,15,0.8823529411764706,9.899971766666669,0.016308445318576167,0.08240352461105505,0.19915578301756112,0.25291779406485243,0.14004240699170492,0.24567929426632965,0.1305621476084266,0.02207125088456874,0.03738168979718633,-0.15416118418558838,0.5238095238095238,0.5612586766009873,0.011446168741441009,0.03600300539434347,0.13505196368687272,0.2857142857142857,0.44628539477463214,1.035887318045848,1.628958993624077e-27,3.352100337162571,15,0.8666666666666667,0.003692626953125,0.053266088749959715,0.5103730056765498,0.2127659574468085,0.3871073245725607,-0.02525489633711441,2.1846601339144965e-26,0.03796854326801915,0.7734713690050851,0.6786798393931802
complex|TNF-alpha/NF-kappa B signaling complex 5 (human),complex,25,21,0.84,9.328597385714286,0.02632073908456349,0.04603640735624932,0.362113579746261,0.2137063950024721,0.2310493052053462,0.3753697016494491,0.09536737242953115,0.012776995646349812,0.019136449060150103,0.7077459039366546,0.2857142857142857,0.23955153273052204,0.021024175656668274,0.025665698361360737,0.2063673995276552,0.23809523809523808,0.4182519670669577,-0.06872797666006052,0.0017320970779300083,-0.25652520477344387,21,0.5238095238095238,0.5,-0.03389513712094357,0.6754386447491978,0.23404255319148937,0.37769204409412055,0.13728131118439835,0.002037291304760849,0.539340101522843,0.5140334853698397,0.6543205619759155
complex|IKBKB-CDC37-KIAA1967-HSP90AB1-HSP90AA1 complex (human),complex,5,5,1.0,10.874664200000002,0.019002933186132907,0.07559709499562758,0.08830263001716063,0.15287221833202666,0.0063422746497070045,0.01260460741732162,0.04667829882678195,0.03483464298470631,0.09158093326316002,-0.17287124333053694,0.5714285714285714,0.5686236820967709,0.06427109377536774,0.1097540421809785,-0.4124509648090234,0.6190476190476191,0.6599955427418369,-0.30848568274453814,3.1657508354125847e-09,-0.5590255385906052,5,0.6,0.5,0.0877831845573781,0.2774154794056993,0.2302158273381295,0.6045313264020159,0.3021554944772486,4.67168092031371e-09,0.539340101522843,0.7734713690050851,0.8228741600755357
complex|XRCC1-LIG3-PNK-TDP1 complex (human),complex,4,4,1.0,8.695028875,0.025963252192673963,0.03685471050221515,0.09634845134849208,-0.165566318327908,0.060873094955683806,0.11476037095318489,-0.08226003146548744,-0.03681952471921867,0.05869135141109687,1.06971087566442,0.09523809523809523,0.14237473472549905,-0.0036331663798421987,0.08399192706303073,0.352372181558662,0.38095238095238093,0.3622795808500914,-0.014638557396487648,0.42572007694334857,-0.02477735378059311,4,0.5,0.6875,0.2552995391705069,0.0013458275648325422,0.16541353383458646,0.32874055650697936,-0.37523972521664184,0.44454799189416006,0.6875,0.3727469954312347,0.603011051676066
complex|Dolichol-phosphate mannose (DPM) synthase (human),complex,3,3,1.0,9.473020666666669,-0.0717322755102409,-0.06003406950758398,-0.2512410044290745,-0.22314134233477106,,,,-0.06474841524968161,0.10047944974302576,-0.06950535933885364,0.6190476190476191,0.5277063165814854,-0.02406520476381175,0.10736978730032977,-0.4439523626241062,0.6190476190476191,0.6714614871795758,-0.821777416718832,1.8701679481501907e-25,-1.4989187872088654,3,0.6666666666666666,0.5,0.28275595372369566,0.00036411035332593964,0.16666666666666666,0.7305205069700805,0.5643433884252795,8.055622073957748e-25,0.539340101522843,0.7589672205281289,0.8284959595906594
complex|Ku-ORC complex (human),complex,6,6,1.0,9.85142125,-0.06789883935303943,-0.06727280620693511,-0.6167894878789016,0.04724649490015277,-0.24295068993820926,-0.6418358400415939,0.03785892425888238,0.008197154845529697,0.04086344843112319,-1.8622019707130608,1.0,0.9687126866160446,-0.002677745487475328,0.05448404575672558,-1.1970677463413797,0.9523809523809523,0.884359924870197,0.056697985785628,0.21370622299537545,0.11688161910755665,6,0.5,0.65625,0.04811317714543521,0.5521777593783259,0.26666666666666666,0.6926860500300527,0.6062512282239018,0.2295496498054791,0.6847125613747954,0.9748292623799975,0.9322086627346773
complex|MNK1-eIF4F complex (human),complex,5,4,0.8,10.285220875,0.008292203786082974,0.12059323943545497,0.03236371556998874,0.012411122937483133,0.02257473218178073,0.04415272834605437,-0.0047428303842891,0.003131933846370308,0.10324541890774576,0.04998061893984459,0.38095238095238093,0.4800689164308363,0.009486944976603054,0.1418132538171575,-0.00842474986195918,0.38095238095238093,0.5033609491636768,-0.07897220467710622,0.12027003902338743,-0.12818636159829364,4,0.5,0.6875,0.3300795978215333,2.7363945807423414e-05,0.16296296296296298,0.7792408679301482,0.6347479732874415,0.1306169503874097,0.6875,0.7305548948608468,0.7257472495672408
complex|TCF4-CTNNB1-SUMO1-EP300-HADAC6 complex (human),complex,5,5,1.0,8.467192120000002,0.09667473022264073,-0.04101334044492959,0.34857865960029183,0.028589410438536002,0.14519077322332746,0.25356608980469547,0.014257813360239175,0.005851719864488967,0.051493443770263256,1.7637781377248025,0.09523809523809523,0.0388846698306708,0.0066059667608316846,0.06369840920673225,1.4139876424463316,0.09523809523809523,0.07868276543229275,0.4810089914456068,9.388905981577103e-16,0.8180665439829169,5,0.6,0.5,0.3316038799909768,2.4988545320614364e-05,0.12142857142857143,0.6244783187605151,0.24236038719053205,1.8588284357936033e-15,0.539340101522843,0.1563973313378715,0.22485582346385602
complex|TCF4-CTNNB1-EP300 complex (human),complex,3,3,1.0,8.802218333333334,0.4500167765258521,0.061299272095047375,0.7105402572545088,0.13170031910356123,,,,0.04812553892334391,0.12850048392509106,3.127546491083951,0.047619047619047616,0.0008813596953344295,-0.03074469735508148,0.11939512618059447,4.0266423702567575,0.047619047619047616,2.8289493516027953e-05,0.7749674782408903,7.431132218976146e-20,0.9764049668788297,3,0.6666666666666666,0.5,0.29073507138023263,0.00024262484479531794,0.15827338129496402,0.872507729541146,0.7523041595488401,1.865097161258777e-19,0.539340101522843,0.007592794672644579,0.00024875244298576307
complex|TCF4-CTNNB1-CREBBP complex (human),complex,3,3,1.0,9.083223,0.08231997705404208,0.0771463479679233,0.21204830754003745,0.06790506607292204,,,,0.023708297705764998,0.17060556747266833,0.34355080092955875,0.3333333333333333,0.365592065008707,-0.00017204958635942262,0.12608755474617106,0.6542440037517387,0.42857142857142855,0.25647730787120104,0.7738431958511867,2.6182873668735702e-21,1.0577065120381142,3,0.6666666666666666,0.5,0.4008829879797622,2.3532654937917129e-07,0.11764705882352941,0.8321859529423343,0.7060435927207488,7.179175038201725e-21,0.539340101522843,0.6364096034800133,0.4866198921663412
complex|VHL-VDU1-TCEB1-TCEB2 complex (human),complex,4,4,1.0,10.525753,-0.09746575243620414,0.010865857515861554,-0.5509631128081285,0.08869520913619199,-0.22260706796937899,-0.5727015484638099,0.04870106919510872,0.02375394834633967,0.11574162094642156,-1.047330249838631,0.9523809523809523,0.8525263554555984,0.033550808069328544,0.07395127495196667,-1.7716606047783683,1.0,0.9617745435598541,-0.36409799689843647,2.1993606017132e-11,-0.6358725217149251,4,0.75,0.3125,0.10271341561664143,0.20344877555498495,0.2391304347826087,0.552692011580837,0.1996487753136128,3.5540998316658176e-11,0.5165088998387369,0.9212050953924852,0.9732242405069952
complex|TNF-alpha/NF-kappa B signaling complex 8 (human),complex,6,6,1.0,10.995417500000002,-0.01135996291125035,-0.01253026046221238,-0.07226438090174393,0.09060797363136146,0.04737870360119833,0.09047100812398859,0.027737825697078243,0.01633470792609671,0.07404198461759863,-0.3740400933386714,0.5238095238095238,0.6458127562941253,-0.008195783860621319,0.047009998116520645,-0.0673086402340665,0.5714285714285714,0.5268320007111388,0.29172531306736665,7.797028057399376e-17,0.824505875747462,6,0.6666666666666666,0.34375,0.11314814218040024,0.1609791130936457,0.2518518518518518,0.42343983484258696,0.1369418209504457,1.6513639158113296e-16,0.537117464201791,0.8017636458373999,0.7460972072817016
complex|VHL-TCEB1-TCEB2 complex (human),complex,3,3,1.0,11.287692666666667,0.014108968045227913,0.0614047056440025,0.0411653042122781,0.027056286066589764,,,,0.009184426333012256,0.14573145132902132,0.033791893701088614,0.47619047619047616,0.48652155007247944,-0.041535678980275874,0.11311563396730943,0.4919271109914405,0.38095238095238093,0.3113854359531275,-0.6580324557692602,4.1126641285713616e-17,-0.8787280440750052,3,1.0,0.125,0.21575521252940605,0.0070131482824179,0.17391304347826086,0.6475658256046088,0.4695533114697319,8.872498754532126e-17,0.30649038461538464,0.7375921240694545,0.5505752332038649
complex|Kif3-cadherin-catenin complex (mouse),complex,5,4,0.8,8.039145975,0.027805738654197887,-0.0025712348335906743,0.10265939379408198,-0.033756745746021555,0.06064696640416149,0.11435844032019199,-0.005595779814284096,-0.008230802603428176,0.051300525695884405,0.7024594927399955,0.38095238095238093,0.2411963274348043,0.003895976069097655,0.08862300309208793,0.26979183452241695,0.47619047619047616,0.3936602025382742,0.48378626056842594,2.362426977578996e-19,0.9499911330796432,4,0.75,0.3125,0.03653443330862685,0.6517597074119725,0.24647887323943662,0.594498494885713,0.16637138568330756,5.803650089428169e-19,0.5165088998387369,0.5140334853698397,0.6345344604757265
complex|VHL-TBP1-HIF1A complex (human),complex,3,3,1.0,9.712840666666665,-0.26245386455390673,-0.08914716662842122,-1.6572814206872197,-0.15463691200666854,,,,-0.04672835196790452,0.1280878229197826,-1.684200009559881,0.9523809523809523,0.9539284892906903,0.0015633737773881322,0.10444818567105163,-2.527734078242286,1.0,0.994259936610768,0.5650054564760454,6.596697749783689e-18,0.8907663824255195,3,0.6666666666666666,0.5,0.1510811768876285,0.06058582685644408,0.21052631578947367,0.20059161945249296,-0.6737193515328734,1.4807728223546134e-17,0.539340101522843,0.9651808563839638,0.994259936610768
complex|HIF1A-OS9-EGLN1 complex (human),complex,3,3,1.0,8.719328333333333,-0.13419552048720465,-0.11481506748780797,-0.5502756035106623,0.007790447959506154,,,,0.0026103733047591242,0.15269412665866403,-0.8959473215219524,0.8571428571428571,0.8148595506472478,0.010681438127090293,0.15764124436393306,-0.9190295293522913,0.7619047619047619,0.8209599365076123,1.198119660107575,2.950194147509096e-27,2.183198094650324,3,1.0,0.125,0.26077470916180595,0.0010482991588541954,0.16666666666666666,0.22204202920239635,-0.5774431034482986,2.4112163705603187e-26,0.30649038461538464,0.9005802962105256,0.9039832498433483
complex|tRNA splicing endonuclease (human),complex,5,5,1.0,8.654312520000001,-0.06273351841629596,-0.047166938519837,-0.418744974312551,0.08002941471002954,-0.13781759434876314,-0.31969475007939796,0.03198931273514633,0.01710073221417672,0.07102453143437529,-1.1240376954015856,0.9047619047619048,0.8695014826194807,0.022283400168847632,0.055145011580238955,-1.541697356640127,0.9523809523809523,0.9384264226999298,-0.5622876879438649,6.160233019343328e-25,-1.3354700728371305,5,0.8,0.1875,0.08193097225355289,0.31083063077733664,0.2112676056338028,0.1676848817524869,-0.6569145751812774,2.4699047483216173e-24,0.39254926108374383,0.9300456294797297,0.9625854295594615
"complex|RNA endonuclease (SEN2deltaEx8, SEN54, CLP1) (human)",complex,3,3,1.0,7.9598042,-0.05972307908778992,0.06111321289100857,-0.2034733468337938,-0.012186989333142165,,,,-0.004029590724926318,0.09674108185335842,-0.5756963566655645,0.6666666666666666,0.7175897808060139,0.019976016783741567,0.07993502716292118,-0.9970484617349434,0.8095238095238095,0.8406295062441964,-1.1220595838299743,4.404149498404914e-27,-1.709900637187987,3,1.0,0.125,0.07095807418388064,0.3802821352265799,0.20567375886524822,0.24937214191615453,-0.7431822186960715,3.1724805708848955e-26,0.30649038461538464,0.848726317743662,0.9192132250954977
complex|TNF-alpha/NF-kappa B signaling complex 9 (human),complex,5,5,1.0,10.3687643,0.0075452425019753465,-0.018427303567995334,0.036620956519500536,0.11224324830753286,0.03670827735671475,0.07081698517988011,0.05071431769014304,0.024663278890801065,0.09731067920354607,-0.17591117983073254,0.5714285714285714,0.5698181389587074,0.007501941476983695,0.08223209487819375,0.0005265708608760444,0.42857142857142855,0.49978992862967714,0.4885093863615776,3.8532844001704436e-18,0.921788029437453,5,0.8,0.1875,0.0832876800618736,0.3028592785718208,0.20863309352517986,0.17928330556658964,-0.5483586629143915,8.804547688561498e-18,0.39254926108374383,0.7734713690050851,0.7249837259515838
complex|TNF-alpha/NF-kappa B signaling complex 10 (human),complex,10,9,0.9,10.198280500000001,0.005188020357923293,0.06512864615742954,0.044831489768547575,0.11554420449376501,0.09313940273702352,0.17040718229316276,0.06178546893408069,0.014307734549661532,0.044224697866737446,-0.20621314857183942,0.6190476190476191,0.5816877912521377,0.024581473784724105,0.04795032837799087,-0.40444881365405577,0.5714285714285714,0.6570586445497058,0.4461959014030032,1.5437280051275923e-18,0.9296048138105939,9,0.7777777777777778,0.08984375,0.2513228706777094,0.0016082566528985043,0.1897810218978102,0.4324971361591588,0.11405613850665552,3.631463480696827e-18,0.2922213807397959,0.7765021505320847,0.8213233056871322
complex|P53-BARD1-Ku70 complex (human),complex,3,3,1.0,8.931322466666666,-0.04073448712536935,-0.0731915562198558,-0.1330422794117646,-0.06836202287294822,,,,-0.02179408257658575,0.0912407066904266,-0.20758721886106252,0.5238095238095238,0.5822243575754298,0.04384303756137865,0.1500431182409518,-0.5636881296410166,0.7619047619047619,0.7135168013576024,-0.39060959896789765,2.8206897799444957e-10,-0.5654164723947027,3,1.0,0.125,0.3087912087912088,9.257358966468113e-05,0.18382352941176472,0.607500485852778,0.2979159225465684,4.3645381910548935e-10,0.30649038461538464,0.7765021505320847,0.8443523492133405
complex|ETS2-SMARCA4-INI1 complex (human),complex,3,3,1.0,9.938544666666667,-0.007675711559206692,-0.057443711922467035,-0.02338614528906091,0.054568465324450977,,,,0.018876184729392863,0.15878982320137308,-0.16721409315335745,0.5238095238095238,0.5663992020965941,0.02590372258481167,0.08798602069041798,-0.3816451054442935,0.6190476190476191,0.6486376886049643,0.10146279658642948,0.06234366987969654,0.15147736937467268,3,0.6666666666666666,0.5,0.21014791659952947,0.008677203314629638,0.20149253731343283,0.6797655794977876,0.4574214479765345,0.06888057114091255,0.539340101522843,0.7734713690050851,0.8183589932867793
complex|DDEF1-CTTN-PXN complex (human),complex,3,3,1.0,9.1482105,0.028453799612516335,0.23984478527734185,0.08076524277064495,0.01932477410424987,,,,0.006525662672771183,0.11928803342738636,0.18382511899731638,0.42857142857142855,0.4270753249073966,0.05736602230375974,0.16280186450699163,-0.17759147156451488,0.47619047619047616,0.5704780886096397,1.4032670065943944,1.7255506096368993e-27,2.2069374139767914,3,1.0,0.125,0.17537301408269151,0.029061792891922553,0.18115942028985507,0.4945319384513574,-0.22614172163216884,2.1846601339144965e-26,0.30649038461538464,0.685794759769434,0.7742318259182823
complex|YY1-MDM2-p53 complex (human),complex,3,3,1.0,9.145732533333332,0.08704446320529054,0.08845254560000997,0.22241363813404474,0.05760170117581403,,,,0.019967335382595004,0.07392753094811552,0.9073362381028551,0.19047619047619047,0.18211450822683733,-0.014219052721585431,0.10521100514381643,0.9624802632429516,0.14285714285714285,0.1679042063668259,-0.29650862117995674,2.9283171671037412e-05,-0.3439121791059252,3,1.0,0.125,0.055692694402371824,0.49126993911830513,0.26277372262773724,0.69020108327719,0.36517141436494654,3.7561412354700903e-05,0.30649038461538464,0.4348239662719431,0.36732682436571673
"complex|Actin-ribonucleoprotein complex (POLR2A, GTF2F1, HNRNPU) (human)",complex,3,3,1.0,9.688623333333332,0.13287143769414764,-0.1035181728159232,0.31492518807199227,0.07096971109328375,,,,0.024831422974099213,0.12718760867498904,0.8494539353761282,0.23809523809523808,0.19781437606171237,-0.007970811550908608,0.10381905023286288,1.356612769324623,0.19047619047619047,0.08745214112851585,0.8741289044124108,7.080508383668966e-23,1.1864542028507725,3,1.0,0.125,0.16925332731784343,0.03526136960098311,0.21014492753623187,0.6578201361502788,0.2576595688557168,2.256912047294483e-22,0.30649038461538464,0.46024330196840013,0.24292261424587736
"complex|TRBP containing complex (DICER, TRBP, AGO2, RPL7A, EIF6, MOV10) (human)",complex,6,5,0.8333333333333334,9.26972772,0.13457087270405127,-0.036048660683829635,0.43740595770370233,0.055668292003664105,0.2551029672010268,0.4065052411913669,0.023390752063350968,0.01165260279680921,0.06438971578747131,1.908973636612308,0.09523809523809523,0.028132746333227304,0.01705141734584538,0.055235286490753724,2.127615566507081,0.09523809523809523,0.016684485259536995,0.23440541313610916,1.8300933645509476e-06,0.41698790906167726,5,0.6,0.5,0.10164029518868228,0.2082362200730999,0.2097902097902098,0.6876983392314336,0.3658727895777586,2.440762593935626e-06,0.539340101522843,0.12560160601452947,0.06710636815744375
complex|MLL1-WDR5 complex (human),complex,27,25,0.9259259259259259,9.052933847999999,0.02501127003712483,0.06458179059243319,0.39073504035391415,0.29884421244900683,0.22774840622916454,0.37100175422529413,0.16776555365986548,0.01676287801300993,0.018171601435566165,0.45391662663098187,0.38095238095238093,0.3249444180160847,0.03079694112521783,0.023923128151770973,-0.24184425428765266,0.5714285714285714,0.5955495767136063,-0.10210552149493664,0.00035111439780442,-0.3021342354799523,25,0.56,0.34501898288726807,0.03239985820630982,0.6889982189574925,0.2198581560283688,0.43697776682380635,0.19181325555698336,0.00043003924803135013,0.537117464201791,0.6004280486184869,0.7905317756180471
complex|BRCC complex (human),complex,5,4,0.8,8.2434754,-0.04144929340159398,0.00440960313571781,-0.1893413718282888,0.01111038437220662,-0.08709963200092659,-0.19081957912194641,0.02844977295130057,0.0028009356971999493,0.05239503564903008,-0.8445500332360796,0.8571428571428571,0.8008189414712312,0.010426250031568735,0.06009681482201027,-0.8631995487082529,0.8095238095238095,0.8059861191053972,-0.3917666379525149,4.62834735524251e-10,-0.5619326136128313,4,0.75,0.3125,-0.08576906964003737,0.2886310523525746,0.2971014492753623,0.44920252355873164,0.02501731770410538,7.109810696306265e-10,0.5165088998387369,0.8955031257422612,0.8920419286973796
complex|Splicing-associated factors complex (human),complex,5,4,0.8,10.630159125,-0.05939837213581408,-0.06295778316660365,-0.2891117992687088,0.11831954720546736,-0.11833099416510423,-0.26842498348470534,0.049750890767609114,0.03246041281077163,0.12171467730152719,-0.7547058989362586,0.7142857142857143,0.7747872668547824,-0.021914551110678172,0.07810932581691751,-0.47988918907065226,0.6666666666666666,0.6843469055461969,-0.18810131371282812,0.00011257415236536647,-0.3327888446498755,4,0.75,0.3125,0.12051819148593343,0.13524253517539697,0.23741007194244604,0.28161814161279863,-0.35558894340932645,0.0001409941495735189,0.5165088998387369,0.8808292301255901,0.8333737388456552
complex|p50-p65 NF(kappa)B-SRC1 complex (human),complex,3,3,1.0,10.275589000000002,-0.09363511236664472,0.1702048925301364,-0.3456319008464407,0.12472632637897395,,,,0.04534600231624294,0.11178906883282928,-1.243244228921181,0.8571428571428571,0.8931110755576013,-0.006420786837101717,0.13568449954970316,-0.642772946202268,0.7142857142857143,0.7398142799639656,1.456686453344567,1.628958993624077e-27,2.5396144651628205,3,1.0,0.125,0.08022300280364796,0.32105897400906114,0.2518518518518518,0.3044648313277926,-0.41300211770651263,2.1846601339144965e-26,0.30649038461538464,0.9346178929507832,0.8568851625634556
complex|I(kappa)B(alpha)-NF(kappa)Bp50-NF(kappa)Bp65 complex (human),complex,3,3,1.0,11.251571333333333,-0.11468694641974508,0.3737422914638104,-0.4464692229633642,-0.031803845716152315,,,,-0.01038117439288818,0.1433973521658373,-0.7273898049820929,0.7619047619047619,0.7665064009496958,0.005666271606541783,0.11797068194068437,-1.0201960016370883,0.8095238095238095,0.8461822432320742,1.6411550263869306,1.628958993624077e-27,3.018045003256269,3,1.0,0.125,0.11688311688311687,0.14751268841324575,0.2462686567164179,0.1560913460745381,-0.7455698320230211,2.1846601339144965e-26,0.30649038461538464,0.8758789257961092,0.9205480888403539
complex|IKB(epsilon)-RELA-cREL complex (human),complex,3,3,1.0,8.596624666666665,-0.10483389435478922,-0.1634922899133171,-0.3979360559667211,0.014416640690395497,,,,0.004852181669931785,0.12765296106371096,-0.8592521090832921,0.8095238095238095,0.8048992800789265,-0.0734099506445433,0.10626779990902878,-0.2957052252624651,0.5238095238095238,0.6162723968109709,1.0600286970826294,3.245897617485404e-27,2.0424079689106853,3,1.0,0.125,0.3383197447713577,1.665242550574463e-05,0.15942028985507245,0.4002502275060182,-0.22504236413885026,2.570508982791236e-26,0.30649038461538464,0.8955031257422612,0.7992994690542975
complex|IKB(beta)-RELA-cREL complex (human),complex,3,3,1.0,8.348175,-0.11806570264780476,-0.2280258911719041,-0.4636885328169371,-0.12538101021718712,,,,-0.03856972901400928,0.09655323655511522,-0.8233382584582446,0.8095238095238095,0.7948421685337059,0.01801758288144951,0.13064708046897253,-1.0416098472370594,0.9047619047619048,0.8512036993217333,0.8179496657983009,6.389079590492059e-25,1.4512329048822366,3,1.0,0.125,0.0713544519996133,0.3776199101534436,0.23357664233576642,0.27794429754514555,-0.3715447319496189,2.5377185289337617e-24,0.30649038461538464,0.8919319622299596,0.9205970594775138
complex|IKB(alpha)-RELA-cREL complex (human),complex,3,3,1.0,10.014912666666667,-0.09806555833360393,-0.07575503858661163,-0.36597594595413385,0.06269256929901972,,,,0.02180903262583298,0.14525338163611332,-0.8252791749781428,0.8571428571428571,0.7953934439650698,-0.03459556396185774,0.11986695371715346,-0.5295036905794276,0.6666666666666666,0.7017719575253513,1.1524014578235817,1.8632276066070416e-27,2.210427816319102,3,1.0,0.125,0.12842963488124778,0.11125087972422017,0.2556390977443609,0.3763952480746206,-0.28201957447142045,2.1846601339144965e-26,0.30649038461538464,0.8919319622299596,0.839343807015151
complex|MURR1-NF(kappa)Bp65-IKBA complex (human),complex,3,3,1.0,10.818505666666667,0.02905225256428297,-0.017913366699950545,0.08237065173657743,0.13638404205646462,,,,0.05000823041926883,0.14766073316730158,-0.14191977383210236,0.42857142857142855,0.556428312425358,0.043499569763288636,0.15835840421680722,-0.09123176802934915,0.47619047619047616,0.5363457835178331,0.5003900710933831,5.828380658506245e-20,0.9981957924616567,3,0.6666666666666666,0.5,-0.008427056814153589,0.9171149065267074,0.27941176470588236,0.4297970458218943,-0.11385497301326569,1.471521849424844e-19,0.539340101522843,0.7734713690050851,0.7498255197206548
"complex|TFIIH transcription factor complex (ERCC2, ERCC3, GTF2H1, CDK7, CCNH, GTF2H2) (human)",complex,6,6,1.0,8.469990666666666,-0.02617480779152374,-0.03593464773824365,-0.1806974521400633,0.06584987388792811,-0.05496483010617917,-0.11632335357922124,0.04395687309959971,0.011612197075472725,0.05625233558653416,-0.6717410836900792,0.6666666666666666,0.7491257291029307,0.029943636284919556,0.050759623427475996,-1.1055725060022135,0.9047619047619048,0.8655442022455304,0.24609008486290698,1.5772787277149682e-10,0.5690932276293531,6,0.6666666666666666,0.34375,0.09784409139247849,0.22581983328330238,0.2158273381294964,0.42421937715569924,-0.1513022978149044,2.458472344543502e-10,0.537117464201791,0.8703345985286669,0.9227943108922821
complex|ILK-PARVB-ARHGEF6 complex (human),complex,3,3,1.0,11.187504333333331,0.09669367146150594,0.02713363392231412,0.24307364755018324,0.06954823572257039,,,,0.024309884981581886,0.1318727974050793,0.548890960867234,0.3333333333333333,0.29154014088721225,0.12321835099378364,0.16174378429604455,-0.1639919558437484,0.47619047619047616,0.5651312618061898,-0.6140265074432192,2.499144107066242e-15,-0.7969966828311255,3,0.6666666666666666,0.5,0.3745480326125487,1.5765130025666913e-06,0.12142857142857143,0.5059120515447989,-0.016431574735498354,4.813306248503714e-15,0.539340101522843,0.5606541170907928,0.771458628268621
complex|EED-EZH-YY1 polycomb complex (human),complex,3,3,1.0,9.007277,-0.08131113059352828,-0.08321704633080906,-0.2913062772917536,0.06152667403157406,,,,0.021386101820884428,0.11113828089386632,-0.9240491358012406,0.8571428571428571,0.8222696330610422,0.035621029104566486,0.12323663412073502,-0.9488425299212265,0.8095238095238095,0.8286496462650046,0.36114153509260905,5.784615559774085e-09,0.5211428437147416,3,0.6666666666666666,0.5,0.04390448261416004,0.5875130088212495,0.25547445255474455,0.5409657813396945,0.1269090062884913,8.400210522450979e-09,0.539340101522843,0.9032216028651264,0.9084508159827007
complex|CALM1-FKBP38-BCL2 complex (human),complex,3,3,1.0,8.908585833333333,0.03798124276174083,0.20520366247206537,0.10589935041256215,-0.08767109438255086,,,,-0.027609967421069147,0.10371213870394089,0.6324352289180747,0.38095238095238093,0.2635512600071507,0.03074918462476503,0.08602174406035833,0.08407244256639725,0.6190476190476191,0.4664994173508972,0.09890459280427022,0.0857270641500914,0.13714554590660805,3,0.6666666666666666,0.5,0.2815474847732912,0.00038679622649943587,0.18382352941176472,0.718016973899354,0.46366129173768855,0.09406368914919667,0.539340101522843,0.5376445704145874,0.6957360998805824
complex|LMO4-gp130 complex (human),complex,5,5,1.0,9.0516881,0.04404866274853614,0.025252265270809194,0.1872507357149826,-0.01275965940546494,0.09022391588773633,0.16551446830859462,0.0026761490910318583,-0.0025261456743622276,0.060322922577994285,0.7720913780773743,0.19047619047619047,0.22003015420470834,0.00815458215627064,0.07123220546319757,0.5039024182791916,0.3333333333333333,0.3071649755591845,0.9705679156092707,2.5554742209965186e-26,1.7690454613848656,5,1.0,0.03125,0.00458573684380136,0.9548398386408847,0.26277372262773724,0.661017922635691,0.5280562122042127,1.3806057761739668e-25,0.15625,0.4884713471979895,0.5446944976884008
complex|Vps29-Vps35-Vps26a complex (mouse),complex,3,3,1.0,11.253681333333333,0.3878962777759738,0.07783476702286674,0.6553067415952911,0.15723620714149128,,,,0.0585494663982423,0.14812793011471684,2.2233944072712735,0.047619047619047616,0.013094608248307625,0.03279454528399234,0.10417154142981244,3.408817107033383,0.047619047619047616,0.000326226030330195,0.24153226115654788,0.0006021837389958334,0.2853610628595547,3,0.6666666666666666,0.5,0.06484805517063583,0.4227491644786305,0.22058823529411764,0.8275132422677292,0.6954794355012861,0.0007284480713659275,0.539340101522843,0.07142395758464128,0.002236226820811821
complex|LINC core complex (human),complex,5,4,0.8,7.9569996750000005,0.04317768144804875,0.07430997876857744,0.15290453577874558,0.01696788839376785,0.08987152474476952,0.16492131908082652,0.0019660389460992066,0.004296650918379495,0.05086215374734998,0.7644393260026869,0.23809523809523808,0.2223027404507789,-0.008172073488398946,0.06274561659684351,0.8183799557885117,0.19047619047619047,0.2065701317391213,0.8428467576630335,4.8281946748523884e-26,1.509459818942243,4,0.75,0.3125,0.2661241983822629,0.0008170128395219545,0.16546762589928057,0.8395644790154565,0.7150561692865094,2.395310587718597e-25,0.5165088998387369,0.491064597512608,0.42058778801408375
"complex|LINC complex, quiescent cells (human)",complex,7,6,0.8571428571428571,8.847614949999999,-0.048742482132097996,0.012254892840235124,-0.3866979928204272,0.11653704436976264,-0.13685680971944,-0.31711264425304786,0.07675089267601784,0.021511957333506516,0.048073223190577406,-1.461404807143756,0.9523809523809523,0.9280478088739089,0.031746697910691166,0.048550984969431416,-1.657827953304482,1.0,0.9513239012701769,0.6546282788123702,8.284295644356798e-26,1.5193253350786393,6,0.8333333333333334,0.109375,0.2716799329702555,0.0006272294138314478,0.15328467153284672,0.4855286535720784,0.23785178783799488,3.970855994945458e-25,0.30649038461538464,0.9496476374913594,0.9669841867228203
complex|Emerin-actin-NMI-(alphaII)spectrin complex (human),complex,4,4,1.0,10.811231,-0.1429524610983032,-0.1229148448369604,-1.0011682330622984,0.06250584649732148,-0.3346828689367519,-1.0060852285642874,0.025967446284354746,0.016395051556248263,0.1303241121033887,-1.2227016941280822,0.9523809523809523,0.8892788065568931,0.003022322700984609,0.06654315170610135,-2.1936860526836655,0.9523809523809523,0.9858710064014841,0.4830052095375339,3.945656493793447e-20,1.032466975323847,4,0.75,0.3125,0.3103412716315942,8.497261463992762e-05,0.14388489208633093,0.11995765175775834,-0.7062762598838968,1.008158723364057e-19,0.5165088998387369,0.9346178929507832,0.9897731793163372
complex|Emerin-actin-NMI complex (human),complex,3,3,1.0,11.560931333333334,-0.2449873364288729,-0.2454048544913657,-1.4410304158907516,0.1844955762922726,,,,0.0701235104068578,0.19415241095415386,-1.62300764274382,0.9523809523809523,0.9477061144547273,0.03188178051253188,0.1519007034215395,-1.8226980567237112,1.0,0.9658254326019257,0.21415831919630138,2.722494580643117e-06,0.4090668348369147,3,0.6666666666666666,0.5,0.2445296638845026,0.00216640836103688,0.16666666666666666,0.14453123971759782,-0.6692029947541255,3.6195835144108175e-06,0.539340101522843,0.9612770850674442,0.9750019212727278
complex|Emerin architectural complex (human),complex,6,6,1.0,10.230976999999998,-0.04634010166935451,-0.026674894618134135,-0.36189092019030095,0.1555277874269702,-0.1558531112284861,-0.36925590392283264,0.06328936088686762,0.029781124965274398,0.07062973022813669,-1.0777504938607931,0.9523809523809523,0.8594274410172246,0.002633734166026277,0.0634369390409746,-0.7720081797097439,0.7619047619047619,0.7799452085640493,0.4192715696594771,5.765082005182504e-16,0.8099414364682161,6,0.8333333333333334,0.109375,0.2615159034513873,0.0010130215947586293,0.21804511278195488,0.20772428717418645,-0.693211071858747,1.1539214374580363e-15,0.30649038461538464,0.9231423650353507,0.8780831084979027
complex|Emerin complex 24 (human),complex,15,12,0.8,9.016211325000002,-0.0171972919440205,-0.010996615789811013,-0.25451396362799034,0.20266827230018142,-0.12142029993721877,-0.27640133257925803,0.12154300627013967,0.020742559905972752,0.024991335487526595,-1.5181202248647088,0.8571428571428571,0.9355079532666465,-0.007242922700394204,0.01939290171625184,-0.5132996283523797,0.6666666666666666,0.69612912804332,-0.16512129660952965,6.356597990559217e-09,-0.5102599868723927,12,0.5833333333333334,0.38720703125,0.06255357545680125,0.43938068920660045,0.21428571428571427,0.27412645079539244,-0.195111870114482,9.209843679503412e-09,0.539340101522843,0.9533399593695375,0.837325130429465
complex|Emerin complex 25 (human),complex,16,14,0.875,10.784366464285714,0.04001278726901353,0.026012473872482934,0.3684985293410886,0.2061802172244654,0.2511894882062747,0.4015210974420573,0.10642557139677997,0.018214351726138594,0.030327592751230033,0.7187657695644448,0.19047619047619047,0.2361426259527174,0.0002753898535143472,0.01422110850215084,2.7942545695006253,0.047619047619047616,0.0026009755279988033,-0.11871280832475943,0.00032393183332754424,-0.3241803701731496,14,0.5,0.604736328125,0.1978827623988914,0.013581901128980035,0.1925925925925926,0.32733644403005263,-0.32222575867299486,0.0003971279687429028,0.6479317801339286,0.5122317006353039,0.014305446673159685
complex|Emerin complex 52 (human),complex,23,19,0.8260869565217391,10.221351915789473,-0.016959466255193963,-0.004790262858132677,-0.4638205359515334,0.3849795659841161,-0.17358970381751967,-0.4201053753066726,0.19253850767370873,0.03189460105700026,0.03947465519721849,-1.2376059288704475,1.0,0.8920688925044089,-0.0015391908631894376,0.01395789046711438,-1.1047711993682434,0.9047619047619048,0.8653706284664779,-0.018475451063820016,0.29990504341688484,-0.07594715118413385,19,0.5789473684210527,0.3238029479980469,0.18432535206728756,0.02167784023853365,0.16783216783216784,0.08737769398825763,-0.5108435283494206,0.31706378968203,0.5292932803814228,0.9346178929507832,0.9227943108922821
complex|Hsp110-Hsc70-Hsp25 complex (mouse),complex,3,3,1.0,10.740758,0.3711012616669012,0.22862748259829604,0.6390208773606494,-0.021818633287104837,,,,-0.007168604986777211,0.08566305065095937,4.415787948003017,0.047619047619047616,5.032135420458507e-06,-0.03203389669989501,0.10698905882490624,3.768003595830768,0.047619047619047616,8.22791663964086e-05,-1.0800347947821072,8.758862577537654e-26,-1.3674123001038212,3,1.0,0.125,0.33716928233057264,1.786338036070565e-05,0.13043478260869565,0.859424759978031,0.6996507019663843,4.1826029162398915e-25,0.30649038461538464,7.374681219637467e-05,0.0006556621072213811
complex|HSP90-CIP1-FKBPL complex (human),complex,3,3,1.0,10.448569,-0.07290527937425366,-0.003672601955275523,-0.2560507395201642,0.12792288855317002,,,,0.046616508462223996,0.17320885230222138,-0.6900443380799701,0.6666666666666666,0.7549168474083876,-0.05880636822489924,0.0874929370694377,-0.16114342050450298,0.5714285714285714,0.5640097787607083,0.4108042081123668,2.2223766608234946e-10,0.5947151485979226,3,0.6666666666666666,0.5,0.22952531339628116,0.004067320608948373,0.208955223880597,0.5206001915947277,0.2295772856663528,3.4429286057715134e-10,0.539340101522843,0.8734292018563469,0.770752913097431
complex|PSD95-FYN-NR2A complex (human),complex,3,3,1.0,8.937463666666666,0.13224637681159424,0.19852413704707503,0.3137535816618913,-0.07651955285125471,,,,-0.024268507394298828,0.11895639362947734,1.3157332651946567,0.19047619047619047,0.09413179248187858,0.010377318497833505,0.12443467515834801,0.9793818174771427,0.19047619047619047,0.1636956788567448,1.007996878884521,9.433771718726634e-26,1.4461417449908889,3,1.0,0.125,0.08225000805645966,0.3089439169916408,0.23880597014925373,0.7555804443412631,0.6158552342302271,4.405882396108593e-25,0.30649038461538464,0.2850784689178033,0.36171922104393345
complex|FARP2-NRP1-PlexinA4 complex (human),complex,3,3,1.0,7.299317599999999,-0.042453179061452705,0.06328286994254902,-0.13917650757917,0.0018548918815273273,,,,0.0006190628235795177,0.07032098133059414,-0.6125091127858455,0.6666666666666666,0.7298995146700039,-0.004976787962752501,0.06644930221226018,-0.5639847199446686,0.6666666666666666,0.7136177344095282,0.8325862534079633,1.797580879531735e-24,1.225922340145945,3,1.0,0.125,0.28277528922690215,0.0003637576036584022,0.14893617021276595,0.4490687385625918,-0.021020716303536056,6.701507664920942e-24,0.30649038461538464,0.8535547359258608,0.8443523492133405
complex|CEBPE-E2F1-RB1 complex (human),complex,3,3,1.0,7.785682566666668,-0.17554649983945045,-0.11105357057949179,-0.8115793160772713,-0.03993362695113024,,,,-0.012966022123366987,0.10026522474214476,-1.6215041469681717,1.0,0.9475452193355496,0.03487084330003283,0.1332357018754761,-1.5792864838595755,1.0,0.942864819675683,-0.11052039853432265,0.028921020189241253,-0.17076001884399403,3,0.6666666666666666,0.5,0.16890528826012696,0.03564522986756467,0.17142857142857143,0.3337768315063642,-0.4034805973556495,0.03240272472871933,0.539340101522843,0.9612770850674442,0.9640358019939823
complex|TIP5-DNMT-HDAC1 complex (human),complex,4,4,1.0,9.42381,0.24939839017508922,0.07987728361831399,0.5706419840987302,0.0759280051716512,0.3954240339147928,0.5667439062310692,0.052961062489937316,0.020128223167480242,0.05838328888404134,3.9269827272488302,0.047619047619047616,4.30090779422402e-05,0.022217520736146756,0.060204182482452205,3.7735064254906074,0.047619047619047616,8.048453582292975e-05,0.3216778727687328,1.2625676576595462e-05,0.3914104132528171,4,0.75,0.3125,-0.1450581676388128,0.07172203013371237,0.2887323943661972,0.8927959874037387,0.8216034519094144,1.6409518486400832e-05,0.5165088998387369,0.0005323939259840413,0.0006453948627310405
complex|Pre-initiation complex (PIC) (human),complex,3,3,1.0,11.238162333333335,0.20342078773906547,0.055604826789217666,0.43378186560188337,0.019353644523719096,,,,0.006535539175893758,0.14200751315557952,1.3864424789093353,0.19047619047619047,0.08280591649984848,-0.03947841239947614,0.09392103683873397,2.586206544499811,0.047619047619047616,0.004851938100657444,0.36299090138269813,1.042201629877896e-06,0.4265567873177464,3,0.6666666666666666,0.5,0.2990815635976926,0.0001566416584876129,0.14084507042253522,0.8058897638875129,0.6486254379998672,1.3943411102773529e-06,0.539340101522843,0.2652702098927307,0.02425969050328722
complex|MRIT complex (human),complex,3,3,1.0,9.160715,-0.08564461545677249,-0.10402053266682783,-0.31004043383381297,-0.05397701801801255,,,,-0.017367379759211758,0.1274801289937868,-0.5355912034015,0.7142857142857143,0.703879445202393,0.060008731009153125,0.23198320861920949,-0.6278615910732115,0.7619047619047619,0.7349526929159704,0.18417339981274342,0.0002007680047910898,0.32192886194798503,3,0.6666666666666666,0.5,0.22504269923624762,0.004873394860738315,0.18518518518518517,0.37047087047850297,0.005503782835990519,0.000248765020513741,0.539340101522843,0.8396114221202429,0.8542066394419894
complex|SUMO1-SUA1-UBA2 complex (human),complex,3,3,1.0,8.942837366666666,-0.05817846615651604,0.09024491593224974,-0.19751798531777498,0.06215355598405609,,,,0.021613419236361408,0.1121503257612307,-0.7114726136663684,0.7619047619047619,0.7616042921412757,0.011231996803440444,0.14574960869822534,-0.47623087005105375,0.6666666666666666,0.6830450454326834,-0.5451401284116073,1.1231745088182536e-12,-0.6844381509776273,3,0.6666666666666666,0.5,0.00428603654410106,0.9577884523466624,0.25,0.7600625955831052,0.4592019244298687,1.911945926225999e-12,0.539340101522843,0.8757938730818406,0.8333645653699046
"complex|Death induced signaling complex II (FADD, CASP8, CFLAR), cytosolic, CD95L induced (human)",complex,3,3,1.0,8.980737333333332,0.07118252860127068,-0.14268260160383037,0.18693462694557045,-0.053325457913477634,,,,-0.01716493399429237,0.07551419077170622,1.1699451678248696,0.19047619047619047,0.12101151775113694,0.006782406655770958,0.13776797230125037,0.4674535080234699,0.3333333333333333,0.32008772381095196,0.8081978730220281,6.958143776810808e-23,1.2349915937753204,3,1.0,0.125,0.12864554800038672,0.11064611099860042,0.19424460431654678,0.6167255339900959,0.27281973435576057,2.2234669963493183e-22,0.30649038461538464,0.3383545726594289,0.5603884042806608
"complex|Death induced signaling complex DISC (FAS, FADD, CASP8, CFLAR), membrane-associated, CD95L induced (human)",complex,4,4,1.0,8.822239999999999,0.10309851608922949,-0.06885896092136516,0.3149740063674325,0.09014286414405363,0.2771046498486798,0.43395762419550044,0.047115954849193446,0.02416976491216678,0.08931460194153948,0.8837160941357071,0.19047619047619047,0.18842474507900192,0.025305032867559252,0.11356802436455896,0.6849945982325916,0.3333333333333333,0.24667366482476677,0.7067639799510558,2.456853370277372e-20,1.0247278939249058,4,1.0,0.0625,0.037224066256324316,0.6456282063072704,0.2446043165467626,0.6790145129960233,0.35674199867952505,6.353931130027686e-20,0.2219707520891365,0.44654563192514396,0.47372229872250254
"complex|Death-inducing signaling complex DISC (type I cells associated), stimulated (human)",complex,3,3,1.0,8.244743999999999,0.1720234294105126,-0.09995824004531577,0.38396748211905773,0.1028516297619576,,,,0.036807697719474855,0.12435697402184838,1.0873192497212225,0.14285714285714285,0.1384478721024649,-0.009658611228366398,0.19693169762185797,0.9225637255600118,0.19047619047619047,0.17811730333978282,0.382047324493799,4.5833548204768397e-07,0.42891802795411244,3,1.0,0.125,0.10843994714962456,0.1792388142762238,0.2,0.8552638131425606,0.7539927197863256,6.197006782723193e-07,0.30649038461538464,0.3662262176984289,0.38167993572810605
complex|PGAM5-KEAP1-NRF2 complex (human),complex,3,3,1.0,9.014637,0.04363114372612061,0.00957481337228172,0.12038809097764364,-0.03839358285297408,,,,-0.012478465615337723,0.09517027396916986,0.5895707451639247,0.19047619047619047,0.2777392348586346,-0.01929537238475606,0.11321800155879867,0.5557995658331453,0.23809523809523808,0.2891739411755541,0.22055201958901355,9.197974517148472e-05,0.3215099577878688,3,0.6666666666666666,0.5,0.10540105056234086,0.19180794219536546,0.21739130434782608,0.705084851744917,0.5314415056161684,0.00011565500502331659,0.539340101522843,0.5506303344741506,0.5198775860849392
complex|Apoptosome-procaspase 9 complex (human),complex,3,3,1.0,8.89007,-0.0038549930909576404,-0.01014332760684448,-0.011654837912127625,0.0023118625177121046,,,,0.0007718103855714906,0.10694400916628863,-0.043263793012798445,0.5714285714285714,0.5172543734132953,-0.030491020048850355,0.10756718553562701,0.24762223558476087,0.3333333333333333,0.40221335245940276,0.525574146610903,1.5198405437164023e-18,0.9091184546238882,3,0.6666666666666666,0.5,0.33169733492314135,2.4849417347514812e-05,0.17164179104477612,0.30059059765374996,-0.6433623248050839,3.5818792850987296e-18,0.539340101522843,0.7511745816260719,0.6440894950413125
complex|PINK1-MIRO2-Milton complex (human),complex,3,3,1.0,9.206283999999998,0.10306875128529835,0.014794807707812607,0.25636069950307894,-0.0435835426938908,,,,-0.014117649446374633,0.1413636804776785,0.8289710648144653,0.14285714285714285,0.20356039031710083,-0.03728359634596444,0.1262787359858702,1.1114487845916303,0.19047619047619047,0.13318761174654375,-0.382173365106774,1.342812762121754e-10,-0.5812064347468312,3,0.6666666666666666,0.5,0.03970867841835583,0.6237370506922334,0.23703703703703705,0.6882601741589699,0.3657384842585141,2.1007193517855665e-10,0.539340101522843,0.4651245477675691,0.3186007598064602
complex|I-kappa-B kinase (IKK) complex (human),complex,3,3,1.0,9.5267095,0.0903781212455758,0.06135198886952494,0.22962771991337522,0.021968989164982765,,,,0.007431843108816549,0.20472159376721108,0.40516623874605756,0.23809523809523808,0.34267765984622556,0.010176992347739534,0.11359463222262159,0.7060292139566852,0.3333333333333333,0.24008498504286685,0.6825138306940515,7.675385140413073e-20,0.9702634096467303,3,0.6666666666666666,0.5,0.11350584898971995,0.15965091224724587,0.22857142857142856,0.7495883846373131,0.6389720013755465,1.9150912043105026e-19,0.539340101522843,0.6197361933389185,0.4687723674267308
complex|HSP90-CDC37-LRRK2 complex (human),complex,3,3,1.0,10.835015333333333,-0.19678458940805918,-0.10419728891066467,-0.9734890569573653,0.1706744290685127,,,,0.06419587225306944,0.2033821978863857,-1.2832020913006297,0.9523809523809523,0.9002893582474754,-0.031905682552052325,0.12225122865288628,-1.348689159796957,0.9523809523809523,0.9112815855785066,0.2586749677487847,6.323748566257352e-10,0.5598441328764375,3,0.6666666666666666,0.5,0.15798395153233863,0.04961007258865191,0.19285714285714287,0.1689982241837228,-0.6852593468527075,9.621455157491794e-10,0.539340101522843,0.9350555120066988,0.9477031171391483
complex|FAS-FADD-CASP8-CASP10 complex (human),complex,4,4,1.0,8.002367,0.09355979839306139,-0.0051920854549251105,0.2922192665713064,0.1105773853725235,0.21031649570812946,0.347539666614356,0.056133810776272365,0.030144305181240623,0.04920055676666581,1.2889182029498052,0.19047619047619047,0.09871326251361728,-0.020586353107986694,0.05246907534912975,2.1754938645577124,0.047619047619047616,0.014796563696107908,0.2813972053386486,1.708776315830573e-05,0.3626959035724155,4,0.75,0.3125,0.14422351841706682,0.07338860303328269,0.23357664233576642,0.8379425847536947,0.6547390979640874,2.2073858183221684e-05,0.5165088998387369,0.29475271593644503,0.06205795629124205
complex|FAS-FADD-CASP10 complex (human),complex,3,3,1.0,8.196944333333333,0.042411688728700124,-0.0802669742845507,0.11728643466765315,0.06708641688845231,,,,0.02340909377897559,0.12766813604321178,0.1488436781382375,0.42857142857142855,0.44083849216351245,-0.005550188871210384,0.09771776422218927,0.4908204560519362,0.38095238095238093,0.31177672029269843,0.34395460484288637,3.956858412476929e-07,0.44049838093659344,3,0.6666666666666666,0.5,0.05095227353291869,0.5289399404193612,0.2805755395683453,0.5485915937306356,-0.14107328041981274,5.384199013775971e-07,0.539340101522843,0.702017485996018,0.5505752332038649
"complex|Gamma-secretase complex (Aph1a, Psen1, Psenen, Ncstn) (mouse)",complex,4,4,1.0,9.88238825,-0.0022952722667792433,0.13573845864420728,-0.009244746699253643,0.03234727108830053,0.019153727481245865,0.03758751396334038,0.02874879763570188,0.00828788563460365,0.08060901369652586,-0.13129000611800085,0.5238095238095238,0.552227051339012,0.03870874417782396,0.048585640090007036,-0.843953406163662,0.8095238095238095,0.8006522785680954,0.5476765799268395,1.652969666027717e-16,0.8352676645179994,4,0.75,0.3125,0.048590119557861494,0.5482395882311054,0.23741007194244604,0.4933858896248837,-0.11510132900039893,3.399252135782805e-16,0.5165088998387369,0.7711823553748525,0.889226180465437
complex|RAF1-MAP2K1-YWHAE complex (human),complex,3,3,1.0,10.125084666666666,0.15292660179743342,-0.13362772034061235,0.35132571113608396,0.04148548019703965,,,,0.014221826260133555,0.14741068023567366,0.9409411537586342,0.23809523809523808,0.17336750819212504,0.02477128454070203,0.09364254546521313,1.3685586676447117,0.09523809523809523,0.08556863571397871,0.879247117091597,2.167210146176551e-25,1.4621025999253996,3,0.6666666666666666,0.5,0.20063162643807805,0.012310020428335526,0.20437956204379562,0.8132585307267032,0.7059077409180741,9.210643121250342e-25,0.539340101522843,0.42023492955315483,0.23925440906869047
complex|PPP2R1A-PPP2R1B-PPP2CA-PPME1-EIF4A1 complex (human),complex,5,5,1.0,9.522963299999999,-0.010701664664307131,0.03883737805369667,-0.05590126990067973,0.004853209981713162,-0.006226145416172335,-0.012530306341737513,0.029735785764106282,0.0009744252686950036,0.06668261598731579,-0.17509945823395912,0.5714285714285714,0.5694992580194534,0.028952779491508922,0.09018994021721764,-0.4396770200790736,0.6666666666666666,0.6699144757345358,0.5090523549959685,4.779945331638874e-18,0.8984924081994206,5,0.6,0.5,0.15201250362540686,0.05899782873422396,0.2846153846153846,0.20373484932644717,-0.6714558719572922,1.0824920600070274e-17,0.539340101522843,0.7734713690050851,0.8276559656604002
"complex|Raf1-PP2A holoenzyme complex (Ppp2r1a, Ppp2r2b, Ppp2ca), PDGF stimulated (mouse)",complex,4,4,1.0,10.446089875,-0.038173812023537645,0.031877626794179235,-0.1724437545010146,0.04051136203445498,-0.07971367217729007,-0.17323667595037148,0.005463837814604366,0.010445202544980946,0.11332373330630117,-0.4290276462840041,0.7142857142857143,0.666048447244701,0.023342472481085834,0.09128626323168086,-0.6738832583002946,0.7142857142857143,0.749807231670383,0.854699408567896,2.5554742209965186e-26,1.4531669788195951,4,0.75,0.3125,0.38832457864715925,5.950379741764945e-07,0.125,0.374454430483365,-0.3603525778706122,1.3806057761739668e-25,0.5165088998387369,0.8186479890694743,0.864221268634411
"complex|Raf1-PP2A core enzyme complex (Ppp2r1a, Ppp2ca), untreated (mouse)",complex,3,3,1.0,11.012539833333333,0.1143505139389478,0.07080172911020277,0.2791985471106279,-0.07269366859155683,,,,-0.02311119769963163,0.11031909189533995,1.2460373746458115,0.19047619047619047,0.10637533714371072,0.026192193142910762,0.0697020995891098,1.2647871630227163,0.09523809523809523,0.10297381715199277,0.8792480468901154,3.142060055789811e-24,1.2120553202056392,3,0.6666666666666666,0.5,0.28246269859173084,0.00036949936190977035,0.1386861313868613,0.7254641945936621,0.5305783995741797,1.138104139526139e-23,0.539340101522843,0.3103628257625427,0.2729555444257605
"complex|RAF1-RAS complex, EGF induced (human)",complex,4,4,1.0,8.552542375,0.045609375732845514,0.012653576368000278,0.16047940631180496,0.06883265365895737,0.10516044609099964,0.19030801629384528,0.03520461892096842,0.01814488379098976,0.09150077199402534,0.3001558494353368,0.38095238095238093,0.3820291401251144,0.06632416847961381,0.07004974222747608,-0.295715474291113,0.47619047619047616,0.6162763106631316,0.42955055768220163,1.9743274511442814e-11,0.6256112116638045,4,0.75,0.3125,0.41093100447939157,1.0893584504029263e-07,0.12318840579710146,0.6860442338034803,0.35365963380043647,3.202630407390533e-11,0.5165088998387369,0.6503166270487596,0.7992994690542975
pathway|APC Truncation Mutants Have Impaired AXIN Binding,pathway,14,12,0.8571428571428571,9.619092541666667,0.07676041595944509,0.12081073136866088,0.4994267422625545,0.08586103340181055,0.33245443937092994,0.4990105921038265,0.046823164385977604,0.007766343542251107,0.03387359799144562,2.036809683890611,0.047619047619047616,0.02083455874935759,0.04234852359192799,0.039442479203237416,0.8724576411690823,0.19047619047619047,0.19147938342712223,0.5745844861397373,1.0890827032648123e-21,1.1067352306360732,12,0.6666666666666666,0.19384765625,0.04994682736618221,0.5371127827984665,0.2357142857142857,0.7667199936353216,0.6634782161640219,3.0451325584706923e-21,0.3948175107328275,0.10152529873877424,0.4035309320158361
pathway|APC C Cdc20 Mediated Degradation of Securin,pathway,55,47,0.8545454545454545,10.662962519148937,0.07062179709207753,0.13225199812696958,0.7812508544764933,0.5182111566700478,0.6619825562165584,0.7966179352971515,0.3269019990101935,0.022373056740782656,0.016844513890378304,2.864359319912156,0.047619047619047616,0.0020892685830747625,0.020950776398552542,0.013484966529649709,3.683436705928202,0.047619047619047616,0.00011505522001342077,0.13696652268177034,0.000716177676078776,0.2950572525235046,47,0.574468085106383,0.19084669883160638,0.22506847990718956,0.00486837652716243,0.19402985074626866,0.4026323412036932,-0.04730016325179332,0.0008647031600382949,0.3948175107328275,0.016242789289148307,0.0009025202268101966
pathway|APC C Cdh1 Mediated Degradation of Cdc20 and Other APC C Cdh1 Targets in Late Mitosis Early G1,pathway,61,50,0.819672131147541,10.523245648,0.07276339090365502,0.12897599216070552,0.7968994263024642,0.600761365139057,0.6728895321258216,0.8044637965673063,0.40453269879632614,0.029216083806643416,0.017439575446836816,2.497039404987935,0.047619047619047616,0.006261751970378499,0.0241060130647057,0.016204590144892814,3.0026910525894803,0.047619047619047616,0.0013380197211028486,0.12497379660551217,0.0020813973251456157,0.2707824747804668,50,0.56,0.23994383084916393,0.1767845058167639,0.027771778324062177,0.19708029197080293,0.4175370989424177,-0.06918441725907304,0.0024413814071395216,0.45866324487658766,0.04136649617737092,0.007971846469187532
pathway|APEX1-Independent Resolution of AP Sites via the Single Nucleotide Replacement Pathway,pathway,7,6,0.8571428571428571,8.641529583333334,0.09722601046999534,0.06218718796320989,0.3925336560535379,0.024498572271982794,0.24466850578764907,0.3931464557027871,0.009685077695487293,0.0041681909854134475,0.061220110491987674,1.5200531122328023,0.09523809523809523,0.06424881375889886,0.010077415549133585,0.04882004550692929,1.7850986007067995,0.09523809523809523,0.03712266245681642,-0.585181227467844,5.1984067489798295e-21,-1.0569449294517341,6,0.8333333333333334,0.109375,0.03920273275111985,0.6281690021268687,0.2740740740740741,0.7414302421253293,0.5417635152889575,1.39536181156827e-20,0.30649038461538464,0.22320773172369496,0.12861792019685037
pathway|ATF4 Activates Genes in Response to Endoplasmic Reticulum Stress,pathway,28,26,0.9285714285714286,9.249362942307691,0.0038437934763875603,0.0024796062414752656,0.09117699219151679,0.22565245166514628,0.04282613071390737,0.08213474797488833,0.10976857180810469,0.011083840167582092,0.02438100490816896,-0.2969544002990919,0.6190476190476191,0.6167493385629765,0.00898142135056445,0.008977301941094792,-0.5722908628770428,0.7142857142857143,0.7164375305687964,-0.16446600874149297,2.2472097736299064e-16,-0.7996172221532754,26,0.5384615384615384,0.42250949144363403,0.08574973413683092,0.2887401678147993,0.2462686567164179,0.40597308948244937,0.041795224775166756,4.591654585541876e-16,0.539340101522843,0.7919296346012342,0.8450118885062122
pathway|ATF6 (ATF6-alpha) Activates Chaperone Genes,pathway,10,10,1.0,9.97987974,0.02643712891707823,0.12059434200851597,0.21355844087588802,0.2899551668727645,0.14020429015338204,0.24592836803748835,0.18181088814656993,0.0392340102871973,0.04286457484526532,-0.2985421275333744,0.5238095238095238,0.6173552859831817,0.012886117154268281,0.03915891619167944,0.3460517573182808,0.19047619047619047,0.3646519090553681,0.23008300746101967,8.98333784285771e-08,0.45328687675330703,10,0.7,0.171875,0.3890786632722116,5.634051452260914e-07,0.1079136690647482,0.5474517088263559,0.2827743149716384,1.261426844674403e-07,0.3824443717277487,0.7919296346012342,0.6045919168343229
pathway|ATF6 (ATF6-alpha) Activates Chaperones,pathway,12,12,1.0,9.787125116666667,0.0240946087822407,0.0801613997816529,0.22855810580870936,0.11692943196810589,0.1365414393471224,0.24027533817958732,0.05369957354124246,0.010913932609532027,0.031531913960580145,0.4180106602214693,0.38095238095238093,0.3379696615760851,0.028364064468433405,0.03840531098574603,-0.11116836647351444,0.47619047619047616,0.5442585819947788,0.19494025846883345,2.1406424815809659e-07,0.43567534068571345,12,0.6666666666666666,0.19384765625,0.3544874480358351,6.026686052326168e-06,0.13138686131386862,0.47606650559225194,0.1375591580325711,2.9506153124494397e-07,0.3948175107328275,0.6152984400775324,0.7534524343575928
pathway|AUF1 (hnRNP D0) Binds and Destabilizes mRNA,pathway,42,41,0.9761904761904762,11.224427180487806,0.04534757305312443,0.13813845346076922,0.6607372559157265,0.5774598908592636,0.501964498854551,0.6684106038955862,0.38950201706284265,0.032257437884616054,0.02229850780889031,0.5870408585497098,0.2857142857142857,0.27858813299498064,0.017023260402304,0.010464899708870257,2.706601442803334,0.047619047619047616,0.00339879054605319,0.21805703919077457,1.1541862668724642e-07,0.47202805038654577,41,0.6341463414634146,0.05863760297870613,0.27329122490412816,0.0005803300226887546,0.16911764705882354,0.03856649112892949,-0.6719225020150018,1.6118154329270447e-07,0.2219707520891365,0.5506303344741506,0.01798115330380837
pathway|AXIN Missense Mutants Destabilize the Destruction Complex,pathway,14,12,0.8571428571428571,9.619092541666667,0.07676041595944509,0.12081073136866088,0.4994267422625545,0.2479974165702306,0.35174692456697165,0.5204331050054399,0.13901269661187915,0.02674683525517211,0.04088244517155592,1.2233510127488676,0.14285714285714285,0.11059857367119008,0.025667393731450307,0.03186219464455132,1.6035625542427,0.09523809523809523,0.054405255132260584,0.5745844861397373,1.0890827032648123e-21,1.1067352306360732,12,0.6666666666666666,0.19384765625,0.04994682736618221,0.5371127827984665,0.2357142857142857,0.7667199936353216,0.6634782161640219,3.0451325584706923e-21,0.3948175107328275,0.32116637433467327,0.17169975320206002
pathway|Aberrant Regulation of Mitotic G1 S Transition in Cancer Due to RB1 Defects,pathway,17,14,0.8235294117647058,9.305803192857143,0.0021143120714507717,-0.012101924458736405,0.028808535941388408,0.10188315692415559,0.03781508336741111,0.07287441466877134,0.046823429507624297,0.008037789793520872,0.022846637449573458,-0.25927131443934615,0.5714285714285714,0.6022870446999867,0.0006836478887328047,0.019526233567398795,0.07326882461892799,0.5238095238095238,0.4707960996756638,-0.10038922084094774,7.209074546316516e-06,-0.3512524655445845,14,0.6428571428571429,0.21197509765625,0.12558087074216107,0.11947428615688913,0.20714285714285716,0.43611640347294595,0.15355500956591367,9.436930232601188e-06,0.42269858065992594,0.7835877367270235,0.7004259359235372
pathway|Abortive Elongation of HIV-1 Transcript in the Absence of Tat,pathway,23,19,0.8260869565217391,9.507197268421054,0.03883124074577278,0.05922101254724515,0.4342612897619754,0.3423487777253932,0.29958099549796147,0.4610424383486321,0.18732074740046478,0.026667408571415384,0.024750807227932277,0.49145193780306384,0.2857142857142857,0.3115534187391752,0.03448016205092254,0.024253260736148995,0.17940180259411662,0.3333333333333333,0.4288111080421947,-0.15684218032406677,3.4564580515216565e-06,-0.40637042857110406,19,0.5263157894736842,0.5,0.18900132125938576,0.018509306916220245,0.18248175182481752,0.506059912970406,0.12736091569097582,4.576307389086305e-06,0.539340101522843,0.5858858538236702,0.6667489789680465
pathway|Activation of BAD and Translocation to Mitochondria,pathway,15,12,0.8,10.628075333333333,0.013370013739367888,0.07372511387669012,0.13986953170556835,0.09572485645736076,0.10630757406427989,0.19218448206719607,0.04041161278565786,0.008744370516215183,0.0324624304151365,0.14249220295581663,0.3333333333333333,0.4433456188355632,0.01854042462157701,0.02848381030349259,-0.18152104044784842,0.6190476190476191,0.5720206902078603,0.09210430502229128,0.004713370442037579,0.21781823775887604,12,0.5833333333333334,0.38720703125,0.26446456769037413,0.0008831878199987689,0.18115942028985507,0.29488222479035686,0.00909925124480966,0.005483163607297366,0.539340101522843,0.7041446285690725,0.7742318259182823
"pathway|Activation of IRF3, IRF7 Mediated by TBK1, IKKε (IKBKE)",pathway,18,18,1.0,10.586147666666667,0.11258275340600969,0.05765117401533636,0.695454485988563,0.1156596290869245,0.531506595320331,0.6940963844940683,0.059333902624160675,0.007213494484898402,0.021149366850594584,4.982147204002421,0.047619047619047616,3.144128401493959e-07,0.015704904924884817,0.02216937049880882,4.3698962262519006,0.047619047619047616,6.215279782387389e-06,0.4362863459303448,1.3235558578393054e-22,1.14473067359046,18,0.7222222222222222,0.048126220703125,-0.06522832006702975,0.4200285266582827,0.29411764705882354,0.5936526298265367,0.2897077088355489,4.125999312335243e-22,0.20590916576001467,5.417248259330808e-06,6.292894856688409e-05
pathway|Activation of NF-kappaB in B Cells,pathway,54,52,0.9629629629629629,10.56983445,0.03613671157695213,0.10124990391852189,0.6609663443891293,0.5453838624196753,0.5253846469473555,0.6888552969230033,0.37104612459537767,0.022550106402746035,0.01463998807724838,0.9280475573146592,0.19047619047619047,0.17669145052178853,0.017275267118810896,0.011079497624821421,1.7023736180858868,0.09523809523809523,0.04434267616796114,0.5302786784414061,1.6135245151250433e-25,1.3828623663430297,52,0.75,0.0002047707268912902,0.2472076310785988,0.0019281961014400758,0.17647058823529413,0.2830157367736594,-0.13848751501769652,7.1680967135346e-25,0.0033906841141090258,0.42666969586227343,0.14684912237441677
pathway|Activation of NOXA and Translocation to Mitochondria,pathway,5,4,0.8,8.556469175,0.10368073369339721,0.1541738247777109,0.3163307286614355,0.01972278375716599,0.1996715556385302,0.33287703571875416,0.005704771773644738,0.005004726290078768,0.071407378774964,1.3818741017548042,0.14285714285714285,0.08350518059492518,0.028814404721960663,0.08028176436191173,0.9325446390781561,0.19047619047619047,0.1755275642642224,-0.5073089091302917,6.485676871468731e-13,-0.6761019830639303,4,1.0,0.0625,0.045232187167671044,0.5762545490958484,0.22857142857142856,0.8718616407664507,0.7501292909986548,1.1265991840766529e-12,0.2219707520891365,0.26683986280333233,0.3780365615487898
pathway|Activation of RAC1 Downstream of NMDARs,pathway,7,6,0.8571428571428571,10.022784999999999,0.10430976321647491,-0.013898622541692754,0.41132993741882434,0.06047777514568589,0.26961996245169273,0.4247254618319715,0.029020862690667358,0.010614584573533505,0.05845927075792715,1.6027428571752447,0.14285714285714285,0.05449571868649121,-0.000608572985103162,0.03636588194518943,2.8850760820186,0.047619047619047616,0.0019565953985116714,0.3053672653107499,1.3245625705216892e-12,0.6605595741184473,6,0.6666666666666666,0.34375,0.22511037349747026,0.004860231607028561,0.21323529411764705,0.7336492276428378,0.6436214381525935,2.2427852289709876e-12,0.537117464201791,0.195532411377041,0.011136871129921344
pathway|Activation of Caspases Through Apoptosome-Mediated Cleavage,pathway,6,5,0.8333333333333334,8.845756,0.11256588845233848,-0.003508146292150194,0.38808769673851967,0.05274369454860986,0.2141510940892653,0.3527585572039533,0.02917977895930956,0.011013450985485604,0.06511057534065304,1.559691907736018,0.09523809523809523,0.059416352692319756,-0.013878962777759737,0.04741317332482552,2.6668717228401952,0.047619047619047616,0.0038280443891071186,0.730259945923036,1.5277058254110094e-24,1.3868643893785815,5,0.8,0.1875,0.3933389191453708,4.1274090007361e-07,0.1323529411764706,0.5502001222274604,-0.07385492097312085,5.797097998211419e-24,0.39254926108374383,0.20984999912107394,0.019760148162395044
pathway|Activation of Gene Expression by SREBF (SREBP),pathway,43,35,0.813953488372093,8.941129225714285,0.011968982482105418,0.05839665122618488,0.29774743608821413,0.2909123630982551,0.1739603082623765,0.29636488906488123,0.15022436356222363,0.01158598904054917,0.013216678921779612,0.02897803932613643,0.47619047619047616,0.48844105265854404,0.016130668489755223,0.015584342920403711,-0.2670427639397707,0.5238095238095238,0.6052818823072796,0.15782846267409772,6.983444511920186e-09,0.5400001553368781,35,0.6,0.15525232953950768,0.30973220328059037,8.788683034395031e-05,0.15492957746478872,0.31408446219891273,-0.223049177137279,1.010657406662683e-08,0.35410862283161415,0.7378405231940188,0.7921994647599321
pathway|Activation of the AP-1 Family of Transcription Factors,pathway,10,8,0.8,9.291996274999999,0.09145825505576458,0.09939304829653937,0.446081311747943,0.17226525992859726,0.3126943871399149,0.4764161257994105,0.07410230602642243,0.025354964614673365,0.06169794309894085,1.0714018510323076,0.23809523809523808,0.14199439046060053,0.007818230691146488,0.02822758989209158,2.963059357329377,0.047619047619047616,0.00152298912747472,0.7716685725443709,5.939511042883176e-25,1.4692856500840028,8,0.875,0.03515625,0.2270020302278367,0.004504939158679823,0.16058394160583941,0.7746228295468556,0.6165771353089605,2.396479930277231e-24,0.1629971590909091,0.372744771701612,0.008907390539129669
"pathway|mRNA Activation Upon Binding of the Cap-Binding Complex and eIFs, and Subsequent Binding to 43S",pathway,61,60,0.9836065573770492,12.32269172,0.042887375240831964,0.2022395256113998,0.728890554344175,0.6966030071593915,0.5901942891222614,0.7422920496690132,0.5419047703493673,0.036856477906749424,0.014783118987691319,0.40795838409363877,0.3333333333333333,0.3416521140230698,0.013224795524816636,0.008240595924872543,3.599567311204392,0.047619047619047616,0.00015937355957359965,-1.2140231927989642,1.6605450340442345e-27,-3.2756638484502396,60,0.95,3.1269258016219936e-14,0.20231703780090876,0.01158294410457427,0.1773049645390071,0.16085076578857757,-0.23998955525971147,2.1846601339144965e-26,1.4766038507659416e-12,0.6187591553684858,0.001209531478906783
pathway|Advanced Glycosylation Endproduct Receptor Signaling,pathway,13,11,0.8461538461538461,10.245500354545454,-0.002124567426382546,0.04370620913392823,-0.023877536043204795,0.22895096071507873,0.04214730978135048,0.08088551279798106,0.1077341414552487,0.026284508723301465,0.051266558641668354,-0.554144395535723,0.7619047619047619,0.7102599854993834,0.007698528782319418,0.020208924725227055,-0.48607713385362206,0.7619047619047619,0.6865437607520206,0.5242427184528492,4.186896781873908e-24,1.3239442745289354,11,0.7272727272727273,0.11328125,0.01696690406367826,0.8340255717151633,0.2773722627737226,0.3450834192797341,-0.06569404048915062,1.4869898041474185e-23,0.30649038461538464,0.8425683770022133,0.8338029831249569
pathway|Alpha-oxidation of Phytanate,pathway,6,5,0.8333333333333334,8.9635674,-0.0062836206989858034,0.061519235420710805,-0.03222814115431738,0.1105887807674697,0.003111022239181089,0.006202747592657394,0.02679468058170691,0.024264457577036724,0.0710086267181198,-0.4302023526984693,0.7142857142857143,0.6664757746306779,0.009558709722808496,0.05291416796123011,-0.2993967595484423,0.6190476190476191,0.6176813328256362,-0.8630377580447707,1.137173686521611e-26,-1.7315702541713083,5,0.8,0.1875,0.13303792981212337,0.0988926970919348,0.22794117647058823,0.3756132048553735,-0.4776308210312711,6.904268811024067e-26,0.39254926108374383,0.8186479890694743,0.7995367506118641
pathway|Alternative Complement Activation,pathway,5,4,0.8,9.882283824999998,0.04878022931526527,0.15862994271443842,0.17021197913746855,-0.0389982897099358,0.09147753168562428,0.1676214654539904,-0.022798481125759607,-0.009472513556515244,0.08359112952828737,0.6968770873238134,0.2857142857142857,0.24293985902814086,-0.016555860419304916,0.055662088068269965,1.1737987560659777,0.14285714285714285,0.12023782119214366,-0.0496030471816328,0.3417253165247366,-0.09265066725817676,4,0.5,0.6875,0.32747897264026293,3.191415520506985e-05,0.17142857142857143,0.541964394604787,0.15620376727969992,0.3600824616273051,0.6875,0.5140334853698397,0.2993412534435238
"pathway|Antigen Presentation Folding, Assembly and Peptide Loading of Class I MHC",pathway,31,28,0.9032258064516129,10.650423010714286,0.02089600907667603,0.045871165781671296,0.3740513712370762,0.3059380447817765,0.24836804908316215,0.3979083720791651,0.19575967713558168,0.015498638099155197,0.013816482471594886,0.39064725689894036,0.47619047619047616,0.3480289948882944,0.0019974409713399456,0.011582041009654624,1.6317131056246916,0.14285714285714285,0.05136996894989914,0.29304612065345526,5.836702340371407e-19,0.9678630911887707,28,0.75,0.006270475685596466,0.07369082530372853,0.3621601045231102,0.23703703703703705,0.07699794354918668,-0.675763873104523,1.3988337375890121e-18,0.05401930066983442,0.6267471306251065,0.16415215641885064
pathway|Antigen processing-Cross Presentation,pathway,96,82,0.8541666666666666,11.044181347560976,0.029062262569448324,0.03650488399621346,0.7105172295605952,0.7184037106634651,0.5591420115115777,0.7172432111806073,0.5301156616539803,0.030173240190738405,0.015385489917624333,-0.07220944066379308,0.5238095238095238,0.528782383887249,0.011314849853703108,0.005603563645308809,3.1671653681676295,0.047619047619047616,0.000769663782189352,0.43530846323150435,9.235880723664221e-27,1.6913991131531594,82,0.7195121951219512,4.357739328660262e-05,0.22742096613064355,0.004429478183709713,0.1619718309859155,0.049381755251905156,-0.37691982985355715,5.800861045651174e-26,0.0008547873298525899,0.7589672205281289,0.005006741440262367
pathway|Arachidonate Production From DAG,pathway,5,5,1.0,8.432103999999999,0.16673904925804459,0.018599718430404533,0.5001302660348966,0.0886584605285413,0.3003999650505795,0.4620116473763444,0.036776806461680626,0.019085354634109382,0.06271705548335925,2.354282953591663,0.047619047619047616,0.009279239127401466,0.021662499594116317,0.08479080615023356,1.71099387127986,0.047619047619047616,0.04354112210422585,-0.7913454370557227,1.0741139035220975e-25,-1.4311081056137702,5,0.8,0.1875,-0.018497631400857206,0.8192971491511191,0.22302158273381295,0.7593296995946264,0.5903594245100285,4.998157762739687e-25,0.39254926108374383,0.056071231694013596,0.14532704367248156
pathway|Association of TriC CCT With Target Proteins During Biosynthesis,pathway,39,32,0.8205128205128205,9.052610659375,0.026096971047138023,0.021080914196897456,0.46163640485911084,0.3959676736063226,0.3145045010956045,0.47851414861413316,0.21990672112060458,0.020074404617725652,0.024900607607469705,0.2418642357789581,0.23809523809523808,0.40444268158765184,0.017825045079275632,0.010079211944363769,0.8206917379575492,0.2857142857142857,0.2059109390425326,0.015605467226108293,0.34350800387945546,0.05911982717393188,32,0.53125,0.4300250329542905,0.09343881924527085,0.24750966664351778,0.2391304347826087,0.4058383935876193,0.18758925243519958,0.3616620189482293,0.539340101522843,0.6679590920003318,0.42058778801408375
pathway|Asymmetric Localization of PCP Proteins,pathway,51,44,0.8627450980392157,10.461065347727272,0.04739189066240516,0.10627609295129718,0.6864204282108335,0.4843228559888933,0.5405816787604357,0.7017890530742804,0.28598719822656055,0.020899301231897906,0.019260341234937008,1.3754994840097337,0.19047619047619047,0.08448832278833068,0.015097376374120808,0.010415481982816577,3.100626004784389,0.047619047619047616,0.0009655601520315438,0.22387425025143007,9.940830779038729e-09,0.5209395106190269,44,0.6363636363636364,0.04807087721030712,0.27222454964390447,0.0006110003853894874,0.14285714285714285,0.2992640092501267,-0.22115218748916138,1.4289243791741127e-08,0.20590916576001467,0.2682565660380951,0.005918698047308742
pathway|Attachment of GPI Anchor to uPAR,pathway,7,6,0.8571428571428571,9.263440833333334,0.09551092638893402,0.1264784987916488,0.38784728898949,0.17859768059297415,0.2660784307140819,0.42031903278537136,0.10134946530951756,0.0349710740223615,0.0724474902605144,0.8356376756306791,0.19047619047619047,0.20167938340929492,0.0184720688883838,0.07038310898645987,1.0945645711014382,0.14285714285714285,0.13685372208393132,-0.55035431437388,3.97390188520733e-18,-0.9301171952179116,6,0.8333333333333334,0.109375,0.15290515935677226,0.057508036618900464,0.22388059701492538,0.7512371648279759,0.6063852312356157,9.063908593272533e-18,0.30649038461538464,0.4624841975662788,0.3231762087996641
pathway|Autodegradation of Cdh1 by Cdh1 APC C,pathway,54,46,0.8518518518518519,10.705181160869566,0.07138276847657067,0.14097437137830587,0.7795423264908828,0.5529988594050022,0.6431284433837918,0.7828097017897874,0.33914970240465353,0.026189794703637453,0.02186023942903328,2.0673595053543186,0.047619047619047616,0.019350145500797385,0.022472439843854126,0.012846614252467027,3.807254399603689,0.047619047619047616,7.025908782849424e-05,0.145263759343743,0.0004763386300222696,0.3079423614301349,46,0.5869565217391305,0.1509978065948303,0.2503335374303116,0.0016804114690596023,0.1678832116788321,0.4033827817237213,-0.05683513609904379,0.0005811787112711902,0.3456412987583638,0.09562571904463824,0.0005705753947855424
pathway|Autodegradation of the E3 Ubiquitin Ligase COP1,pathway,39,38,0.9743589743589743,10.96150385263158,0.07177521886426377,0.16229724696691514,0.7460871863731271,0.5119824813130894,0.6180016368705656,0.7639073073694345,0.3275086390499383,0.026866344814179786,0.02028015440516853,2.214424661315136,0.047619047619047616,0.013399789995722996,0.016779028416600346,0.011831058539213814,4.648458991676833,0.047619047619047616,1.6721204509419988e-06,0.3388706291244434,1.040674113811356e-12,0.6648377130388639,38,0.6842105263157895,0.016776219839812256,0.2547581450807257,0.0013790921173207358,0.20588235294117646,0.3665766301721915,-0.10733734439574372,1.7762509974691815e-12,0.10969066818338782,0.07178866187688546,1.837891012888835e-05
pathway|BH3-only Proteins Associate With and Inactivate Anti-Apoptotic BCL-2 Members,pathway,9,9,1.0,8.929924722222221,-0.011005724162646915,-0.02426229248369051,-0.10861457377599903,0.14199407452812893,-0.08014727197164183,-0.17426109534606057,0.07312650534556756,0.018056106129264646,0.04025667628553486,-0.7219133066470801,0.6190476190476191,0.7648261102038616,0.0051386134141252395,0.04236262388314473,-0.38109862177813947,0.6666666666666666,0.6484349649743214,0.2596937967235326,3.807448122978386e-19,0.9573328735084775,9,0.5555555555555556,0.5,0.14418162482678612,0.07347307311963971,0.2,0.4966505010683308,0.2259255551199059,9.22908052623088e-19,0.539340101522843,0.8758533214292891,0.8183589932867793
pathway|Beta Oxidation of butanoyl-CoA to acetyl-CoA,pathway,5,4,0.8,8.6853965,0.13525194553582062,0.251661095227168,0.3848518839864166,0.1169972719665585,0.24109492216125744,0.38851971409473157,0.06895769146587193,0.03206275954007064,0.05520678458172123,1.8691395772742678,0.09523809523809523,0.03080169900920266,0.014398171448878524,0.09479178861307852,1.2749392732765439,0.19047619047619047,0.10116536847802604,-1.5241145607033315,1.628958993624077e-27,-3.182625640924287,4,1.0,0.0625,0.13435918919789888,0.09555725643509702,0.20714285714285716,0.8754250379632292,0.7746733646592859,2.1846601339144965e-26,0.2219707520891365,0.1317456079545039,0.2692815131721988
pathway|Beta Oxidation of decanoyl-CoA to octanoyl-CoA-CoA,pathway,6,5,0.8333333333333334,9.8934746,0.05404855451288548,0.14811397986839414,0.22220363207891392,0.034640655057258225,0.0848120856593263,0.15636272268810367,0.012157035036380073,0.007125599354915526,0.08224612346946135,0.5705187451830824,0.2857142857142857,0.28416295595600677,0.01667322845298786,0.07139445627555985,0.5235045969905671,0.3333333333333333,0.3003115764227121,-1.6282604741478053,1.628958993624077e-27,-4.354298896589119,5,1.0,0.03125,0.27721633205504176,0.00047928312958303104,0.1678832116788321,0.4631470238388849,-0.15382492286006366,2.1846601339144965e-26,0.15625,0.5521022132810005,0.5340268618395508
pathway|Beta Oxidation of hexanoyl-CoA to butanoyl-CoA,pathway,5,5,1.0,9.43687692,0.18562711735991605,0.2575946266101873,0.5326433719418532,0.15390362922252648,0.33475114030371395,0.5015933385567942,0.07972538455118275,0.035102668279377865,0.07705761365030252,1.953401383069527,0.09523809523809523,0.02538602624102611,-0.0011100513036984092,0.04725792467950531,3.9514466606401384,0.047619047619047616,3.8840093568668066e-05,-1.6109664855422239,1.628958993624077e-27,-3.3702607997048966,5,1.0,0.03125,0.12321871676710386,0.12664420726131545,0.2446043165467626,0.7891911022295343,0.5725378007077924,2.1846601339144965e-26,0.15625,0.11825639491335932,0.00033235650536947507
pathway|Beta Oxidation of lauroyl-CoA to decanoyl-CoA-CoA,pathway,5,4,0.8,9.92455275,0.21080358656867734,0.2565880463163377,0.516545447437848,0.08514900353688783,0.3623271512306797,0.5319238494268661,0.0769608962616102,0.022739430788713176,0.06830690859986548,2.7532230580309784,0.047619047619047616,0.002950583712095576,0.024503773365371108,0.07527074929128663,2.4750625569350135,0.047619047619047616,0.006660642011005805,-1.6343081846571106,1.628958993624077e-27,-3.358463441593224,4,1.0,0.0625,0.11771132093712738,0.14464555364140966,0.22302158273381295,0.9236697518761238,0.8719652914311079,2.1846601339144965e-26,0.2219707520891365,0.022260320904863077,0.03168775583594179
pathway|Beta Oxidation of octanoyl-CoA to hexanoyl-CoA,pathway,5,5,1.0,9.8934746,0.05404855451288548,0.14811397986839414,0.22220363207891392,0.11348886223759412,0.12780006751166642,0.22663603451210895,0.040210276160783265,0.02496430929419532,0.10818678712335492,0.2688336163040706,0.38095238095238093,0.39402886161167494,0.01896718836250284,0.056992735072977904,0.6155410177360632,0.2857142857142857,0.2690987448609184,-1.6282604741478053,1.628958993624077e-27,-4.354298896589119,5,1.0,0.03125,0.27721633205504176,0.00047928312958303104,0.1678832116788321,0.4631470238388849,-0.15382492286006366,2.1846601339144965e-26,0.15625,0.6621698719959924,0.5023439234226516
pathway|Beta-catenin Phosphorylation Cascade,pathway,17,15,0.8823529411764706,9.677405933333334,0.04782320067250418,0.10886276775174619,0.42967196776123123,0.19782847951638508,0.2608575568578748,0.41377799647399655,0.09371275885516098,0.016175142162373066,0.026939678828457134,1.1747749003117434,0.14285714285714285,0.12004239220570839,0.019586056619615082,0.018452241543473927,1.5302825939256055,0.09523809523809523,0.06297339741178341,0.7199987189929421,1.1146607668058413e-25,1.5781044439256504,15,0.7333333333333333,0.05923461914062499,0.028842125616319166,0.7216540385276654,0.20689655172413793,0.521206609589938,0.20439024241750986,5.16797264609981e-25,0.2219707520891365,0.3378676601816296,0.19254456043171186
pathway|Biotin Transport and Metabolism,pathway,11,10,0.9090909090909091,8.161060160000002,0.08432997321768959,0.19014513307023181,0.47942821522746454,0.006093319578348971,0.32213204554133207,0.487291789995815,-0.004797658373375733,0.0006126919529198984,0.02162597527517522,3.8711447784216237,0.047619047619047616,5.416271359759611e-05,0.040960564340682536,0.044887246329509106,0.9661855520973623,0.2857142857142857,0.16697567055796592,-1.0823788301611084,2.2141114461665848e-27,-2.1899716205246222,10,0.9,0.0107421875,0.3174116206374271,5.713886413880926e-05,0.14492753623188406,0.761253011064821,0.6097624828294763,2.2054406259585878e-26,0.08056640625,0.0006514854701597646,0.36642681576834174
pathway|Branched-chain Amino Acid Catabolism,pathway,21,20,0.9523809523809523,8.959446334999999,0.05192004347655191,0.06660387440546739,0.5227339000263556,0.24725647134333006,0.3846772317607364,0.5556200722266318,0.11757079687716496,0.01615830731405258,0.03052315369414169,1.1716265141161701,0.19047619047619047,0.1206735191073191,0.02207893163152711,0.02362079789974765,1.2633405514783056,0.14285714285714285,0.10323340937741388,-0.6040661365985132,2.0507319648420647e-27,-1.887073423547906,20,0.7,0.057659149169921875,0.12790435371080533,0.11273297012093454,0.24444444444444444,0.6359047768877049,0.4654357960044039,2.1846601339144965e-26,0.2219707520891365,0.3381510700260041,0.27307592729502633
pathway|Branched-chain Ketoacid Dehydrogenase Kinase Deficiency,pathway,5,5,1.0,9.558485800000001,-0.05937428970354262,-0.05217441189786589,-0.38933815388284193,0.12706376952011902,-0.13016573839376447,-0.29928859815983905,0.04893195412136747,0.028288287008474865,0.07292322330928926,-1.202121529107596,0.9523809523809523,0.8853417768769627,0.019771203363964023,0.07537314231972021,-1.0500490046147306,0.9523809523809523,0.8531522086200154,-0.05065643569156523,0.0804337477283146,-0.11727774603934099,5,0.6,0.5,0.12835551545228963,0.11145908147734401,0.24060150375939848,0.14256078202938113,-0.7607755646561731,0.08848406242761098,0.539340101522843,0.9344459979454697,0.9205970594775138
pathway|Butyrate Response Factor 1 (BRF1) Binds and Destabilizes mRNA,pathway,17,17,1.0,9.514722882352942,-0.0132444722620678,0.01811680815070648,-0.2856989342053041,0.2140499119205123,-0.10299154122366387,-0.22963337795980407,0.10941347250091449,0.015767715370640256,0.024232281214053276,-1.1972536706896055,0.9047619047619048,0.8843961518611493,0.010785981032020565,0.0229619898320937,-1.046531832380715,0.8571428571428571,0.8523422220071917,-0.07762369547254508,0.0015737146277140473,-0.25404135714798687,17,0.5882352941176471,0.3145294189453125,0.12085011762431118,0.1341622414765986,0.19014084507042253,0.16619295727659053,-0.3774428710057442,0.0018527111268101667,0.5167848056124658,0.9342212871772704,0.9205970594775138
pathway|CASP8 Activity Is Inhibited,pathway,11,9,0.8181818181818182,9.277920155555556,0.08545557888635136,0.022676396184821583,0.4568067368699253,0.13854193348164776,0.28381680256084196,0.44214533100783504,0.05278770822051967,0.017555476784054246,0.04844514060410896,1.4015874710153702,0.19047619047619047,0.08051923525195431,0.02731501024029518,0.05731647999071209,1.0143778657635225,0.2857142857142857,0.1552012409363434,0.640408844241868,4.599149226246152e-25,1.2815313701646713,9,0.7777777777777778,0.08984375,0.2387515710096355,0.0027737276213320333,0.17266187050359713,0.4782928779202451,0.06466477862915297,1.8734553557392474e-24,0.2922213807397959,0.2618026450118147,0.3489974994600315
pathway|CD209 (DC-SIGN) Signaling,pathway,21,19,0.9047619047619048,9.714749568421055,0.04603034357983148,0.02164276567540634,0.47829064174613234,0.24267800888317007,0.3163408842970475,0.48063672270724905,0.12541839894076287,0.01658566122266662,0.027973685246938967,1.0525850311548373,0.19047619047619047,0.14626561029623447,0.021425351485781167,0.02312252100021439,1.0641137311032036,0.23809523809523808,0.1436385906224939,0.5513356978085273,5.227087689651482e-27,1.8904074497927792,19,0.7368421052631579,0.0317840576171875,0.25240565885727173,0.0015325310518502343,0.15602836879432624,0.610238686605363,0.4329413961253901,3.6024523266516965e-26,0.1570723777593568,0.3767447537933312,0.3341956259921163
pathway|CDK-mediated Phosphorylation and Removal of Cdc6,pathway,60,48,0.8,10.573661737499998,0.0710035883476569,0.12863469459173396,0.7858057903394751,0.5646142810766149,0.6664722713405983,0.799860019038244,0.3765347207972004,0.026306242981474586,0.01929963919457301,2.315967926423777,0.047619047619047616,0.010280009988551168,0.021212503423624126,0.011510696256360003,4.325636244334195,0.047619047619047616,7.6046113954009735e-06,0.17011956460779726,2.2147500651383008e-05,0.37091002364412434,48,0.5833333333333334,0.15616340373663468,0.24425896683961196,0.0021919166140735094,0.16666666666666666,0.4360624369398783,-0.051662805658188274,2.8523296293447813e-05,0.35555060672180216,0.06096284993210576,7.458368868566339e-05
pathway|CLEC7A (Dectin-1) Induces NFAT Activation,pathway,11,10,0.9090909090909091,9.35089755,0.06611334196813302,0.024881008247935595,0.4144984937300643,0.09772088616835116,0.2649266827554046,0.4188806930348116,0.04134643029545707,0.01071440790889926,0.034574282027726284,1.6023162538793283,0.14285714285714285,0.05454284660252406,0.04355620256422284,0.06442811993052153,0.35011326464648546,0.23809523809523808,0.3631268482016549,0.2106173511390551,6.205715141317076e-08,0.48476326838265116,10,0.6,0.376953125,0.1230994811639973,0.12701473365766125,0.2302158273381295,0.7095454236581987,0.624052218342968,8.733208394237608e-08,0.539340101522843,0.195532411377041,0.6036332874277835
pathway|CLEC7A (Dectin-1) Signaling,pathway,87,78,0.896551724137931,10.257239438461538,0.021322555635962786,0.052915408012499894,0.629546590348531,0.5212694883046635,0.47777457788855265,0.6466136108136302,0.31902057235604186,0.013767525610805803,0.011374277080933925,0.6642206771822945,0.23809523809523808,0.2532745406469533,0.016671095975492507,0.009738515467580805,0.4776353927818705,0.2857142857142857,0.31645486779496645,0.4720927258187692,4.844035936128758e-27,1.6996009071058504,78,0.717948717948718,7.474076936188761e-05,0.14082369243659565,0.08050394018405509,0.17482517482517482,0.30491170982160587,-0.13019125239471377,3.41223525887523e-26,0.0013613497276629529,0.5242289599429634,0.5557575157556228
pathway|CLEC7A Inflammasome Pathway,pathway,6,6,1.0,9.911842666666667,-0.07208602569514347,-0.0589123392396794,-0.676260989499158,0.0834273933759527,-0.19450219904830054,-0.48293663575119705,0.04465788083336679,0.014943478441262332,0.05020722559959837,-1.7334059609360686,1.0,0.9584882305771093,0.025626869319883262,0.06201781412977955,-1.5755617379637248,1.0,0.9424365800864507,0.6304538228220576,1.8993156846494713e-27,1.9591227944321281,6,0.8333333333333334,0.109375,0.05601817537301408,0.48873688265921317,0.2446043165467626,0.35943262487622984,-0.2179921596748015,2.1846601339144965e-26,0.30649038461538464,0.9675950071146591,0.9640358019939823
pathway|CREB Phosphorylation,pathway,7,7,1.0,9.463189771428572,-0.055878329728055336,0.020661283944360613,-0.58843183753949,-0.013772700667432624,-0.17916827333902652,-0.4365529925795084,-0.016666226305225847,-0.0019445726521496892,0.07040535276900727,-0.7660462586254879,0.9047619047619048,0.7781756109421931,-0.005423820527767338,0.03901650216660096,-1.2931581868832476,0.9523809523809523,0.9020218230568369,0.5061474900443583,1.070778867117349e-21,1.1223432334767827,7,0.8571428571428571,0.0625,0.1945989494376591,0.015250764930799585,0.19285714285714287,0.406145662252774,0.20521685835950096,3.040630413306503e-21,0.2219707520891365,0.883503031123149,0.9442346669929942
pathway|CTNNB1 S33 Mutants Aren'T Phosphorylated,pathway,15,13,0.8666666666666667,9.564232500000001,0.062417262170890775,0.1175450887446744,0.4639343012713246,0.284822563215553,0.27289710202811557,0.42878108779304586,0.14465854676060547,0.029724349989412334,0.04871824926106905,0.671060899711014,0.2857142857142857,0.25109086717046314,0.025710710146592708,0.031938869679663695,1.1492752371155477,0.19047619047619047,0.1252212528058041,0.5996472879984039,1.4184794025286539e-22,1.1950643648001271,13,0.6923076923076923,0.1334228515625,0.04460056072959298,0.5815979434055486,0.2647058823529412,0.5000573502489546,0.17762355695616558,4.347502976500081e-22,0.31856579727001405,0.5205542368168138,0.30810040264373384
pathway|CTNNB1 S37 Mutants Aren'T Phosphorylated,pathway,15,13,0.8666666666666667,9.564232500000001,0.062417262170890775,0.1175450887446744,0.4639343012713246,0.11789642728537317,0.2833841972808551,0.4416202067646926,0.04235589812339269,0.010176431222210843,0.032053271895189105,1.6298127417226567,0.09523809523809523,0.05157053999709399,0.0291469804404303,0.03465806166181913,0.9599579473053019,0.19047619047619047,0.16853819000309356,0.5996472879984039,1.4184794025286539e-22,1.1950643648001271,13,0.6923076923076923,0.1334228515625,0.04460056072959298,0.5815979434055486,0.2647058823529412,0.5000573502489546,0.17762355695616558,4.347502976500081e-22,0.31856579727001405,0.18948829537837128,0.36732682436571673
pathway|CTNNB1 S45 Mutants Aren'T Phosphorylated,pathway,15,13,0.8666666666666667,9.564232500000001,0.062417262170890775,0.1175450887446744,0.4639343012713246,0.17554727619209481,0.3211939560725759,0.4862177193534362,0.07006485549708376,0.016114964057438168,0.03261753841019033,1.4195521909460496,0.23809523809523808,0.07786904618930855,0.03928450320113876,0.0334664203067692,0.6912229858379264,0.2857142857142857,0.24471271051225046,0.5996472879984039,1.4184794025286539e-22,1.1950643648001271,13,0.6923076923076923,0.1334228515625,0.04460056072959298,0.5815979434055486,0.2647058823529412,0.5000573502489546,0.17762355695616558,4.347502976500081e-22,0.31856579727001405,0.25522630820403186,0.47131224456664556
pathway|CTNNB1 T41 Mutants Aren'T Phosphorylated,pathway,15,13,0.8666666666666667,9.564232500000001,0.062417262170890775,0.1175450887446744,0.4639343012713246,0.15424763052882232,0.31492061949758016,0.4789956364330321,0.08543160671607448,0.013835073741781384,0.021651891203424187,2.24378498730985,0.09523809523809523,0.012423119398626043,0.035345017788112894,0.04841039747890899,0.5592237575527546,0.2857142857142857,0.2880045105877821,0.5996472879984039,1.4184794025286539e-22,1.1950643648001271,13,0.6923076923076923,0.1334228515625,0.04460056072959298,0.5815979434055486,0.2647058823529412,0.5000573502489546,0.17762355695616558,4.347502976500081e-22,0.31856579727001405,0.06983470494922735,0.5187472077291803
pathway|Calcineurin Activates NFAT,pathway,9,8,0.8888888888888888,9.7306965625,0.024444490186892067,0.07174775156311879,0.16698318901787293,0.13999424208424496,0.12669440063852996,0.2248957668853748,0.07667999123814442,0.019942085229390005,0.05236654280285529,0.0859786557698166,0.47619047619047616,0.4657416923065359,0.004526973000616952,0.04406409604070017,0.45201238595427295,0.2857142857142857,0.32563002978837635,0.29573513895716946,1.9743274511442814e-11,0.6152413183279423,8,0.75,0.14453125,0.17316876671715384,0.03117835684423361,0.20588235294117646,0.34324828783479827,-0.3704502944350773,3.202630407390533e-11,0.3328391494259938,0.7232894734358505,0.566409669822892
pathway|Calnexin Calreticulin Cycle,pathway,26,21,0.8076923076923077,10.25105941904762,0.03829691719096534,0.04579801530942382,0.4554152549125252,0.30145328621602757,0.28025010442231135,0.43780524360709805,0.1724434907880652,0.020135903388858224,0.021231505423682493,0.8553804094291673,0.2857142857142857,0.19617029271936925,0.012830453427488045,0.017982647213426232,1.4161687910144556,0.23809523809523808,0.07836304551025158,0.24572312325920603,1.9149619433538257e-13,0.7149554686309152,21,0.6666666666666666,0.09462356567382812,0.08740936482871967,0.2794745578604037,0.21739130434782608,0.32532378804896206,-0.18396549175701735,3.41002301365381e-13,0.3038918041161986,0.45893050131595564,0.22485582346385602
pathway|Cap-dependent Translation Initiation,pathway,124,116,0.9354838709677419,12.302896233620688,0.04026927423387699,0.22474105063829508,0.8295619909161833,0.829623515194632,0.7164488683861582,0.834803624601738,0.7247429604478187,0.040286097240612426,0.014056568671083533,-0.001196807494708519,0.42857142857142855,0.5004774569971597,0.014594295205142827,0.007257118224874345,3.5379028194319817,0.047619047619047616,0.00020165923461657145,-1.2213859504017452,1.6605450340442345e-27,-3.1490828866830394,116,0.9396551724137931,5.989946778828109e-25,0.22675066868615254,0.004550767344491469,0.16901408450704225,0.2198616446271676,-0.3323483889123399,2.1846601339144965e-26,1.5274364286011678e-22,0.7402653801292096,0.0015035995563516293
pathway|Carnitine Shuttle,pathway,14,12,0.8571428571428571,8.628749591666667,0.016410062078065446,0.01707906031456785,0.16680979494393294,0.08230286634256145,0.08499306616298688,0.15667024760547046,0.05678620722385523,0.007418235755614401,0.023647779352392664,0.3802397759407908,0.2857142857142857,0.3518837178602926,0.02678498627211165,0.041512320070522295,-0.2499239786266099,0.42857142857142855,0.5986769303623333,-0.16359893995654728,3.289231310601502e-07,-0.46851397253324195,12,0.5833333333333334,0.38720703125,0.2281814959234314,0.004295380708487635,0.14482758620689656,0.5932759080109508,0.43628714560859977,4.490117688454941e-07,0.539340101522843,0.6310151058676133,0.7905317756180471
pathway|Cell Recruitment (Pro-Inflammatory Response),pathway,27,23,0.8518518518518519,10.327052552173914,0.038960229943859066,0.02894103117050581,0.48251208742221674,0.33672094650900153,0.3131660765155302,0.4769633972673319,0.15208567881447382,0.02159555803670455,0.033594773766083726,0.5168861093711358,0.3333333333333333,0.3026178323994614,0.004324363442822893,0.014643241805605178,2.3653141128747985,0.09523809523809523,0.009007392161786393,0.34941512549031556,1.4734163416045117e-24,1.295961826798741,23,0.6956521739130435,0.04656982421875,0.016290161451451773,0.8405558356007302,0.26666666666666666,0.5869842674665002,0.4241162511359264,5.60777861356941e-24,0.20196097237723215,0.5741632980793352,0.041310881317545504
pathway|Cellular Response to Hypoxia,pathway,62,51,0.8225806451612904,10.611821498039212,0.03062753544664503,0.10615713198371092,0.6170572175787818,0.5747794451695064,0.45010843840781734,0.620792799333028,0.3698337400703849,0.02581998692258668,0.020794315602234704,0.2311953235691824,0.3333333333333333,0.4085815314272243,0.01200575097396169,0.008591616594319472,2.167436624790208,0.047619047619047616,0.015100788580194108,0.5073105340720103,1.395546107952254e-24,1.269480440771743,51,0.7450980392156863,0.00031052172811385503,0.2739744126840901,0.0005614385489775928,0.17164179104477612,0.09386089001066322,-0.32849655269452654,5.359401468792542e-24,0.004887842016606978,0.6737808279256098,0.06282620180157458
pathway|Cellular Response to Mitochondrial Stress,pathway,9,8,0.8888888888888888,9.8575935,0.06832887634386157,0.05892450692095941,0.36976947947799205,0.11531724338021775,0.22206568169667495,0.36342675360683796,0.05535677496986643,0.01603236226626898,0.04962376222823843,1.05386032274339,0.23809523809523808,0.14597343539524932,0.038341669894408396,0.04385944613072339,0.6837114714143014,0.19047619047619047,0.247078689137619,-0.9250310968326055,2.17209500901849e-27,-1.995117403603646,8,0.875,0.03515625,0.20790177564371112,0.009436219382410157,0.2014388489208633,0.5883170818411947,0.2509046138860243,2.2054406259585878e-26,0.1629971590909091,0.3767447537933312,0.47372229872250254
pathway|Cellular Response to Starvation,pathway,161,134,0.8322981366459627,11.61077889402985,0.02729041242715512,0.11689162081431541,0.7898945122989596,0.8139445358061519,0.6771578646515581,0.8075064117977262,0.6930829704989799,0.031615172855935486,0.01009684226908492,-0.42832801716851227,0.6190476190476191,0.6657938381344567,0.013415032044767083,0.006100019606203962,2.2746452106934583,0.047619047619047616,0.011463610835436166,-0.8906453840846937,1.628958993624077e-27,-3.11199816257293,134,0.7910447761194029,3.5276127366175107e-12,0.11264864168089975,0.1628476137718126,0.21428571428571427,0.036502561751650196,-0.7107801305556329,2.1846601339144965e-26,1.36294128460222e-10,0.8186479890694743,0.050008268124568656
pathway|Chaperone Mediated Autophagy,pathway,22,18,0.8181818181818182,11.419668205555556,0.02106271067485778,-0.005765686929162567,0.27916814750011426,0.3529621544629473,0.16954682998028883,0.28993594037298415,0.19375465293006944,0.029414387032859708,0.028365735597498,-0.2944283369382668,0.6190476190476191,0.615784691865703,0.010941770953130923,0.014535517545852944,0.6962902896164445,0.42857142857142855,0.2431235265508172,-0.22668636732156178,2.641367544648497e-19,-0.9405891357926819,18,0.6111111111111112,0.2403411865234375,0.09011311269375785,0.2648126276028625,0.23741007194244604,0.0810674305660999,-0.5622960186086475,6.46399926953327e-19,0.4587350491278186,0.7919296346012342,0.46895990370997265
pathway|Citric Acid Cycle (TCA Cycle),pathway,34,29,0.8529411764705882,9.853189544827584,0.03398549111766533,0.059874623287396046,0.5050125015815871,0.42611615350486975,0.34561370858141044,0.5136893394847584,0.21686216284429877,0.024964699282440293,0.025391279366541262,0.3552712608531244,0.3333333333333333,0.3611931917364858,0.019592218320584723,0.014165780098475791,1.0160593131492484,0.19047619047619047,0.15480057126771046,-0.8131768192961376,1.628958993624077e-27,-2.996432672826231,29,0.8275862068965517,0.0002730563282966614,0.13292513937675227,0.09918164029287484,0.23357664233576642,0.1689545864606936,-0.5520556364440435,2.1846601339144965e-26,0.004351835232228041,0.6339878656969712,0.3487115342161322
pathway|Cohesin Loading Onto Chromatin,pathway,10,8,0.8,8.989863312499999,0.18585897358586262,0.13894436209601893,0.6461814462435368,0.20242424938122666,0.5002110925614693,0.6668542780968323,0.12163800465383864,0.030749402867780884,0.05717727510020334,2.712783539373847,0.047619047619047616,0.0033360337037776503,0.014180208686065596,0.028472876976377796,6.029554549132088,0.047619047619047616,8.220610809189344e-10,0.45891195923192873,1.22370975088748e-13,0.6926567453375819,8,0.75,0.14453125,0.2719764106860881,0.0006183460859371415,0.17037037037037037,0.8072579734481877,0.6786891833209436,2.1975069470162494e-13,0.3328391494259938,0.024729319606491305,1.3437536899636427e-08
pathway|Constitutive Signaling by EGFRvIII,pathway,15,12,0.8,9.407336858333332,-0.009274401317457453,0.042320998359859904,-0.12393663478804387,0.12306642193964092,-0.022998603176743262,-0.04707998013416105,0.0670139861132035,0.01155958183976336,0.031456008593720955,-0.662321257166097,0.7619047619047619,0.7461173218221151,0.017823895389587677,0.025206572154744703,-1.075048861887567,0.7619047619047619,0.8588235735880639,0.2719298241024819,7.661486992581588e-13,0.6602520322909027,12,0.6666666666666666,0.19384765625,0.17769005188360026,0.026970172666262077,0.21428571428571427,0.5291011378801419,0.4089251117533093,1.320053502100206e-12,0.3948175107328275,0.8679740741999971,0.9209420154119273
pathway|Constitutive Signaling by Ligand-Responsive EGFR Cancer Variants,pathway,19,16,0.8421052631578947,10.60029326875,0.004636477037806719,0.005708451429244787,0.06935985217554404,0.14179929119645865,0.03585310950388883,0.0692243121634501,0.06879088172703147,0.01022123423367356,0.02391025302037727,-0.23357164774071149,0.5714285714285714,0.5923412296154882,0.015940850231624296,0.024969823027878146,-0.45272139819319274,0.5714285714285714,0.6746253154067814,0.16923390987602455,5.2077569680806715e-09,0.5237654240420055,16,0.625,0.2272491455078125,0.12301247139956818,0.12728564457740424,0.20279720279720279,-0.029632625632019478,-0.7671916671902662,7.588445867774692e-09,0.43570324890595624,0.7785928533605644,0.8286582631441679
pathway|Constitutive Signaling by Overexpressed ERBB2,pathway,11,9,0.8181818181818182,9.950895388888888,-0.005855774191569907,0.11530209468208337,-0.05529219667018026,0.12314383394010059,0.010919830655004221,0.02160375199669186,0.06638606926674118,0.015364460252862536,0.0432892775350849,-0.4901960867153295,0.7619047619047619,0.6880024251548444,0.015418322521794463,0.04092149565238097,-0.5198758347955584,0.6666666666666666,0.6984249404121177,0.57216876287415,4.549114101713413e-21,1.0558836368376026,9,0.7777777777777778,0.08984375,0.27528278173439463,0.0005268333404210637,0.16058394160583941,0.41534175537277696,0.19335567950053634,1.2236541096381017e-20,0.2922213807397959,0.8297411748025726,0.838504518856356
pathway|Cross-presentation of Particulate Exogenous Antigens (Phagosomes),pathway,8,8,1.0,11.149066125000001,0.009736376610585129,0.09899257800975127,0.07292110172023225,0.28441650382087474,0.08388477094128775,0.15478540374442007,0.10357826569378722,0.04733108763686013,0.1158613711254092,-0.32448011499520585,0.47619047619047616,0.6272127127446583,0.0057370354951085285,0.0408689496490847,0.09785769269375313,0.38095238095238093,0.461022647511888,0.3425771382846099,8.486543318152445e-13,0.6827359675004745,8,0.625,0.36328125,0.11616125809674197,0.15004657276553113,0.2097902097902098,0.22983509589194337,-0.37033211195966076,1.456304539790628e-12,0.539340101522843,0.7949266488563015,0.691533971267832
pathway|Cross-presentation of Soluble Exogenous Antigens (Endosomes),pathway,37,33,0.8918918918918919,10.542773254545454,0.07747784100543705,0.21434278720822295,0.7348533990743137,0.47524839693675985,0.5952837747121168,0.7463045561527648,0.3063143102436023,0.02671127623095094,0.018971513293580284,2.6759364943051143,0.09523809523809523,0.003726038205744802,0.020481301748120552,0.018913646350090192,3.0135140629318524,0.047619047619047616,0.0012912053615190154,0.4540084985635963,5.848666798254491e-16,0.7952976046421373,33,0.7272727272727273,0.0067654934246093035,0.33624762334439756,1.8892938877454058e-05,0.1386861313868613,0.3279565992981856,-0.15060584302760396,1.1688166407170025e-15,0.05750669410917908,0.027146849784712126,0.007765503943097852
pathway|Cyclin A Cdk2-associated Events at S Phase Entry,pathway,75,61,0.8133333333333334,10.15726611639344,0.03876146950419142,0.07527076104687548,0.7109655261445872,0.5487233019911502,0.5836472009338166,0.7370924541648696,0.3781034509995017,0.019543793238442016,0.011287774561179654,1.7025212686158586,0.09523809523809523,0.04432884746969399,0.014479553198798198,0.0070748012005787215,3.4321694160688145,0.047619047619047616,0.0002993866925367395,0.23653956658964126,7.372839555471866e-13,0.6671268037261777,61,0.6065573770491803,0.061865721269046076,0.16141922593535496,0.04479605129854681,0.23134328358208955,0.5498547761538874,0.29037412354438047,1.2737629313315214e-12,0.2219707520891365,0.1709796770726261,0.0020953845105924564
pathway|Cyclin D Associated Events in G1,pathway,47,41,0.8723404255319149,9.818577975609758,0.0384309602402937,0.024667298158664325,0.6210174668186396,0.3378149014445244,0.44322861959791715,0.614218168319584,0.1750922379491213,0.012289807438877877,0.015064269879568463,1.7353083163274206,0.14285714285714285,0.04134310475932364,0.012126579993009564,0.011479233715720452,2.2914752760248374,0.09523809523809523,0.010967970114158355,0.18619173942358208,7.003939125788837e-14,0.7173477394017194,41,0.5121951219512195,0.5,-0.023753665689149557,0.7692329842357297,0.27007299270072993,0.5434015350608844,0.22642151454143167,1.2702734545349597e-13,0.539340101522843,0.16421326656740698,0.04906723472123475
pathway|Cyclin E Associated Events During G1 S Transition,pathway,73,60,0.821917808219178,10.181119635,0.03990354384311286,0.08082218931555546,0.713772216176732,0.5790111990994178,0.5760612338938366,0.7310137721877881,0.3753567629470421,0.02240899437951223,0.016381385928575496,1.0679529522031066,0.19047619047619047,0.14277086740126038,0.01359626402331971,0.009270078964228868,2.8378700894897415,0.047619047619047616,0.0022707831437476333,0.2620028330186381,3.6774955540375124e-14,0.7239939740450837,60,0.6166666666666667,0.04623049053646187,0.1750024169379008,0.02940883974487285,0.22388059701492538,0.5380364627936937,0.278068210107045,6.765955023662089e-14,0.20196097237723215,0.37301814741107986,0.012643006586367828
pathway|Cytochrome C-Mediated Apoptotic Response,pathway,13,11,0.8461538461538461,9.331020454545454,0.046999387976593546,-0.012486489564615818,0.35169756477139147,0.11127967917762761,0.20429093864774572,0.3392717359098235,0.03732161977835029,0.011254919802302664,0.03529241199130595,1.0128088775314166,0.19047619047619047,0.1555757297605222,0.019969237706152033,0.03987311092286012,0.677904222791519,0.23809523809523808,0.24891621118457974,0.6644113759534617,1.9735842652795765e-27,2.056920819254082,11,0.7272727272727273,0.11328125,0.32899358705810317,2.91843301074278e-05,0.1223021582733813,0.7285786260816396,0.5612665280467422,2.1846601339144965e-26,0.30649038461538464,0.39041971143686277,0.4758143467171501
pathway|Cytosolic Sensors of Pathogen-Associated DNA,pathway,64,53,0.828125,9.811860360377358,0.05059644362786485,0.057517918820055906,0.7385294364186186,0.50655041499674,0.6119526886589877,0.7592687961184296,0.3249360160901385,0.01900083366585556,0.012742062334561599,2.479630779729376,0.047619047619047616,0.006575924510385607,0.015710706258592187,0.01425384601619226,2.4474613609297258,0.047619047619047616,0.007193327499849338,0.15054078708234964,9.519889661552619e-08,0.4981699882655236,53,0.5283018867924528,0.3919231511047494,-0.032380522703103355,0.6891742193292063,0.26811594202898553,0.49831069668811073,0.13786005098959606,1.3352980548382388e-07,0.539340101522843,0.043218060570833244,0.03359521085094471
pathway|DARPP-32 Events,pathway,24,20,0.8333333333333334,9.52355315,0.030597064877018677,0.08231486048334265,0.3869753877115804,0.27147523405911334,0.2500616919923505,0.4000789618531574,0.13324195794722812,0.018291050577949892,0.02399104067148146,0.5129420798197031,0.2857142857142857,0.3039959185064427,0.02140652940107518,0.02141842034243666,0.429094925256189,0.3333333333333333,0.3339270726095351,0.6613692200997491,1.2498024818315687e-26,1.6833129900141346,20,0.8,0.005908966064453125,0.01348973607038123,0.8676895284702644,0.2932330827067669,0.5080874047466374,0.3291333277423478,7.446253104370327e-26,0.05125123627331792,0.5759209451645089,0.5769065278823269
pathway|DEx H-box Helicases Activate Type I IFN and Inflammatory Cytokines Production,pathway,7,7,1.0,9.751960357142858,0.06343440223769478,0.16351591647890928,0.32162737427962096,0.20865229851121556,0.17325027356948136,0.2953338728699154,0.09148679278122662,0.03629943792195798,0.0574872202167285,0.4720173320859348,0.2857142857142857,0.3184572086895604,0.013530113477348588,0.0676658996483107,0.7375101641997022,0.2857142857142857,0.2304060822053971,1.2484004715706416,1.6927383807402364e-27,2.5300300802126903,7,0.8571428571428571,0.0625,0.05850923270278109,0.4695831108189237,0.24822695035460993,0.44131296390690505,-0.16551062591420812,2.1846601339144965e-26,0.2219707520891365,0.5953562185911869,0.45518491412508616
pathway|DNA Damage Bypass,pathway,48,39,0.8125,9.792052505128204,0.015999936884447168,0.027215217912029216,0.3880587495087406,0.3695218596234616,0.23101312751933167,0.3753219561270745,0.21634592897056631,0.014805647588723691,0.01369824255884427,0.08718558534739798,0.47619047619047616,0.46526199847513144,0.012191661864348712,0.013545293531171327,0.2811511623084875,0.42857142857142855,0.38929723059758625,-0.04408798458594619,0.01710919010815172,-0.18202189069725533,39,0.5128205128205128,0.5000000000000002,0.1664754600238471,0.038424682669646625,0.21323529411764705,0.2974522814098716,0.03936329004018813,0.019442261486536046,0.539340101522843,0.7232894734358505,0.6306911931536499
pathway|DNA Damage Recognition in GG-NER,pathway,38,38,1.0,10.035208794736842,0.031344239976574303,0.031011375927928374,0.551493624347347,0.4196463129537918,0.4151099184453391,0.5866822259310924,0.2542534498935747,0.018673283459946722,0.01868102035394919,0.6782796804752117,0.19047619047619047,0.2487971898346953,0.03157200048334993,0.020667335696306122,-0.011020312928692428,0.5238095238095238,0.5043963797822563,-0.29706869821501297,9.509010779162193e-22,-1.0548279662804618,38,0.6578947368421053,0.036475694258115254,-0.01425026586316909,0.8603039868842103,0.2753623188405797,0.41418131082543647,0.13252377549078034,2.718383126329999e-21,0.16789353855269656,0.5183274788222819,0.7258525781290933
pathway|DNA Damage Reversal,pathway,8,8,1.0,9.432352937500001,0.025885570564232463,0.10730986742838713,0.175317254395402,0.2225425692352145,0.12901360339257414,0.22854215928825133,0.13385327891397167,0.03454448784822888,0.04375546706116511,-0.19789338031501866,0.6666666666666666,0.578435758248679,0.01833730809432583,0.04497660462371685,0.1678264184914999,0.42857142857142855,0.433359919158648,-0.6041882826781168,8.244766104030036e-25,-1.3425366728701948,8,0.75,0.14453125,0.045535110051239086,0.5737000648410677,0.2463768115942029,0.32715841713360255,-0.39680433484918454,3.2344851638887066e-24,0.3328391494259938,0.7755053541188914,0.6711722564192625
pathway|DNA Replication Initiation,pathway,8,8,1.0,8.91286335,0.06557645341151039,0.13076761382614804,0.35956064437897145,0.04962271328133357,0.2219777479780438,0.36330898552832275,0.011557139694722038,0.006484390583034537,0.04179113639527833,1.4139855463502597,0.14285714285714285,0.07868307315968542,0.025821341886269077,0.045299882933952915,0.8775985488351954,0.2857142857142857,0.19008080854357096,-0.7133985341842212,1.7081646243133654e-23,-1.3250696348704523,8,0.875,0.03515625,0.25351422770777604,0.001458384142395057,0.17518248175182483,0.5031807957252984,0.13455400763345274,5.776949326258728e-23,0.1629971590909091,0.2565752385641916,0.4014773289772585
pathway|DNA Strand Elongation,pathway,32,26,0.8125,8.762924784615386,0.04382010235762226,0.09993392512882213,0.5436990073990637,0.31830898896800447,0.3699233993926079,0.5400643562357185,0.16915409272184886,0.01764239731975226,0.019609685472509433,1.3349375274054338,0.09523809523809523,0.09094839702837126,0.014214443131740275,0.01614929363870753,1.833247935681935,0.14285714285714285,0.03338285408044836,-0.5162050383686091,3.648130208887864e-26,-1.438843724550989,26,0.7307692307692307,0.014479637145996094,0.32525861235538656,3.635312881721637e-05,0.16176470588235295,0.5328873796993824,0.22393685532140575,1.8831441361668125e-25,0.10143701846782979,0.2791068098510624,0.11790343200158354
pathway|Deadenylation of mRNA,pathway,25,23,0.92,9.825982413043478,0.04996165655818416,0.035453164596184,0.5474189901231249,0.23808695251578937,0.3761029902414581,0.5466204098218915,0.1485912473963635,0.013404221695190186,0.016533316253128594,2.211137457439987,0.047619047619047616,0.013513159882707852,0.021886180384423092,0.014839251959942899,1.8919738171134268,0.047619047619047616,0.02924723471463992,-0.17080921773018212,2.4398524085773997e-08,-0.4908129294098732,23,0.5652173913043478,0.3388197422027588,0.2798491830749895,0.000420893034297123,0.16428571428571428,0.5020267737990356,0.30028357740472555,3.4757673976940615e-08,0.537117464201791,0.07178866187688546,0.10563802906845864
pathway|Deadenylation-dependent mRNA Decay,pathway,56,48,0.8571428571428571,9.623877472916668,0.02526227282891375,0.030453616847973222,0.5543703314292593,0.48096950133412153,0.4143164888860726,0.5858893566494324,0.28691321076303683,0.01893995794478846,0.01710942413684273,0.369522365776828,0.38095238095238093,0.3558692027440733,0.01811708561587736,0.008597276492536091,0.831098920598824,0.2857142857142857,0.20295887473456115,-0.24432454779509694,4.494484700720659e-20,-1.0133319422554308,48,0.5416666666666666,0.3327329060383094,0.1004576069092198,0.21360555109783183,0.22302158273381295,0.1505137698828599,-0.35345398509037246,1.139258050381479e-19,0.537117464201791,0.6319404366277068,0.4194044818258759
pathway|Dectin-1 Mediated Noncanonical NF-kB Signaling,pathway,49,45,0.9183673469387755,10.656865886666667,0.0588378522264128,0.14079506230195576,0.737754967883862,0.5580851987399413,0.6106808441384165,0.7582890755307656,0.3402432541703093,0.027297903541044104,0.02295015254767122,1.3742805682818477,0.14285714285714285,0.08467729825957049,0.024378463267498728,0.017687638404218425,1.9482187599841287,0.09523809523809523,0.025694396510136948,0.5156984323070158,2.1104609024516298e-22,1.1116282952285632,45,0.7555555555555555,0.00041204117979987126,0.26202184911862336,0.0009895692800677687,0.16911764705882354,0.3258333215029913,-0.22952137164563516,6.376392537028028e-22,0.006329548243913685,0.2682565660380951,0.0969241288474101
pathway|Defective CFTR Causes Cystic Fibrosis,pathway,48,44,0.9166666666666666,10.596199436363635,0.06348814801319047,0.16468402708744037,0.7489237878780747,0.45248594712884316,0.6427478359569757,0.7825276915766513,0.26617128813302326,0.018436377977587348,0.01841204828844806,2.4468635607407756,0.09523809523809523,0.007205268955951591,0.019524400265802048,0.01715540722575023,2.562675847262835,0.09523809523809523,0.005193448685080199,0.2794560410856386,8.247944420934737e-10,0.5557728051035419,44,0.7045454545454546,0.004779939428317448,0.3083142663787825,9.503735427929735e-05,0.17777777777777778,0.3361654433422013,-0.3189285413560835,1.245986864536942e-09,0.045143872378553676,0.04687100978999122,0.025665298734407958
pathway|Defective HLCS Causes Multiple Carboxylase Deficiency,pathway,7,7,1.0,8.306154157142858,0.0721733357866748,0.22823291895290604,0.35254657603222556,0.1680250759427352,0.17224861687214754,0.2938772789201491,0.07617810975657342,0.028042272206476516,0.04199353340485046,1.0509014127184861,0.23809523809523808,0.14665193575215957,0.010829292535708754,0.0369676399519771,1.6593984179313361,0.09523809523809523,0.0485177674426422,-1.1482982372352861,2.4365926371307377e-27,-2.070218803275956,7,1.0,0.0078125,0.44684025651767584,5.602523234323632e-09,0.10869565217391304,0.6395123367221013,0.32380888599130186,2.2676318338260514e-26,0.06344546178343949,0.37697826226613596,0.15687407834605943
pathway|Defective Intrinsic Pathway for Apoptosis,pathway,25,21,0.84,9.555719314285716,0.042373329498698875,0.014093526941225076,0.4816541334505054,0.22140579802476515,0.3224198676723658,0.48762102801717205,0.10470994152426001,0.013360327497885544,0.021740703844862333,1.3345015050039217,0.09523809523809523,0.09101977697719887,0.0048394581826409645,0.01505464115866272,2.493176085732221,0.047619047619047616,0.006330302106365146,-0.07895459551115853,0.00723580088497868,-0.23731073580006806,21,0.6190476190476191,0.19165515899658203,0.03276401018336502,0.6856866671483993,0.2391304347826087,0.6045373429245454,0.27015638450706125,0.008349001021129246,0.3948175107328275,0.2791068098510624,0.03045711390798325
pathway|Defective LFNG Causes SCDO3,pathway,5,4,0.8,9.8662921,-0.027700434385744693,0.01063638449754715,-0.12084403426955603,0.07904320600431104,-0.032587098715792816,-0.06736957647046998,0.03396835921645033,0.021006093216150202,0.0926851090970162,-0.5255054245112055,0.6190476190476191,0.7003840583195735,-0.00042701219094210886,0.0852277090884737,-0.32000651532813607,0.47619047619047616,0.6255183042289971,0.15230475949153818,0.003694774462189506,0.22338574248139348,4,0.75,0.3125,0.39361606135799687,4.044084085772451e-07,0.13768115942028986,0.3948374735797751,-0.07562315195500592,0.004310006806305233,0.5165088998387369,0.8393180327955215,0.8072225079878252
pathway|Defective TPR May Confer Susceptibility Towards Thyroid Papillary Carcinoma (TPC),pathway,32,26,0.8125,9.198030603846153,0.09276836821435322,0.07272912117558882,0.726672356077788,0.23188061240262445,0.551295586485442,0.7107550505373859,0.11969011995055016,0.011477542351361229,0.017129040054516962,4.745789933601997,0.047619047619047616,1.0384708795857839e-06,0.02395538568108949,0.0196457637836843,3.502688075197796,0.047619047619047616,0.0002302942457313393,-0.44426094356761153,1.0382290967338465e-22,-1.0749412131722984,26,0.6923076923076923,0.03775934875011444,0.11775965969514356,0.1444795264023522,0.24812030075187969,0.5486584537856477,0.15574569786915246,3.2684990082361836e-22,0.1725561636429961,1.634630088236882e-05,0.0016875009385486069
"pathway|Defective Binding of RB1 Mutants to E2F1,(E2F2, E2F3)",pathway,17,14,0.8235294117647058,9.305803192857143,0.0021143120714507717,-0.012101924458736405,0.028808535941388408,0.2395020866342146,0.026159984369510298,0.05098617129488522,0.10898012256433749,0.02199997091910266,0.03756269546281746,-0.5293991446203932,0.6666666666666666,0.7017357042823733,0.0035400439496211813,0.01964540251772041,-0.07257330955089267,0.5714285714285714,0.5289271667045969,-0.10038922084094774,7.209074546316516e-06,-0.3512524655445845,14,0.6428571428571429,0.21197509765625,0.12558087074216107,0.11947428615688913,0.20714285714285716,0.43611640347294595,0.15355500956591367,9.436930232601188e-06,0.42269858065992594,0.8393180327955215,0.7468240725895472
pathway|Defects in Biotin (Btn) Metabolism,pathway,8,8,1.0,8.2089657,0.07558791286102393,0.1695302802494611,0.3954595623273711,0.08467114368378807,0.24070735408226124,0.38801632518783613,0.06254982162917815,0.011430767066056223,0.02730569292979019,2.3495886355981472,0.047619047619047616,0.00939708442835996,0.0122631813627487,0.03277488432626878,1.9321115177062886,0.14285714285714285,0.026672871518485724,-1.0130669917777844,3.1844953511827076e-27,-1.9630218741514354,8,0.875,0.03515625,0.41311269375785503,9.18503645832699e-08,0.1323529411764706,0.7702035368235887,0.6430540936210335,2.5536047627408505e-26,0.1629971590909091,0.05651548417999505,0.0994383368013722
pathway|Degradation of AXIN,pathway,42,37,0.8809523809523809,10.95565557837838,0.06545307402736698,0.1782036130983966,0.721555297093825,0.5169191589403133,0.5842734139012404,0.7375916414105306,0.33437591095955044,0.02810731775221012,0.015781953395703274,2.3663582915739987,0.047619047619047616,0.008982024958528453,0.017235070513088667,0.013913786489021036,3.465483932236975,0.047619047619047616,0.0002646390761692078,0.3655386140652604,8.329107904706728e-14,0.7032333456903764,37,0.7027027027027027,0.010036925959866494,0.2631046372981857,0.0009410418471647809,0.17647058823529413,0.3134659420880597,-0.14870466884019,1.5084676958098124e-13,0.07850969692533608,0.055823331557740226,0.0018955888882906738
pathway|Degradation of DVL,pathway,44,40,0.9090909090909091,10.810388515,0.05234515780064048,0.14928937708491663,0.6884211916095178,0.5050859247105499,0.5434718752733161,0.7042199912804744,0.3114366470475386,0.024879059149117925,0.020902639370488706,1.3140014600405172,0.09523809523809523,0.09442285644641618,0.02180038149250857,0.011683822836948838,2.614279310324471,0.047619047619047616,0.0044707952697655515,0.34767980820655847,5.0795504612205625e-14,0.7233329024655257,40,0.7,0.008294501687487355,0.3011859108633302,0.00013998417320589893,0.16417910447761194,0.29173845482641264,-0.20637099859779431,9.305210974218703e-14,0.06609681032216486,0.2852823269411863,0.022620095114885233
pathway|Degradation of GLI1 by the Proteasome,pathway,47,42,0.8936170212765957,10.805462552380952,0.04963334639075149,0.1392342539330974,0.6868609805811234,0.43108233457851614,0.5767622783446371,0.7315779762947534,0.26378262261434765,0.017721326679065875,0.014061787738818974,2.2694141246058837,0.047619047619047616,0.011621577023009665,0.016477654897629885,0.01067201620241723,3.1067879643597034,0.047619047619047616,0.000945660012953841,0.37219632157540283,1.0792478941928223e-16,0.819029643755749,42,0.7142857142857143,0.003957948667448363,0.2831523315394283,0.00035694190854363165,0.16176470588235295,0.2230335352540428,-0.2018764129967734,2.266953978741101e-16,0.03844055175613456,0.06704755974813267,0.005824717471092498
pathway|Degradation of GLI2 by the Proteasome,pathway,47,42,0.8936170212765957,10.76020521904762,0.054744336582150215,0.14785393457842883,0.7086606633946467,0.5182265301471922,0.5592209001377385,0.7173081121325888,0.3510057691114171,0.024971508473474936,0.014795047508392566,2.0123509635090047,0.047619047619047616,0.022091476856431237,0.02213052267850526,0.014493577522509227,2.250225236177481,0.047619047619047616,0.01221732554841441,0.38146067287461793,9.590744596136311e-17,0.8109530036052358,42,0.7142857142857143,0.003957948667448363,0.250430214946344,0.0016732327101206183,0.18248175182481752,0.25717880373620133,-0.23332378375815688,2.0178546798801645e-16,0.03844055175613456,0.10628918110169745,0.05244811472804166
pathway|Degradation of Beta-Catenin by the Destruction Complex,pathway,72,62,0.8611111111111112,10.406437127419357,0.043276537462662495,0.09165809675392807,0.7371544088562859,0.5764990004792865,0.6267626084682303,0.7705643161523043,0.4003139441153879,0.021484252541338452,0.012151353296058922,1.7934039436078275,0.09523809523809523,0.03645417873486695,0.01807996079402521,0.011841593834082618,2.127802812837255,0.09523809523809523,0.016676718031896322,0.46245693088659645,6.43094128408354e-24,1.2001504839543446,62,0.6935483870967742,0.0015780301255105297,0.11802713415616643,0.14356345522887928,0.2246376811594203,0.3668449077456641,0.062091405999957015,2.26504147436644e-23,0.01992067732698936,0.15041772778949955,0.06710636815744375
pathway|Deregulated CDK5 Triggers Multiple Neurodegenerative Pathways in Alzheimer's Disease Models,pathway,22,19,0.8636363636363636,9.572048189473685,0.054078684849496426,0.016131478065560218,0.5206681418061214,0.19681413427911565,0.33377893802967845,0.5005011378013698,0.08154924523476699,0.012732725242028528,0.02480975563901977,1.6665202273270543,0.09523809523809523,0.04780492141711488,0.003275702517415655,0.018125662391831315,2.8028207319461127,0.047619047619047616,0.002532890932368457,0.020815815809239812,0.5059896623818919,0.056524717970416576,19,0.5789473684210527,0.3238029479980469,0.02918371950630015,0.7184955884563355,0.2608695652173913,0.6162920899935757,0.27607487921119206,0.5236500158578833,0.5292932803814228,0.17980814225344097,0.014041025820738186
pathway|Dimerization of Procaspase-8,pathway,11,9,0.8181818181818182,9.277920155555556,0.08545557888635136,0.022676396184821583,0.4568067368699253,0.14247464811665483,0.31046984069596556,0.4738298143985991,0.043402868349791575,0.018126077846687818,0.04468390586038433,1.506795338125449,0.14285714285714285,0.06593156244704648,0.01305243776750743,0.03910074479036814,1.8517074676459697,0.09523809523809523,0.03203392055309206,0.640408844241868,4.599149226246152e-25,1.2815313701646713,9,0.7777777777777778,0.08984375,0.2387515710096355,0.0027737276213320333,0.17266187050359713,0.4782928779202451,0.06466477862915297,1.8734553557392474e-24,0.2922213807397959,0.22719660032428177,0.11376949500053586
pathway|Diseases Associated With N-glycosylation of Proteins,pathway,20,19,0.95,9.040386063157895,0.10847169615581782,0.08424693661499696,0.6980419430503,0.1325551411433077,0.5518108272826678,0.7111831127624341,0.0672670946490872,0.007978517011447854,0.016798302286051576,5.9823413957620115,0.047619047619047616,1.0997632476404873e-09,0.0178536687708057,0.017762986279903362,5.101508606553128,0.047619047619047616,1.6847834762683048e-07,-0.5035501273319642,5.946953852746983e-23,-1.2278287482112085,19,0.6842105263157895,0.08353424072265625,-0.05133576101318037,0.5258393272598139,0.24113475177304963,0.6582862327817379,0.31153709688345577,1.919586370190482e-22,0.28707859008460035,2.3369969012360355e-08,2.1480989322420885e-06
pathway|Diseases Associated With Glycosylation Precursor Biosynthesis,pathway,15,14,0.9333333333333333,8.982268814285716,0.03489547112302576,0.04178283156073887,0.33607785818319874,0.11742670072632895,0.26609696726246646,0.42034216042364725,0.0656022512016253,0.00941412949218093,0.022998708658308293,1.107946624717979,0.23809523809523808,0.1339424339663839,0.018618636412780325,0.028570363770043572,0.5697104468551404,0.2857142857142857,0.2844370516600553,-0.8766993906948256,1.6605450340442345e-27,-2.9964488619832133,14,0.7857142857142857,0.0286865234375,0.0837871805613741,0.29995866264884546,0.2158273381294964,0.6588161877406429,0.46574555717337013,2.1846601339144965e-26,0.15625,0.3619453369205333,0.5166057562201859
pathway|Diseases of Mismatch Repair (MMR),pathway,5,5,1.0,9.5344304,-0.023400547672392368,-0.03797189265624321,-0.1290854160944796,0.04747363646648346,-0.032790966076837805,-0.06780533457970743,0.036240602007191716,0.009869562511500042,0.046828591646494805,-0.7104657435578191,0.8095238095238095,0.7612923166112572,0.021536148001428716,0.06548357911068155,-0.6862284603880349,0.8095238095238095,0.7537154732938722,0.03469834220508087,0.4505637633423165,0.06537038013811153,5,0.6,0.5,0.2521865231542651,0.0015475887856854337,0.17647058823529413,0.2954159262998544,-0.5682163570975438,0.468954121029758,0.539340101522843,0.8757938730818406,0.864975003105029
pathway|Diseases of Branched-Chain Amino Acid Catabolism,pathway,13,13,1.0,8.9463074,0.0382069765370087,0.08475831625007692,0.34055278691144913,0.13762919249385455,0.22411518386563842,0.3661668228930944,0.08113907295483283,0.0121275765635403,0.02348305462912505,1.1105625049785137,0.2857142857142857,0.13337835478890608,0.013488116037775907,0.02936991321278941,0.8416388676446183,0.23809523809523808,0.19999506316805576,-0.6872853466353017,2.5805787736548726e-27,-1.8392710637581957,13,0.7692307692307693,0.046142578125,0.2153233862911282,0.007130387609814143,0.18382352941176472,0.4986266037334764,0.14714605930171085,2.3008656897971766e-26,0.20196097237723215,0.3619453369205333,0.4165162954042513
pathway|Disinhibition of SNARE Formation,pathway,5,4,0.8,9.489763250000001,0.0028276563734562408,-0.022754523822813733,0.01121548488190216,0.05564492999719942,0.007079794766638173,0.01406004728409572,0.028306189313516174,0.014517084095492716,0.07211893556377912,-0.16208541668919682,0.6666666666666666,0.5643807049325184,0.06221469758959206,0.09733292847233302,-0.6101433723225193,0.7619047619047619,0.7291165811583048,0.5034678000629069,1.077100291468023e-19,0.9935130383798818,4,0.75,0.3125,0.2605265702039895,0.0010603586465310474,0.15441176470588236,0.540549965397268,-0.051627139729491005,2.6717954700811855e-19,0.5165088998387369,0.7734713690050851,0.8517437253865766
pathway|Disorders of Developmental Biology,pathway,13,11,0.8461538461538461,9.431199,0.11253019528663263,0.16131981378292753,0.5824264860263901,0.16255722917269008,0.41177597744437555,0.5833446439424199,0.08313806744693233,0.017340496319495902,0.031081390103660938,3.0625946474615615,0.047619047619047616,0.0010971353590560936,0.018624396217262414,0.03669084638716683,2.559379472429264,0.09523809523809523,0.005242960496451892,0.4176203120486396,6.240593675395454e-13,0.6804106273286876,11,0.7272727272727273,0.11328125,0.09139892365698818,0.25802743215986,0.22794117647058823,0.6312200712884447,0.3665928178448116,1.0884756410573465e-12,0.30649038461538464,0.00921269446215781,0.025809940667861634
pathway|Disorders of Nervous System Development,pathway,13,11,0.8461538461538461,9.431199,0.11253019528663263,0.16131981378292753,0.5824264860263901,0.2506384541085007,0.4008205356822729,0.5722653622964662,0.1312084356131713,0.029509041858661954,0.04243071598579059,1.9566286238434727,0.09523809523809523,0.025195573580752143,0.02733587416523255,0.03835602706742475,2.221145609571083,0.09523809523809523,0.013170550355187537,0.4176203120486396,6.240593675395454e-13,0.6804106273286876,11,0.7272727272727273,0.11328125,0.09139892365698818,0.25802743215986,0.22794117647058823,0.6312200712884447,0.3665928178448116,1.0884756410573465e-12,0.30649038461538464,0.11810425115977566,0.05616204582897696
pathway|Displacement of DNA Glycosylase by APEX1,pathway,9,9,1.0,9.063393755555557,0.03073873687793063,0.014017493699828595,0.22204545690374342,-0.010097874340233192,0.09160167354880742,0.16782985180117857,0.0072382957274167645,-0.0011120048068654987,0.028684543246310736,1.11037994962296,0.14285714285714285,0.13341766725763143,0.013685561830216755,0.03695984476337988,0.46139736670675363,0.38095238095238093,0.3222567702145751,-0.6255328484555469,1.6899187088138817e-26,-1.599210143451306,9,0.7777777777777778,0.08984375,0.1481905191582611,0.06573935771059095,0.2116788321167883,0.50616921849628,0.3171338474399776,9.929245869758982e-26,0.2922213807397959,0.3619453369205333,0.5624234890260631
pathway|Downregulation of ERBB4 Signaling,pathway,9,8,0.8888888888888888,11.427282937500001,0.057591271645197395,-0.011095995031333248,0.32835678111672667,0.18420056594919773,0.22445907607555038,0.36662568878161683,0.11230721286466643,0.027449210904123323,0.05594818354117438,0.5387495863720292,0.23809523809523808,0.2950298268306055,0.017907484514570842,0.03283217916671348,1.2086857509251012,0.09523809523809523,0.11339179899976032,0.07434999954732005,0.01768802438549118,0.19641734965492555,8,0.625,0.36328125,0.12854564790048661,0.11092560904607167,0.176056338028169,0.2816994865864345,-0.19735816266809253,0.02008212919991207,0.539340101522843,0.5656586905398827,0.2907820193087253
pathway|Downregulation of SMAD2 3 SMAD4 Transcriptional Activity,pathway,31,26,0.8387096774193549,10.08505118076923,0.035323316540155865,0.021843655882070896,0.48771417522723537,0.2965708057159252,0.3051159660842698,0.4675691264427744,0.16495387811121814,0.015956909306017987,0.02023725186009887,0.9569682369927902,0.23809523809523808,0.16929164362295612,0.007813221484277108,0.012694752201710782,2.167044666864109,0.09523809523809523,0.015115724215437665,0.4767323768780924,1.8566990029091483e-26,1.7596597627530266,26,0.7692307692307693,0.0046776533126831055,0.1879539815023686,0.019181797537930183,0.17985611510791366,0.5603153324950483,0.432458888087015,1.0809548989539562e-25,0.04484216521557113,0.4133976743944438,0.06282620180157458
pathway|Downregulation of TGF-beta Receptor Signaling,pathway,26,21,0.8076923076923077,10.320301066666664,0.009004703612132911,0.011195152773803103,0.1602404251513836,0.26005237273714144,0.14943475368061443,0.2600143300036965,0.13595222159470172,0.01646010214868383,0.023665824286964725,-0.31502805252624966,0.5714285714285714,0.6236298226770991,0.008311690713020393,0.015225745192339322,0.04551586082375797,0.3333333333333333,0.48184806644554673,0.11413129769396889,6.247861426073064e-07,0.43967524856585544,21,0.5714285714285714,0.33181190490722656,0.07355869936515098,0.3630237654130027,0.2814814814814815,0.4788408433923766,0.15676175168577025,8.420743465373315e-07,0.537117464201791,0.7942951890210527,0.7110605147199909
pathway|Downstream TCR Signaling,pathway,91,74,0.8131868131868132,10.444631802702704,0.024802422752254197,0.05725575569371646,0.6530258286797329,0.6514797430643191,0.520233979783176,0.6844130399681956,0.4960200703207752,0.02463808586598245,0.010708707886789907,0.015346098521790046,0.38095238095238093,0.4938780327514052,0.010249526037247866,0.007657198868117417,1.900550967221291,0.14285714285714285,0.028680426570813027,0.18516176644194587,1.859218778327699e-11,0.6355912431503629,74,0.5945945945945946,0.06508884015956379,0.13966678482807515,0.0830480330347983,0.20863309352517986,0.29452718126777616,-0.1314007857908238,3.0274635279282453e-11,0.23052297556512175,0.7378405231940188,0.10388506783462105
pathway|Downstream Signaling Events of B Cell Receptor (BCR),pathway,68,63,0.9264705882352942,10.350949006349206,0.026382403132154633,0.08278572972078443,0.6306050482004253,0.6224409357793147,0.47682047168672204,0.6457392497303761,0.43021867066335073,0.025500821644645094,0.014047669259893442,0.06275642394475239,0.42857142857142855,0.4749802330432204,0.016059200970232574,0.009390384371521412,1.099337551424374,0.19047619047619047,0.13581042939397947,0.4816636114604132,1.6135245151250433e-25,1.3733675972400536,63,0.746031746031746,5.852770815016152e-05,0.2448519222712771,0.002136392884154528,0.17518248175182483,0.2659822307885134,-0.3459956685431099,7.1680967135346e-25,0.0011137735506187452,0.7287602853551216,0.3226242517675035
pathway|Drug-mediated Inhibition of CDK4 CDK6 Activity,pathway,5,4,0.8,10.043436,0.02278270249988279,-0.10872628003564071,0.08530067059585336,0.10913065265089684,0.04563812135126427,0.08729238236319604,0.056838040131768,0.029714756217236172,0.09016472312397471,-0.07688210507586149,0.5238095238095238,0.5306413332564862,0.0022763648515547992,0.09734941412513262,0.21064674947061532,0.38095238095238093,0.41658146494603365,-0.7189094875737134,3.92829441582195e-27,-2.0339015856371176,4,0.75,0.3125,0.2397989107666527,0.0026533526135330255,0.16428571428571428,0.37728422333701966,-0.4203165562052096,2.8951302775566397e-26,0.5165088998387369,0.7589672205281289,0.6533104155057723
pathway|Dual Incision in GG-NER,pathway,41,38,0.926829268292683,9.579454521052632,0.020079832106336747,0.04660157129423901,0.4377818995104009,0.2957261534444487,0.34853851837847877,0.5169129596647657,0.1726183517021953,0.010929289202933425,0.008930340811544256,1.0246577478403076,0.19047619047619047,0.15276235305277963,0.023579027856176778,0.017977807753548125,-0.19463973571246052,0.5714285714285714,0.5771625033349294,-0.4079015229277551,4.081237015901126e-26,-1.5739470492411147,38,0.7105263157894737,0.006926482630660757,0.19946505107795431,0.012836433580591375,0.19708029197080293,0.30004712258761645,-0.2243590502453865,2.0649115854261652e-25,0.05772068858883965,0.3878918798157394,0.7778881519577536
pathway|Dual Incision in TC-NER,pathway,63,57,0.9047619047619048,9.508080584210527,0.041258317835154615,0.03805929423935678,0.7103907001481623,0.47312182201138697,0.5524171277606266,0.7116864634925697,0.2883375638666449,0.015509557836954199,0.01234591326444821,2.0856099866137554,0.09523809523809523,0.01850698299815109,0.030625720197713712,0.013352948493314797,0.7962733955548583,0.2857142857142857,0.212936572753614,-0.27828810630180234,1.2113624886398878e-20,-1.0492067981210331,57,0.5964912280701754,0.09242524120820922,-0.02772066643034385,0.7320561150962013,0.31386861313868614,0.5752590554636133,0.3549697599637073,3.1779571461231626e-20,0.2992259024117653,0.09255636119178631,0.4309430639061235
pathway|EPHB-mediated Forward Signaling,pathway,42,34,0.8095238095238095,10.430693323529411,0.00786011491384819,0.02326937329854081,0.21220211720616186,0.4332936450558056,0.15523892145513352,0.26875639068599816,0.27402778999244143,0.021993139104168828,0.020315597399770614,-0.6956735710110211,0.8571428571428571,0.756683359797226,0.004753673601909395,0.010390227174587478,0.2989772273253621,0.3333333333333333,0.3824787106286452,0.2854426952007616,3.39580896990615e-23,1.23764127998073,34,0.6470588235294118,0.06072474247775972,0.07075827398408044,0.38162838772849966,0.24087591240875914,0.08627397314949053,-0.5308040328899416,1.1158908341830775e-22,0.2219707520891365,0.8746793143621606,0.6244050653668664
pathway|ER Quality Control Compartment (ERQC),pathway,21,17,0.8095238095238095,10.183134870588235,0.030810998986404974,0.011727840622415471,0.35083416508942195,0.21254933635756745,0.2265706492776922,0.36943758504431196,0.10297303401433315,0.015629534854903742,0.021129833358361376,0.7184848017503986,0.3333333333333333,0.23622920782239898,-0.0004582919292177028,0.0187901662670704,1.6641306133848233,0.09523809523809523,0.048043165239317266,0.3983377962316811,2.356125172813395e-24,1.3375804421557307,17,0.7058823529411765,0.0717315673828125,0.056582127549869486,0.4843644750806797,0.2608695652173913,0.2616914066847959,-0.35415811209846726,8.607620617011687e-24,0.250569173734482,0.5122317006353039,0.15626284612277938
pathway|ER-Phagosome Pathway,pathway,80,71,0.8875,11.140134274647888,0.03189551744775022,0.04920245428936533,0.7005263065246705,0.6885010236941187,0.5411119224021014,0.7022357228392351,0.5224148495911394,0.030190887398837508,0.013981731319015579,0.12191838120893947,0.47619047619047616,0.45148182906208334,0.012160403296052143,0.0078219301985278,2.5230491260855934,0.09523809523809523,0.005817107335918812,0.4250191389107536,9.090110917649066e-26,1.4642292979486773,71,0.7323943661971831,5.6134323447494e-05,0.3022493635396861,0.00013220908668938423,0.15942028985507245,0.018878071656426357,-0.489911084412984,4.292552377778726e-25,0.001084413066599316,0.7122127487731933,0.028416903652476955
pathway|ERK MAPK Targets,pathway,22,20,0.9090909090909091,9.503211175,0.015333267537450967,0.025621462222963562,0.23747985102820063,0.26745684638426626,0.16013645169023183,0.27606485677943315,0.14658940183633687,0.017928080899312936,0.02312114740193513,-0.11222684223901429,0.5238095238095238,0.5446782267105522,0.013547474007778157,0.018857309604532056,0.09470033462480898,0.38095238095238093,0.46227642609084807,0.3797112859236598,1.7654030438863946e-24,1.3287448622392168,20,0.65,0.13158798217773438,0.17828300731526536,0.02645606263527985,0.19852941176470587,0.256774141291992,-0.23103276941369555,6.600847158226255e-24,0.31856579727001405,0.7661240314770186,0.6925998158235385
pathway|ERKs Are Inactivated,pathway,13,12,0.9230769230769231,9.949467291666666,0.010294645319972488,0.052921768494613775,0.11096944229236433,0.04272236695874777,0.0683613587672994,0.12797422558632476,0.022269344577704957,0.003705305031022637,0.02455086050543829,0.26839549218611863,0.38095238095238093,0.39419745449167587,0.018380010367663395,0.03737732158182066,-0.21631740064604885,0.5238095238095238,0.5856298268032847,0.6110587459558369,2.603875338330275e-26,1.5954788330768777,12,0.6666666666666666,0.19384765625,0.12789468595920211,0.11276039157032475,0.21323529411764705,0.19029619208315496,-0.37338571954945243,1.3890966763059e-25,0.3948175107328275,0.6621698719959924,0.7843256608972562
pathway|Endosomal Sorting Complex Required For Transport (ESCRT),pathway,31,26,0.8387096774193549,10.376206019230768,0.08662672771157365,0.058600205046784336,0.7114753610726232,0.3643616301703957,0.5835451828360297,0.7370110927822558,0.21928865174319237,0.021571399520266297,0.016595635977439863,3.9200262213357586,0.047619047619047616,4.426966737254319e-05,0.02239039953941568,0.0167721998606323,3.8299286143693916,0.047619047619047616,6.409021904730969e-05,0.29149907006114717,1.6590387252653934e-15,0.7636059734105961,26,0.5769230769230769,0.2785985469818115,0.21615481292900648,0.006906188395531801,0.18115942028985507,0.4713920570348022,0.1591645831303915,3.2492693928008855e-15,0.5060016344755124,0.0005427290951922362,0.0005271937373246442
pathway|Endosomal Vacuolar Pathway,pathway,12,10,0.8333333333333334,12.482166549999999,0.10841405908944957,0.2507378625656461,0.5487300865995925,0.3519354150202328,0.4074470435237828,0.5789873876940619,0.2010258715089966,0.05150841261594746,0.06487023146868337,0.8772228059795619,0.23809523809523808,0.1901828155735082,0.0011323673902821317,0.019314820783362243,5.554371583482655,0.047619047619047616,1.3930612328569761e-08,0.36861365474844665,6.952452643260779e-12,0.648585166818596,10,0.8,0.0546875,0.06505107795430376,0.42129535096982645,0.22962962962962963,0.6017134226921489,0.38472731812121236,1.1482353782587427e-11,0.2219707520891365,0.44738577464247775,2.1144679427293386e-07
pathway|Erythropoietin Activates Phosphoinositide-3-kinase (PI3K),pathway,12,10,0.8333333333333334,9.328213419999999,0.023903031680574945,0.08404783513225017,0.196712163188012,0.11907543313115251,0.1396284920245096,0.2450421220628918,0.05405059247513837,0.01333682242979416,0.03677502524157476,0.2873202446870251,0.2857142857142857,0.3869335614261,0.018756134856810252,0.042302858333307415,0.12166782639631357,0.47619047619047616,0.4515810473541989,0.5280704881942683,6.71966077852099e-23,1.2112998535619857,10,0.7,0.171875,0.31530727337178954,6.436951511734988e-05,0.15492957746478872,0.5731588707115215,0.43322822069664996,2.152655148898056e-22,0.3824443717277487,0.65429746792875,0.6835493126873435
pathway|Erythropoietin Activates Phospholipase C Gamma (PLCG),pathway,7,6,0.8571428571428571,9.922623066666667,-0.006009333520941803,0.10170719656327973,-0.03717292360510864,0.10281914155022948,0.012369830350890853,0.02443737452469011,0.07097883110512843,0.018742423504453907,0.05853116670064666,-0.42288166152550394,0.5714285714285714,0.6638091983860214,0.003043013749535498,0.047376694040665156,-0.19107173798803562,0.7142857142857143,0.5757653052470549,0.48224522485155363,2.154904934528628e-20,0.9978912281280032,6,0.5,0.65625,0.3403274145209629,1.4722642052436823e-05,0.19696969696969696,0.48912169130458244,0.22888767048444927,5.595730736301428e-20,0.6847125613747954,0.8186479890694743,0.7776491146080456
pathway|Erythropoietin Activates RAS,pathway,14,13,0.9285714285714286,9.73992576153846,0.021004203428627913,0.07604199912822514,0.21808597768854554,0.05308011788520729,0.14023992661143786,0.24598318886833323,0.007603440514373871,0.004293452416138881,0.024818164127555425,0.6733274438271286,0.3333333333333333,0.2503694984689301,0.014033504900715999,0.031119813680918113,0.22399550972203192,0.42857142857142855,0.41138039859695463,0.8313680769074464,2.5805787736548726e-27,2.018154864059241,13,0.8461538461538461,0.01123046875,0.20351261641584223,0.011090318784151905,0.16666666666666666,0.29844308274204656,-0.12022820141715027,2.3008656897971766e-26,0.08229222790948276,0.519904088840205,0.6502647901601847
pathway|Erythropoietin Activates STAT5,pathway,7,6,0.8571428571428571,10.029728233333332,0.0965647808408467,0.1771513095466977,0.3907333051499547,0.01853526096362618,0.2572568906171449,0.4092352048925597,0.006632012089563037,0.0031376748456740074,0.0770806795909956,1.2120690488318768,0.14285714285714285,0.11274297519773546,0.00235280402492308,0.04910462173794619,1.9185969361234316,0.09523809523809523,0.02751768182796534,0.36553900011191476,2.5086902427997174e-11,0.6136198464985635,6,0.5,0.65625,0.29347104508394833,0.00021051417656020062,0.15441176470588236,0.7750474743859163,0.5982986003424073,4.038611186325302e-11,0.6847125613747954,0.3250579784268439,0.10199140793795294
pathway|Estrogen-stimulated Signaling Through PRKCZ,pathway,6,6,1.0,8.683079966666666,0.05517970725864352,0.0621270288205707,0.2594863416911821,0.06952871708716227,0.16925723840754953,0.28951240641976544,0.04262088330869186,0.012300837383150602,0.038813082894027816,1.1047530028100576,0.14285714285714285,0.13463331493741415,0.04300004419622404,0.07360749044968776,0.16546771242995345,0.42857142857142855,0.4342879306242287,0.2369040851719633,4.415054741666034e-06,0.3904470576346114,6,0.6666666666666666,0.34375,0.12612870999967776,0.11785728401583052,0.20567375886524822,0.7253609438163225,0.5320820335184309,5.833362482512118e-06,0.537117464201791,0.36291221256913964,0.6711722564192625
pathway|Eukaryotic Translation Elongation,pathway,99,89,0.898989898989899,12.933441644943821,0.05168536762294025,0.2981412503385032,0.829080525317375,0.8235054166254264,0.7333391782233228,0.8461577369698612,0.7071214185749822,0.049814248804535034,0.015918383372396924,0.11754452538502164,0.47619047619047616,0.45321428120801305,0.00998442244102481,0.004608175490174718,9.04933965098069,0.047619047619047616,7.19177608760644e-20,-1.2516207022627694,1.7255506096368993e-27,-2.8147900783745214,89,0.9438202247191011,7.119381650413093e-20,0.25901195578614933,0.001136765485082561,0.18840579710144928,0.2819968118105191,-0.18326325074953187,2.1846601339144965e-26,1.0085790671418549e-17,0.7122127487731933,1.6671844566724021e-18
pathway|Eukaryotic Translation Initiation,pathway,124,116,0.9354838709677419,12.302896233620688,0.04026927423387699,0.22474105063829508,0.8295619909161833,0.8305787142111518,0.7020418452099427,0.8249407582847619,0.7116644792136416,0.04054877477933112,0.014874714009776961,-0.018790313902534397,0.5714285714285714,0.5074958095768592,0.012616360322452665,0.007056431753424887,3.918823971903759,0.047619047619047616,4.449103408847492e-05,-1.2213859504017452,1.6605450340442345e-27,-3.1490828866830394,116,0.9396551724137931,5.989946778828109e-25,0.22675066868615254,0.004550767344491469,0.16901408450704225,0.2198616446271676,-0.3323483889123399,2.1846601339144965e-26,1.5274364286011678e-22,0.7450897448328652,0.00037319781883424685
pathway|Eukaryotic Translation Termination,pathway,98,89,0.9081632653061225,12.774694706741572,0.04625518558218436,0.2854607137574424,0.8119015820049403,0.8227980279950604,0.688588903887526,0.8155790936470488,0.7001408732760614,0.049584744915823785,0.019465434510709697,-0.17104983358103476,0.5238095238095238,0.5679077092898129,0.013149087984323718,0.008318256747715351,3.979932166310374,0.047619047619047616,3.446746777024727e-05,-1.23885239385148,1.6927383807402364e-27,-2.896143014520408,89,0.9213483146067416,1.214185204371999e-17,0.2701588733846798,0.0006746819186060581,0.19117647058823528,0.2453371584899091,-0.2172324067118427,2.1846601339144965e-26,1.1908354889033067e-15,0.7734713690050851,0.0003010001466237347
pathway|FBXL7 Down-Regulates AURKA During Mitotic Entry and in Early Mitosis,pathway,42,40,0.9523809523809523,10.8484152425,0.06038639364085025,0.16654770009355435,0.7199421210768863,0.498502360623693,0.6136834427307057,0.7605995407528244,0.309043177229447,0.024248101418331065,0.022223257538369547,1.6261473890641212,0.14285714285714285,0.0519591524869157,0.01898219183575712,0.01321675238075038,3.1327061756408887,0.047619047619047616,0.0008660136697864165,0.40070523291859017,2.1825584235302533e-16,0.7959430664151078,40,0.725,0.003213288047845708,0.26574071090200124,0.0008318857819728077,0.16911764705882354,0.3236161734852491,-0.18051528636377553,4.466712664528207e-16,0.03385902695044032,0.19036758454257904,0.005475025908066432
pathway|FBXW7 Mutants and NOTCH1 in Cancer,pathway,5,5,1.0,10.022187200000001,-0.105434512019569,-0.05398104676908191,-0.9116500892820376,0.05349041857308812,-0.232374212823609,-0.6054361818103233,0.011242878926720132,0.011176345639726819,0.04629005338054663,-2.519134223083473,1.0,0.9941178099423095,-0.01342908129579721,0.04974445546175501,-1.8495615213741408,1.0,0.9678116134785747,0.385327129772639,3.622789516024677e-18,0.8863606025185503,5,0.6,0.5,0.25960168863394667,0.0011064357305505248,0.15827338129496402,0.2762476074324418,-0.34707025991505486,8.307655814624934e-18,0.539340101522843,0.9948981221950114,0.9762340246718219
pathway|FGFR2 Alternative Splicing,pathway,28,23,0.8214285714285714,9.629666830434783,0.03551935229904288,0.06388801177404213,0.4585905994748802,0.3286933395737642,0.2956769033211641,0.45640530067838,0.18088530617774962,0.020844607969403794,0.024177884886151982,0.6069490527702911,0.3333333333333333,0.2719423616344888,0.018723360340053313,0.01828607156400789,0.9185128637497395,0.2857142857142857,0.1791752137354144,-0.26467798719465513,6.321260445741667e-13,-0.6787672292224014,23,0.6086956521739131,0.2024364471435547,0.09561406335599883,0.23662558172546677,0.2116788321167883,0.32536030374070757,-0.1310888533354397,1.101039216983692e-12,0.40904353424410816,0.5457786416254989,0.3823777942544806
pathway|FLT3 Signaling by CBL Mutants,pathway,7,7,1.0,11.671461514285713,0.050071551496203265,-0.016001239213365312,0.2695270385355202,0.18012921029420587,0.09302559159229634,0.17021667618372713,0.07557496567055985,0.030431216630562346,0.07375426268628783,0.2662942337201669,0.38095238095238093,0.3950063068260581,0.010925760780657361,0.027537727554683603,1.4215330817625147,0.14285714285714285,0.07758092163346995,0.015033136864819174,0.7358401943820885,0.03639906214040864,7,0.5714285714285714,0.5,0.01070864619251716,0.8947895800893994,0.26277372262773724,0.3064313880897833,-0.23729172684208866,0.748759974331335,0.539340101522843,0.6621698719959924,0.22353498362042545
pathway|FLT3 Signaling in Disease,pathway,28,27,0.9642857142857143,9.704454111111112,0.018677059848548422,-0.000600222044785707,0.3394449440114788,0.29020411990459416,0.2157761081894173,0.3549602706221292,0.1384957357538025,0.014916921159209373,0.020030391340335258,0.18772167879552343,0.3333333333333333,0.42554741758051645,0.019294070319129577,0.020000757253000826,-0.03084935549070681,0.38095238095238093,0.5123051604293066,0.24680364447896136,6.672468410227687e-21,1.0781382533531672,27,0.6296296296296297,0.12389428168535233,0.2226418742547775,0.0053615361571691155,0.17391304347826086,0.1665487558211158,-0.38692499368345507,1.7835214304067715e-20,0.30649038461538464,0.6842029727807799,0.7347458712568796
pathway|FLT3 Signaling Through SRC Family Kinases,pathway,6,5,0.8333333333333334,10.113382419999999,0.03195102877985954,0.012145634740974609,0.14165149936731625,0.1623221535293817,0.04117768343513199,0.07909828282003792,0.06019874746337946,0.0373093361366367,0.0694480838674907,-0.07715558239160342,0.5238095238095238,0.5307501118093265,0.08825442277927502,0.09546182172452991,-0.5898001209518898,0.6666666666666666,0.7223376692008656,0.7427635642700067,1.417797597652027e-25,1.4135747133936503,5,0.8,0.1875,0.17816699429602656,0.02655598449046273,0.18705035971223022,0.4612363485509536,0.12021606556381724,6.433067391481616e-25,0.39254926108374383,0.7589672205281289,0.8472681952448056
pathway|FOXO-mediated Transcription of Cell Cycle Genes,pathway,17,14,0.8235294117647058,9.721039192857143,-0.012954276027789686,0.04840439238754781,-0.21808692055982978,0.1662802388198413,-0.05679294774816486,-0.12042519744222865,0.10466009672767076,0.014045888317935925,0.026756618545724246,-1.009102263785133,0.8095238095238095,0.8435372037863833,0.0032489168109114896,0.02785575664047634,-0.5816820217030765,0.6666666666666666,0.7196095582624344,0.5285551609418222,5.605023878414963e-26,1.587986014874768,14,0.7857142857142857,0.0286865234375,0.42819760884277014,2.730002085527635e-08,0.13333333333333333,0.2035579581724775,-0.18395817499634873,2.7486174788381067e-25,0.15625,0.9161072698702204,0.8456241352853493
pathway|FOXO-mediated Transcription of Cell Death Genes,pathway,16,15,0.9375,9.08539956,0.03962857647956849,0.05198821979439571,0.38231838188724004,0.11436552576496939,0.24252149506237355,0.39036989867157057,0.0445607410391657,0.008535452458521265,0.023245426213423577,1.3376018032782648,0.23809523809523808,0.09051313815204692,0.023767862103657802,0.04167111119471577,0.3806165451599945,0.23809523809523808,0.3517439012666386,0.7271969221865188,2.0507319648420647e-27,2.0003260664080056,15,0.7333333333333333,0.05923461914062499,0.24510972898069672,0.0021126528893452923,0.1925925925925926,0.48296228612908804,0.07184598228283408,2.1846601339144965e-26,0.2219707520891365,0.2791068098510624,0.5947924059880162
pathway|FasL CD95L Signaling,pathway,5,4,0.8,8.002367,0.09355979839306139,-0.0051920854549251105,0.2922192665713064,0.029717125911177283,0.23304022600180144,0.37799290094119115,0.004453339031460438,0.007598638756300215,0.09469800656052457,0.9077399066665739,0.23809523809523808,0.1820078272406513,-0.03209851112842882,0.06739318377169977,1.86455517441005,0.09523809523809523,0.031121890498238235,0.2813972053386486,1.708776315830573e-05,0.3626959035724155,4,0.75,0.3125,0.14422351841706682,0.07338860303328269,0.23357664233576642,0.8379425847536947,0.6547390979640874,2.2073858183221684e-05,0.5165088998387369,0.4348239662719431,0.1111496089222794
pathway|Folding of Actin by CCT TriC,pathway,10,10,1.0,10.03999018,0.02804692376241551,0.09970347675741527,0.223941424964996,0.1153701451841759,0.14477339685781054,0.25292935222846114,0.054739570985023044,0.012873734695178348,0.03637564185261194,0.41712498514023216,0.19047619047619047,0.33829349528968644,0.010387651995925532,0.02774835859060642,0.6364077971973495,0.23809523809523808,0.2622553300474193,-0.7938764695101371,1.0744895090666696e-26,-1.8111215489054977,10,0.9,0.0107421875,0.2210305823209049,0.005713212304979028,0.15827338129496402,0.17295054619777384,-0.34712181731279756,6.586414057980787e-26,0.08056640625,0.6152984400775324,0.4928131229430932
pathway|Formation of Incision Complex in GG-NER,pathway,43,38,0.8837209302325582,10.044229486842106,0.011648561675221828,0.009651422007091468,0.309326582163917,0.42511809321838323,0.2028861167483378,0.3373322111269902,0.26143294880260365,0.019088731782712146,0.017378056916901738,-0.4281359039775084,0.5714285714285714,0.6657239109209303,0.026462325129178788,0.019485782082567075,-0.7602344823105699,0.7619047619047619,0.7764427816100176,-0.05984052654192575,0.000981830517691409,-0.2819984006150911,38,0.5526315789473685,0.31355128507857444,0.09585575714607973,0.23543725167835772,0.2391304347826087,0.09862426959106568,-0.49240997499756467,0.0011765356297523933,0.5165088998387369,0.8186479890694743,0.8776281441070677
pathway|Formation of TC-NER Pre-Incision Complex,pathway,51,47,0.9215686274509803,9.758446636170214,0.03965280271110982,0.031089371361371434,0.6599371950883431,0.3297837410434435,0.4919788486019645,0.659498422598907,0.16167345318074905,0.010360800525190218,0.011630004517571957,2.518657851049142,0.047619047619047616,0.005890153346075495,0.027989237443896066,0.018195279433908328,0.6410214973383582,0.2857142857142857,0.260754358029667,-0.3558965645051575,1.370506549614161e-24,-1.321162037690378,47,0.6382978723404256,0.03947034684074423,0.01709903000225581,0.8327519222043583,0.2857142857142857,0.5467652078660045,0.2525394789535777,5.279141543075697e-24,0.1790914313948359,0.03911429956378259,0.4925154509984567
pathway|Formation of a Pool of Free 40S Subunits,pathway,106,98,0.9245283018867925,12.69583632244898,0.04724729926262237,0.27368968151342166,0.8293471711065569,0.8276918092753984,0.7298400976060582,0.8438237714758615,0.7066036130078588,0.04672556953876058,0.01619279623844343,0.03221986593168796,0.5238095238095238,0.4871483568402329,0.011771252002829212,0.0075874111631974404,4.6756458160418255,0.047619047619047616,1.465149876210998e-06,-1.2590240651900904,1.6927383807402364e-27,-3.0049525772671233,98,0.9489795918367347,2.2618248904578163e-22,0.2377912410170475,0.0028884197738521826,0.19852941176470587,0.2468406049445048,-0.31861734368066147,2.1846601339144965e-26,3.6047834191671447e-20,0.7376652671868135,1.653155833777896e-05
pathway|Formation of Annular Gap Junctions,pathway,11,9,0.8181818181818182,10.533757388888887,0.058480811923720344,0.06143881649807634,0.3585710828527238,0.148781781268797,0.21035200508446938,0.34758814659011383,0.04052370951623829,0.019050784242452677,0.046753751586304175,0.8433553745624579,0.2857142857142857,0.199514860915462,0.01640633549864766,0.04796472811772332,0.8771961830327952,0.14285714285714285,0.19019004447236404,0.20576325748811505,1.346101284615613e-05,0.35595342427919024,9,0.5555555555555556,0.5,0.03167155425219941,0.6956390000315194,0.22857142857142856,0.5650267910670327,0.2146933932735635,1.7477384296180313e-05,0.539340101522843,0.46148649354772575,0.4014773289772585
pathway|Formation of Apoptosome,pathway,11,9,0.8181818181818182,9.453628333333334,0.014338893639231366,0.0019408731413891693,0.11576993991283892,0.14512849817327897,0.061457675423369426,0.11579863586903101,0.04767049664448349,0.018513715561520545,0.057871549466293665,-0.0721394529918494,0.38095238095238093,0.5287545354736434,0.008537571751216754,0.03988427631751863,0.145453858604085,0.3333333333333333,0.4421762718690655,0.5815497606339565,6.202265595704966e-27,1.7146372870667506,9,0.6666666666666666,0.25390625,0.3167896619509522,5.919247842928309e-05,0.15217391304347827,0.5824082341798936,0.30035707750687257,4.0973516241056125e-26,0.47122338973799127,0.7589672205281289,0.6774906247147721
pathway|Formation of the Early Elongation Complex,pathway,33,27,0.8181818181818182,9.274148240740741,0.052541289048362264,0.05933818511420703,0.5995649734287491,0.2814820115534522,0.4337243164162554,0.6050316807074807,0.13224629324449613,0.014301881132524808,0.020038132398363235,1.9083319321196295,0.09523809523809523,0.02817416417267092,0.03990225673181806,0.026315541715666406,0.480287749844033,0.19047619047619047,0.3155113991528228,-0.1335201265969818,1.6953140978602197e-05,-0.361553428326069,27,0.5555555555555556,0.3505540192127228,0.1969321001579066,0.014047771557267422,0.1773049645390071,0.5658874539053326,0.2910231211539491,2.1944421063672893e-05,0.539340101522843,0.12560160601452947,0.5548648743722056
pathway|Formation of the HIV-1 Early Elongation Complex,pathway,33,27,0.8181818181818182,9.274148240740741,0.052541289048362264,0.05933818511420703,0.5995649734287491,0.360646036476751,0.44618539212845987,0.6170514438287547,0.19041397297730717,0.020464272891863245,0.011976643175619424,2.67829772383947,0.047619047619047616,0.003699870589028964,0.03783026539998268,0.020563479128030013,0.7153956563861333,0.19047619047619047,0.23718229786072126,-0.1335201265969818,1.6953140978602197e-05,-0.361553428326069,27,0.5555555555555556,0.3505540192127228,0.1969321001579066,0.014047771557267422,0.1773049645390071,0.5658874539053326,0.2910231211539491,2.1944421063672893e-05,0.539340101522843,0.027111120695470857,0.4645275418931176
"pathway|Formation of the Active Cofactor, UDP-glucuronate",pathway,5,4,0.8,9.013659125,-0.06681454362437907,0.006626291819390229,-0.3342580771251547,-0.12014255608097692,-0.13024860513547268,-0.2995076659940516,-0.0625310497216949,-0.027552929488081458,0.06424836435460342,-0.6110912632670703,0.7619047619047619,0.7294304182851956,-0.007082478722674995,0.07089099480620033,-0.8425903045231316,0.8095238095238095,0.8002711923157829,0.3820810539756481,1.3219418470297541e-15,0.7728995857216919,4,0.5,0.6875,0.2993490380587155,0.00015442639909127494,0.17777777777777778,0.44532874653106913,0.1302210171986449,2.6010429860539146e-15,0.6875,0.8535547359258608,0.889226180465437
"pathway|Formation of the Ternary Complex, and Subsequently, the 43S Complex",pathway,53,52,0.9811320754716981,12.488852359615386,0.046943723975386736,0.2446314529651359,0.7192045390961618,0.6915362397643969,0.5876240932175698,0.7402559531918632,0.5113195434373148,0.04133102034319257,0.02195770975309698,0.25561425555333867,0.38095238095238093,0.39912435484049874,0.010299885470601348,0.010332956070476696,3.5463073930493234,0.047619047619047616,0.00019533510463245088,-1.2328682050460895,1.6605450340442345e-27,-3.1149416061851185,52,0.9615384615384616,3.0619951019161817e-13,0.2091940317746769,0.008992677856424845,0.18571428571428572,0.24496149791351315,-0.1935490853915418,2.1846601339144965e-26,1.3013479183143772e-11,0.6634726889460703,0.0014650132847433817
pathway|Formation of Xylulose-5-Phosphate,pathway,5,5,1.0,8.86699692,0.006110037774242105,0.17370611328524732,0.029821350557665133,-0.03463066927351591,0.01208989282205735,0.023890946659582853,-0.011126895725326718,-0.0067394213180937525,0.049102977837168875,0.2616839071338228,0.42857142857142855,0.3967825742783829,-0.015421577859315297,0.05404857661989058,0.3983752575943598,0.38095238095238093,0.345176796713117,-1.4859350004998118,1.628958993624077e-27,-3.2540024576479483,5,1.0,0.03125,0.035087493152009284,0.6647000378564759,0.24817518248175183,0.4718695956934856,0.14573133381302808,2.1846601339144965e-26,0.15625,0.6621698719959924,0.588655635117081
pathway|G1 Phase,pathway,47,41,0.8723404255319149,9.818577975609758,0.0384309602402937,0.024667298158664325,0.6210174668186396,0.24215215037685098,0.4845208013026713,0.6527639099128862,0.14025116124178913,0.007733052805006085,0.009368463727997448,3.276728002217439,0.047619047619047616,0.0005250874197549776,0.00969621882714265,0.00949713438103582,3.025622283552131,0.047619047619047616,0.0012406102495752776,0.18619173942358208,7.003939125788837e-14,0.7173477394017194,41,0.5121951219512195,0.5,-0.023753665689149557,0.7692329842357297,0.27007299270072993,0.5434015350608844,0.22642151454143167,1.2702734545349597e-13,0.539340101522843,0.004959158964352566,0.007496578522315066
pathway|G1 S DNA Damage Checkpoints,pathway,55,47,0.8545454545454545,10.515508589361703,0.05283845941279746,0.10318808171864818,0.7239054209754278,0.4717884312511872,0.5677195783040886,0.724261642401928,0.3108797087693006,0.018649435776364156,0.011920283267505204,2.8681385223145566,0.09523809523809523,0.002064473569102427,0.011267299193406103,0.00638694587505794,6.508769767680901,0.047619047619047616,3.788437199364855e-11,0.318312201096579,6.4667049975618035e-15,0.7430911973366865,47,0.6595744680851063,0.019993028413026075,0.2110115690760852,0.008400060393102093,0.1956521739130435,0.33873223260052626,-0.14258770813992766,1.2196817857827368e-14,0.12081095368060779,0.01614848957426745,6.708690873875264e-10
pathway|GLI3 Is Processed to GLI3R by the Proteasome,pathway,47,42,0.8936170212765957,10.76020521904762,0.054744336582150215,0.14785393457842883,0.7086606633946467,0.5499338549780725,0.5606610631709212,0.7184917678817216,0.36710660881223833,0.028270292415141025,0.016480560775662702,1.6063800575344584,0.09523809523809523,0.05409521493553419,0.024887221531889967,0.01310070296337253,2.279046791132962,0.047619047619047616,0.011332141986333514,0.38146067287461793,9.590744596136311e-17,0.8109530036052358,42,0.7142857142857143,0.003957948667448363,0.250430214946344,0.0016732327101206183,0.18248175182481752,0.25717880373620133,-0.23332378375815688,2.0178546798801645e-16,0.03844055175613456,0.195532411377041,0.04982234838819045
pathway|GPVI-mediated Activation Cascade,pathway,35,29,0.8285714285714286,9.998044879310344,0.007950345082446504,0.054260302081324235,0.18858022678768213,0.27979841677391015,0.11580692222300762,0.20757519946602768,0.13313773874160112,0.013219461331160948,0.019543699605213207,-0.26960689916196456,0.5714285714285714,0.6062686539625634,0.016684350265921133,0.017947038493790222,-0.48665439629477836,0.7142857142857143,0.6867483660255348,0.4342585058232828,2.5079651507514227e-26,1.6011431187200136,29,0.6896551724137931,0.03071417286992073,0.01347040056717476,0.8678774484175759,0.2846715328467153,0.06473035758179185,-0.6617371742546666,1.3723843636086112e-25,0.15625,0.7863606651091234,0.8338029831249569
pathway|GSK3B and BTRC CUL1-mediated-degradation of NFE2L2,pathway,42,40,0.9523809523809523,10.951496935,0.055306719366327445,0.1620855471595677,0.7007587471469121,0.44236938075251125,0.5837995137943706,0.7372139070755732,0.2651060824746403,0.01944686448258225,0.018657245570468273,1.9220337079395136,0.09523809523809523,0.027300758230598205,0.020840651208118004,0.013102596807186007,2.630476131212923,0.047619047619047616,0.004263267842885604,0.42834531252757135,4.5644585510015455e-18,0.8731233855969581,40,0.725,0.003213288047845708,0.2661564242209403,0.0008157742055893855,0.16058394160583941,0.2397242051431158,-0.26131383454896,1.0373769434094421e-17,0.03385902695044032,0.12379773511840021,0.02174266599871658
pathway|GTP Hydrolysis and Joining of the 60S Ribosomal Subunit,pathway,117,109,0.9316239316239316,12.458874349541283,0.04127798924552481,0.2327601896406277,0.8243462808567094,0.8207892739191885,0.709637863542364,0.8301616133746554,0.7114600180911307,0.04032419629430039,0.008379242185965467,0.11382806822578112,0.47619047619047616,0.45468704398547005,0.012415836460977703,0.007358894584288913,3.922077216076339,0.047619047619047616,4.389442348976955e-05,-1.2306487091588347,1.6927383807402364e-27,-3.1431451066794978,109,0.944954128440367,3.308949198418555e-24,0.23903838097386484,0.00274028172234487,0.18705035971223022,0.19085571335492724,-0.3965591886655627,2.1846601339144965e-26,7.031517046639431e-22,0.7130700874310877,0.0003706317215195773
pathway|Gain-of-function MRAS Complexes Activate RAF Signaling,pathway,8,7,0.875,10.507115628571428,0.010902551320449165,-0.004506767386715796,0.07163202806982935,0.10217785773507981,0.039661868600739704,0.07629763060199529,0.0376747284364936,0.015997953959646656,0.057252141651364594,-0.08899933683225006,0.42857142857142855,0.5354587814195185,0.04517535721630277,0.06349187781883758,-0.5397982714205549,0.6666666666666666,0.7053319203503532,0.4794270180002634,6.215104981794056e-22,1.1428515005618272,7,0.7142857142857143,0.2265625,0.28650381876188324,0.00030135046162650696,0.13138686131386862,0.5326982573316316,0.2571201372971946,1.8009679208607777e-21,0.43570324890595624,0.7636576580647496,0.839343807015151
pathway|Gap-filling DNA Repair Synthesis and Ligation in GG-NER,pathway,25,24,0.96,9.712156925,0.05468116542030963,0.06735727438905842,0.5812850538327902,0.28969376023253113,0.41267738909919005,0.5842485938878635,0.16974878488985656,0.016709524896082014,0.01612760208841024,2.3544504828473625,0.047619047619047616,0.00927505750984428,0.015301683003583231,0.017462664373067156,2.255067243774196,0.09523809523809523,0.012064554159761041,-0.24084565200260055,6.046316449195835e-14,-0.7098861653018761,24,0.5833333333333334,0.27062809467315674,0.10824659211755985,0.1800200214661101,0.18620689655172415,0.4982144707360565,0.28765142049789405,1.104448921593795e-13,0.4991125958452211,0.056071231694013596,0.052143412046424836
pathway|Gap-filling DNA Repair Synthesis and Ligation in TC-NER,pathway,62,57,0.9193548387096774,9.426580066666666,0.04728207429908126,0.043751328314273606,0.7388236941656807,0.4347669322890906,0.5996455752683828,0.7497230443284618,0.26441343249988214,0.01331474114765977,0.011131689122347342,3.051408710581992,0.047619047619047616,0.001138851493635403,0.022028007342812336,0.011834364359933782,2.1339605734777485,0.047619047619047616,0.01642300416502476,-0.2704666893546277,3.807448122978386e-19,-0.9726414601631681,57,0.5789473684210527,0.14462187355451026,-0.0435596661403113,0.5904533292360081,0.2962962962962963,0.6408796773630488,0.510314857507766,9.22908052623088e-19,0.3328391494259938,0.009490429113628358,0.06647406447748117
pathway|Gene and Protein Expression by JAK-STAT Signaling After Interleukin-12 Stimulation,pathway,37,33,0.8918918918918919,10.822617030303029,-0.00550990696489852,0.0060213409907032426,-0.22074867988250835,0.5484979568685909,-0.09789776083918575,-0.21704360457026622,0.3460282703627719,0.03550593186713385,0.027256135359200042,-1.5048295839266101,1.0,0.9338160521354021,0.003058023297641809,0.012051732287071213,-0.7109293550879638,0.8095238095238095,0.7614359929239798,0.14916636825640095,4.258669954688269e-15,0.7580371248464333,33,0.5757575757575758,0.24342512083239853,0.3177306564403339,5.6111568183334344e-05,0.16666666666666666,0.4183390194755694,0.11656438397679426,8.12844938956219e-15,0.4639267997926878,0.953254977159838,0.8679540598573262
pathway|Global Genome Nucleotide Excision Repair (GG-NER),pathway,84,78,0.9285714285714286,9.564308484615385,0.034503751688055355,0.03269317856049353,0.7359715641234513,0.5386755879813472,0.6364229632846865,0.777822088254293,0.3680113351716988,0.014749353458683912,0.008689007105893624,2.2734931607976625,0.09523809523809523,0.011498238901782957,0.018330973950230693,0.007534673353807235,2.1464470957659545,0.047619047619047616,0.015918662661790692,-0.20008329683314252,2.3477419122629493e-16,-0.8183108777652095,78,0.6153846153846154,0.026772196084251132,0.027798008443169736,0.7313371379065355,0.22857142857142856,0.348230982057204,0.05635157669009681,4.789393501016416e-16,0.1503724669930405,0.06663752090806031,0.06463788182733482
pathway|Glycine Degradation,pathway,7,6,0.8571428571428571,8.4000129,-0.029558254231111972,0.030855851665333223,-0.20810573675671007,0.07072513043043162,-0.09301340603992993,-0.20510425767996485,0.041035805969557214,0.012525760084856763,0.045030798147241605,-0.9345607017304582,0.8571428571428571,0.824992630275814,0.031002568792775652,0.05299278392603643,-1.1428126347997518,0.9523809523809523,0.8734418041031198,-0.5729813538216305,1.6782307326511855e-23,-1.2773096881991457,6,0.8333333333333334,0.109375,0.2513873223550643,0.0016036554472908036,0.17164179104477612,0.6931349939907507,0.5271959168074374,5.69080900034644e-23,0.30649038461538464,0.9042675968106009,0.9257176228025584
pathway|H139Hfs13* PPM1K Causes a Mild Variant of MSUD,pathway,5,5,1.0,8.759127799999998,-0.06652771915013371,0.07847295009271944,-0.45325456549872967,-0.022016671319708934,-0.10883707640196687,-0.2442585379619289,-0.00972248154622432,-0.004327119254039882,0.06328355040358746,-0.9828873301104761,0.8571428571428571,0.8371685528986212,0.027658159344524896,0.07742527178790716,-1.2164746253996261,0.9523809523809523,0.888097914270596,-0.1507215143121803,0.0005323499776654975,-0.2503753672104213,5,0.6,0.5,0.09041603557732589,0.26320325216985774,0.24444444444444444,0.32961866710419513,-0.06242660230309891,0.0006445833062901323,0.539340101522843,0.9122650325930318,0.9327222740486079
pathway|HIV Transcription Initiation,pathway,47,40,0.851063829787234,9.113592435,0.05485792475069028,0.05135125496933123,0.6989474761105248,0.3109130561168083,0.558114903409552,0.7163976189281734,0.17006466397733405,0.011154075374058246,0.011641279280487664,3.7542136326791433,0.047619047619047616,8.694325720747698e-05,0.029409472968007493,0.014562293671743914,1.7475579298377932,0.047619047619047616,0.04027030277778707,-0.03551080636136054,0.2646353299767823,-0.09985248784229013,40,0.525,0.43731465619021037,-0.031175276336566658,0.7001774486549377,0.2846715328467153,0.46444890863381255,0.08869609335435819,0.28164444550951373,0.539340101522843,0.000980996928668435,0.13652695781386556
pathway|HSF1 Activation,pathway,30,24,0.8,10.264743604166668,0.03124127938303797,0.03402741955388756,0.43629277920800497,0.41151545926605587,0.30200435074002785,0.46390682268976424,0.24729103265797553,0.02831175576225428,0.026831889999239508,0.1091806660234042,0.5238095238095238,0.456529597452574,0.005983023385253507,0.015457905525622243,1.6340024821550148,0.09523809523809523,0.05112916470415207,0.03418361869442618,0.07715239159605293,0.12122965684702557,24,0.5,0.5805901288986206,0.43840675453578676,1.1605271941702315e-08,0.09219858156028368,0.24879146225011115,-0.3072829359064716,0.08502100197490707,0.6252131877920112,0.7146212311109826,0.16395909576961284
pathway|Hedgehog Ligand Biogenesis,pathway,52,42,0.8076923076923077,10.81281961190476,0.06923551255444924,0.1794360474213696,0.757528550650707,0.4945862340862492,0.6304130051005188,0.7733169486852227,0.30395359517192194,0.02276894598124612,0.020410134536801166,2.276641856006389,0.047619047619047616,0.011403810628397277,0.019632699129618177,0.015095866538768201,3.285853998340831,0.047619047619047616,0.0005083684768637248,0.42729883441023014,4.711377648794488e-16,0.8100409906078245,42,0.7619047619047619,0.0004703370141214691,0.3533112049241081,6.501580228646715e-06,0.13768115942028986,0.29966812816046356,-0.2688881214670661,9.474773662796488e-16,0.0069730196861031764,0.06639204817902525,0.003393559204195021
pathway|Heme Biosynthesis,pathway,14,13,0.9285714285714286,8.605496146153845,0.0912244234300766,0.08796819532590655,0.5661533497469412,0.04487883073354734,0.37731898257580565,0.5479035537144186,0.01843645352390652,0.003601412052011951,0.01622800283808276,5.399494457348565,0.047619047619047616,3.341447432818851e-08,0.02156443306443713,0.03001787747902932,2.320616786256936,0.09523809523809523,0.010153767704154262,-0.9062766887928567,1.628958993624077e-27,-2.6525834315190586,13,0.6923076923076923,0.1334228515625,0.09469240436982372,0.24119558868413266,0.20863309352517986,0.2976620407892237,-0.3515623203140746,2.1846601339144965e-26,0.31856579727001405,6.35872459230453e-07,0.04574577322542998
pathway|Hh Mutants Abrogate Ligand Secretion,pathway,46,40,0.8695652173913043,10.8290737425,0.0655124340560422,0.1805754866839654,0.7371331848596918,0.4603774780177563,0.640151747568473,0.7806006346882217,0.2696380689685314,0.02088326899556484,0.02269472787236498,1.9664992376851373,0.09523809523809523,0.02462048514911572,0.016791697229361614,0.010358263316913474,4.703562299591961,0.047619047619047616,1.2783051773752872e-06,0.41322266008832387,1.1143159343218946e-15,0.7862689084866354,40,0.75,0.0011107168866146822,0.3309658083851632,2.595823976060246e-05,0.16176470588235295,0.29984004948357323,-0.2502566378313828,2.1959085259048157e-15,0.014639704518091464,0.11669560804878269,1.468323514552695e-05
pathway|Hh Mutants Are Degraded by ERAD,pathway,43,40,0.9302325581395349,10.8290737425,0.0655124340560422,0.1805754866839654,0.7371331848596918,0.5656420081631989,0.6055273456343881,0.7543033723852615,0.36990334153873483,0.03152972220348913,0.022732283608474135,1.4949097256504846,0.19047619047619047,0.0674690018560703,0.012496965672508341,0.010284528284696571,5.15487603475418,0.047619047619047616,1.2689938597528567e-07,0.41322266008832387,1.1143159343218946e-15,0.7862689084866354,40,0.75,0.0011107168866146822,0.3309658083851632,2.595823976060246e-05,0.16176470588235295,0.29984004948357323,-0.2502566378313828,2.1959085259048157e-15,0.014639704518091464,0.23000796087296693,1.685382469984263e-06
pathway|Host Interactions of HIV Factors,pathway,126,101,0.8015873015873016,10.383639004950496,0.028878481745307376,0.03805470742374382,0.7502161929530834,0.686026792225112,0.6116878306178145,0.7590648995386828,0.5098426659781129,0.021175417465440414,0.010309255994220662,0.7471988554930905,0.19047619047619047,0.22747176742472086,0.018093381553387345,0.00804518464092378,1.3405659003845614,0.19047619047619047,0.09003071737057672,-0.025046978539077246,0.24066091802220624,-0.09897850488097962,101,0.504950495049505,0.4999999999999998,0.031929360961619024,0.6932856057406203,0.22535211267605634,0.3407292686304748,-0.06376297474862269,0.25785098359522096,0.539340101522843,0.4974725616921425,0.24632867950104145
pathway|HuR (ELAVL1) Binds and Stabilizes mRNA,pathway,10,8,0.8,9.8877861375,-0.05010310412114971,0.009415481720569194,-0.6173390528810592,0.05578279256119592,-0.24337183172961027,-0.6433062947839885,0.021784767320385638,0.007330658076621572,0.04930951759379483,-1.164760172080832,0.9047619047619048,0.8779419576526564,0.01240375483001592,0.0469294730546328,-1.331931830523613,1.0,0.9085587048683343,0.25350332840542966,1.2751557383838184e-12,0.6688864632903687,8,0.5,0.63671875,0.27794785859301985,0.0004623509891785031,0.14388489208633093,0.51479266457748,0.2074539186717321,2.164878250917934e-12,0.6725902288732395,0.9316236168892669,0.9468958111831351
pathway|IFNG Signaling Activates MAPKs,pathway,8,7,0.875,10.638298714285714,0.03125413936937789,0.07334896821311403,0.1842310736697738,0.16669120131959445,0.07358741163603989,0.13708694949002806,0.06276215481757583,0.0277825485217845,0.06978065028075209,0.04975005010165365,0.42857142857142855,0.48016078579873694,0.02162221338297742,0.047416195274671884,0.20313578368329183,0.3333333333333333,0.4195144517076745,0.9676848463410521,6.202265595704966e-27,1.9981177641543426,7,0.8571428571428571,0.0625,0.2071476910186588,0.009703875857418897,0.1865671641791045,0.47250192621975723,0.14079781255535306,4.0973516241056125e-26,0.2219707520891365,0.7305548948608468,0.6554913307932414
pathway|IKK Complex Recruitment Mediated by RIP1,pathway,23,22,0.9565217391304348,10.428120718181818,0.05368051347367516,0.03182813853619304,0.5551527350599053,0.2933182213545755,0.4281294701411059,0.5995667467023207,0.15234916222729164,0.018517193490811053,0.019270567510835758,1.8247163693073347,0.09523809523809523,0.034021920873929426,0.01570399460068097,0.014454878385908915,2.6272458238054037,0.09523809523809523,0.00430395618437567,0.38671166157109793,6.71966077852099e-23,1.1427153619642976,22,0.6818181818181818,0.06690025329589844,0.08674228996809642,0.28317445000420777,0.24444444444444444,0.4016947969803117,-0.035941073686378056,2.152655148898056e-22,0.23498022851865152,0.14316154823188126,0.021862725637764858
pathway|IRAK1 Recruits IKK Complex,pathway,14,14,1.0,10.692225507142856,0.02882110205063741,0.040173623906467705,0.29352074224720975,0.1539510625370796,0.1907890824700248,0.3204414371590906,0.08081567241388433,0.01283071343588602,0.025693309987160462,0.6223561161540555,0.3333333333333333,0.26685386475438366,0.020101374878220033,0.02506046889087466,0.3479474869519506,0.2857142857142857,0.3639398107006116,0.1916077324698038,9.945182876753115e-10,0.5596220498140796,14,0.5714285714285714,0.395263671875,0.05795494827752892,0.4738091347398612,0.25,0.26785655368273,-0.21059930404408386,1.4970611768430014e-09,0.539340101522843,0.5409199961237506,0.6041969513584373
pathway|IRAK1 Recruits IKK Complex Upon TLR7 8 or 9 Stimulation,pathway,14,14,1.0,10.692225507142856,0.02882110205063741,0.040173623906467705,0.29352074224720975,0.33911967607229127,0.15207605126902124,0.26400349369559106,0.21277077104929654,0.035356476940275695,0.033037143266141974,-0.19781900744233075,0.47619047619047616,0.578406662874728,0.01314955663228223,0.02043066806603968,0.7670598615619808,0.19047619047619047,0.22152296256597137,0.1916077324698038,9.945182876753115e-10,0.5596220498140796,14,0.5714285714285714,0.395263671875,0.05795494827752892,0.4738091347398612,0.25,0.26785655368273,-0.21059930404408386,1.4970611768430014e-09,0.539340101522843,0.7755053541188914,0.4424124458512722
pathway|IRAK2 Mediated Activation of TAK1 Complex Upon TLR7 8 or 9 Stimulation,pathway,15,12,0.8,11.2237177,0.11683556757955242,-0.005755760270796959,0.6135271238322828,0.26589040987423535,0.45809363353085447,0.6283459758637796,0.13157062360243083,0.029298555291854156,0.051297119295112166,1.7064703338231941,0.09523809523809523,0.04396027258341839,0.016818492790685705,0.02543006876314706,3.9330241581497503,0.047619047619047616,4.1941901766874745e-05,0.294712864042464,5.177006563238287e-15,0.758277530303698,12,0.75,0.072998046875,-0.04835809351938384,0.550153738276513,0.3007518796992481,0.5864733312408745,0.3460349039797445,9.837084006153229e-15,0.25222902375508127,0.1708821571459099,0.00035650616501843536
pathway|IRAK4 Deficiency (TLR5),pathway,5,4,0.8,9.353944599999998,0.06263777496365086,0.1572489699555731,0.21091698746421894,0.046793985460576136,0.12985700197952912,0.2298644903771316,0.0030645047248459454,0.012123993859430773,0.11051929184353748,0.4570584941471812,0.3333333333333333,0.32381450115529337,0.011249077742060014,0.0926181709333901,0.5548446563315205,0.2857142857142857,0.28950045970220145,0.2845460012189309,4.0621107116400526e-08,0.5037138577521839,4,0.75,0.3125,0.47553414327607874,4.032491326630242e-10,0.145985401459854,0.5583477688833416,-0.05192888224455238,5.754656841490074e-08,0.5165088998387369,0.6000639233625579,0.5198775860849392
pathway|IRE1alpha Activates Chaperones,pathway,51,42,0.8235294117647058,9.628449602380952,0.10636133540466954,0.09819708847383112,0.8333017076685894,0.4771550903591998,0.7291039857373935,0.8433315656564865,0.32084590110582156,0.02126677893004119,0.014031669460673864,6.064464154683824,0.047619047619047616,6.619715045637249e-10,0.016664851818165967,0.009624712191674883,9.319393847858496,0.047619047619047616,5.850341485615653e-21,0.008311617675803991,0.9322622018155936,0.018607855999134802,42,0.5476190476190477,0.32198447818518616,0.20837227288840193,0.009272542501267852,0.18571428571428572,0.8092373235665571,0.7226428764238597,0.9359325254447889,0.5283529082189349,1.4551959798599126e-08,1.4625853714039132e-19
pathway|ISG15 Antiviral Mechanism,pathway,76,67,0.881578947368421,10.031859152238805,0.04269220312815129,0.033352664921098646,0.7492439279432324,0.5550222871332998,0.5957909311134548,0.7467029915977086,0.37138471956020647,0.0182762321557975,0.012998328513780171,1.8783931292757539,0.09523809523809523,0.030163702374090086,0.007806245387715941,0.00651824724871338,5.352045789199145,0.047619047619047616,4.348269228803863e-08,-0.07944383025061634,0.0013945031466302423,-0.2740783175833809,67,0.5074626865671642,0.4999999999999998,0.32649608456060064,3.381226558875019e-05,0.15671641791044777,0.33787774528797127,-0.2080302735114892,0.0016493427754671233,0.539340101522843,0.13024694935051742,6.229262097443736e-07
pathway|IkBA Variant Leads to EDA-ID,pathway,7,7,1.0,10.089009214285714,0.053010213837567106,0.17179185940775873,0.28152825793595415,0.06521875694558246,0.13301580154419126,0.23479955242089925,0.03360348066108106,0.009868639931430133,0.041796755304768694,1.0321751913889556,0.14285714285714285,0.15099502733247155,0.030756422883902835,0.05301135425726783,0.4197929154132728,0.2857142857142857,0.33731837040683715,1.2523028595084615,1.6605450340442345e-27,2.662736758633577,7,0.8571428571428571,0.0625,0.1045116174148432,0.19560533934343088,0.25735294117647056,0.58117942735708,0.4253715188708857,2.1846601339144965e-26,0.2219707520891365,0.3842687821335354,0.5804061029267441
pathway|Inactivation of CSF3 (G-CSF) Signaling,pathway,25,20,0.8,11.456419174999999,0.03439324518394081,0.02824475011106428,0.41601251533090483,0.39777930961421526,0.2569877838563725,0.40889464027716715,0.26177915607992264,0.031970192542677606,0.027275220843545413,0.0888371410505595,0.38095238095238093,0.4646056700399178,0.0032233178470903712,0.013701594164188468,2.2749124637130578,0.047619047619047616,0.011455590759030299,0.4755399288163458,1.927891200926677e-26,1.5835575337063519,20,0.7,0.057659149169921875,0.2745254745254745,0.000546615589798703,0.17037037037037037,0.2049111898379913,-0.356508300837421,1.107234811343024e-25,0.2219707520891365,0.7232872152636084,0.050008268124568656
pathway|Inflammasomes,pathway,25,21,0.84,10.162903452380952,0.06389183959888899,0.07900014737070286,0.5890363332008897,0.08481328682574228,0.4186535542917598,0.5902125336030557,0.04310488038365605,0.004393620719602147,0.012861907733993065,4.625924871318854,0.047619047619047616,1.8646523600197082e-06,0.018454766002254396,0.031683668887928694,1.4340849778904825,0.14285714285714285,0.07577400710153195,0.24103439016959152,1.8915296487925727e-14,0.7150084681480363,21,0.6190476190476191,0.19165515899658203,-0.06767426122264832,0.40277387812299076,0.2605633802816901,0.39486092942551226,-0.038252103592689074,3.510480789243858e-14,0.3948175107328275,2.864375613283287e-05,0.2195724069419392
pathway|Influenza Infection,pathway,169,147,0.8698224852071006,11.496700388435375,0.028851468926673854,0.12717169685119645,0.8136818992959373,0.8172230242577277,0.7149244730957841,0.8337678822732075,0.700158070841058,0.029518153576889045,0.008576696819126867,-0.07773209946379589,0.5238095238095238,0.5309794201655615,0.014232823674489675,0.005247282820457829,2.785945746089724,0.047619047619047616,0.0026685901883270646,-0.8587093184953755,1.6605450340442345e-27,-2.7932646213400893,147,0.8095238095238095,7.40108862505732e-15,0.20304856433888693,0.011279294291423443,0.16901408450704225,0.17373820346686175,-0.2180177181760128,2.1846601339144965e-26,3.774555198779233e-13,0.7589672205281289,0.014602800386768273
pathway|Influenza Viral RNA Transcription and Replication,pathway,149,130,0.87248322147651,11.647576677692307,0.03647875153784821,0.1604936656974243,0.8311317990860252,0.7979253842100822,0.7253601222224267,0.840821707746548,0.6678513367758749,0.02947895765996254,0.010047737929929943,0.6966537072025796,0.23809523809523808,0.24300976809524194,0.016980260626477114,0.004921453511106418,3.9619374372567293,0.047619047619047616,3.7172011644195024e-05,-0.9447265903490425,1.6927383807402364e-27,-2.7140592222334536,130,0.8384615384615385,7.936291309638819e-16,0.18790564274435242,0.01921333959389999,0.19148936170212766,0.0379670881930523,-0.7115574225288933,2.1846601339144965e-26,4.5994415544497705e-14,0.5140334853698397,0.00032023185706992336
pathway|Inhibition of Replication Initiation of Damaged DNA by RB1 E2F1,pathway,13,12,0.9230769230769231,8.864599624999999,0.037419032353603894,0.0251585872806545,0.31809677824092786,0.26345397059504005,0.1939257719581672,0.32485398424745954,0.1315647581073621,0.028944604215024233,0.04026099582404595,0.21048729583380782,0.38095238095238093,0.4166436830135382,0.018715071453568717,0.030510716522752678,0.613029224865536,0.2857142857142857,0.2699285079839953,-0.1874765012965395,2.097042206026894e-08,-0.5035266211626642,12,0.75,0.072998046875,0.06312397280139216,0.4352117865836105,0.21897810218978103,0.5163519120876344,0.152377061046482,3.0041896771733596e-08,0.25222902375508127,0.6781690545501616,0.503156210057886
pathway|Initiation of Nuclear Envelope (NE) Reformation,pathway,19,16,0.8421052631578947,9.5281773375,-0.0003460722184339978,-0.0012378363795359614,-0.005566049320487091,0.2525512545165069,0.04189522107727627,0.08042117907779317,0.12173430557160685,0.020681036189491766,0.03541040501138831,-0.5938115760371352,0.7619047619047619,0.7236809271784521,0.011549831355326824,0.023615108981411708,-0.503741210050079,0.5238095238095238,0.6927783773782598,0.41546262252605864,1.4711838292132102e-25,1.4141370032928329,16,0.6875,0.1050567626953125,0.19645193516161255,0.014288339585558831,0.18705035971223022,0.38927908142648343,0.019586620431959932,6.604786557207194e-25,0.30649038461538464,0.8515513254054202,0.8351028716040404
pathway|InlA-mediated Entry of Listeria Monocytogenes Into Host Cells,pathway,10,8,0.8,11.567865837500001,0.02893051967028331,-0.023560078959982213,0.19246697094137183,0.0762925879534188,0.13844929366404019,0.2432243481278789,0.054891605840191315,0.010218735552473431,0.04198800878072934,0.4456459037037681,0.42857142857142855,0.32792652329580996,0.009260480400069899,0.04381281376410995,0.4489563116424738,0.2857142857142857,0.3267315863879832,0.3889879470338504,5.064139399664051e-22,1.1048509614209863,8,0.75,0.14453125,0.135280848184074,0.09328385528069486,0.19444444444444445,0.06774197092577627,-0.6224025857689168,1.4843167205911874e-21,0.3328391494259938,0.6033280190507325,0.5667792825097668
pathway|InlB-mediated Entry of Listeria Monocytogenes Into Host Cell,pathway,16,13,0.8125,10.849013638461539,0.0208007932563084,-0.007342460729978641,0.21639584862639624,0.2756138669863428,0.13594797689343271,0.23935599104673871,0.12062783280690544,0.028435395215540206,0.046271131386812006,-0.16499708847421413,0.47619047619047616,0.5655268631451313,0.004310983469363344,0.019729262091703333,0.8358046900233257,0.23809523809523808,0.20163239379941206,0.6360464046078492,2.13086941159952e-27,2.112696935062054,13,0.8461538461538461,0.01123046875,0.11998968773162322,0.13697633056379885,0.23357664233576642,0.3674109353256678,-0.07440198856296114,2.19101491918499e-26,0.08229222790948276,0.7734713690050851,0.4176605292061486
pathway|Interactions of Rev With Host Cellular Proteins,pathway,38,31,0.8157894736842105,9.436552119354838,0.07011804261528523,0.05875602950192084,0.7003803481400572,0.36595280923655793,0.5376889482896478,0.6993468332951374,0.2190406377408148,0.018278068559254304,0.016928567081197134,3.0622777348716372,0.047619047619047616,0.0010982976927435195,0.03248257085972742,0.018114766525453237,2.077612852623623,0.09523809523809523,0.018872515720480768,-0.5109085384750709,1.891963153057863e-26,-1.3857665839643645,31,0.7096774193548387,0.014724686741828918,0.10852695691405369,0.17888808647660243,0.23134328358208955,0.4944682040268085,0.10513469926724464,1.0964786455221705e-25,0.10203247606430364,0.00921269446215781,0.07472812901743162
pathway|Interferon Alpha Beta Signaling,pathway,78,63,0.8076923076923077,10.724332801587302,0.14418998134905217,0.24229587315001092,0.9139004969714759,0.6546549376854376,0.841945983966222,0.9141918289626259,0.48164052869037466,0.029210808648164825,0.015864744145993558,7.24746467026535,0.047619047619047616,2.1232258297675528e-13,0.0024521412212216835,0.007067472977890812,20.05495324442403,0.047619047619047616,9.135772950856905e-90,0.37204718636763107,2.1972169972134375e-10,0.5715558445415975,63,0.7142857142857143,0.00044902358933401074,0.1664529019367729,0.0384513176175287,0.2014388489208633,0.9142969703461329,0.8885402798973925,3.408092057721573e-10,0.006815536623819805,5.6398186103200625e-12,6.130584480180292e-88
pathway|Interleukin-1 Processing,pathway,9,8,0.8888888888888888,10.1820776,0.003429137346401997,0.002150977298119131,0.02679003187941298,0.13322053952794075,0.02669124340544078,0.05199468404329304,0.06323062624858636,0.018849857051629955,0.045894466932691266,-0.33600389623969174,0.6190476190476191,0.6315660358265532,-0.003106355925979169,0.044262531300052664,0.14765294890338523,0.3333333333333333,0.4413083329234265,1.028519138032101,1.6605450340442345e-27,2.668610377029562,8,1.0,0.00390625,0.02577100319035803,0.7502557483109014,0.2446043165467626,0.6504226404190189,0.4796085656370232,2.1846601339144965e-26,0.03844055175613456,0.7956983158881971,0.6774906247147721
pathway|Interleukin-1 Signaling,pathway,102,91,0.8921568627450981,9.912596146153847,0.031274388620883414,0.06450939614504261,0.7460542409014578,0.6426649472511863,0.613784506432765,0.7606771585501488,0.437982288207735,0.019380637760796543,0.012496643376675299,0.9517556436223736,0.23809523809523808,0.17061046113251788,0.01605863433119335,0.008552631820685865,1.7790727589709179,0.09523809523809523,0.037613917057972984,0.5038232860141061,3.5709680224058404e-27,1.7156274567230312,91,0.7142857142857143,2.655881463392132e-05,0.16719087364248655,0.03758799415947689,0.1564625850340136,0.4793575135085934,0.15702422313861739,2.7263378614176326e-26,0.000546169171907253,0.4151304159235883,0.12891866733579452
pathway|Interleukin-12 Family Signaling,pathway,56,45,0.8035714285714286,10.613946811111111,-0.0008800679020180922,0.004673002201825866,-0.0411983799504329,0.4700515005865292,-0.01791673526743395,-0.03648720207509678,0.2906360858835987,0.019329576558628905,0.016059201536183457,-1.2584464062619836,0.9047619047619048,0.8958848210301321,0.005151815942761489,0.008560073729814648,-0.7046532582740022,0.7142857142857143,0.7594869769008854,0.19493796080335288,4.649326299752917e-22,1.1701674769800083,45,0.6,0.11634659595415542,0.3737037156391995,1.6711159607742225e-06,0.12857142857142856,0.3986188883486174,0.03788924245868104,1.3690279520057665e-21,0.30649038461538464,0.9346178929507832,0.8673593546654693
pathway|Interleukin-12 Signaling,pathway,46,39,0.8478260869565217,10.715786153846153,-0.0023021803231939885,0.002923598575166483,-0.09839270728121198,0.4694524741939935,-0.010133478866281432,-0.02047443498680066,0.2800834540638686,0.022184999693478393,0.019318442777852822,-1.2675545486898736,1.0,0.8975214640530256,0.00703746721653883,0.007527424996746581,-1.2407493324436307,0.9047619047619048,0.8926508180549384,0.17456858851965576,3.197206731559082e-19,0.9941174258045655,39,0.5897435897435898,0.16839181759496574,0.36296606619187266,3.4571551450090234e-06,0.125,0.4052883485088148,0.0687526382439848,7.794337634297953e-19,0.38134914286604144,0.9349181917219017,0.9364628806431852
pathway|Interleukin-15 Signaling,pathway,14,13,0.9285714285714286,9.115166623076922,0.07639695452631777,0.08809577310064165,0.5181444828812425,0.2778365341918997,0.31977364814075754,0.4845886241042036,0.14155342713953464,0.028743806978091167,0.040335534494805245,1.1814185220320752,0.14285714285714285,0.11871825179225187,0.006509208772416228,0.035295789941306194,1.9800589778587967,0.09523809523809523,0.02384845097356543,0.7154386577659241,5.03194884081556e-27,1.8086734957649966,13,0.8461538461538461,0.01123046875,0.2719989687731624,0.0006176749482953774,0.17391304347826086,0.5215117501817969,0.11128094411774891,3.505865995650185e-26,0.08229222790948276,0.3356225521843041,0.0907664925113311
pathway|Interleukin-17 Signaling,pathway,72,59,0.8194444444444444,9.770229505084746,0.02347622960079814,0.028799672121127738,0.5865028133709212,0.4322107342944626,0.42500386895494074,0.5964950386648804,0.2513550430891503,0.012737639088583455,0.013349052080135615,0.8044459222834639,0.19047619047619047,0.21056974441557041,0.010438697342256834,0.009009055018142012,1.4471586900387372,0.09523809523809523,0.07392624173510425,0.5146319412936285,2.78576314513619e-27,2.1871331146955284,59,0.711864406779661,0.0007735834651212622,0.11754052399213691,0.14523334267915128,0.22388059701492538,0.372908109187375,0.05831265298861052,2.3367421118741067e-26,0.010959099089217881,0.47686753841892054,0.2156886915612309
pathway|Interleukin-21 Signaling,pathway,10,8,0.8,9.1463718625,0.05647958521006223,0.0674646243863369,0.32381437183601336,0.07418347192719711,0.18073287823462128,0.3061367758384859,0.03494779108268692,0.00991662762452126,0.04072852666365478,1.1432517058637603,0.19047619047619047,0.12646705000091557,0.011094903144554913,0.04659681123380634,0.9739868644183186,0.19047619047619047,0.16503153067940635,0.6786989527293386,9.433771718726634e-26,1.4179253147514455,8,0.75,0.14453125,0.25181270342560663,0.001573587170817385,0.1925925925925926,0.5665054604017111,0.36501901397917463,4.405882396108593e-25,0.3328391494259938,0.34977329447107885,0.36341140175516945
pathway|Interleukin-27 Signaling,pathway,11,9,0.8181818181818182,9.964421944444446,-0.018840218924642715,0.03357214376725786,-0.1996542012005252,0.13453386739063347,-0.04126515083078244,-0.08608250939566943,0.0692691167426651,0.016978605194228884,0.03814584608912981,-0.938996713696663,0.9523809523809523,0.8261337841944433,0.005360088735194269,0.028887598063396844,-0.8377403897245762,0.7619047619047619,0.7989117379593083,0.3785410196749542,1.890151885029576e-18,0.9480738975881849,9,0.6666666666666666,0.25390625,0.20284554155521894,0.011362857428765798,0.20588235294117646,0.3490217720757987,0.12218587308287604,4.4219149603902924e-18,0.47122338973799127,0.9042675968106009,0.8888415932793351
"pathway|Interleukin-3, Interleukin-5 and GM-CSF Signaling",pathway,48,39,0.8125,10.222547441025641,0.0527555460144588,0.039365356825772725,0.6847468747389956,0.4645977994706949,0.4969144884979669,0.6639183364396193,0.29539431883227973,0.021765829292280093,0.01580497560079846,1.9607570112675863,0.047619047619047616,0.024953687503577137,0.007095461660179174,0.011271350557713115,4.050986092614599,0.047619047619047616,2.5501119585822773e-05,0.48798633431455424,2.9690939686944416e-26,1.7113006127940604,39,0.7435897435897436,0.0016889239559532143,0.2877960748928491,0.00028214831704910536,0.14184397163120568,0.539254808452547,0.19912247946228528,1.5707862282512086e-25,0.020364066150700934,0.11778644284387786,0.00022579116299947246
pathway|Interleukin-6 Signaling,pathway,11,10,0.9090909090909091,9.591801,0.03389742146601582,0.009461523990267038,0.25973507185774664,0.05845668075323005,0.16245889005644681,0.279509050076701,0.03915782310736221,0.006170293462927491,0.030071376269522943,0.9220438650554718,0.23809523809523808,0.17825284781743056,0.0025745322716618614,0.030328352400706922,1.0327923119761644,0.23809523809523808,0.15085055116469198,0.8374912663249797,1.7589935153552824e-27,2.1921723938210254,10,0.9,0.0107421875,0.3454706583738842,1.0696827303180442e-05,0.15555555555555556,0.6064596238678835,0.35991871502635536,2.1846601339144965e-26,0.08056640625,0.42881581314570555,0.3437222131859025
pathway|Intra-Golgi Traffic,pathway,44,36,0.8181818181818182,8.741934105555556,0.015879007489391618,0.022534068277033685,0.36743606733829154,0.30354289483214436,0.23412815234304094,0.37942275589214847,0.1762455400635906,0.011961810790166639,0.012006414050033434,0.3262586716484321,0.42857142857142855,0.3721143270664039,0.01954439716865846,0.013033347577558873,-0.28123163734066275,0.5238095238095238,0.6107336298126985,0.1320255501101812,4.0220108211466745e-08,0.47646581694934415,36,0.5277777777777778,0.4339697002142202,0.15573458799265252,0.052989244101161306,0.2028985507246377,0.179183352525071,-0.35644917977631685,5.7041866484560734e-08,0.539340101522843,0.640419412215851,0.7962018180073523
pathway|JNK (c-Jun Kinases) Phosphorylation and Activation Mediated by Activated Human TAK1,pathway,22,18,0.8181818181818182,10.188309655555555,0.033705748862305374,0.030359835663106696,0.3856988905300248,0.19512311120893094,0.2765887417312082,0.4333247391107656,0.11275581086044946,0.013289133395346,0.018748669256792583,1.0889634452089179,0.23809523809523808,0.13808500300004728,0.013842142406565228,0.01647597530327959,1.205610356297769,0.14285714285714285,0.1139838820670469,0.32770181468489495,1.4277705591601289e-21,1.083115377861967,18,0.6666666666666666,0.1189422607421875,0.030952918049692243,0.7022143649599937,0.25547445255474455,0.29118763658233326,-0.07307251035929055,3.966029331000358e-21,0.30649038461538464,0.3662262176984289,0.2907820193087253
pathway|Josephin Domain DUBs,pathway,12,10,0.8333333333333334,11.1742332,0.09870865849126721,0.08610268676381715,0.5227166506776869,0.1213904458054028,0.3902805252312583,0.5614414043041268,0.0671562246835247,0.013627913192602942,0.03350201895011731,2.5395706875261723,0.047619047619047616,0.005549430717063064,0.012416736719185008,0.03217612438503763,2.6818618904957123,0.09523809523809523,0.003660683928294561,0.27894989550168475,1.0857398891648825e-09,0.5551792559075699,10,0.7,0.171875,0.12025071702491057,0.1361178947212991,0.1956521739130435,0.6034769926834062,0.3816053387271675,1.6324508946759733e-09,0.3824443717277487,0.03767084726832981,0.01905049799418598
pathway|KEAP1-NFE2L2 Pathway,pathway,119,97,0.8151260504201681,10.090550782474228,0.02740728919126434,0.07993957642098347,0.732149273096193,0.6361471967760317,0.6053065497962621,0.7541320377383183,0.4513247312879411,0.017705246708171692,0.011585831449365331,0.8374058025524032,0.23809523809523808,0.20118225262118555,0.014978133112094644,0.009732911773302221,1.2770233994377083,0.14285714285714285,0.10079699314903773,0.2589170291244371,4.779888013097851e-16,0.7996566155093264,97,0.6391752577319587,0.003979727711223343,0.413986013986014,8.575809563031313e-08,0.12686567164179105,0.38795564915267855,0.07023546665800781,9.597412939684662e-16,0.03844055175613456,0.46217544521083165,0.26886227252096884
pathway|KSRP (KHSRP) Binds and Destabilizes mRNA,pathway,17,16,0.9411764705882353,9.451772875,0.022449077381274513,0.018447770080439598,0.268703165707108,0.2514867632719173,0.18881988324609783,0.31765936271274525,0.133444196677176,0.020566974416700044,0.027634971668216195,0.06810584020750532,0.38095238095238093,0.4728506906703436,0.008042294997167838,0.024230110243392184,0.5945817926286804,0.23809523809523808,0.27606152681663987,-0.4457353340396098,1.835997592613274e-25,-1.498187565607819,16,0.5625,0.4018096923828125,-0.014227707776094873,0.8605228788229394,0.2536231884057971,0.5725076485733872,0.35316871086370744,7.989409319392233e-25,0.539340101522843,0.7287568047496318,0.5108540590583684
pathway|Killing Mechanisms,pathway,12,10,0.8333333333333334,8.754825790000002,0.05117598034440584,0.02551540122289132,0.3503803036500851,0.10326807674860355,0.20483729298550254,0.3400248219042591,0.047422050494326,0.01138493828763985,0.02731856493298983,1.456556819670803,0.14285714285714285,0.07261937722034661,0.000339670530679404,0.024827202136464298,2.0476052651563967,0.09523809523809523,0.02029934651602886,0.17109813323632522,3.827869675940972e-05,0.3614817894411414,10,0.6,0.376953125,0.21820759885276017,0.00637927259504019,0.17142857142857143,0.6971574259870433,0.5817901265898132,4.870792252320099e-05,0.539340101522843,0.24343477207911818,0.07963589787057478
pathway|L13a-mediated Translational Silencing of Ceruloplasmin Expression,pathway,116,108,0.9310344827586207,12.540837093518517,0.04168343588689332,0.2423553302906052,0.824488248752536,0.8455844058469315,0.7319541912520852,0.845235047149754,0.7427826621303869,0.04825715065532266,0.015093975733490313,-0.4355191027532707,0.6666666666666666,0.6684071618854709,0.015243283787274738,0.006477915393271343,4.081583425291747,0.047619047619047616,2.236495811700624e-05,-1.2408191598777565,1.6927383807402364e-27,-3.101135704518508,108,0.9444444444444444,6.257246247119998e-24,0.2472076310785988,0.0019281961014400758,0.18705035971223022,0.18624482677450807,-0.3936990615969088,2.1846601339144965e-26,1.1397127092968567e-21,0.8194414725038225,0.00020081212393790814
pathway|LRR FLII-interacting Protein 1 (LRRFIP1) Activates Type I IFN Production,pathway,5,5,1.0,9.505882600000001,0.104422508685911,0.009389477731814245,0.368283990600221,0.23275383997185617,0.18754363987439027,0.31585136508200623,0.09628802405277406,0.05720194607699887,0.07781446761135788,0.6068352590260448,0.38095238095238093,0.2719801231309261,0.0033294300851814547,0.07972503348777216,1.2680217765757944,0.09523809523809523,0.10239508698787159,0.7679354073699712,5.011767107439444e-26,1.5704545560436156,5,0.8,0.1875,0.12879700944217073,0.11022340661459604,0.20567375886524822,0.8179102456914356,0.7590724582421862,2.4767453728625156e-25,0.39254926108374383,0.5457786416254989,0.27198694981153393
pathway|Lagging Strand Synthesis,pathway,20,19,0.95,8.549894868421054,0.05090858290353971,0.07440560159342118,0.5047412047573017,0.18256986911815537,0.3599122948845826,0.5293169217432935,0.09948035458544105,0.011618484316685874,0.017674475523736802,2.222985261095147,0.047619047619047616,0.013108396921416516,0.012790261826469645,0.02021494026642124,1.8856509381028388,0.09523809523809523,0.029671004169166636,-0.38846737894256395,2.051396810587998e-20,-1.0293026222304924,19,0.6842105263157895,0.08353424072265625,0.18580129547871485,0.02063068382832737,0.18840579710144928,0.3817748031940344,-0.03788181407070916,5.337818231632035e-20,0.28707859008460035,0.07142395758464128,0.10656487412869707
pathway|Leading Strand Synthesis,pathway,14,14,1.0,8.24126322857143,0.04671764387402275,0.06825384254852312,0.4069153630216404,0.2488551103775764,0.2845401822252154,0.44302262578085333,0.13261275555832147,0.02311730627394492,0.024095089687587962,0.9794666841283853,0.2857142857142857,0.16367472114353393,0.01752422307914726,0.02583060663622996,1.130187192503983,0.19047619047619047,0.12919867765516285,-0.4672539123239238,1.8069214646381798e-22,-1.1463472084074189,14,0.7142857142857143,0.08978271484375,0.254919274274113,0.001369114319360512,0.18705035971223022,0.27242966039968924,-0.2481309895346379,5.485297303365903e-22,0.2922213807397959,0.4028673155559957,0.3136465168081004
pathway|Linoleic Acid (LA) Metabolism,pathway,8,7,0.875,8.6843603,0.002337052516453114,-0.026245275056046617,0.016133143592189352,0.030964187386911545,0.04584288835823795,0.08766687399902297,0.018428978454999023,0.004544057965860411,0.03180551542234052,-0.06939065190740705,0.47619047619047616,0.5276606651590642,-0.004859371609582675,0.030608606875780906,0.23511112920758137,0.3333333333333333,0.4070612404637292,0.49184989976967497,1.0790693583206649e-20,1.0261763921951113,7,0.8571428571428571,0.0625,0.07628178273339564,0.34548221345346675,0.22857142857142856,0.4061544094570178,-0.05613912610535658,2.8425897352455534e-20,0.2219707520891365,0.7589672205281289,0.6447485533889868
pathway|Loss of Function of FBXW7 in Cancer and NOTCH1 Signaling,pathway,5,5,1.0,10.022187200000001,-0.105434512019569,-0.05398104676908191,-0.9116500892820376,0.14662620871206591,-0.23293323078762085,-0.6073349547570563,0.06948547778450138,0.03322224296738861,0.1051274409677671,-1.3189396955783492,0.9047619047619048,0.9064053630308042,0.00217943982639002,0.07288738524613864,-1.4764413825869833,1.0,0.9300872798321814,0.385327129772639,3.622789516024677e-18,0.8863606025185503,5,0.6,0.5,0.25960168863394667,0.0011064357305505248,0.15827338129496402,0.2762476074324418,-0.34707025991505486,8.307655814624934e-18,0.539340101522843,0.9395665348490043,0.9578061516851154
pathway|Loss of MECP2 Binding Ability to the NCoR SMRT Complex,pathway,7,7,1.0,9.126948785714285,0.11827972576178573,0.1430718492719621,0.4842771028357513,0.0853678732272686,0.31560574116377604,0.47978772255066826,0.03068408395631055,0.01315823059966158,0.05767101028229723,1.8227788042477278,0.09523809523809523,0.03416844960713494,0.0044362153136952645,0.0397612413941567,2.8631779707164995,0.047619047619047616,0.0020970745537264393,0.08762896284676197,0.10480530936919168,0.13300922912681337,7,0.5714285714285714,0.5,0.08428023589313911,0.29711352111456585,0.2463768115942029,0.637489850362461,0.26525170050008084,0.11440648068982824,0.539340101522843,0.14330517516150346,0.011778722713661718
pathway|Loss of Function of MECP2 in Rett Syndrome,pathway,13,11,0.8461538461538461,9.431199,0.11253019528663263,0.16131981378292753,0.5824264860263901,0.1296993021628168,0.38639461924189483,0.5574092886384431,0.02847942381719325,0.013366918363752468,0.04566086206407529,2.1717346637854895,0.047619047619047616,0.014937841166024318,0.028557442627725454,0.040530374282570884,2.071847451332756,0.09523809523809523,0.01913983492854786,0.4176203120486396,6.240593675395454e-13,0.6804106273286876,11,0.7272727272727273,0.11328125,0.09139892365698818,0.25802743215986,0.22794117647058823,0.6312200712884447,0.3665928178448116,1.0884756410573465e-12,0.30649038461538464,0.0774217377507358,0.07555197998110998
pathway|Lysosome Vesicle Biogenesis,pathway,35,28,0.8,10.526192432142858,0.05815585979508872,0.029629239135003857,0.6335533693716396,0.3757594054918549,0.5067502790713647,0.6726400334681648,0.22319813352794324,0.021045646116439005,0.020566321667135904,1.80441667106424,0.09523809523809523,0.035583005765842834,0.025479935630139654,0.021251598828701326,1.537574863347158,0.14285714285714285,0.062076298724828866,0.22763120286511518,3.354044439938342e-12,0.6504204920900708,28,0.6071428571428571,0.17246422544121742,0.008704199026779673,0.9143992628244458,0.27205882352941174,0.5126249148549433,0.25968844367957916,5.6194568474656856e-12,0.38308691191211186,0.1473518607955188,0.19071633945579952
pathway|MAP Kinase Activation,pathway,63,56,0.8888888888888888,9.825591925,0.02750668320001372,0.03549372501238986,0.6129946018294702,0.4802639220896094,0.47648805158594393,0.6454343481806474,0.27909544045669576,0.016233093143313705,0.014146106515579113,0.7969394295373364,0.19047619047619047,0.21274310491967713,0.013014881119302818,0.0110443467017657,1.3121466096671925,0.19047619047619047,0.09473533604128048,0.5550256035779889,2.5805787736548726e-27,2.2011770164109095,56,0.7321428571428571,0.00034278207818919104,0.08562727594985658,0.28943187160356354,0.25,0.3650158807617229,0.03071727765691464,2.3008656897971766e-26,0.0053298432889173,0.47839057984583483,0.25706338161730224
pathway|MAP3K8 (TPL2)-dependent MAPK1 3 Activation,pathway,16,15,0.9375,10.89547554,0.06936559992701825,0.05182410376315079,0.5278647895756119,0.17208023418560484,0.36227792539947273,0.5318708005831317,0.07661907646050477,0.013667057345824763,0.027147419289682714,2.051706719775074,0.09523809523809523,0.020099086652347966,0.011722212171768956,0.019629175674341658,2.9366178545438384,0.047619047619047616,0.001659063560063262,0.8120221176261245,2.090419892843675e-27,2.2649487930086436,15,0.8,0.017578125,-0.03187457703586736,0.6937854578506459,0.2624113475177305,0.28702162884619015,-0.09894587661097515,2.1846601339144965e-26,0.1143474968112245,0.0989433802383925,0.009615027450366631
pathway|MAPK Targets Nuclear Events Mediated by MAP Kinases,pathway,31,28,0.9032258064516129,9.468543432142857,0.006978600952851701,0.028789470597904022,0.16442037387874875,0.30505602485468064,0.13418901795778906,0.23662549334044627,0.1839426259839759,0.015435333844560667,0.016086207925688815,-0.5257132651010941,0.6190476190476191,0.7004562771098317,0.006537762588135462,0.011482739176654882,0.038391394068454536,0.42857142857142855,0.48468781123187704,0.4830882147101175,5.6401551159140555e-27,1.9015881993137476,28,0.7142857142857143,0.017849069088697433,0.1473204215139699,0.06735883693185292,0.20422535211267606,0.3389476930748112,-0.013330582342021172,3.8455603063050376e-26,0.11435961350798608,0.8393180327955215,0.7128622331212496
pathway|MAPK1 (ERK2) Activation,pathway,9,8,0.8888888888888888,9.5084599375,-0.0004152576704286196,-0.02489693649090568,-0.003331746095282893,0.14935077192888632,0.007474597675980557,0.014838285140335625,0.07944055958615298,0.0214752770446101,0.04446655468226659,-0.4922921254290191,0.6666666666666666,0.688743576951113,0.008818543124948794,0.04433431350923338,-0.208276616112581,0.47619047619047616,0.5824935055376996,0.6680629938247592,4.397910188519435e-26,1.6571604366605353,8,0.875,0.03515625,0.25759401888434147,0.0012128292045117883,0.14788732394366197,0.459581813851484,0.1905900959996723,2.207612397780425e-25,0.1629971590909091,0.8297411748025726,0.7814881112152261
pathway|MAPK3 (ERK1) Activation,pathway,10,8,0.8,9.7506385625,0.017395256881854632,0.011992290946979336,0.12405613651740234,0.1888425567061194,0.1163445177462524,0.20843837345327076,0.10654249577507371,0.028277878024606618,0.044333926708113015,-0.24546937189663576,0.6190476190476191,0.5969534897476159,0.017578068828596492,0.04803942233746341,-0.003805456807071025,0.5238095238095238,0.5015181539523897,0.6935363480350699,2.9139662488097407e-26,1.577723281497094,8,0.875,0.03515625,0.3043182623827785,0.00011822410123121194,0.15714285714285714,0.5310375616841944,0.10703017609940363,1.5480445696801748e-25,0.1629971590909091,0.7818815489073238,0.7249837259515838
pathway|MASTL Facilitates Mitotic Progression,pathway,10,8,0.8,9.579517312499998,-0.008557671047118067,-0.012148004780835553,-0.07282378218326382,0.20560960701770958,-0.0017431798317290481,-0.003492447627726118,0.11180418342033753,0.031339427290382346,0.0462803204654346,-0.8620748070942675,0.7619047619047619,0.8056768231463535,0.008534801433967754,0.02609483408577036,-0.6550136484832617,0.6666666666666666,0.7437705166756572,0.6422639340189907,3.2001358764911396e-26,1.583746301143538,8,0.75,0.14453125,0.17989429924913797,0.0251011712108542,0.208955223880597,0.21337100562662406,-0.47065214229787755,1.6860220010438857e-25,0.3328391494259938,0.8955867040205759,0.8590468192556541
pathway|MECP2 Regulates Transcription Factors,pathway,5,4,0.8,9.16796405,0.010341239947614008,-0.11480731502097297,0.040120279479856226,0.018392112501760215,0.022742990324164665,0.04447449758019096,0.005854474620048147,0.0046623408484953634,0.06966051240111966,0.08152249966836833,0.3333333333333333,0.46751321614047064,0.04198923145472323,0.0952191704203151,-0.3323699562536526,0.6190476190476191,0.6301950391418162,-0.44847439836772385,9.941085576715025e-16,-0.8050563841118501,4,0.5,0.6875,-0.026586316908897553,0.7426275781196626,0.2463768115942029,0.5915997804013325,0.1855343582584333,1.965098311676226e-15,0.6875,0.7233972701202671,0.8089468666979448
pathway|MET Activates PI3K AKT Signaling,pathway,6,5,0.8333333333333334,8.618960779999998,0.01507086729226872,0.01581348184992466,0.07106999085857435,0.09457155728883374,0.03847717702920685,0.07410307685197146,0.04276863594943221,0.0204624435821671,0.05896224664627617,-0.09144116102365125,0.5238095238095238,0.5364289715199356,0.016684572902122503,0.0771771378017925,-0.020909114484112215,0.38095238095238093,0.5083409220462681,0.1335757215249814,0.0012495021755525753,0.26677869860457715,5,0.6,0.5,0.12455286648835034,0.1225549302353293,0.22857142857142856,0.4230126892236425,-0.1590750426861326,0.0014888927792799378,0.539340101522843,0.7641865236736514,0.7298813914515675
pathway|MET Activates PTPN11,pathway,5,4,0.8,9.0871404,-0.019526387851630595,-0.006111528021549757,-0.08296560728510756,0.06326982654950775,-0.03781636349273281,-0.07860529333050488,0.03764444551572802,0.016605423327669015,0.07854368248270352,-0.4600218634675853,0.7142857142857143,0.6772497362964391,-0.0017360885620172108,0.08683567332013362,-0.2048731657095189,0.6190476190476191,0.581164389412974,0.400987121449339,1.6827151676105034e-15,0.7870805200735611,4,0.75,0.3125,-0.023669878508588187,0.7700242326260197,0.2773722627737226,0.5832811380681228,0.21925543191907437,3.2905856421831162e-15,0.5165088998387369,0.8245314577464989,0.7814881112152261
pathway|MET Activates RAP1 and RAC1,pathway,11,10,0.9090909090909091,9.448181869999999,-0.04783387391027745,0.04394415191802921,-0.8399347244019204,0.1383862835334132,-0.2816208385485848,-0.7840451217421097,0.05678481349422165,0.015807403378635974,0.041985996588681816,-1.5157738879555196,1.0,0.9352117315524932,0.0037242985427873637,0.030716627848731054,-1.6785101771903894,1.0,0.9533762273177561,0.6920795452301379,3.6397555830766264e-27,1.9596177406025626,10,0.8,0.0546875,-0.06838322967355225,0.3978522954084103,0.3283582089552239,0.009417986698887548,-0.7533268143803431,2.762314505013511e-26,0.2219707520891365,0.9533399593695375,0.9677983199284546
pathway|MET Activates RAS Signaling,pathway,11,10,0.9090909090909091,8.489470209999999,-0.00804217943306163,0.027627173188730897,-0.08669688120505775,0.01870111128531971,-0.013056126209419493,-0.02645768732374719,0.0072081574584559145,0.0019021258083098645,0.028798018059039986,-0.3453121399182496,0.6666666666666666,0.6350701394920517,0.022689967096362198,0.042328819101197936,-0.7260336381213641,0.8571428571428571,0.7660909253106682,0.37774727416306075,4.635199941815788e-18,0.909999232529837,10,0.7,0.171875,0.11295800973220327,0.1616884494060214,0.2158273381294964,0.21834525741307798,-0.3774999120596779,1.0515800579742223e-17,0.3824443717277487,0.7962955776085571,0.8697826623073037
pathway|MET Interacts With TNS Proteins,pathway,5,4,0.8,9.498891650000001,-0.14190280077785355,-0.004702129550956465,-0.9883675913383195,-0.1822041887744132,-0.3217362688071313,-0.9487055079335901,-0.0728704171734138,-0.040074711912776485,0.06515198701814526,-1.5629314396308018,0.9523809523809523,0.940965639108938,0.055965678475176174,0.11618207615891277,-1.7030895452615862,1.0,0.9557243439297075,0.7791730965945662,1.7589935153552824e-27,2.270220562465581,4,0.75,0.3125,0.011034127163159421,0.8916110525633426,0.2463768115942029,0.2347565728621462,-0.5300459800158985,2.1846601339144965e-26,0.5165088998387369,0.9559611074612717,0.9686772301127126
pathway|MET Receptor Recycling,pathway,10,9,0.9,8.883858033333333,-0.013167167557205546,0.050096526825947105,-0.13245719685615168,0.1444265075289972,-0.05033977088945142,-0.10601638216775622,0.06261932883377186,0.01841097437340579,0.04306492940830283,-0.733268168890186,0.8095238095238095,0.7683025573643405,0.0021447194832589574,0.03205961474655137,-0.4776067074265636,0.6666666666666666,0.683534922004657,0.48877333239589044,1.3803118286418635e-21,1.140265497181421,9,0.6666666666666666,0.25390625,-0.0009087686507041346,0.9910459304981001,0.29411764705882354,0.47455474301738554,0.04215510855705833,3.842571138686411e-21,0.47122338973799127,0.8764339501552041,0.8333645653699046
pathway|Major Pathway of rRNA Processing in the Nucleolus and Cytosol,pathway,189,164,0.8677248677248677,11.031819859756098,0.043854172248604946,0.18043484468330467,0.8826560101062528,0.8106625224187525,0.8098003532069497,0.8949057300955775,0.6924664797398077,0.02544291938224902,0.007689246073911886,2.3944158750259956,0.047619047619047616,0.008323430859732119,0.015050618820043762,0.005533366232759473,5.205430513171896,0.047619047619047616,9.677368152693049e-08,-1.1665395432930703,1.6605450340442345e-27,-3.5063810969897466,164,0.9024390243902439,2.9416087709109574e-28,0.10591021881344463,0.18965838164477208,0.2013888888888889,0.44574648879566237,0.10859754831430422,2.1846601339144965e-26,1.250183727637157e-25,0.05279788231919627,1.3126217441152804e-06
pathway|Malate-aspartate Shuttle,pathway,9,8,0.8888888888888888,9.520177125,0.11459067789534227,0.0786028149871575,0.5086886125303117,0.03301891407331062,0.37994836839662804,0.5506704121663519,0.034103346202095666,0.004250157908083203,0.043485861946131174,2.537388361393071,0.09523809523809523,0.00558414912448183,0.028462018757238257,0.042583500670084075,2.0225828732444127,0.09523809523809523,0.02155808571848587,-0.6667424740701688,6.546722819509552e-24,-1.31812281883778,8,0.75,0.14453125,0.16524443298636846,0.03990107554498911,0.21323529411764705,0.6595969875973129,0.45638928218964736,2.2931515370534835e-23,0.3328391494259938,0.03767084726832981,0.08380048564350452
pathway|Maple Syrup Urine Disease,pathway,5,5,1.0,8.759127799999998,-0.06652771915013371,0.07847295009271944,-0.45325456549872967,-0.04185027339137435,-0.12782071114332116,-0.29310650407871663,-0.003391217596782549,-0.008098901678734935,0.06813676834208168,-0.8575225813184448,0.7619047619047619,0.8044219297331898,0.008281008160968068,0.06611619657814806,-1.1314735448019808,0.9047619047619048,0.8710720839209354,-0.1507215143121803,0.0005323499776654975,-0.2503753672104213,5,0.6,0.5,0.09041603557732589,0.26320325216985774,0.24444444444444444,0.32961866710419513,-0.06242660230309891,0.0006445833062901323,0.539340101522843,0.8955031257422612,0.9257176228025584
pathway|Maturation of Nucleoprotein 9683610,pathway,12,10,0.8333333333333334,9.51932526,0.005395607316248944,0.05229662523059283,0.05145728350433698,0.11790759083560322,0.03440226919455365,0.066516229167481,0.05404240099083091,0.013190492339922488,0.03410992001536052,-0.2285225242440709,0.5714285714285714,0.5903799762393326,-0.012006914454149576,0.03147400642547443,0.552917271959164,0.23809523809523808,0.2901600299040111,0.4821536639868433,6.110036851933663e-22,1.052704332359821,10,0.8,0.0546875,0.14778447359092517,0.0664911156465026,0.22962962962962963,0.39607464352594435,0.05217501304747685,1.7826766558845357e-21,0.2219707520891365,0.7785928533605644,0.520329167549387
pathway|Maturation of Nucleoprotein 9694631,pathway,16,14,0.875,9.388331614285716,-0.008069339444960452,0.013869793588099956,-0.1262104016730461,0.18322059416623165,-0.026169113054578773,-0.05374467662791524,0.10080910018585268,0.01577022793476507,0.026377702084631298,-0.9037772624483239,0.7619047619047619,0.8169432396336557,0.020994220870426343,0.027315362146477954,-1.0640005488316124,0.9047619047619048,0.8563357745414364,0.36624692737214204,4.326894117874508e-21,1.0229092509502002,14,0.7142857142857143,0.08978271484375,0.14816473848731912,0.06578688123205778,0.22388059701492538,0.3262364625249304,-0.09670140703436618,1.1663403806109932e-20,0.2922213807397959,0.9018204593358536,0.9205970594775138
pathway|Maturation of Protein 3A 9683673,pathway,10,9,0.9,8.444426400000001,-0.022976098561788713,0.015836308557827545,-0.25335348401341734,0.11041656574954413,-0.05297773267727151,-0.11188276032208148,0.053413029368205536,0.01360368231212998,0.02828025896859673,-1.293474041893959,0.9523809523809523,0.9020764218328496,0.02311826308238297,0.04344538740900298,-1.0609725080877002,0.9047619047619048,0.8556488023764537,0.20672121332309618,5.061257499269187e-10,0.5533561909053145,9,0.6666666666666666,0.25390625,0.4221455963391447,4.473684352583014e-08,0.1259259259259259,0.4567139263629758,0.19188293228066206,7.728267439003847e-10,0.47122338973799127,0.9358400633335097,0.9205970594775138
pathway|Maturation of Protein 3A 9694719,pathway,10,9,0.9,8.444426400000001,-0.022976098561788713,0.015836308557827545,-0.25335348401341734,0.11980986665695643,-0.08410121595427263,-0.18364740169820723,0.04625403630601561,0.014898906023193704,0.03771516986336278,-1.004237942509571,0.9523809523809523,0.8423680311784868,0.007640457930005224,0.03015012463919253,-1.0154703125835536,0.7619047619047619,0.8450591544684265,0.20672121332309618,5.061257499269187e-10,0.5533561909053145,9,0.6666666666666666,0.25390625,0.4221455963391447,4.473684352583014e-08,0.1259259259259259,0.4567139263629758,0.19188293228066206,7.728267439003847e-10,0.47122338973799127,0.9156174251940074,0.9201113765561433
pathway|Maturation of Protein E 9683683,pathway,5,4,0.8,14.1791625,0.30265123226288276,0.06824651604140437,0.6345043546335258,0.14375022469309012,0.48531202364032133,0.6534815795146933,0.08335723048695344,0.04028028072719926,0.0896189980745039,2.9276264762250963,0.047619047619047616,0.0017078005502906707,-0.0014398160174331465,0.04193477400711525,7.251524670878625,0.047619047619047616,2.06052969998727e-13,-0.13885383280334745,0.0015737146277140473,-0.24398455357957569,4,0.5,0.6875,-0.11978666494795527,0.13764685704971896,0.3088235294117647,0.7105678143073689,0.5393547822145909,0.0018527111268101667,0.6875,0.013557889575973632,4.10496151169339e-12
pathway|Maturation of Protein E 9694493,pathway,5,4,0.8,14.1791625,0.30265123226288276,0.06824651604140437,0.6345043546335258,0.19710284884858126,0.4605435825490963,0.6306468195153843,0.09443900068043867,0.057823611066012935,0.12905465256629275,1.897084811189638,0.047619047619047616,0.02890837275571462,0.04588868008427949,0.051545161254420255,4.981312424482611,0.047619047619047616,3.1577241101252125e-07,-0.13885383280334745,0.0015737146277140473,-0.24398455357957569,4,0.5,0.6875,-0.11978666494795527,0.13764685704971896,0.3088235294117647,0.7105678143073689,0.5393547822145909,0.0018527111268101667,0.6875,0.12753693862815274,3.908833243116161e-06
pathway|Maturation of Spike Protein 9683686,pathway,6,5,0.8333333333333334,10.372296100000002,0.24616899914493828,0.17754141367783222,0.6201742742119322,0.05190018467317672,0.368278296433812,0.5383090521769842,0.004635466351394576,0.01082968714485177,0.06058377263469231,3.884527188809026,0.047619047619047616,5.1264609624173356e-05,0.035147856663527835,0.08969871208717879,2.352554875886262,0.09523809523809523,0.009322469211936482,-0.5843559678718305,6.561764802153865e-16,-0.8176152574400921,5,0.6,0.5,0.12707614965679484,0.1151010104586708,0.21014492753623187,0.7092499079466816,0.45238675880025564,1.3051872266374695e-15,0.539340101522843,0.0006224988311506765,0.04245052944721077
pathway|Maturation of Spike Protein 9694548,pathway,38,34,0.8947368421052632,9.34734321764706,0.021671439743100655,0.03579075974274479,0.42959841665587634,0.4177130530477098,0.2810242392720895,0.4387492924127253,0.2552943927141017,0.020663040164629325,0.01963736295876697,0.05135106890821798,0.42857142857142855,0.47952288732384346,0.016103736496276166,0.01692099181441895,0.3290411878859288,0.3333333333333333,0.3710622781830329,0.057001417585014306,0.01811191778459219,0.19310008032663406,34,0.5882352941176471,0.19576415256597102,0.3774096870871065,1.2923669285170185e-06,0.1386861313868613,0.08179882906696112,-0.6040445066221922,0.02052684015587115,0.3974511059261354,0.7305548948608468,0.611246000882903
pathway|Metabolism of Non-Coding RNA,pathway,54,44,0.8148148148148148,9.344343845454546,0.07907763426294945,0.07977380812722598,0.7907155521829955,0.38710355804989566,0.6882631370486629,0.815350548080852,0.23659324293065415,0.014151342297693669,0.011698443685076292,5.549993974675646,0.047619047619047616,1.4283972182624549e-08,0.030376094873398957,0.01687841312630246,2.885433543136617,0.047619047619047616,0.0019543748806616257,-0.6199766559723304,2.78576314513619e-27,-1.753247381939365,44,0.7272727272727273,0.001828883413963922,0.07432889690954207,0.35800721875393743,0.23703703703703705,0.604807885457585,0.3168828673788573,2.3367421118741067e-26,0.021392902319302756,2.845635083257234e-07,0.011136871129921344
pathway|Metabolism of Polyamines,pathway,46,42,0.9130434782608695,10.575000211904761,0.06046228395501013,0.1608357995542056,0.7299366957178276,0.5416487287621942,0.6036286261117525,0.7528284495336607,0.3667932772955523,0.027366497783224513,0.016491553840522914,2.006832496915052,0.09523809523809523,0.02238375069640527,0.012013170562754107,0.009341040557838468,5.186693398049781,0.047619047619047616,1.0703035650304078e-07,0.2586201231101113,1.8708692629274825e-09,0.5438494492616521,42,0.6666666666666666,0.021779260961920954,0.37600141793690184,1.4254897201113117e-06,0.14388489208633093,0.2758038535026625,-0.26052676708118033,2.7833819255922292e-09,0.12796570380852174,0.10729053435307039,1.4364600478039683e-06
pathway|Methionine Salvage Pathway,pathway,6,6,1.0,8.908878,0.07229302637702807,0.016797631673065007,0.31859659722725997,0.20465437265097508,0.2101258869232813,0.3472793850522804,0.11260313286342469,0.04112227291258528,0.05412193387021484,0.575935692527002,0.2857142857142857,0.28232932457871485,-0.01595434530058843,0.046186387637021806,1.9106792323996284,0.14285714285714285,0.028022907619959982,-0.697648901515881,2.603875338330275e-26,-1.737901703308201,6,0.6666666666666666,0.34375,0.387657503786536,6.244274944660385e-07,0.15671641791044777,0.6424806576492194,0.3068193425897188,1.3890966763059e-25,0.537117464201791,0.5520204368030679,0.10267013567657751
pathway|Miro GTPase Cycle,pathway,8,7,0.875,9.264188114285714,0.10397477387768651,0.030742296484455638,0.4482089018345342,0.09508983673832849,0.2641297901025856,0.41788397389345777,0.05488806118845543,0.014789705861888228,0.06240071643844302,1.4292314753113045,0.14285714285714285,0.07646885694016683,0.035232743371726084,0.08287581506489963,0.8294582738296918,0.14285714285714285,0.2034225692539186,-0.10574427150044288,0.018808659842940185,-0.18651026771462298,7,0.5714285714285714,0.5,0.1822306725532532,0.02324244363748885,0.18115942028985507,0.6891048668552394,0.4352420249351419,0.021278652439883528,0.539340101522843,0.25128297061523897,0.41968248511123984
pathway|Mismatch Repair,pathway,15,14,0.9333333333333333,9.148876164285713,-0.020460344063292397,0.027609720577923057,-0.39024353883585194,0.17131938541839709,-0.14714078058639124,-0.3450529166761174,0.0829798894943763,0.014552076572322057,0.028699246568053293,-1.2199769966988854,1.0,0.8887632023726442,0.00829864588875207,0.021546441152557765,-1.3347443203459384,0.9523809523809523,0.9090199787358098,-0.14287288554462182,9.894688808762571e-08,-0.4754920936803435,14,0.5,0.604736328125,0.2557571460797267,0.0013182844190623936,0.18518518518518517,0.33255961726752054,0.09132250818617467,1.3863437616672833e-07,0.6479317801339286,0.9346178929507832,0.9468958111831351
pathway|Mismatch Repair (MMR) Directed by MSH2 MSH3 (MutSbeta),pathway,14,13,0.9285714285714286,9.117280715384613,-0.010874265836193935,0.025234398816472617,-0.1625808206314805,0.04767706704982442,-0.06393592534227577,-0.13660587362174798,0.010022446741908858,0.00383630075939798,0.03213472843926902,-0.45777784067455907,0.5238095238095238,0.676443971255152,0.015046413667220893,0.024398457668977868,-1.0623900844508065,0.8571428571428571,0.8559706833390603,-0.17558063132838939,7.979310934346655e-10,-0.5673960722778213,13,0.5384615384615384,0.5,0.23536141278076764,0.0031979978370420296,0.18705035971223022,0.3671834499227357,0.1746715201585761,1.2068352836645299e-09,0.539340101522843,0.8245314577464989,0.9205970594775138
pathway|Mismatch Repair (MMR) Directed by MSH2 MSH6 (MutSalpha),pathway,14,13,0.9285714285714286,8.792288715384613,-0.009061058505809596,0.03506846263096301,-0.13216434715945224,0.1743458474149564,-0.016547476318547954,-0.03365180508481325,0.07184496268814981,0.015983521052805406,0.03634396921015491,-0.6890986345987017,0.7142857142857143,0.7546194003943543,0.014209309778480481,0.025533634466130748,-0.9113613776823353,0.8571428571428571,0.8189475017436093,-0.19576985801336944,4.4358867202909053e-11,-0.6222409688954603,13,0.5384615384615384,0.5,0.3128548870484354,7.387583415316045e-05,0.15671641791044777,0.3136500497978442,0.09926020932774837,7.069694460463631e-11,0.539340101522843,0.8734292018563469,0.9032509210407456
pathway|Mitochondrial tRNA Aminoacylation,pathway,21,18,0.8571428571428571,8.541388305555556,0.047836372880447106,0.12074249215642897,0.474876463216399,0.23811796131821253,0.33138340601206623,0.4978031189447812,0.12884977175599568,0.01706694757001414,0.02137560526677568,1.439464516977126,0.09523809523809523,0.07500947815302368,0.029978411497512392,0.0299338360934308,0.596581117341448,0.23809523809523808,0.2753935406374606,-1.0335589563921366,1.6605450340442345e-27,-2.766835688140361,18,0.8333333333333334,0.0037689208984375,0.06712642196513163,0.40660154861260894,0.2198581560283688,0.6428894616484325,0.4468186433589921,2.1846601339144965e-26,0.0381378900437128,0.24905490792996146,0.5103586690592475
pathway|Mitochondrial Translation,pathway,97,90,0.9278350515463918,9.582923611111111,0.09997840658231665,0.17383257082740805,0.9090710765745927,0.5853410567321115,0.8428722736973714,0.9147375927538474,0.41174614212781957,0.015442462053101114,0.0071508302740162615,11.821836246958767,0.047619047619047616,1.5051586763858916e-32,0.029592850892040813,0.011071705326387458,6.357246116596353,0.047619047619047616,1.0270137877033746e-10,-1.0015159389174442,1.7255506096368993e-27,-2.480719343334515,90,0.9,6.396987262372912e-16,0.17723244497438045,0.027372747649050767,0.2074074074074074,0.6822361105472602,0.3978734263954932,2.1846601339144965e-26,3.8838851235835534e-14,7.3810665861231215e-31,1.793756957975072e-09
pathway|Mitochondrial Translation Elongation,pathway,91,84,0.9230769230769231,9.618107690476192,0.10375492952688609,0.18751390751630684,0.9067543848134793,0.6108179263628067,0.848377559807179,0.9179699843312109,0.4362838547254393,0.018341717315424513,0.010589199045876836,8.066069193847037,0.047619047619047616,3.629883747868853e-16,0.024801583866828597,0.00948164193397615,8.32696976007279,0.047619047619047616,4.14689594872772e-17,-1.0329458016480435,1.6927383807402364e-27,-2.50647444144671,84,0.9166666666666666,2.5687823496812516e-16,0.17048757693918984,0.0339281275496642,0.2196969696969697,0.6910130675996408,0.42684085503536096,2.1846601339144965e-26,1.637598747921798e-14,1.217921520666523e-14,9.275951464259373e-16
pathway|Mitochondrial Translation Initiation,pathway,91,84,0.9230769230769231,9.617159869047619,0.10481700737330688,0.1853581995677427,0.9077113011637605,0.6027900911671065,0.8385926020208037,0.9122114394446095,0.4324019275721624,0.017745601590823126,0.011189760450153909,7.781346720544508,0.047619047619047616,3.5878267309794966e-15,0.025069431978404933,0.010890222698016143,7.3228599273208115,0.047619047619047616,1.2137057129219877e-13,-1.0450352438014205,1.6927383807402364e-27,-2.5155890038260145,84,0.9285714285714286,2.2715512651350184e-17,0.16124520640649673,0.04503016681034819,0.2,0.705398089470408,0.46634547737333726,2.1846601339144965e-26,2.0687341878908203e-15,1.1335722746876498e-13,2.456309180913547e-12
pathway|Mitochondrial Translation Termination,pathway,91,84,0.9230769230769231,9.600121047619048,0.10184658224633661,0.17801934351758575,0.9049901497812414,0.6180357135582358,0.8396881241076243,0.9128592103239574,0.44416896318270715,0.01889842025115602,0.009490546677575465,8.740082612013582,0.047619047619047616,1.164700137183891e-18,0.02999824951888695,0.013697191929374705,5.245479007515786,0.047619047619047616,7.79384042499166e-08,-1.0308602009917416,1.6605450340442345e-27,-2.5528020626211565,84,0.9047619047619048,2.5106944372670843e-15,0.1728046147400986,0.03154033444627653,0.22388059701492538,0.7000537086258088,0.4786246384381145,2.1846601339144965e-26,1.3338064197981385e-13,4.367625514439591e-17,1.080124624115692e-06
pathway|Mitophagy,pathway,39,35,0.8974358974358975,10.355072479999999,0.03494897780523385,0.03973105637171731,0.5589880960577586,0.44819071746437056,0.40383395673149636,0.575330087714548,0.2788215989275285,0.02267997690032925,0.01767908965043338,0.6939837484564055,0.23809523809523808,0.24384620036382915,0.019065048625548215,0.012241246479455096,1.297574491808835,0.23809523809523808,0.09721679610507461,0.005642727439362189,0.9434148433745916,0.02293671308651959,35,0.5428571428571428,0.3679394004284405,0.14852566788050658,0.06512409786942416,0.20588235294117646,0.2584066102883395,-0.1984311083342306,0.9456398783825505,0.539340101522843,0.5140334853698397,0.26205373157287554
pathway|Mucopolysaccharidoses,pathway,11,10,0.9090909090909091,9.88029045,0.07862511259514211,0.0665708117211786,0.46043520056600235,0.19820040138265352,0.31982569788116205,0.4846483871235539,0.10546243145890384,0.024123133386008022,0.039678920219503026,1.3735751605041213,0.14285714285714285,0.08478680637287789,0.018413203727154763,0.03143866781893038,1.9152182024624957,0.09523809523809523,0.027732341034809184,-0.07759422445692532,0.009962331759041739,-0.23201523849728742,10,0.5,0.623046875,-0.09581708613966677,0.23562710292612193,0.21768707482993196,0.5041782347273421,-0.03760652770095726,0.011443218912412808,0.6625394208715596,0.2682565660380951,0.102051256780881
pathway|MyD88 Cascade Initiated on Plasma Membrane,pathway,98,86,0.8775510204081632,9.49851705348837,0.022365859641814624,0.023262472378628794,0.663012377755158,0.5817413244421172,0.5179240711379696,0.6824110388468747,0.39096271624213635,0.015915449896584617,0.01003613963795645,0.6427182141662025,0.23809523809523808,0.26020348005370914,0.010768848501937898,0.00793180039748307,1.4620906425679479,0.14285714285714285,0.07185818631375443,0.5167695381347769,1.8632276066070416e-27,2.643904050792785,86,0.7209302325581395,2.541827100922078e-05,0.10546227965582804,0.19154851627912928,0.22794117647058823,0.2863840050583557,-0.05504188719680489,2.1846601339144965e-26,0.0005312835333894508,0.5340230527838665,0.21159165715943856
pathway|MyD88 Dependent Cascade Initiated on Endosome,pathway,103,91,0.883495145631068,9.585798595604395,0.023601276567474575,0.02157918586202066,0.6874638873805106,0.571115793344943,0.5519088555044172,0.7112645224580926,0.3725629025949359,0.014422269467281968,0.00839761753635051,1.0930489582860519,0.19047619047619047,0.1371861523131399,0.013582639667039122,0.008076284207450442,1.2405007851498309,0.19047619047619047,0.10739511198392387,0.5148942821439138,1.8632276066070416e-27,2.674882679239698,91,0.7252747252747253,1.0141644604072778e-05,0.10340304856433888,0.20041434003691463,0.2518518518518518,0.27694938703646127,-0.07823814007857909,2.1846601339144965e-26,0.00023510176127623257,0.3662262176984289,0.28116790098460565
pathway|MyD88-independent TLR4 Cascade,pathway,110,98,0.8909090909090909,9.51944931122449,0.02531249611238061,0.022608553120079554,0.7179162202373437,0.6008882826568768,0.5633377073642254,0.720685882148916,0.40879546450342213,0.01513045161003013,0.010063261332422007,1.0118036455583017,0.2857142857142857,0.15581597328570007,0.014376895477401466,0.006234641685915745,1.7540062742792442,0.09523809523809523,0.03971471602831046,0.5809832459442343,1.6605450340442345e-27,3.0397940144182694,98,0.7448979591836735,6.398031225386459e-07,0.11153685024652767,0.16706460547261046,0.22627737226277372,0.28285794362774924,-0.07705491209569651,2.1846601339144965e-26,1.8539749573563036e-05,0.39041971143686277,0.13539107736924022
pathway|MyD88 MAL(TIRAP) Cascade Initiated on Plasma Membrane,pathway,115,97,0.8434782608695652,9.675675879381442,0.020283515231991962,0.02414728579262787,0.667579166685242,0.637935876413763,0.4939562468479022,0.6612727084746963,0.44714432053438563,0.017840290165831527,0.009131183154823882,0.26756938555872817,0.2857142857142857,0.3945153993609444,0.012367053114083797,0.007737876463444588,1.0230794140107113,0.2857142857142857,0.1531351496919539,0.560913331588194,1.6605450340442345e-27,3.1642938701681866,97,0.7216494845360825,7.383475728795417e-06,0.11256163191647062,0.16317474423043693,0.23529411764705882,0.2610133842990458,-0.16759343442543106,2.1846601339144965e-26,0.0001776213500795124,0.6621698719959924,0.3467980743467873
pathway|N-glycan Trimming and Elongation in the cis-Golgi,pathway,5,5,1.0,8.71998454,0.027313537032827906,0.04382066373520051,0.1231166774487219,0.13101830083904917,0.06536327599393839,0.12270608057698862,0.06523329874157567,0.029271770248184347,0.06640602574820739,-0.029488788002183717,0.47619047619047616,0.51176261953382,0.04036986827721316,0.09717216363044132,-0.13436287468127414,0.42857142857142855,0.5534421814513798,-0.780202142176768,1.2518316131705373e-24,-1.3527736645332553,5,0.8,0.1875,0.1518803776868293,0.0592210110484678,0.2116788321167883,0.5722376617670869,0.08896564600448097,4.85132312094965e-24,0.39254926108374383,0.7466841184960805,0.7608146263739565
pathway|N-glycan Trimming in the ER and Calnexin Calreticulin Cycle,pathway,35,29,0.8285714285714286,10.175095165517241,0.027642805344367194,0.050387391149637216,0.4518838840924058,0.32785277186132006,0.3094350284858928,0.4726237220699591,0.1594072142540012,0.016541410060199817,0.03131924881206789,0.3544591810225602,0.23809523809523808,0.36149739479348864,0.01955299372745079,0.02119969487173299,0.38160037990467044,0.3333333333333333,0.35137890119758824,0.22779178760497712,9.513425213610921e-14,0.7324478723620125,29,0.6896551724137931,0.03071417286992073,0.21197834423640877,0.008099150056838943,0.15384615384615385,0.40677849914225955,-0.12172722451321015,1.7156459897247417e-13,0.15625,0.6339878656969712,0.5947924059880162
pathway|NF-kB Activation Through FADD RIP-1 Pathway Mediated by Caspase-8 and -10,pathway,13,11,0.8461538461538461,9.060938136363637,0.05295286534205908,0.05940278378398186,0.3808241953885638,0.05052895298144485,0.22392047486356456,0.36590690238845114,0.02494485449294515,0.004814706715825337,0.02932494509040915,1.6415430098103587,0.09523809523809523,0.0503423733419837,0.013605488187062694,0.03525800001228492,1.11598437634825,0.14285714285714285,0.13221441117068272,0.3135287514018381,2.392392288729372e-13,0.6898756090975359,11,0.5454545454545454,0.5,0.26942734684670167,0.0006986608322464706,0.18840579710144928,0.609980309731052,0.29749738712204626,4.2424202616550054e-13,0.539340101522843,0.1865887384041547,0.3180629702690952
pathway|NF-kB Is Activated and Signals Survival,pathway,13,11,0.8461538461538461,11.909707754545453,0.09729292798098202,0.08473023388769581,0.5424534060815225,0.22159785540377808,0.38295461867895975,0.5538209475662615,0.09540401082567955,0.02522738096292339,0.040561843050247,1.7766832470799128,0.09523809523809523,0.037810185098446726,0.012858990594321962,0.02425016523022965,3.4817881274230174,0.047619047619047616,0.0002490388076760422,0.26996996602941936,4.4618923185513745e-12,0.6418800867485791,11,0.6363636363636364,0.2744140625,0.02714704650188521,0.7373957624285515,0.25547445255474455,0.6072594099218686,0.2608115186175178,7.436487197585625e-12,0.4991125958452211,0.1550096012878443,0.001804116362425874
pathway|NFE2L2 Regulates Pentose Phosphate Pathway Genes,pathway,8,8,1.0,11.0193975,0.06264553829454633,0.10621012463308681,0.34838913296321455,0.16152952192382686,0.23602471493914842,0.38190937784082796,0.05192795299009724,0.023514721787991105,0.07014241206267924,0.5578766876677685,0.23809523809523808,0.28846429572906623,-0.008164640340663977,0.042174802932083956,1.6789688086803682,0.14285714285714285,0.04657906142214471,0.7867601318278904,9.090110917649066e-26,1.5722537385996127,8,0.75,0.14453125,0.43627662659920724,1.3905473696841073e-08,0.10869565217391304,0.33163796455960676,-0.04096113322803836,4.292552377778726e-25,0.3328391494259938,0.557260571294787,0.15276742518201974
pathway|NFE2L2 Regulating ER-stress Associated Genes,pathway,5,4,0.8,10.49566625,0.1190373431034047,0.14197661029072783,0.3508548757434814,0.12724090853902525,0.23361268751087852,0.3787455979919441,0.07532145223738407,0.0351661575081267,0.07957691765479438,1.0539637380667621,0.19047619047619047,0.1459497596923272,-0.04434806961717051,0.06901595482558556,2.367357129716983,0.047619047619047616,0.008957817841225102,1.1622766761633445,5.858666024797192e-27,1.8188634904998071,4,1.0,0.0625,0.27685540266185427,0.0004878466283979934,0.14492753623188406,0.8829640426524556,0.8341525996737118,3.9522746992679477e-26,0.2219707520891365,0.3767447537933312,0.041231833023689546
pathway|NFE2L2 Regulating Inflammation Associated Genes,pathway,6,5,0.8333333333333334,9.275188600000002,0.14688700739249497,0.15433797034216284,0.4626222471904752,0.002492388989699913,0.249831468516047,0.39978425061208855,-0.00015058862040035135,0.0004994737041486743,0.08277346577845518,1.7685321293680685,0.14285714285714285,0.038485992906626944,0.012545952798432753,0.068186407684246,1.970202847701871,0.09523809523809523,0.024407563660623705,1.4937715177713518,1.628958993624077e-27,2.8496308929247207,5,1.0,0.03125,0.18211465953401437,0.023331865650766854,0.17266187050359713,0.8047512250291201,0.6686753487870901,2.1846601339144965e-26,0.15625,0.1556362926879383,0.09234315628277513
pathway|NIK-->noncanonical NF-kB Signaling,pathway,46,44,0.9565217391304348,10.704422975,0.060899089179837614,0.1433623831323,0.7404838547436158,0.587516626073303,0.6362517095929509,0.7776941724341798,0.36285694301749166,0.031356319859619515,0.030800544033060335,0.959163879979127,0.19047619047619047,0.16873809678002544,0.016499690578759364,0.011557786000294137,3.8415141619639193,0.047619047619047616,6.113883987844068e-05,0.4962626660319891,2.0006914892947812e-21,1.0528267483095421,44,0.75,0.0006300169081328022,0.277857626244723,0.0004644092374906826,0.15328467153284672,0.32783667114047543,-0.22167322231534617,5.509463604429473e-21,0.009233006412291066,0.41293872052693364,0.0005061819535390381
pathway|NOD1 2 Signaling Pathway,pathway,37,31,0.8378378378378378,9.982696083870968,0.020587555483863984,0.03111277341783488,0.3945374009959037,0.40789327799665287,0.2783166392096763,0.4354424102337376,0.21914191936260288,0.02173900197768646,0.020286601947432845,-0.05675896322144702,0.47619047619047616,0.5226313980926631,0.013302715009829078,0.01665782281988872,0.43732248522520734,0.23809523809523808,0.33093874538220625,0.40810201878149427,5.300173979549864e-26,1.609381426354966,31,0.7096774193548387,0.014724686741828918,0.2028680996422932,0.011353545840082585,0.23134328358208955,0.2019988864088508,-0.1789821464354252,2.6091590053768637e-25,0.10203247606430364,0.7572216279183471,0.57251953916189
pathway|NOTCH4 Activation and Transmission of Signal to the Nucleus,pathway,11,10,0.9090909090909091,9.413568109999998,0.06477389572577415,0.09584695183340669,0.409193464213841,0.034665041832079205,0.2865633221211734,0.44547099578233396,0.025872395029313155,0.0035781368194833852,0.029343230833534736,2.0855153699146705,0.09523809523809523,0.018511272238357263,0.012257243971574922,0.0348550442455702,1.5067159686900609,0.14285714285714285,0.06594173830977729,0.39309081644479205,3.1868819919151567e-16,0.8334681722147808,10,0.7,0.171875,0.08067416454513228,0.3183362249133464,0.23529411764705882,0.3000824917370523,-0.3877242810189306,6.44964212649496e-16,0.3824443717277487,0.09255636119178631,0.2001278640980146
pathway|NR1H2 & NR1H3 Regulate Gene Expression Linked to Gluconeogenesis,pathway,5,4,0.8,9.89286225,0.004682093854740425,-0.13311967534736216,0.018468955273000777,0.0724632911161084,0.0483715164608268,0.09227934124750563,0.055519053378154826,0.019156954771929434,0.07960113585002496,-0.18184239160180865,0.6666666666666666,0.5721467922960282,-0.023740091928145957,0.07983410912529919,0.35601556896285924,0.42857142857142855,0.36091445286405616,-0.20761317309860838,6.975635160581244e-06,-0.41276739971673027,4,0.75,0.3125,0.10294544165511908,0.20242416904664473,0.2391304347826087,0.39738489339624494,-0.19127291816410502,9.150138713725397e-06,0.5165088998387369,0.7734713690050851,0.6023114233006173
pathway|NR1H2 & NR1H3 Regulate Gene Expression Linked to Lipogenesis,pathway,9,8,0.8888888888888888,9.276390625000001,0.12821551689481198,0.07558433665020778,0.540563623946586,0.14979904090592602,0.3714869956488449,0.5417287904696405,0.07885559253487036,0.021549457120900777,0.04863052728803366,2.1933971462439423,0.047619047619047616,0.014139388880038867,-0.0014068774285374102,0.0371314348660411,3.49090722701634,0.047619047619047616,0.000240691689068977,-0.4706652301590496,6.31568047830742e-19,-0.9421009221791333,8,0.75,0.14453125,0.021913570300667075,0.7866634115713734,0.26277372262773724,0.7081779493650596,0.5212147451143561,1.5107866059741014e-18,0.3328391494259938,0.07449471414070065,0.0017536108775025466
pathway|NR1H2 & NR1H3 Regulate Gene Expression Linked to Triglyceride Lipolysis in Adipose,pathway,5,4,0.8,9.89842625,0.2888717064793469,0.04672360078310256,0.6190278937980831,-0.03011103829291646,0.4398710680208191,0.6109867442859946,-2.5047977906327014e-05,-0.007361512484982302,0.0871651690251433,3.3985274425255687,0.047619047619047616,0.00033874832851387153,-0.00200947377630577,0.0810610223345439,3.5884223006116045,0.047619047619047616,0.00016634255443067754,0.005956960600494877,0.843700311150938,0.007881069926392918,4,0.5,0.6875,0.06153846153846154,0.4468557916455233,0.22695035460992907,0.8420929579779844,0.7070613081799642,0.8517164661262439,0.6875,0.003374250928556142,0.0012549512242551117
pathway|NR1H2 & NR1H3 Regulate Gene Expression to Control Bile Acid Homeostasis,pathway,9,8,0.8888888888888888,9.564476437500002,0.17919760080218086,0.06238000288834766,0.6359082177540414,0.14861507869793136,0.4823744992752262,0.6508132722346106,0.03988177060577666,0.021353678639848973,0.0643804084637086,2.451738439207153,0.047619047619047616,0.00710839805483692,0.02796787227652045,0.04366266946772859,3.4635932793214907,0.047619047619047616,0.00026650587803853576,0.26389838177619473,1.2343234301709052e-07,0.4508183911920433,8,0.625,0.36328125,0.014343720795333697,0.8593972622441695,0.2357142857142857,0.780456320436094,0.6228387910734577,1.719958878106999e-07,0.539340101522843,0.04647798728162601,0.001898296058654375
pathway|NR1H2 & NR1H3 Regulate Gene Expression to Limit Cholesterol Uptake,pathway,5,5,1.0,9.985254000000001,0.18620320161054654,0.04780481149101647,0.5335907695170747,-0.000299004843675405,0.3503880948448364,0.5189442889528688,-0.0030357991104177965,-5.9786667532537445e-05,0.08248806798076821,2.2580597756454375,0.09523809523809523,0.011970966489692937,-0.009224755387429508,0.05637688575181776,3.46645534587151,0.047619047619047616,0.0002636846628987946,-0.10826481095195996,0.04506490707034305,-0.16790059253401135,5,0.6,0.5,0.15591505268924621,0.052711288394286605,0.18439716312056736,0.7351215945446068,0.5976242798535565,0.049919857962369585,0.539340101522843,0.06783547677492664,0.0018955888882906738
pathway|NRIF Signals Cell Death From the Nucleus,pathway,16,14,0.875,10.674646592857142,0.08575626568450545,0.044393760160417094,0.5676990085284865,0.028673356621082786,0.40368187237143016,0.5751757293687003,0.010919362771503528,0.0021041196332214967,0.015610002164126884,5.358881130940758,0.047619047619047616,4.186946299285693e-08,0.017496999136850433,0.028357167481732524,2.407125697290716,0.047619047619047616,0.00803931738244975,0.08894300733819556,0.01223547636847635,0.22583170650460566,14,0.6428571428571429,0.21197509765625,0.0184686281460475,0.819575645377641,0.22535211267605634,0.5072355509028544,0.08132020524201,0.01396618833465295,0.42269858065992594,7.850524311160675e-07,0.037409232345340986
pathway|NS1 Mediated Effects on Host Pathways,pathway,42,35,0.8333333333333334,9.355154677142858,0.05028621735410403,0.04748336164264947,0.649517370564158,0.31816004484862914,0.4904310876623177,0.6581063582504032,0.18344247369025096,0.013156591564768264,0.011396862293027273,3.257881409346508,0.047619047619047616,0.0005612365199905299,0.016626891543057465,0.009541021433231135,3.527853495204611,0.047619047619047616,0.00020947197989764854,-0.2773022340148189,1.1115404466700015e-16,-0.8134045621841729,35,0.6571428571428571,0.04476553946733476,0.20592955431665105,0.010150411481779168,0.20437956204379562,0.3675326338888225,-0.17840888181749304,2.327116698693353e-16,0.19818077368351325,0.005198491720219472,0.001552771944008732
pathway|Nef Mediated CD4 Down-regulation,pathway,10,8,0.8,10.202859125,0.1927673555865832,0.07642370730938015,0.6564048520395712,0.19738605888478108,0.5343866942526714,0.6965476124816715,0.10802862995042259,0.029824294883391562,0.049893947162811945,3.2657881360134193,0.047619047619047616,0.0005457994356760648,0.01971723532904412,0.05529326989840648,3.1296778174901587,0.047619047619047616,0.0008749906097115026,-0.04691989238421778,0.27451726401436427,-0.07890430389109267,8,0.625,0.36328125,0.0915858335213174,0.25705114129433826,0.22535211267605634,0.7708061042055508,0.5755524603094244,0.29143173323756405,0.539340101522843,0.005116869709463107,0.005495630676759438
pathway|Negative Feedback Regulation of MAPK Pathway,pathway,6,5,0.8333333333333334,10.4157638,0.04666052429349175,0.09070231147551153,0.19660740338057925,0.2049709207037486,0.08391426892930046,0.15483562000192447,0.09526517621472233,0.049034740937970146,0.10918942222445932,-0.021744016921325514,0.38095238095238093,0.5086739241817857,-0.006672511391802223,0.08645804316928518,0.616866097476526,0.2857142857142857,0.26866152511171115,1.1455709757798531,2.6812252506356178e-27,2.1182835906821103,5,1.0,0.03125,0.17848925268280108,0.026279217820655492,0.20437956204379562,0.4298334735755039,0.09547682603945545,2.3367421118741067e-26,0.15625,0.7450897448328652,0.502263115128199
pathway|Negative Regulation of MET Activity,pathway,21,19,0.9047619047619048,10.125636926315789,0.01219104497469787,0.02511509103717271,0.18994791104423595,0.24137199236027926,0.10644601887456111,0.1924106862128427,0.12428536962941114,0.01646994085523001,0.026352835752794686,-0.16236946644644754,0.47619047619047616,0.5644925430019574,0.018141065279959106,0.025094075389686124,-0.2371085689695004,0.47619047619047616,0.5937137175870438,0.7501719817879012,1.628958993624077e-27,2.9871563553303386,19,0.8421052631578947,0.0022125244140625,0.08979729947471883,0.2664976229143845,0.2446043165467626,0.0738969328576879,-0.5035898903395344,2.1846601339144965e-26,0.024964324140970686,0.7734713690050851,0.790250241551477
pathway|Negative Regulation of NOTCH4 Signaling,pathway,44,43,0.9772727272727273,10.90481206511628,0.04574731550714941,0.12065858680706176,0.6733563193075056,0.5164568660231137,0.5412034957069484,0.7023128317765708,0.32543741962482775,0.024236774676257046,0.015471404426201516,1.3903418357071256,0.14285714285714285,0.08221254981816484,0.017316848588261317,0.013018744266141677,2.183810230670883,0.09523809523809523,0.014488097758393222,0.36137163562825353,3.8164736522048425e-17,0.8233434672615784,43,0.7209302325581395,0.0027007863272956456,0.25256356546679126,0.0015217635836443173,0.1925925925925926,0.2834837726303342,-0.11286049823166344,8.247464248408769e-17,0.029685366959499554,0.2652702098927307,0.060964767795219005
pathway|Negative Regulation of TCF-dependent Signaling by DVL-interacting Proteins,pathway,5,4,0.8,8.005812299999999,0.05302329231202174,-0.04774020760072525,0.18298566244232242,0.07253543636895267,0.10504324568524248,0.19011608114957468,0.02888511297623933,0.01917712493641157,0.05685279392440637,0.5953298868761545,0.23809523809523808,0.27581149099467994,0.005191072001962685,0.07969742859424817,0.6001726925667856,0.23809523809523808,0.2741955753195666,-0.2529880320088341,4.798036025699716e-07,-0.4552634427948126,4,0.5,0.6875,0.15043666011407947,0.061705191847212446,0.20863309352517986,0.8105121972581723,0.6871597549681215,6.480398233863494e-07,0.6875,0.5494682047159639,0.5088782511389337
pathway|Negative Regulators of DDX58 IFIH1 Signaling,pathway,35,32,0.9142857142857143,10.192390275000001,0.03036861320192129,0.05417649521077607,0.5005573827017654,0.3477826406795468,0.35163008662389816,0.5203052079170565,0.18073249114159104,0.0163903545254373,0.023168274203144545,0.6033362068283348,0.23809523809523808,0.27314252553620166,0.01071755850224205,0.01272797258095798,1.5439265424784714,0.09523809523809523,0.06130306458591328,0.23696703504770475,6.72889991835667e-14,0.7103514082860264,32,0.59375,0.18854279373772442,0.15677870516580195,0.05139772613389482,0.19858156028368795,0.43644099927304286,-0.020440337195239657,1.2238726670334886e-13,0.3940853475665551,0.5458569279916257,0.1897121537549501
pathway|Neurodegenerative Diseases,pathway,22,19,0.8636363636363636,9.572048189473685,0.054078684849496426,0.016131478065560218,0.5206681418061214,0.22106552283028,0.3341306034997323,0.5008963929366895,0.11519176497322356,0.014717273368630815,0.023631797928985024,1.6656122229526937,0.09523809523809523,0.04789533752089465,0.005268240539618649,0.01435764507006934,3.399613520996591,0.047619047619047616,0.00033740580552616334,0.020815815809239812,0.5059896623818919,0.056524717970416576,19,0.5789473684210527,0.3238029479980469,0.02918371950630015,0.7184955884563355,0.2608695652173913,0.6162920899935757,0.27607487921119206,0.5236500158578833,0.5292932803814228,0.17980814225344097,0.002300494128587477
pathway|Noncanonical Activation of NOTCH3,pathway,8,7,0.875,10.018165428571427,0.04532728656831659,0.08916813520538425,0.2494497296867998,0.0877313610983781,0.14660468528728046,0.25571966898172727,0.039411218785447955,0.013552150384674656,0.05486289206434551,0.5791735540732106,0.2857142857142857,0.28123603665516084,0.021742680306420282,0.06007834354747787,0.3925641898441857,0.3333333333333333,0.34732069641358465,-0.02134688567085551,0.5298130462542596,-0.042925975725048034,7,0.5714285714285714,0.5,0.03519061583577713,0.6637744477402884,0.25925925925925924,0.6325956805635033,0.3917252464137851,0.5474162349871807,0.539340101522843,0.550807905891444,0.5904451839030939
pathway|Nonsense Mediated Decay (NMD) Enhanced by the Exon Junction Complex (EJC),pathway,120,108,0.9,12.248289957407408,0.0388142859025193,0.1782959009242445,0.8134753098011245,0.7966989965294131,0.6775577665868981,0.8077906824817533,0.6862141990831254,0.03501479960721886,0.010257847748157824,0.3703980004950629,0.42857142857142855,0.35554298170475496,0.013582578836437088,0.00733099486343731,3.441784851319856,0.047619047619047616,0.0002889448387004256,-1.0016185323814122,1.6605450340442345e-27,-2.851400145362962,108,0.8333333333333334,5.328917695346282e-13,0.2326512197479939,0.003578364563022944,0.17857142857142858,0.26584930962846404,-0.04874257232847355,2.1846601339144965e-26,2.1232406442395346e-11,0.6319404366277068,0.002046692607461348
pathway|Nonsense Mediated Decay (NMD) Independent of the Exon Junction Complex (EJC),pathway,100,92,0.92,12.677656118478259,0.04352516212296457,0.2717325847303437,0.8071930306536325,0.798642885205006,0.6900213285008739,0.8165829825508231,0.6756788369507267,0.04133014157621298,0.015736836643160695,0.13948295941075006,0.42857142857142855,0.44453426036270566,0.014546719573421425,0.009014268394843107,3.214730389669911,0.047619047619047616,0.0006528354581881396,-1.2331182434674972,1.6927383807402364e-27,-2.9475869176440765,92,0.9239130434782609,1.9237045583198987e-18,0.28771228771228774,0.00028335808257624233,0.16083916083916083,0.26142952531476676,-0.20397414250305765,2.1846601339144965e-26,2.229748465325337e-16,0.7041446285690725,0.0042685395343070665
pathway|Nonsense-Mediated Decay (NMD),pathway,120,108,0.9,12.248289957407408,0.0388142859025193,0.1782959009242445,0.8134753098011245,0.8142632986978265,0.6780169028961379,0.8081168928941407,0.6950250551009352,0.03900881698231521,0.01380038628958339,-0.014096060480766679,0.47619047619047616,0.5056233282873797,0.012573284894657696,0.006016214996461357,4.361712642133991,0.047619047619047616,6.452414510473366e-06,-1.0016185323814122,1.6605450340442345e-27,-2.851400145362962,108,0.8333333333333334,5.328917695346282e-13,0.2326512197479939,0.003578364563022944,0.17857142857142858,0.26584930962846404,-0.04874257232847355,2.1846601339144965e-26,2.1232406442395346e-11,0.7435637180696759,6.477817717207513e-05
pathway|Notch-HLH Transcription Pathway,pathway,28,23,0.8214285714285714,9.01069902173913,0.019109897174848463,0.019430451939767716,0.3094354733191605,0.18123146170727675,0.17360296680078335,0.2958461621378163,0.10292385121440681,0.00953202230869381,0.011389222974266025,0.8409594656102426,0.19047619047619047,0.2001853214194994,0.016229976190723715,0.01975575855924418,0.14577627963453552,0.38095238095238093,0.4420490009764153,0.2707959050679702,2.828063982182701e-17,0.87306381881257,23,0.6956521739130435,0.04656982421875,0.34618284940865585,1.022942685925563e-05,0.15555555555555556,0.2774357760891764,-0.06786375296295094,6.153210882735399e-17,0.20196097237723215,0.46154843546087115,0.6774906247147721
pathway|Nuclear Events Mediated by NFE2L2,pathway,87,75,0.8620689655172413,10.388639591999999,0.03209283332753151,0.10283626192196697,0.7132016159451884,0.599195837476574,0.580675938901548,0.7347185145426767,0.40364142541962755,0.019543556829225893,0.012455516414404807,1.007527595065619,0.19047619047619047,0.15684065183263635,0.00708844471318089,0.004922142826496019,5.079980304462391,0.047619047619047616,1.8873700056461615e-07,0.3059529037967458,2.1197413802368057e-16,0.8168264026689276,75,0.6533333333333333,0.005291058525852635,0.4473977635267958,5.335452769973434e-09,0.12686567164179105,0.3169154408839206,0.08872752757303201,4.34512903505133e-16,0.04888477985842109,0.3911425487312511,2.382571046731541e-06
pathway|Nuclear Import of Rev Protein,pathway,35,28,0.8,9.356650489285714,0.08358629837453532,0.05924517191952489,0.7186178935233265,0.1864005044781419,0.5783315487109717,0.7328391163229258,0.09128687382991692,0.008115948614752613,0.0162888040796208,4.6332652410133015,0.047619047619047616,1.799714428504676e-06,0.021965340976087426,0.02236689185668868,2.7550076154197765,0.047619047619047616,0.0029345384694282653,-0.41343671312923297,1.4940658368685964e-22,-1.0628750362675798,28,0.6785714285714286,0.04357927665114403,0.11510425058812157,0.15381601639274783,0.2222222222222222,0.5530516389328177,0.23554648180017534,4.568186911288874e-22,0.1942782438119183,2.798336458955441e-05,0.015853968425936605
pathway|Nucleotide Excision Repair,pathway,108,100,0.9259259259259259,9.476209180000001,0.03665411734428198,0.03394689832729016,0.7918780886041255,0.5799453655020106,0.687482019382682,0.8148021863180244,0.3900330793373366,0.01361840549699351,0.008125498618324878,2.8349905561903137,0.047619047619047616,0.002291352016958697,0.025127385256817507,0.011080670707204098,1.0402558105052582,0.23809523809523808,0.14911053422144438,-0.20369771384438393,1.6052101021379317e-16,-0.8339457292495286,100,0.59,0.044313040057033834,-0.026115819664206764,0.7470266051974223,0.2814814814814815,0.5221144047269929,0.22766692643222824,3.327874601993273e-16,0.1968610664554639,0.017705901949226294,0.3425512272654803
pathway|Nucleotide Biosynthesis,pathway,14,13,0.9285714285714286,9.245550938461538,0.09716137435964042,0.2177055687837818,0.5831647747551914,0.1592248113099824,0.4259353554820822,0.5974118726273975,0.0769622706921422,0.014358415661809665,0.03234953552792676,2.5596336190468176,0.09523809523809523,0.005239128308381398,0.017941603709596535,0.03198193552632122,2.4770161450937143,0.047619047619047616,0.006624295439125418,-1.2195697646013461,1.6605450340442345e-27,-2.887268416168148,13,0.9230769230769231,0.001708984375,0.1744159066739712,0.029965291507297143,0.19285714285714287,0.6608999216419807,0.4144313019945688,2.1846601339144965e-26,0.020364066150700934,0.03610750590911504,0.03163287147896969
"pathway|Nucleotide-binding Domain, Leucine Rich Repeat Containing Receptor (NLR) Signaling Pathways",pathway,61,51,0.8360655737704918,10.00800527647059,0.03657212707035169,0.04347678497964718,0.659398391815265,0.5108819901960158,0.49514652726241437,0.6623384641357105,0.301553182425642,0.020069295540839752,0.013720768012354237,1.2027629586516382,0.14285714285714285,0.1145340313226979,0.013646550009857938,0.011935023534603687,1.92086567688993,0.09523809523809523,0.027374321945944875,0.33103756739157547,3.627401771509262e-24,1.3517180161291429,51,0.6666666666666666,0.012046453849224648,0.0385646611453063,0.6337773090853908,0.2302158273381295,0.43034945519479906,0.10684825124073669,1.2991396794028958e-23,0.08726834464637175,0.3268211340069039,0.1017558614608738
pathway|Organic Cation Transport,pathway,10,9,0.9,8.129410600000002,0.0342809364548495,0.03552636837930718,0.24212598425196852,0.05803478094543325,0.12354979168257836,0.21992757703698326,0.023353763325684958,0.006799047887059713,0.036671658007379246,0.7494040373702152,0.19047619047619047,0.22680685913649373,-0.006942298522342838,0.03137109596986807,1.3140514764542255,0.14285714285714285,0.09441444090712081,0.0731733237786494,0.03855615745413286,0.18802372417934562,9,0.5555555555555556,0.5,0.24458444781025426,0.0021612788773014654,0.18382352941176472,0.7181752714455637,0.5515302696949846,0.04297124191784912,0.539340101522843,0.49687069656190636,0.25706338161730224
pathway|Oxygen-dependent Proline Hydroxylation of Hypoxia-inducible Factor Alpha,pathway,53,44,0.8301886792452831,10.822813577272727,0.04109699503509571,0.12232765256602322,0.6534716940349768,0.5234527245781823,0.48389772070433357,0.6521982127914463,0.3325743599593907,0.024356230353541796,0.019010880802632642,0.8805885879435759,0.23809523809523808,0.18927026879890246,0.01433246102950227,0.010493617477329503,2.550553616368784,0.047619047619047616,0.00537759897743865,0.3949906728842612,2.3492925318957477e-18,0.8908296676733491,44,0.7045454545454546,0.004779939428317448,0.26978183107215364,0.0006869448356904592,0.15328467153284672,0.11623580526469891,-0.2875740061261378,5.4759560844005086e-18,0.045143872378553676,0.44722563880518035,0.026370918062439533
pathway|PCNA-Dependent Long Patch Base Excision Repair,pathway,21,21,1.0,9.033983938095238,0.04925001713731136,0.09648461807213722,0.5210328369277075,0.09762674333473897,0.33021395845970747,0.496482473905283,0.054243551901700236,0.005125445441243249,0.012753455716672078,3.4598129853060793,0.047619047619047616,0.00027027533438570933,0.020044949363754772,0.024209070799816435,1.2063688034560183,0.09523809523809523,0.11383765960502062,-0.45366750264630895,9.685395013520816e-23,-1.2001254088998143,21,0.6666666666666666,0.09462356567382812,0.18145725242499436,0.02384419588542832,0.20863309352517986,0.5164331599066241,0.3052964475006702,3.07186035876593e-22,0.3038918041161986,0.002779040736627253,0.2907820193087253
pathway|PCP CE Pathway,pathway,79,65,0.8227848101265823,10.310191563076923,0.028910808386056593,0.059526407168145515,0.659301825456067,0.6161143530442612,0.5200815280425904,0.6842810973596918,0.43051826863735937,0.02409644608891517,0.014321239364424653,0.3361693897178176,0.2857142857142857,0.36837156723961006,0.017776276311670388,0.00894611643934499,1.2446218590914568,0.09523809523809523,0.10663539072158773,0.24196589137901897,1.1238864140549086e-14,0.7467516317156461,65,0.6153846153846154,0.040840766970770014,0.2154265089748961,0.007102232931147543,0.208955223880597,0.34273454255942704,0.2171023881295111,2.0919053692262897e-14,0.18399992186477657,0.637277813067168,0.28033015086602964
pathway|PDH Complex Synthesizes acetyl-CoA From PYR,pathway,6,5,0.8333333333333334,9.5417096,0.23000373412994773,0.13182232586408998,0.5989633980318176,0.07264941613778855,0.3786968665993697,0.5493547940432272,0.007839295508752694,0.015426461993051277,0.061703170126546185,3.4775728977429017,0.047619047619047616,0.0002529877225110683,0.06669320469526255,0.08827272377112765,1.8500678630707552,0.09523809523809523,0.032151884558934335,-0.5185208908849531,7.53188043013728e-15,-0.7542351444095429,5,0.6,0.5,0.12128516644645676,0.13275634373289974,0.18439716312056736,0.81196789452498,0.5940901821903269,1.414307444539769e-14,0.539340101522843,0.002643929067226329,0.11387125781289244
pathway|PERK Regulates Gene Expression,pathway,33,31,0.9393939393939394,9.227998822580648,0.004895187156315442,0.004817146149238023,0.1323190120029786,0.3255138725610309,0.07737023117172259,0.14362793575162466,0.17186829388628552,0.015329420876422473,0.01881547504384852,-0.5545559543827925,0.6666666666666666,0.7104007884528465,0.009998796896732599,0.012359385960426846,-0.4129339238015751,0.6666666666666666,0.6601724871633365,-0.2607840134070673,1.702749525257387e-24,-1.3025477759653488,31,0.6129032258064516,0.14052075752988458,0.16343334085269567,0.042159575224121136,0.2116788321167883,0.34496722622712267,-0.08880464547412625,6.385310719715202e-24,0.3328391494259938,0.8425683770022133,0.8228741600755357
pathway|PI5P Regulates TP53 Acetylation,pathway,9,9,1.0,9.00700107777778,0.027336078610350454,0.05021186630474708,0.2018765923160291,0.1807702218018059,0.10060850631569028,0.18282342129533294,0.08693139432730122,0.023930909876984173,0.04373445601818917,0.07786009118188347,0.5714285714285714,0.4689696728104806,0.031962250712250714,0.048631102937843215,-0.09512784663372947,0.5238095238095238,0.5378933600238315,0.02011052733662903,0.4463670138156769,0.0415065317353664,9,0.6666666666666666,0.25390625,0.10609068351003834,0.18890074660527847,0.2391304347826087,0.3601827234486592,0.022691627185993532,0.4649656393913301,0.47122338973799127,0.7247713125252881,0.7502614545130587
pathway|PINK1-PRKN Mediated Mitophagy,pathway,32,28,0.875,10.604688242857142,0.03352302919630907,0.029117568120228757,0.49269543987214925,0.4575894291730175,0.33952319565771655,0.5069314167284844,0.27494876885542535,0.029248125984178468,0.02772890173935894,0.15416777960818842,0.42857142857142855,0.43873872328840374,0.011544241264939172,0.012077095782326927,1.8198736126223871,0.14285714285714285,0.03438912710146308,-0.0697553720296788,0.00048580553918939714,-0.28100522508956377,28,0.5357142857142857,0.4252770096063614,0.2417969127646547,0.002436742118798296,0.2,0.3018801523364612,-0.14229996878164827,0.000592162583619963,0.539340101522843,0.700114983970857,0.1201264028886724
pathway|POLB-Dependent Long Patch Base Excision Repair,pathway,8,7,0.875,8.877516342857144,0.09283912935242611,0.19751321537179797,0.417379184740296,0.1006151939424971,0.24326926210406133,0.39133801424859765,0.03311989683203974,0.015730196354932526,0.042737244674159534,1.8042560671702919,0.09523809523809523,0.0355955867647214,0.023867497529907834,0.04607596536218452,1.4969112699074276,0.14285714285714285,0.06720817368169485,-1.1150788786796153,1.8993156846494713e-27,-2.082261157246213,7,1.0,0.0078125,0.20444394315362058,0.010719440593841872,0.19148936170212766,0.6533800212274824,0.43061927130240424,2.1846601339144965e-26,0.06344546178343949,0.1473518607955188,0.20162452104508455
pathway|PTK6 Expression,pathway,5,4,0.8,8.194701425,-0.03386964098234676,-0.06516465205895179,-0.15080132404454033,0.13816886063248301,-0.05155150389583366,-0.10870701805651206,0.07602151984515215,0.03853552203858241,0.05920161868616545,-1.223026745345549,0.9523809523809523,0.8893402026241024,-0.01775592319598229,0.08336558411897999,-0.19328980845821042,0.5714285714285714,0.5766339962496803,0.24467588905437393,1.2823277442917164e-10,0.596538340760461,4,0.5,0.6875,0.06100673520028358,0.45079973506240745,0.23776223776223776,0.6611987618916845,0.3240791852020219,2.011030595291437e-10,0.6875,0.9346178929507832,0.7778881519577536
pathway|PTK6 Regulates Cell Cycle,pathway,6,5,0.8333333333333334,8.346258940000002,0.030611747897522478,-0.03294953454189118,0.13636166396667454,0.04067269650969846,0.07750472852693345,0.14385965365161946,0.009248005960025165,0.008408124167938427,0.050520771108667276,0.4394949491531975,0.38095238095238093,0.3301514705051921,-0.012331524445021702,0.05796345774880925,0.7408680228954486,0.19047619047619047,0.2293867329145503,0.024347799229830134,0.7266126566807936,0.04654742977335814,5,0.6,0.5,0.04798427379072541,0.5532444856092928,0.2814814814814815,0.7451689231452948,0.5832194318788073,0.7405524678401373,0.539340101522843,0.6048033403651148,0.45484927599696995
pathway|PTK6 Regulates Proteins Involved in RNA Processing,pathway,5,4,0.8,8.782869074999999,-0.0326201956900564,-0.014267639963036224,-0.14463483236639676,0.023757030708022275,-0.05510792238653949,-0.11664384471447166,0.023485803409628598,0.006047001782280394,0.045348987143082144,-0.8526584585083807,0.8095238095238095,0.8030756329544978,-0.014464882943143815,0.049512730718636995,-0.36667968991818856,0.7142857142857143,0.6430710210019488,-0.35369922608668214,4.3072509222441215e-09,-0.5203849899894096,4,0.5,0.6875,0.1761786600496278,0.02831936775557686,0.16312056737588654,0.5075378488290756,0.06206722534475577,6.305103244387205e-09,0.6875,0.8955031257422612,0.8182789937899049
pathway|PTK6 Regulates RTKs and Their Effectors AKT1 and DOK1,pathway,9,9,1.0,11.335522622222221,0.06457684671065847,0.0064087920554097965,0.38321637800195707,0.29341435303031566,0.22409546404561909,0.3661405023183186,0.15981348053582223,0.044104650269566906,0.06583531166304368,0.3109607279733366,0.23809523809523808,0.3779152385305328,0.005124552174995413,0.03820453821413347,1.5561579151261444,0.09523809523809523,0.059835273021355,-0.0597739019863368,0.08897005443187157,-0.14911364424120097,9,0.5555555555555556,0.5,0.07862137862137862,0.33084599690794836,0.2318840579710145,0.30542827095554004,-0.12156723337876832,0.09745431219985932,0.539340101522843,0.6474844580384074,0.18562037251150276
pathway|Pentose Phosphate Pathway,pathway,15,13,0.8666666666666667,10.398680538461539,0.07444562532314587,0.10833261374538608,0.511154517181218,0.03659860726528778,0.36952511258078924,0.5396397761329706,0.026572320018473296,0.002913712388458312,0.030939222226964182,2.312013935254843,0.047619047619047616,0.010388457691867962,0.03694795221618047,0.053668947176820435,0.6986847158268946,0.2857142857142857,0.24237454388590535,-0.6493358761235528,2.4202531976599494e-25,-1.4290183804851064,13,0.7692307692307693,0.046142578125,0.08863072411459508,0.2727850285199992,0.23357664233576642,0.13684451060301206,-0.6617337818665017,1.0251903079788821e-24,0.20196097237723215,0.06132075720894284,0.46895990370997265
pathway|Peptide Chain Elongation,pathway,94,86,0.9148936170212766,12.932493725581393,0.05132741771458691,0.30079857153364253,0.823102262644691,0.8345999532780205,0.714685513215393,0.8336053552761503,0.7241809654765808,0.0554219890548438,0.020798818872574364,-0.19686557036448132,0.47619047619047616,0.5780336313722799,0.01203263598036425,0.007635407660421554,5.146389489838082,0.047619047619047616,1.327738901778017e-07,-1.252478376088655,1.7255506096368993e-27,-2.811813807989501,86,0.9418604651162791,4.789367862616817e-19,0.26362991846862815,0.0009182953875361198,0.18115942028985507,0.2575644905767683,-0.20389025987379722,2.1846601339144965e-26,6.106444024836441e-17,0.7755053541188914,1.7452238141927544e-06
pathway|Pervasive Developmental Disorders,pathway,13,11,0.8461538461538461,9.431199,0.11253019528663263,0.16131981378292753,0.5824264860263901,0.059106737496773566,0.3989936949857892,0.570400990963497,0.025514478627774107,0.005678462876647773,0.02877846070689709,3.712906451052005,0.047619047619047616,0.00010244631853690565,0.015855476133547056,0.033236105838973386,2.9087258182853266,0.047619047619047616,0.0018145248991362447,0.4176203120486396,6.240593675395454e-13,0.6804106273286876,11,0.7272727272727273,0.11328125,0.09139892365698818,0.25802743215986,0.22794117647058823,0.6312200712884447,0.3665928178448116,1.0884756410573465e-12,0.30649038461538464,0.0011358178794309104,0.010421257866660866
pathway|Pexophagy,pathway,11,10,0.9090909090909091,11.37332004,0.09935512598028431,0.06406990037563283,0.5245239614114402,0.22715548128074153,0.3627738773774692,0.5324050943441822,0.12341301463640444,0.028552901376877743,0.040055734060941185,1.767592737052013,0.09523809523809523,0.038564506545635875,0.020216797511542137,0.03165818622180587,2.499774557969857,0.047619047619047616,0.0062136180551754265,0.010934427705007313,0.8163720316220053,0.025405734295598177,10,0.6,0.376953125,-0.009284264122973802,0.908718595662553,0.2517985611510791,0.31619649768401387,-0.3049179196767211,0.826090746284172,0.539340101522843,0.1556362926879383,0.03012305330931053
pathway|Phosphate Bond Hydrolysis by NUDT Proteins,pathway,7,6,0.8571428571428571,8.994647666666667,0.09885649035079176,0.12073733195236054,0.396938973223259,0.08414951694167502,0.2414423270564062,0.3889706703152164,0.022699021313348666,0.015082579291633749,0.10359098263693513,0.8086988744258579,0.14285714285714285,0.20934418788673453,0.03032471146179464,0.055718455788926945,1.2299655099669253,0.14285714285714285,0.10935501031843586,-1.0134099781200219,4.844035936128758e-27,-1.8227681767348867,6,1.0,0.015625,0.017724211272598368,0.8267313322547657,0.2553191489361702,0.8374130268361509,0.7461827342575801,3.41223525887523e-26,0.10375976562500001,0.47547260583643425,0.2833895084471661
pathway|Platelet Sensitization by LDL,pathway,17,15,0.8823529411764706,10.068685673333334,0.10038899119734916,0.07964373501743492,0.6260107045046901,0.29432048217633655,0.4666249287937728,0.636324829385723,0.13347664405660736,0.027052725193290834,0.0430300909643553,1.7043019050275225,0.14285714285714285,0.04416234963325287,0.018564339136310434,0.025858111504765736,3.1643707641201164,0.047619047619047616,0.0007770933403448529,0.4232046909666199,3.1413020597100116e-17,0.8447768502624511,15,0.7333333333333333,0.05923461914062499,0.05902484612162032,0.4656705214438035,0.23703703703703705,0.5721374399097431,0.399791777659132,6.823100725945937e-17,0.2219707520891365,0.1709796770726261,0.0050294112128918145
pathway|Polymerase Switching,pathway,14,14,1.0,8.24126322857143,0.04671764387402275,0.06825384254852312,0.4069153630216404,0.22945225211471937,0.2775693115258133,0.4345272057205407,0.13309637920303288,0.020826880080013502,0.026968508946739942,0.9600369024902664,0.2857142857142857,0.1685183213284801,0.018424583123255074,0.025346223809526915,1.1162633520237888,0.19047619047619047,0.1321547118989787,-0.4672539123239238,1.8069214646381798e-22,-1.1463472084074189,14,0.7142857142857143,0.08978271484375,0.254919274274113,0.001369114319360512,0.18705035971223022,0.27242966039968924,-0.2481309895346379,5.485297303365903e-22,0.2922213807397959,0.41293872052693364,0.3180629702690952
pathway|Polymerase Switching on the C-strand of the Telomere,pathway,26,23,0.8846153846153846,8.340993773913041,0.027670855856936957,0.03730580193147103,0.39560291654371804,0.274375107256813,0.2447894659921529,0.3933025988407522,0.13632381942749552,0.016174203547109016,0.018237637530230867,0.6303805682490942,0.3333333333333333,0.264222810617712,0.01293607737231905,0.017412372472309083,0.8462246318272046,0.2857142857142857,0.1987137216661311,-0.2288229934530586,1.7699053042617624e-13,-0.7130980709320935,23,0.6086956521739131,0.2024364471435547,0.09169217878895299,0.2564967999750507,0.22142857142857142,0.34636417378797396,-0.08429942990084277,3.1561248432639817e-13,0.40904353424410816,0.5381534880792058,0.41466447647187754
pathway|Postmitotic Nuclear Pore Complex (NPC) Reformation,pathway,27,23,0.8518518518518519,9.356412860869566,0.07046597543872124,0.030181965166137997,0.6355127957898832,0.14914539538555477,0.48283777216881224,0.6512347894437693,0.08280572303017006,0.007563613685486792,0.015682125792986383,4.011086416700386,0.047619047619047616,3.0219990415940348e-05,0.023537524059437542,0.020571830149006317,2.2811996326710138,0.047619047619047616,0.011268318245081618,-0.416854360935818,2.5949457723676297e-22,-1.1070922010779929,23,0.6521739130434783,0.10501980781555176,0.0654957945280526,0.41812097546684457,0.2127659574468085,0.37360871005899043,-0.11321854942580986,7.784837317102889e-22,0.30649038461538464,0.0003891968462658984,0.04982234838819045
pathway|Pre-NOTCH Processing in Golgi,pathway,18,16,0.8888888888888888,9.132842168749999,0.035448787850909,0.04294093964032688,0.37028714755213554,0.07802321393496325,0.26316613863051946,0.41667700009095393,0.029605095149928217,0.005261297772510313,0.022475515975918577,1.343127788956797,0.14285714285714285,0.08961529938917373,0.009047153650427716,0.02179382555019883,1.2114272521668605,0.19047619047619047,0.11286585003045502,-0.017261851783753487,0.5460061162203361,-0.050080716467925376,16,0.5625,0.4018096923828125,0.22280622603203248,0.005326776196364422,0.16312056737588654,0.340141800984652,-0.26558083356150897,0.5636905248428571,0.539340101522843,0.2791068098510624,0.2901289491710285
pathway|Processing and Activation of SUMO,pathway,10,9,0.9,9.657492533333333,-0.0016702489660488744,-0.0096241707444642,-0.015235821616859435,0.2529905593254312,-0.03537570805990389,-0.07334608583981368,0.13042025126202367,0.03626545590058676,0.04874961345245381,-0.7781744752424522,0.8571428571428571,0.7817669189076736,0.0076287549502777495,0.028580136286774374,-0.3253659752710764,0.6666666666666666,0.6275479482148189,0.2430382835275689,6.538631150414224e-12,0.6186536487366191,9,0.6666666666666666,0.25390625,0.016009796654957945,0.8432644436337313,0.2323943661971831,0.05155385821899091,-0.511514589837459,1.0826954177633943e-11,0.47122338973799127,0.8860025080953634,0.8084232212351973
pathway|Processing of Capped Intronless Pre-mRNA,pathway,29,24,0.8275862068965517,9.548845629166665,0.05843332974116465,0.04499486809166443,0.5983020079436246,0.22645513427786393,0.46252649271282176,0.6325034042356215,0.11445307446510064,0.012050913961834228,0.01692361078706865,2.7406926549487465,0.09523809523809523,0.0030654913633788297,0.027115419223341757,0.019116875172789507,1.6382337717201838,0.14285714285714285,0.05068646859871237,-0.2931645928216761,2.91739085496447e-15,-0.7623701960821117,24,0.7916666666666666,0.003305375576019287,0.06455157745480326,0.4248774119406269,0.2462686567164179,0.4194498671469445,0.011636012854341474,5.59349374448075e-15,0.03454388409364419,0.022961200318000283,0.16319506935191483
pathway|Processing of Intronless Pre-mRNAs,pathway,20,17,0.85,9.199286358823528,0.06466449415431985,0.03535934325478838,0.5402925202972693,0.3026612243566854,0.3717867945200652,0.5420474901861684,0.15712713256962463,0.024895184516317167,0.026695435217741592,1.4897419470266695,0.09523809523809523,0.06814605030863308,0.035040966596886505,0.025404319425789596,1.166082313047936,0.19047619047619047,0.12179058347587418,-0.27592611788305527,5.145196288984519e-13,-0.673063633177725,17,0.7647058823529411,0.0245208740234375,0.1782346685572492,0.02649765758756941,0.16551724137931034,0.6940539568508589,0.5186742595284667,9.035985218257936e-13,0.13895161946614581,0.23108035676464672,0.30113267138079425
pathway|Processive Synthesis on the C-strand of the Telomere,pathway,19,18,0.9473684210526315,8.76255338888889,0.049609050000130876,0.047446292835216744,0.48442294462415775,0.24049364814819388,0.32816008376654904,0.49415742541503727,0.10989941914325574,0.017287264597186883,0.030575687500360126,1.0571073962789324,0.19047619047619047,0.14523128801647828,0.019293885470976827,0.03201513940147971,0.9469009067551619,0.23809523809523808,0.1718446379270851,-0.14443555148481044,3.1212396341946527e-06,-0.38547862268459654,18,0.5555555555555556,0.40726470947265625,-0.08244336308852437,0.3078041099664602,0.3111111111111111,0.643658375659033,0.46832323977152507,4.136778101453412e-06,0.539340101522843,0.3767447537933312,0.3719896661409737
pathway|Processive Synthesis on the Lagging Strand,pathway,15,14,0.9333333333333333,8.684684435714285,0.048385201403352535,0.07840139567575236,0.4158315848622669,0.023967433193207054,0.29800463129239174,0.4591734483962137,0.00911410941795936,0.001750927228652332,0.020864695933466657,2.23508045951916,0.047619047619047616,0.012706033489575809,0.0034760518512994424,0.020387509349360556,2.2027776312687086,0.09523809523809523,0.013805212753298069,-0.4617689699659772,1.7386271445655406e-23,-1.206926372119644,14,0.7142857142857143,0.08978271484375,0.18693242241629338,0.019858003549059727,0.2028985507246377,0.5311866313440934,0.20191374289284883,5.84894356021389e-23,0.2922213807397959,0.07043562043134416,0.058672154201516794
pathway|Propionyl-CoA Catabolism,pathway,5,4,0.8,9.0553655,0.1107812178675412,0.18183721060041302,0.3325905221764418,-0.06196209786075868,0.19618014560250402,0.3280110380091454,-0.010572123674959225,-0.014802623271386475,0.07105221752488797,1.7674865825959412,0.047619047619047616,0.038573387050500785,0.04973499177409054,0.04116202290145257,1.4830715739992555,0.09523809523809523,0.06902769774454191,-1.2950714076393008,1.628958993624077e-27,-2.3492892274631525,4,1.0,0.0625,0.1997518610421836,0.01270521559513801,0.22388059701492538,0.7993434538658164,0.5835120637577802,2.1846601339144965e-26,0.2219707520891365,0.1556362926879383,0.20611314900302327
pathway|Proteasome Assembly,pathway,52,49,0.9423076923076923,10.59633882857143,0.08262245704204337,0.136185870908749,0.8152637752259998,0.5818820025161615,0.7068186857354648,0.8282293739137242,0.40760434841132137,0.027617051978220047,0.015695116799312687,3.5046190332417333,0.047619047619047616,0.000228630551352263,0.021096065308747348,0.014296467026080917,4.303608130669904,0.047619047619047616,8.40193878771828e-06,0.039839006994894316,0.34529662001726635,0.082812225704621,49,0.5102040816326531,0.5,0.2209242370532693,0.0057371316568196025,0.17518248175182483,0.46511084478502457,0.11319893157786949,0.3632452067013322,0.539340101522843,0.0024291996081177943,8.115509056318794e-05
pathway|Protein Hydroxylation,pathway,20,16,0.8,10.05968025,0.009655646022520248,0.015878344155777033,0.13494554075290896,0.2719209187508497,0.11449181583096013,0.20546012847226794,0.15561035196515302,0.02280988768747317,0.023730912827184873,-0.5543082881280539,0.6666666666666666,0.710316060457612,0.024070795811641107,0.025265913220933574,-0.5705374534880248,0.7142857142857143,0.7158433865746787,-0.5928602817238718,2.7329985806816675e-27,-1.9685270867497402,16,0.6875,0.1050567626953125,-0.0010408945892816858,0.9897441641853342,0.2553191489361702,0.29180606259519987,-0.29000227973264636,2.3367421118741067e-26,0.30649038461538464,0.8425683770022133,0.8450118885062122
pathway|Protein Lipoylation,pathway,10,9,0.9,8.609890955555557,0.0229928224730884,0.06586917901720774,0.17478499869092112,0.10007749742200259,0.06197282315980085,0.11671263484013933,0.056990576696759256,0.01220549568019493,0.0342453110164236,0.31500157168144893,0.3333333333333333,0.37638023027100076,0.01715384923555565,0.038929039602789706,0.14999016921841357,0.42857142857142855,0.4403861856727592,-0.7460133954180936,1.927891200926677e-26,-1.5895609423439905,9,0.8888888888888888,0.01953125,0.18115110695755857,0.024086059617972166,0.1897810218978102,0.5263568735186938,0.36156031181657394,1.107234811343024e-25,0.11972280649038461,0.6458745539643688,0.6774906247147721
pathway|Protein Repair,pathway,6,5,0.8333333333333334,10.46543434,0.08758767087703348,-0.07295536439695108,0.3243145352786647,0.03266632585030603,0.1482074064543145,0.2581544163906444,0.0021768226994980143,0.006708580922384205,0.05281471210820353,1.531374246421133,0.047619047619047616,0.06283846262705708,0.01558487163251832,0.08034314914861197,0.8961909012469809,0.14285714285714285,0.1850754071818978,-0.04901537661271901,0.27528771752281966,-0.08730966722082911,5,0.6,0.5,0.2249331313847443,0.004894774510505691,0.19852941176470587,0.7479578899845283,0.5324611937792242,0.29200652233077795,0.539340101522843,0.21950421876574736,0.39328524026153283
pathway|Purine Ribonucleoside Monophosphate Biosynthesis,pathway,11,11,1.0,9.577556200000002,0.10465922497370367,0.23916382738441913,0.5625211738482168,0.16324365443840444,0.3729017723264997,0.5432315404394673,0.08576038944046863,0.017426479704339564,0.03585696993099162,2.432797457154007,0.047619047619047616,0.007491339666948701,0.0310194912727627,0.04547954513244393,1.6191836019135621,0.09523809523809523,0.052703882569556264,-1.1972857205761918,1.7589935153552824e-27,-2.650940459159414,11,0.9090909090909091,0.005859375,0.1939995488382585,0.015573957453071153,0.18439716312056736,0.6156738968348723,0.358822359514043,2.1846601339144965e-26,0.05125123627331792,0.04837160817504726,0.16721331544241136
pathway|Purinergic Signaling in Leishmaniasis Infection,pathway,27,23,0.8518518518518519,10.327052552173914,0.038960229943859066,0.02894103117050581,0.48251208742221674,0.32182638139991676,0.2942635623498084,0.4547196891111673,0.1528156050869094,0.02021545402523893,0.026670009909115965,0.7028409806556938,0.23809523809523808,0.24107742753504552,-0.00037906087433956534,0.013361052464273533,2.9443257500402003,0.047619047619047616,0.0016182957151120887,0.34941512549031556,1.4734163416045117e-24,1.295961826798741,23,0.6956521739130435,0.04656982421875,0.016290161451451773,0.8405558356007302,0.26666666666666666,0.5869842674665002,0.4241162511359264,5.60777861356941e-24,0.20196097237723215,0.5140334853698397,0.00942158464277586
pathway|Pyroptosis,pathway,27,22,0.8148148148148148,9.596201372727272,0.03324528878560115,0.018724992924783294,0.430701583960435,0.30067802008745514,0.2982073874867128,0.45941409725611343,0.14746446009624675,0.019168850590336454,0.026060487656383108,0.5401448499685652,0.3333333333333333,0.2945485712925495,0.012596016677380122,0.01771422503420025,1.1656887088401657,0.23809523809523808,0.12187016347646262,0.4642143335692069,2.41555825676242e-26,1.6073019476095198,22,0.6818181818181818,0.06690025329589844,0.1224291837195063,0.12911326003184576,0.2302158273381295,0.49002156532966473,0.15668068093803367,1.33326267418705e-25,0.23498022851865152,0.5655864885512059,0.30113267138079425
pathway|RAF Activation,pathway,34,30,0.8823529411764706,9.609789223333335,0.030098443434493867,0.023381917597443864,0.482126683979938,0.30234800742791446,0.3028233577611175,0.464872472476261,0.1741169164243836,0.014240265665026583,0.01404591956978774,1.1290238200977345,0.14285714285714285,0.12944389268426565,0.022731955064290113,0.027449978755738336,0.26836043975676344,0.38095238095238093,0.39421094374101107,0.3827102947952428,2.2727284735796666e-24,1.3267731082701406,30,0.6666666666666666,0.049368573352694525,0.1585027875350456,0.04885657958260738,0.19402985074626866,0.208068066583409,-0.4066420497012083,8.374938739347038e-24,0.2084269239227997,0.35569173097508344,0.634619890492158
pathway|RHO GTPases Activate NADPH Oxidases,pathway,24,21,0.875,10.754681852380953,0.01296686288243908,0.039261356773249045,0.21622811433342357,0.48730621375184896,0.08123740549459615,0.15026747147623015,0.273700377625502,0.04330119024425695,0.042561755404908634,-0.7127132580231741,0.7619047619047619,0.7619883946346333,0.012593669258137388,0.014550600412462025,0.025647987967703737,0.42857142857142855,0.48976905489025396,0.7705814499581936,1.6605450340442345e-27,2.813979651605973,21,0.8095238095238095,0.0035986900329589844,0.28568850504334375,0.0003140816429275983,0.14084507042253522,0.2755706080114344,-0.06373661386682165,2.1846601339144965e-26,0.037303494244087035,0.8757938730818406,0.7185909608573923
pathway|RHO GTPases Activate WASPs and WAVEs,pathway,36,30,0.8333333333333334,10.977941726666666,0.006851210939215488,0.04805054508574512,0.17146815725066172,0.4684893817514134,0.14596586523690022,0.2547473178125168,0.3157538528676769,0.02854239453586625,0.018595906506608372,-1.1664493790040527,0.8571428571428571,0.8782835980399206,0.009316155651325446,0.011852470825322538,-0.20796884872677002,0.6190476190476191,0.5823733546700063,0.3966917755195013,2.4743642848091025e-23,1.292266265578183,30,0.6666666666666666,0.049368573352694525,0.1724630208501176,0.03188312672495256,0.22556390977443608,0.0919036866303345,-0.46091355655368027,8.194323280861314e-23,0.2084269239227997,0.9316236168892669,0.7814881112152261
pathway|RHOT1 GTPase Cycle,pathway,5,4,0.8,9.95404475,0.0843796112897,-0.014307435959455606,0.2693384292598311,0.08264826718213383,0.1566829531222678,0.27091771811684257,0.038782944538941336,0.02202746569831839,0.10713333968547693,0.582005058130696,0.19047619047619047,0.2802816369205676,0.07266260602583949,0.08968273242040385,0.13064951242715206,0.5238095238095238,0.44802628656383636,-0.20505742607543748,0.00010628445839002617,-0.323086132713704,4,0.75,0.3125,0.19457961393445267,0.015261098516383579,0.1619718309859155,0.8718294741208138,0.7779409213097804,0.00013324747733262868,0.5165088998387369,0.5506303344741506,0.6800398992486802
pathway|RHOT2 GTPase Cycle,pathway,7,6,0.8571428571428571,8.953204966666666,0.14870883888401837,0.055763390577548456,0.511746726099407,0.0829500460697012,0.34514763681702165,0.5131743570300329,0.05480298963193477,0.014851626962222156,0.059106416945348135,2.264681549645706,0.047619047619047616,0.011766114250541594,0.02732695825350956,0.0553762173283026,2.191949657935031,0.09523809523809523,0.014191570932217727,-0.2989977242795507,2.0040856628232272e-07,-0.4626387457054941,6,0.6666666666666666,0.34375,0.16008507621410847,0.04661717888589053,0.21014492753623187,0.8633454237968524,0.7931192987982179,2.76837401960955e-07,0.537117464201791,0.06705755545575433,0.060113797138131565
pathway|RIP-mediated NFkB Activation via ZBP1,pathway,17,16,0.9411764705882353,9.496701793749999,0.10031888928575293,0.14292504708331524,0.6408147975901981,0.31123284601550005,0.47914195780936064,0.6478647370925502,0.15825000561787345,0.02746614704534714,0.04871129554670828,1.495602640470705,0.09523809523809523,0.06737861733351054,0.032516427014896834,0.036003493320851745,1.883218988408208,0.09523809523809523,0.029835348382190468,0.9134642621289237,3.0071153479471433e-27,1.8968753792438737,16,0.8125,0.0106353759765625,0.07531823015693982,0.3516270840609387,0.2463768115942029,0.6034543694239004,0.1850639082735702,2.4420841201481576e-26,0.08056640625,0.23000796087296693,0.10685412693059787
pathway|RIPK1-mediated Regulated Necrosis,pathway,34,28,0.8235294117647058,10.55996805,0.01833433179289377,0.011239944804405004,0.34337928644954996,0.39716653926667467,0.18871842516943738,0.31751577358202027,0.23478594869785002,0.02298882645152169,0.021220886159308498,-0.21933554629556473,0.42857142857142855,0.5868056629849171,0.008141706480492188,0.012308726965062024,0.8280811932324978,0.23809523809523808,0.2038122597539746,0.44389318356088303,4.0039041682810935e-27,1.8033525214254504,28,0.6785714285714286,0.04357927665114403,0.1771357674583481,0.027458452402290973,0.23357664233576642,0.04503529225608718,-0.526745778123656,2.900555576453633e-26,0.1942782438119183,0.7785928533605644,0.41980715862086854
pathway|RNA Pol II CTD Phosphorylation and Interaction With CE,pathway,27,25,0.9259259259259259,9.18871928,0.06556089518098807,0.07529500720462584,0.6368940780719269,0.2767423228480126,0.48158258045925584,0.6500921201570506,0.1363696845322724,0.015074602098689268,0.018431076987286663,2.7391938689813453,0.047619047619047616,0.0030795021602965087,0.02302757979673345,0.021947213394839578,1.9379824955023868,0.09523809523809523,0.026312679085948226,-0.17559904312535093,6.419950064149875e-07,-0.439708798936966,25,0.56,0.34501898288726807,0.2019625535754568,0.011732653559630215,0.16546762589928057,0.6137020623919294,0.38113064978315736,8.634426510328155e-07,0.537117464201791,0.022961200318000283,0.09895199667424211
pathway|RNA Pol II CTD Phosphorylation and Interaction With CE During HIV Infection,pathway,27,25,0.9259259259259259,9.18871928,0.06556089518098807,0.07529500720462584,0.6368940780719269,0.3574795782161862,0.5155391016461993,0.6803375789990685,0.19817157548578168,0.021770335449340303,0.022533186031927527,1.9433807393947942,0.09523809523809523,0.02598508633303162,0.03674275317220653,0.025884394475310966,1.1133403965184054,0.19047619047619047,0.13278113153182697,-0.17559904312535093,6.419950064149875e-07,-0.439708798936966,25,0.56,0.34501898288726807,0.2019625535754568,0.011732653559630215,0.16546762589928057,0.6137020623919294,0.38113064978315736,8.634426510328155e-07,0.537117464201791,0.12047630936223751,0.3186007598064602
pathway|RNA Polymerase I Transcription Initiation,pathway,48,39,0.8125,8.879455543589744,0.016208274079426946,0.022428482897104016,0.3911857479720063,0.39969876050202946,0.23105294834883883,0.37537450953468854,0.24471428261063005,0.016785991998215764,0.013333999873245827,-0.043326677987149766,0.42857142857142855,0.5172794373864243,0.02179974605082656,0.013046070551759123,-0.4285943379821493,0.6666666666666666,0.6658907666372784,-0.30236794960111074,3.2786033408019206e-23,-1.2183969745075558,39,0.6410256410256411,0.05406451070302866,0.18690019657761592,0.01987966607575666,0.1619718309859155,0.3373676661922555,-0.25074006126137827,1.0801600153804777e-22,0.2219707520891365,0.7511745816260719,0.8250833114310302
pathway|RNA Polymerase II HIV Promoter Escape,pathway,47,40,0.851063829787234,9.113592435,0.05485792475069028,0.05135125496933123,0.6989474761105248,0.3868888599477971,0.5622774612305488,0.7198176702717882,0.21835595174549272,0.015530635684627956,0.01325632504228051,2.966681108122314,0.047619047619047616,0.001505165039338647,0.030672933736330742,0.01747909813272329,1.3836521101212822,0.14285714285714285,0.08323250199691073,-0.03551080636136054,0.2646353299767823,-0.09985248784229013,40,0.525,0.43731465619021037,-0.031175276336566658,0.7001774486549377,0.2846715328467153,0.46444890863381255,0.08869609335435819,0.28164444550951373,0.539340101522843,0.012069719655074057,0.23543170723218623
pathway|RNA Polymerase II Promoter Escape,pathway,47,40,0.851063829787234,9.113592435,0.05485792475069028,0.05135125496933123,0.6989474761105248,0.49101751345214484,0.549888793830238,0.7095848373370047,0.30473407669545494,0.023549642628083713,0.018660887195390313,1.6777488548529713,0.09523809523809523,0.046698068823327964,0.028010250349753796,0.01508207233933239,1.7801051338893725,0.09523809523809523,0.0375293782810972,-0.03551080636136054,0.2646353299767823,-0.09985248784229013,40,0.525,0.43731465619021037,-0.031175276336566658,0.7001774486549377,0.2846715328467153,0.46444890863381255,0.08869609335435819,0.28164444550951373,0.539340101522843,0.1787615725353722,0.12891866733579452
pathway|RNA Polymerase II Transcription Initiation,pathway,47,40,0.851063829787234,9.113592435,0.05485792475069028,0.05135125496933123,0.6989474761105248,0.30474890357201684,0.5669100377785353,0.7236025350661025,0.18430189139527325,0.010839450468868512,0.009029483632108759,4.87497137990178,0.047619047619047616,5.441211564254544e-07,0.027867863315857437,0.012938084664827643,2.0860940497789207,0.047619047619047616,0.0184850522959212,-0.03551080636136054,0.2646353299767823,-0.09985248784229013,40,0.525,0.43731465619021037,-0.031175276336566658,0.7001774486549377,0.2846715328467153,0.46444890863381255,0.08869609335435819,0.28164444550951373,0.539340101522843,8.70360385367557e-06,0.07342193668940664
pathway|RNA Polymerase II Transcription Initiation And Promoter Clearance,pathway,47,40,0.851063829787234,9.113592435,0.05485792475069028,0.05135125496933123,0.6989474761105248,0.4276833974519316,0.5462633165469661,0.7065592395567563,0.24238791758533967,0.018339495046692588,0.015367665762823978,2.3763159784708274,0.047619047619047616,0.008743240631344561,0.025923732824181738,0.02264790123458408,1.2775661473799214,0.14285714285714285,0.10070122161294481,-0.03551080636136054,0.2646353299767823,-0.09985248784229013,40,0.525,0.43731465619021037,-0.031175276336566658,0.7001774486549377,0.2846715328467153,0.46444890863381255,0.08869609335435819,0.28164444550951373,0.539340101522843,0.054914442388986774,0.26886227252096884
pathway|RNA Polymerase II Transcription Pre-Initiation And Promoter Opening,pathway,47,40,0.851063829787234,9.113592435,0.05485792475069028,0.05135125496933123,0.6989474761105248,0.39162392970641213,0.5692078412548939,0.7254715739881837,0.24214352539954645,0.01583812059269287,0.011705916237396101,3.333340455089152,0.047619047619047616,0.000429049349592793,0.02863841459471716,0.014366647105831926,1.825026393620381,0.14285714285714285,0.03399852325129765,-0.03551080636136054,0.2646353299767823,-0.09985248784229013,40,0.525,0.43731465619021037,-0.031175276336566658,0.7001774486549377,0.2846715328467153,0.46444890863381255,0.08869609335435819,0.28164444550951373,0.539340101522843,0.0041758619903115345,0.11974617995968095
pathway|RNA Polymerase III Abortive And Retractive Initiation,pathway,41,38,0.926829268292683,8.852307010526316,0.035035778118024684,0.062333335747662505,0.5797786767136222,0.2807257137478827,0.4595315105643283,0.6296972792134515,0.15740786401986692,0.010166378267925668,0.011861230172519322,2.096696505200418,0.047619047619047616,0.018010225041466422,0.020876021173726184,0.013442006731698377,1.0533960610886732,0.23809523809523808,0.14607975435058546,-0.49739697557385215,3.829841984598413e-25,-1.4904421610173675,38,0.7631578947368421,0.0008290262630907819,0.057658470561696366,0.4760780359810652,0.22857142857142856,0.4725079437744124,0.24746669300403137,1.5854053670009664e-24,0.011489222667834205,0.09076299180976162,0.33802483992195365
pathway|RNA Polymerase III Chain Elongation,pathway,18,16,0.8888888888888888,9.16336286875,0.06230249248664193,0.13946646489579653,0.5152859212391515,0.10435945049569909,0.36785016617779415,0.5378515502259781,0.03840688001745629,0.007229808301133231,0.02330113306182825,2.3635195781843064,0.047619047619047616,0.009051135074956687,0.01827632527789504,0.024190751011376414,1.8199586771011071,0.14285714285714285,0.03438264902501138,-0.8445054392671824,9.235880723664221e-27,-1.775328294687401,16,0.875,0.0020904541015625,0.1454738809577519,0.07090348869446891,0.20567375886524822,0.5896174467220684,0.37292821603859017,5.800861045651174e-26,0.024011972788217907,0.055823331557740226,0.1201264028886724
pathway|RNA Polymerase III Transcription,pathway,41,38,0.926829268292683,8.852307010526316,0.035035778118024684,0.062333335747662505,0.5797786767136222,0.3070640649905231,0.4506481658566907,0.6213059464912462,0.1589488442517031,0.011527021834641084,0.014760029390120239,1.5927309940940497,0.09523809523809523,0.05561027567717534,0.023461932721058266,0.0174415012515657,0.6635808024798008,0.23809523809523808,0.2534793238228633,-0.49739697557385215,3.829841984598413e-25,-1.4904421610173675,38,0.7631578947368421,0.0008290262630907819,0.057658470561696366,0.4760780359810652,0.22857142857142856,0.4725079437744124,0.24746669300403137,1.5854053670009664e-24,0.011489222667834205,0.19860812741848333,0.48164849161572393
pathway|RNA Polymerase III Transcription Initiation,pathway,36,33,0.9166666666666666,8.908323857575757,0.04286444122279392,0.08168075407352195,0.596428365129619,0.22954728086729448,0.44638071662819456,0.6172382022193965,0.11481546218569619,0.008947646497773135,0.011430976413019843,2.967095154390282,0.047619047619047616,0.0015031395189354219,0.03496910904819701,0.02040414957433894,0.3869473778278116,0.42857142857142855,0.34939758273756594,-0.5118988708403026,2.672603585677285e-24,-1.3820918184474849,33,0.7575757575757576,0.002275692066177726,0.09718668428345847,0.22896843734135505,0.2,0.525037416184752,0.29764803931118833,9.73591306211011e-24,0.025451819161198246,0.012069719655074057,0.5931849773507278
pathway|RNA Polymerase III Transcription Initiation From Type 1 Promoter,pathway,28,25,0.8928571428571429,9.060476036,0.045804876376847665,0.1149392826797487,0.5454735475377832,0.22316775721327745,0.3819299661702912,0.5527486566178521,0.1305836129205455,0.011360621795773759,0.016263468368744392,2.1178910795725394,0.047619047619047616,0.017092146630213117,0.019519954144162674,0.021855179592800263,1.2026861697052362,0.14285714285714285,0.11454889393742174,-0.7634010377099062,9.235880723664221e-27,-1.8141713519759386,25,0.88,7.826089859008789e-05,0.09094776191550386,0.2603944760556201,0.24087591240875914,0.5735112942765127,0.37757545972264733,5.800861045651174e-26,0.0014053893760896064,0.08822869211952115,0.2909359357972365
pathway|RNA Polymerase III Transcription Initiation From Type 2 Promoter,pathway,27,24,0.8888888888888888,8.950301579166666,0.04518984493909706,0.10590146088833294,0.5318103998721899,0.21155877547923546,0.3877823950765989,0.5588518725303403,0.1152981697330826,0.011056607990394951,0.012820883474939919,2.662315511674367,0.047619047619047616,0.003880254900535563,0.025769617241092092,0.023131790142920047,0.8395471158097515,0.19047619047619047,0.20058118068879238,-0.7284687873083026,2.2407514224323912e-26,-1.721020662971516,24,0.875,0.0001385807991027832,0.07430956140633559,0.358132626188168,0.2446043165467626,0.5903511312945683,0.38023319370934394,1.258571834185594e-25,0.0023877097142709267,0.027638687140686274,0.4165162954042513
pathway|RNA Polymerase III Transcription Initiation From Type 3 Promoter,pathway,28,26,0.9285714285714286,8.837532396153847,0.054045090972064384,0.07998403707444322,0.5976589955943893,0.31548858638529215,0.43166129342221926,0.6030215322653354,0.17052605946288374,0.017418005042116158,0.017714376615307236,2.0676474665384643,0.14285714285714285,0.019336592583271795,0.027155394964377987,0.01874391959867779,1.4345823383484433,0.14285714285714285,0.07570307522102392,-0.45834835145883124,2.3403271468355426e-22,-1.1868012248212596,26,0.7307692307692307,0.014479637145996094,0.16083271567142535,0.04558919028024838,0.19708029197080293,0.4912137376058921,0.238233722308744,7.037540358998389e-22,0.10143701846782979,0.09562571904463824,0.2195724069419392
pathway|RNA Polymerase III Transcription Termination,pathway,23,21,0.9130434782608695,9.001275476190475,0.039767466012717176,0.08141968488658806,0.46515559776899096,0.34023437926482375,0.2780073695982781,0.4350637973013652,0.17534135363303824,0.023968079695971218,0.02682457168708842,0.5889893229628245,0.23809523809523808,0.2779342180099482,0.027376413892612715,0.030616916838084665,0.4047126033504169,0.19047619047619047,0.34284438843515913,-0.7390718743976815,3.8541007375315665e-27,-1.8984664799017412,21,0.8571428571428571,0.0007448196411132812,0.07200219135703005,0.3732939950615387,0.2097902097902098,0.4505720123038897,0.1792401871047022,2.8569642095074113e-26,0.010717584712790579,0.5506303344741506,0.5859605834515119
pathway|RNA Polymerase II Transcribes snRNA Genes,pathway,81,66,0.8148148148148148,8.942227937878789,0.029700863531269092,0.01941561189385847,0.668902729181467,0.4865926088263193,0.48737457111261256,0.6553488012747696,0.31513862162469414,0.014156870835686956,0.008279923022341009,1.8773112568367012,0.09523809523809523,0.030237723143335806,0.023415132331707004,0.009015396566222616,0.697221819738071,0.23809523809523808,0.24283199288973456,-0.04879247618656214,0.02143518613535197,-0.2077529440168374,66,0.5151515151515151,0.4510792500483497,-0.0005575070091199123,0.9945068294234907,0.2518518518518518,0.25882901996434365,-0.1772237014427812,0.02410040769186399,0.539340101522843,0.13024694935051742,0.46895990370997265
pathway|RSK Activation,pathway,7,6,0.8571428571428571,9.691764000000001,-0.05018102412572656,0.07469140013685686,-0.40193325711561056,0.21300018350032038,-0.12487768675557376,-0.2853948182228437,0.10307977560565698,0.043161139432773034,0.07480218988504966,-1.247853354319449,0.9523809523809523,0.8939576172544706,-0.01120650279789157,0.033112140564612945,-1.1770462634930703,0.8571428571428571,0.8804114793093027,0.44327342423808974,4.161849518186422e-18,0.9219600680075342,6,0.6666666666666666,0.34375,0.2256485450033837,0.004756680951396435,0.17266187050359713,0.1574167283190853,-0.4548736071415938,9.475639528013729e-18,0.537117464201791,0.9346178929507832,0.9307832803643126
pathway|RUNX1 Interacts With Co-Factors Whose Precise Effect on RUNX1 Targets Is Not Known,pathway,37,31,0.8378378378378378,9.305992683870965,0.024769050725626934,0.03851027396917699,0.4405100782756506,0.46497406883589637,0.30818031858789213,0.4711587756045063,0.275690739821563,0.027269962145454053,0.025744657430514475,-0.09714292864751245,0.47619047619047616,0.5386935550398408,0.018670673306050968,0.015325643213363199,0.3979198350551763,0.3333333333333333,0.3453446392686875,0.356391296128188,9.354519479135482e-23,1.2068902626529532,31,0.6129032258064516,0.14052075752988458,0.12987657503786534,0.10724700031471662,0.20567375886524822,0.41594403987456796,0.14226634029097948,2.974317290747566e-22,0.3328391494259938,0.7657015414445899,0.588655635117081
pathway|RUNX1 Regulates Estrogen Receptor Mediated Transcription,pathway,6,5,0.8333333333333334,8.90964566,0.03681419185851435,0.11490923411829641,0.16044443102677303,-0.013764059513656259,0.05853594598439975,0.11059793709690881,-0.006167299894922165,-0.0027228301457934293,0.04950448786779674,0.7986553079771801,0.23809523809523808,0.2122451539888528,0.005377640949876067,0.05341452938246406,0.5885393220174823,0.2857142857142857,0.27808517416504996,-0.08190407177096119,0.11292381729003835,-0.15093887544489584,5,0.6,0.5,-0.04244465212207148,0.6000068731103768,0.26811594202898553,0.6471784192268483,0.2641517985677142,0.12274327966308515,0.539340101522843,0.4781529464025125,0.5108913502311797
pathway|RUNX1 Regulates Transcription of Genes Involved in Differentiation of Myeloid Cells,pathway,7,6,0.8571428571428571,9.61305615,0.09569691131531576,0.018134156955409843,0.3883581098888228,0.15045715188750403,0.24527078598402052,0.3939236168464452,0.0653952814275924,0.028670987975019234,0.07451734607153035,0.8994673975098001,0.19047619047619047,0.18420187697781826,-0.00223156205691031,0.056648358123832565,1.7287080617262678,0.09523809523809523,0.041930678889198915,0.45863285504461737,1.855077992178773e-17,0.8615046661885591,6,0.6666666666666666,0.34375,0.002288034546099062,0.9774585674690728,0.23741007194244604,0.7348087801522672,0.5688738200612139,4.099175805940963e-17,0.537117464201791,0.438985781582651,0.14105967172487763
pathway|RUNX3 Regulates BCL2L11 (BIM) Transcription,pathway,5,5,1.0,9.6677604,-0.08387992336915935,0.021487977474432363,-0.6311693706020329,0.13866098606447205,-0.18058982395939158,-0.4407800372507014,0.04030086118751073,0.0311923239276553,0.07958202419352753,-1.4459577833429067,0.9523809523809523,0.925905478426784,0.024901593499366822,0.07493545715313044,-1.451669490001661,1.0,0.926703236696416,0.614184171540973,4.7389238986456985e-26,1.5387912630734217,5,0.8,0.1875,0.17951725693661175,0.025412766898394678,0.18840579710144928,0.1064200164672252,-0.828576357185922,2.3602062385833067e-25,0.39254926108374383,0.9496476374913594,0.9578061516851154
pathway|RUNX3 Regulates CDKN1A Transcription,pathway,7,6,0.8571428571428571,9.768964500000001,-0.026489232356687018,0.040151162766659,-0.18319945937516263,0.010219980416117545,-0.057262684724394226,-0.12148174002776943,0.004913012125135697,0.0017179613454413052,0.06510014714867081,-0.4332892464545565,0.6666666666666666,0.6675976752789596,0.006577660883275073,0.07970452743063844,-0.4148684435616034,0.6190476190476191,0.6608808940528224,-0.10456456299941738,0.007389042153962784,-0.22205693143089442,6,0.5,0.65625,-0.05553801037672006,0.4924762107073201,0.2765957446808511,0.34715134199861186,-0.24610781461093237,0.008518109173872105,0.6847125613747954,0.8192368007513701,0.8228741600755357
pathway|Receptor Mediated Mitophagy,pathway,11,11,1.0,9.265333636363637,-0.016665904097309742,-0.0013858027806266226,-0.21998792101191933,0.18884952348549017,-0.046398517016956194,-0.0973121746241689,0.08179985189421,0.02072649121667696,0.045021350282239324,-0.8305480639646164,0.8571428571428571,0.7968855075887779,0.028861552827361192,0.042909047813087214,-1.0610223075326577,0.9523809523809523,0.8556601182621877,0.4351808390096372,2.5554742209965186e-26,1.5185246433190736,11,0.6363636363636364,0.2744140625,0.10093132673777835,0.21144313769496112,0.20567375886524822,0.3655317670812556,-0.031019692481926226,1.3806057761739668e-25,0.4991125958452211,0.8928198788890086,0.9205970594775138
pathway|Recognition of DNA Damage by PCNA-containing Replication Complex,pathway,30,28,0.9333333333333333,9.865035899999999,0.017408544740752433,0.04125467432731804,0.3315844016647325,0.26147030407955496,0.21349963934974908,0.3518742526601036,0.16075598096825977,0.012486463027303045,0.013837329404960647,0.3557103809124349,0.3333333333333333,0.3610287350128785,0.018410486167627017,0.01784615798807868,-0.05614325657902868,0.47619047619047616,0.5223861577531255,-0.2178827230166239,7.851197949898434e-15,-0.7616422107318225,28,0.5714285714285714,0.28579409420490265,0.2115046244078502,0.008245381057144768,0.2028985507246377,0.11794950585727078,-0.5270635429347719,1.4720996156059564e-14,0.5165088998387369,0.6339878656969712,0.7416952685247605
pathway|Recycling of eIF2 GDP,pathway,8,8,1.0,9.401002125000002,0.025576132570117403,0.11437502270365285,0.17353973388140329,0.15323680676060417,0.09694708662064774,0.176758000095176,0.07608217643407687,0.022120576544252153,0.05501311890993748,0.06281330879498714,0.47619047619047616,0.4749575839560372,0.025980530435864974,0.04297553978983139,-0.009409954307153526,0.38095238095238093,0.5037539732290259,-1.011637151192315,2.256933762369711e-27,-2.0614576222200283,8,0.875,0.03515625,0.06686861525571203,0.4084102173304865,0.20422535211267606,0.5880893960773007,0.24777051320650617,2.2054406259585878e-26,0.1629971590909091,0.7287602853551216,0.7257472495672408
pathway|Regulated Necrosis,pathway,61,50,0.819672131147541,10.135910712000001,0.024497740194236606,0.012810768549817862,0.5566683253188062,0.5080518193998657,0.4109974473386266,0.5825629920363575,0.35152398220136544,0.020236705569651965,0.01146659476195907,0.371604187035615,0.42857142857142855,0.3550937856000802,0.008831198716457718,0.00859709204715773,1.8223070535761423,0.09523809523809523,0.03420420427149764,0.4528344895645455,1.9360968390460265e-27,2.1838732758353268,50,0.68,0.007673338916315053,0.15865424897682964,0.04863841813886151,0.23134328358208955,0.16601683778982082,-0.2894327840511276,2.1846601339144965e-26,0.06311940076323673,0.6319404366277068,0.1201264028886724
pathway|Regulated Proteolysis of p75NTR,pathway,11,10,0.9090909090909091,9.520855229999999,0.06607182156992206,0.08217311637451924,0.414335252085766,0.2227190490717369,0.2930800434125539,0.45330533852968524,0.1114066717391361,0.027855450386581666,0.05203895337108924,0.7343800885236842,0.19047619047619047,0.23135855936381283,0.03282743839888206,0.04078795499414386,0.8150539338344633,0.19047619047619047,0.20752071931070892,0.6475897012604461,2.1276642733683614e-25,1.4388548513270847,10,0.8,0.0546875,0.05955334987593052,0.46167880037333825,0.23404255319148937,0.7002241053998399,0.6061703177635931,9.07281588142027e-25,0.2219707520891365,0.5042430139980536,0.4213199317215826
pathway|Regulation by c-FLIP,pathway,11,9,0.8181818181818182,9.277920155555556,0.08545557888635136,0.022676396184821583,0.4568067368699253,0.023059515883483,0.2338668140367792,0.37907951065099005,0.027135321848401256,0.0026157850872920566,0.02419380461173235,3.424008547993631,0.047619047619047616,0.00030852340005071976,0.010373994385576282,0.0330218029872539,2.2736973062844528,0.09523809523809523,0.011492096125881267,0.640408844241868,4.599149226246152e-25,1.2815313701646713,9,0.7777777777777778,0.08984375,0.2387515710096355,0.0027737276213320333,0.17266187050359713,0.4782928779202451,0.06466477862915297,1.8734553557392474e-24,0.2922213807397959,0.0031212651742217037,0.050008268124568656
pathway|Regulation of Apoptosis,pathway,40,39,0.975,10.854861176923077,0.05538974942073843,0.1545573553191535,0.6957591269173454,0.44860895526861333,0.523758321527421,0.6874558965524187,0.286171161523983,0.020435103280546617,0.013766220062383096,2.5391607850078746,0.047619047619047616,0.005555937152178098,0.02217520124491156,0.015335332138930353,2.1658838475045648,0.14285714285714285,0.015160031954769232,0.2555041970747318,3.23395642581945e-09,0.5279133773649267,39,0.6666666666666666,0.02662595704896376,0.28451870709935223,0.0003332207141932534,0.16296296296296298,0.20148107414887304,-0.4156376124516196,4.76681438487838e-09,0.15021281078508317,0.03767084726832981,0.06282620180157458
pathway|Regulation of FOXO Transcriptional Activity by Acetylation,pathway,10,9,0.9,10.583933555555555,0.006052214381150655,0.03895692109229157,0.05195441535228128,0.19476180778236388,0.05016572904907277,0.09553869005894516,0.08194351281080803,0.026170959412833632,0.06349700557055796,-0.3168455717069524,0.6190476190476191,0.6243196084469902,0.00015049453169441087,0.025099395611511675,0.23513394269738744,0.47619047619047616,0.4070523873238697,0.5549498276632349,3.260627830696344e-26,1.4901105946601791,9,0.6666666666666666,0.25390625,0.30069285553156516,0.00014373183288478092,0.14788732394366197,0.3821336191171296,-0.09536778474093797,1.7108232445011683e-25,0.47122338973799127,0.7942951890210527,0.6447485533889868
pathway|Regulation of Glucokinase by Glucokinase Regulatory Protein,pathway,32,26,0.8125,9.198030603846153,0.09276836821435322,0.07272912117558882,0.726672356077788,0.22987785676588685,0.5926579883700694,0.7442376112106747,0.11695778232539125,0.011350281371062615,0.019249737420920805,4.229568698158169,0.047619047619047616,1.1706988595001406e-05,0.02407751504267399,0.025855581031722957,2.656712803607099,0.09523809523809523,0.003945331626666436,-0.44426094356761153,1.0382290967338465e-22,-1.0749412131722984,26,0.6923076923076923,0.03775934875011444,0.11775965969514356,0.1444795264023522,0.24812030075187969,0.5486584537856477,0.15574569786915246,3.2684990082361836e-22,0.1725561636429961,0.00016087490553421354,0.020283458967740746
pathway|Regulation of HMOX1 Expression and Activity,pathway,5,4,0.8,9.5745265,-0.029227459023786578,0.11237924240826776,-0.12814598025614465,-0.028277312194258386,-0.007400992509029277,-0.01491235121771286,-0.01910734121667106,-0.006922515450639122,0.10010061192939719,-0.22282524695133274,0.5714285714285714,0.5881642411334627,0.01342991335736165,0.10011556737549028,-0.42608131282080075,0.6666666666666666,0.6649757017359531,0.34157155123681043,2.1993984700658557e-09,0.5490117135497377,4,0.75,0.3125,0.315326608874996,6.429933867471444e-05,0.17037037037037037,0.6603846212443876,0.3792888376573476,3.26453207140159e-09,0.5165088998387369,0.7785928533605644,0.8247509919390469
pathway|Regulation of IFNG Signaling,pathway,14,12,0.8571428571428571,10.363724633333334,0.028160476899396294,0.015274286035392238,0.25800480189277314,0.24802926204222372,0.1588276790258622,0.27411785531283905,0.12838935904012283,0.02675128050154433,0.04903126095183389,0.02874077416112745,0.42857142857142855,0.4885356683550377,0.007187636422018024,0.03720048858464802,0.5637786296719067,0.23809523809523808,0.2864523986637436,0.9616320656965721,1.628958993624077e-27,2.9614778890385733,12,0.9166666666666666,0.003173828125,0.16148045502884212,0.04471391944839321,0.2116788321167883,0.3813584336226194,-0.11262866512972043,2.1846601339144965e-26,0.03385902695044032,0.7378405231940188,0.5184340610821272
pathway|Regulation of MITF-M-dependent Genes Involved in Lysosome Biogenesis and Autophagy,pathway,17,16,0.9411764705882353,11.16452103125,0.08426878249324433,0.07974763653127756,0.5955307505720235,0.2756985548219824,0.4423438276374377,0.6133680737719769,0.14521902835940423,0.02323722458536727,0.03244300408536466,1.8811931764176233,0.09523809523809523,0.029972822809337604,0.027958987933528884,0.03547471852304703,1.5873218140725316,0.14285714285714285,0.056219888561698454,-0.21318177296473323,1.9666417556539872e-07,-0.45479513738937427,16,0.5,0.5981903076171875,0.3782024427185718,1.2227267253297461e-06,0.1386861313868613,0.49938254942714905,0.20155921855363443,2.7195967879163054e-07,0.6425380305070885,0.13024694935051742,0.17611881551883424
pathway|Regulation of NF-kappa B Signaling,pathway,18,17,0.9444444444444444,9.733803905882352,0.03601366188583432,0.031390946687471256,0.3884183677797198,0.08489583188025418,0.2624677749056236,0.4158011477564162,0.03533953108533446,0.0054275438521513755,0.016113320552395737,1.8981883922823952,0.09523809523809523,0.028835634680901195,0.031309580343323484,0.033425459850939976,0.1407334876913757,0.47619047619047616,0.44404024450797064,0.056537893508163656,0.026326243559555536,0.1742441296574263,17,0.5294117647058824,0.5,0.08044213850665463,0.3197346199773569,0.22857142857142856,0.3774388116745228,-0.10833986411686555,0.029547500473972983,0.539340101522843,0.12753693862815274,0.6780255230510929
pathway|Regulation of NFE2L2 Gene Expression,pathway,8,7,0.875,9.952911857142857,0.06641081820482411,0.0424904585591516,0.3324185858121259,0.095267749621944,0.1542008134264766,0.2671992804591786,0.025018305998827307,0.014819837893919784,0.05766735810416547,0.8946305502276473,0.23809523809523808,0.1854923075843069,-0.003356042847917056,0.04168768985337652,1.6735602595904067,0.09523809523809523,0.04710852714288216,0.9071031887405168,1.8993156846494713e-27,2.0820680504293665,7,0.7142857142857143,0.2265625,0.26037188617833784,0.0010679404117316612,0.19548872180451127,0.600448561967793,0.4583869297290209,2.1846601339144965e-26,0.43570324890595624,0.44123636598878974,0.1540086464286532
pathway|Regulation of PTEN Localization,pathway,9,8,0.8888888888888888,11.3909783875,0.10920986815351529,0.05222892281466818,0.49515117979660705,0.13290436163025623,0.3413012883901258,0.5089106993996358,0.06642597870127454,0.018799232725203615,0.04747010581913342,1.9045804484360456,0.047619047619047616,0.02841731503872641,0.018852840779946107,0.028847495665295396,3.1322312488384227,0.047619047619047616,0.0008674158693564071,0.23331824898826628,9.990597431724194e-08,0.480056066268952,8,0.625,0.36328125,0.04182913860333215,0.6053101385743016,0.21830985915492956,0.30878499095603656,-0.14382141959704575,1.398244975351081e-07,0.539340101522843,0.12624416959712953,0.005475025908066432
pathway|Regulation of PTEN Stability and Activity,pathway,56,47,0.8392857142857143,10.669761678723404,0.06664575270540816,0.14358110748990185,0.7704323521974658,0.5153330085563607,0.6370908663302001,0.778320714424778,0.31809086966234346,0.022122346090131306,0.015212005133138716,2.926859820621838,0.047619047619047616,0.0017120158601817686,0.021731440109074303,0.012377345892735056,3.628751509860974,0.047619047619047616,0.0001423976025045592,0.3665396303004226,2.91739085496447e-15,0.766314827979318,47,0.723404255319149,0.0015438382307593197,0.17635590216235378,0.028158223590283166,0.22794117647058823,0.33793271686305665,-0.2492516342977655,5.59349374448075e-15,0.019683937442181325,0.013557889575973632,0.0011003451102625029
pathway|Regulation of RAS by GAPs,pathway,55,45,0.8181818181818182,10.582173806666667,0.041141170283213346,0.14229539799160051,0.6587947802900241,0.5341306591586646,0.515453002173486,0.6802626032403716,0.33506194680693024,0.024845307612825558,0.017379470704577762,0.9376501130207291,0.23809523809523808,0.17421212445519113,0.019892411235013605,0.01584192402190966,1.3412991388427526,0.19047619047619047,0.08991167464814531,0.31071609436300396,1.3078884536474573e-12,0.669469228657542,45,0.6888888888888889,0.008047180015637421,0.2721987689729625,0.0006117598149738637,0.16911764705882354,0.24302421519161999,-0.07354263306313222,2.2174970457453562e-12,0.06465132761184338,0.42148094626255916,0.24632867950104145
pathway|Regulation of RUNX2 Expression and Activity,pathway,59,51,0.864406779661017,10.437567156862745,0.03814545216079743,0.0993169924709258,0.6691557079376537,0.4326323858095314,0.526911028002409,0.6901659865430976,0.2596437896917585,0.014731230505645126,0.01217682984140627,1.9228503608988803,0.047619047619047616,0.02724942265033561,0.0131936957614707,0.011219746608277813,2.223914431446926,0.047619047619047616,0.013077100959018543,0.26086249805410705,2.3942978346095474e-12,0.66063936989277,51,0.6470588235294118,0.024436946159135164,0.23492636395862201,0.003256485484364758,0.17518248175182483,0.37968321879785005,0.1493699837409789,4.032668083391246e-12,0.13895161946614581,0.12379773511840021,0.05595068363338471
pathway|Regulation of RUNX3 Expression and Activity,pathway,45,41,0.9111111111111111,10.772035968292682,0.05517932007420215,0.16957396904670674,0.7054038750105976,0.564325870025412,0.5343609556981245,0.6965257473656107,0.3911577335653802,0.030625003299867403,0.012853346612982208,1.910344248363633,0.047619047619047616,0.028044452038899045,0.013874437999583428,0.008967329992621082,4.606151675984617,0.047619047619047616,2.0509462358363788e-06,0.4672211398341333,4.0567765679497035e-19,0.9373300522948343,41,0.7317073170731707,0.002162002467230195,0.2741033160387999,0.0005579383517876725,0.1678832116788321,0.2688215947063908,-0.2347468371476037,9.796193416924e-19,0.024612081658200884,0.12560160601452947,2.2350055134114384e-05
"pathway|Regulation of TBK1, IKKε (IKBKE)-mediated Activation of IRF3, IRF7",pathway,14,14,1.0,10.95763807142857,0.11726019945570554,0.03848079184071097,0.6503145747326066,0.0948383405539715,0.5024776482292664,0.6688653888747798,0.06400456812967634,0.007428337591989899,0.029634279101388543,3.7062437553464687,0.047619047619047616,0.00010517792747160043,0.011361267289604468,0.026131458362679227,4.052545812649523,0.047619047619047616,2.53316495281409e-05,0.5243135033734071,1.7695023194668885e-25,1.395987593091257,14,0.7857142857142857,0.0286865234375,-0.059395443266411004,0.4628694627017336,0.25,0.6271973959421093,0.48485625406744043,7.752974080138429e-25,0.15625,0.0011560504959162979,0.00022579116299947246
"pathway|Regulation of TBK1, IKKε-mediated Activation of IRF3, IRF7 Upon TLR3 Ligation",pathway,11,10,0.9090909090909091,11.0547983,0.11292532100890063,0.05298283913941414,0.5600543523723203,-0.02103646884945401,0.3826918881893526,0.5535461536416346,-0.0019580580418675345,-0.0020645589577628454,0.030745457759223303,3.740060755223843,0.047619047619047616,9.19878905044687e-05,0.01848304278074224,0.025871296856506274,3.650465562355737,0.047619047619047616,0.00013088270296116923,0.7043211573497623,6.819877885560029e-27,1.829388003255978,10,0.8,0.0546875,0.012223260610357384,0.8800134376306975,0.26277372262773724,0.4067485544780734,-0.00801420598687474,4.459150925173865e-26,0.2219707520891365,0.0010288119332736631,0.0010175332089968948
pathway|Regulation of TNFR1 Signaling,pathway,50,40,0.8,9.7287500825,0.036745378962153324,0.048690266447911926,0.6040990566138618,0.42920282729287806,0.48276986217155565,0.6511730167816149,0.2674853739733262,0.018451535683490096,0.015280850901703379,1.1971743848782652,0.09523809523809523,0.11561929583601765,0.012850849677610405,0.012337357284196191,1.9367623660499111,0.047619047619047616,0.026387199113131227,0.6136146057529429,2.090419892843675e-27,2.127547471041644,40,0.675,0.01923865414210013,0.1290741516547968,0.10945321902502272,0.1736111111111111,0.6508579666176344,0.4403372759310128,2.1846601339144965e-26,0.11972280649038461,0.32905045131902344,0.09895199667424211
pathway|Regulation of TP53 Activity Through Acetylation,pathway,30,27,0.9,9.126071814814816,0.019504646285122742,0.038512479457288085,0.34942484272372876,0.27676713797286645,0.21423443923416932,0.3528716239827447,0.15448576562305266,0.013975276587571075,0.015540320812115361,0.35580795045369495,0.2857142857142857,0.36099219731515586,0.02851624730440037,0.023460849777821705,-0.3841123021808266,0.6190476190476191,0.6495523931029181,0.09799593447063273,0.00011502205012395513,0.32461348615226154,27,0.5185185185185185,0.5,0.18177951081176888,0.02359185886601583,0.19424460431654678,0.2956069028790211,-0.2645518931439578,0.0001439186593798261,0.539340101522843,0.6339878656969712,0.8183589932867793
pathway|Regulation of TP53 Activity Through Methylation,pathway,19,16,0.8421052631578947,9.640305206249998,0.021450513307573246,0.025281595437001383,0.2596604604773668,0.06360821914045162,0.15685169358778886,0.27116992516359406,0.023825758756521764,0.004227617994898495,0.020987734315340234,0.8206171782957196,0.23809523809523808,0.20593217985041867,0.012293450863720494,0.018762673295909475,0.4880467883992373,0.3333333333333333,0.31275835021240234,-0.4107436814780799,1.2420028628602525e-23,-1.2841788296652086,16,0.6875,0.1050567626953125,0.2322226160935838,0.0036421150768835846,0.18840579710144928,0.24744327573949298,-0.3525364864193164,4.2798747301265454e-23,0.30649038461538464,0.4697021991221535,0.5515448084658547
pathway|Regulation of Activated PAK-2p34 by Proteasome Mediated Degradation,pathway,37,36,0.972972972972973,11.073328594444444,0.05979079294296685,0.18173545393572807,0.6959886279313027,0.506822362279581,0.5542466863171017,0.7132029827651474,0.3431191210887107,0.027754029394225683,0.019220951479831407,1.6667626252715653,0.14285714285714285,0.04778080734865651,0.017478713118487286,0.015694933666821842,2.6959068908921098,0.09523809523809523,0.0035098642700211236,0.3865852325424416,9.014858246733679e-15,0.7432975232197129,36,0.7222222222222222,0.005665492091793567,0.3017273049531114,0.00013597417147871049,0.16176470588235295,0.14951744154297886,-0.5380491989321157,1.6828615321501378e-14,0.05086973533124505,0.17980814225344097,0.0184405491929439
pathway|Regulation of Cholesterol Biosynthesis by SREBP (SREBF),pathway,56,48,0.8571428571428571,9.087083110416666,0.0071049076346894795,0.021162980869023153,0.2556621397128064,0.42560377084753986,0.16591885176699483,0.2846147508731649,0.26231957635374836,0.015201968263867924,0.013007718798505385,-0.622481217083876,0.6666666666666666,0.7331872546369229,0.016694409308638254,0.015644633376830183,-0.6129579033888323,0.8095238095238095,0.7300479124990401,0.1821405649981185,2.1571641885880424e-17,0.8735419494438644,48,0.625,0.05570144553050939,0.35911185588604944,4.459574028424033e-06,0.14184397163120568,0.10509439021577034,-0.45494408260733765,4.74204196629268e-17,0.2219707520891365,0.8552733299744526,0.8517437253865766
pathway|Regulation of Cytoskeletal Remodeling and Cell Spreading by IPP Complex Components,pathway,8,7,0.875,9.933588714285715,-0.0488649172693073,-0.027635107777008918,-0.48394077710362987,0.18827189869692862,-0.11917531358499676,-0.2705993949148854,0.08895805097150508,0.032071563350584045,0.06577101849426517,-1.230579706272125,0.9047619047619048,0.890759950426543,-0.0018170478623201268,0.04254222444933768,-1.1059099521938522,0.8095238095238095,0.8656172516291525,-0.2106432533167909,6.759082698903232e-10,-0.5702563581040961,7,0.5714285714285714,0.5,0.11389900422158486,0.1582005735217665,0.19718309859154928,0.630630419648367,0.30310176315874926,1.0271549989394064e-09,0.539340101522843,0.9346178929507832,0.9227943108922821
pathway|Regulation of Expression of SLITs and ROBOs,pathway,164,137,0.8353658536585366,11.95112930510949,0.02883503357993634,0.11926944808196058,0.8026714974020066,0.8404595586770781,0.6714090439100187,0.8034048234408913,0.7237113861900747,0.0370287281832608,0.013345915216988911,-0.6139477488133713,0.7619047619047619,0.7303750720745994,0.01442154112065464,0.005270807088701441,2.734589260566682,0.047619047619047616,0.003122907930764855,-0.7504668492835198,1.6927383807402364e-27,-2.4432034391196713,137,0.7445255474452555,4.345825866363811e-09,0.18138635557990396,0.023900020053775225,0.16428571428571428,-0.0009998364551583687,-0.6647027633802679,2.1846601339144965e-26,1.4975481025983403e-07,0.8535547359258608,0.016659864484205818
"pathway|Regulation of Glycolysis by Fructose 2,6-Bisphosphate Metabolism",pathway,12,10,0.8333333333333334,9.164148379999999,0.03703195597454783,0.02054486404240495,0.27774919582099544,0.014195854915911417,0.17955280807032684,0.30444216967964965,0.026970764528753206,0.0014379572204603903,0.02237293460186803,1.5909400973762071,0.09523809523809523,0.05581152875355494,0.006682547241854979,0.02263883005573877,1.3405908634841097,0.14285714285714285,0.09002666263699521,0.3254095534560743,2.4641890334646192e-15,0.7978858252092988,10,0.6,0.376953125,0.14331474976636266,0.07523869343229966,0.19424460431654678,0.6387450568339731,0.5251633262926324,4.760365178283923e-15,0.539340101522843,0.19877010938766076,0.24632867950104145
pathway|Regulation of mRNA Stability by Proteins That Bind AU-rich Elements,pathway,76,72,0.9473684210526315,10.592900034722222,0.019860597182326207,0.04952452337469932,0.5933204320115295,0.6353989936642508,0.441390781975744,0.6124512345926351,0.4464389750277472,0.023632489981130583,0.013167674322453849,-0.28645094846949926,0.6190476190476191,0.6127336212694827,0.017814628226885437,0.012351832204419726,0.16564092853436616,0.42857142857142855,0.43421976793594896,0.1323148227374598,4.105251231707624e-07,0.45059052346356365,72,0.6111111111111112,0.038184577335915695,0.17384550932938028,0.030515026328594423,0.18115942028985507,-0.012341212933269877,-0.6853620150772699,5.574222918452845e-07,0.17387620036890183,0.7918318425725327,0.6711722564192625
pathway|Regulation of Necroptotic Cell Death,pathway,32,28,0.875,10.55996805,0.01833433179289377,0.011239944804405004,0.34337928644954996,0.35997626538171346,0.23841314157783572,0.3850300575364997,0.20353641679047313,0.019691665551381327,0.021817199306610687,-0.06221393220147553,0.47619047619047616,0.5248037661546211,0.00481139447519425,0.011024670550882472,1.2266069317252364,0.19047619047619047,0.1099851813156913,0.44389318356088303,4.0039041682810935e-27,1.8033525214254504,28,0.6785714285714286,0.04357927665114403,0.1771357674583481,0.027458452402290973,0.23357664233576642,0.04503529225608718,-0.526745778123656,2.900555576453633e-26,0.1942782438119183,0.7583584910973181,0.2844444344371327
pathway|Regulation of Ornithine Decarboxylase (ODC),pathway,38,36,0.9473684210526315,10.673465747222222,0.06658820870513568,0.2093275908965661,0.7197455866167075,0.44533823566529407,0.5931450937849021,0.744621561587642,0.2933417833098996,0.021816230189225124,0.017271655136509998,2.592222816055915,0.047619047619047616,0.004767899456496328,0.01794465073644052,0.01696013715165727,2.8681111204305285,0.047619047619047616,0.0020646523853129787,0.3742611005552816,1.6142788093987913e-13,0.6955399550377515,36,0.7222222222222222,0.005665492091793567,0.3700815313718539,2.1417979666511833e-06,0.13043478260869565,0.32988693532708535,-0.11264592920778828,2.88264073106927e-13,0.05086973533124505,0.03303843373387401,0.011647928279973664
pathway|Regulation of Signaling by CBL,pathway,22,20,0.9090909090909091,10.96415884,0.04960857858677282,0.03550846879477048,0.5107538727108427,0.35192523590505786,0.34420169770373477,0.5121280508598162,0.19956264664384107,0.02643387065213119,0.02971546396562808,0.7798871308705746,0.23809523809523808,0.217728657000423,0.018367936698094885,0.028928891463961694,1.0799114763037538,0.19047619047619047,0.1400908011416634,0.5900075322513638,4.937105960548254e-27,2.053633762258487,20,0.75,0.020694732666015625,0.21123070477909187,0.008330999557729738,0.19718309859154928,0.3008682963016696,-0.21638952129724415,3.4586868679664966e-26,0.12330390551224815,0.48617169470322125,0.32833781517577354
pathway|Regulation of the Apoptosome Activity,pathway,11,9,0.8181818181818182,9.453628333333334,0.014338893639231366,0.0019408731413891693,0.11576993991283892,0.15682179676857233,0.04855790755063985,0.09261845664598119,0.05222076164057208,0.020247021189533865,0.055434659967355575,-0.10657822297064118,0.5714285714285714,0.5424382021413557,0.018293463528794903,0.04497495717079547,-0.08792826360113669,0.38095238095238093,0.5350331537529733,0.5815497606339565,6.202265595704966e-27,1.7146372870667506,9,0.6666666666666666,0.25390625,0.3167896619509522,5.919247842928309e-05,0.15217391304347827,0.5824082341798936,0.30035707750687257,4.0973516241056125e-26,0.47122338973799127,0.7659011159803195,0.7498255197206548
pathway|Removal of the Flap Intermediate,pathway,14,13,0.9285714285714286,8.778949907692306,0.04652882370882503,0.06482747938599188,0.388151766709039,0.17543850410808853,0.26977821334232943,0.42492178635230343,0.07956210603429346,0.016103049463137304,0.023838997905988833,1.2763025679885716,0.14285714285714285,0.10092429138264752,0.010871350064899761,0.027811800827907077,1.2820986984828988,0.09523809523809523,0.09990401274283395,-0.4367278880404161,1.021714855516436e-23,-1.1989766703460587,13,0.6923076923076923,0.1334228515625,0.2187522155264091,0.006245631241735799,0.16312056737588654,0.4732444780635157,0.10020050654284508,3.549554334559825e-23,0.31856579727001405,0.2986737027998018,0.2686811223763906
pathway|Removal of the Flap Intermediate From the C-strand,pathway,17,16,0.9411764705882353,8.928700643750002,0.047517705548520264,0.03131244612035549,0.44389220347569525,0.12261072020330656,0.29337173288333906,0.4536541590085933,0.0719362693422653,0.008658436021906902,0.02524756445805681,1.5391294313227464,0.14285714285714285,0.06188635062109649,0.01700265211167755,0.02583977977191948,1.1809331854292324,0.14285714285714285,0.11881463345361026,-0.11068404369347962,0.00021664677649122876,-0.3035973477348162,16,0.5,0.5981903076171875,-0.018952015726209276,0.8149370093727059,0.27941176470588236,0.5435606976168371,0.3733850387039701,0.0002679191464852732,0.6425380305070885,0.216772244620599,0.29819151686260076
pathway|Resolution of AP Sites via the Multiple-Nucleotide Patch Replacement Pathway,pathway,25,24,0.96,8.944432366666666,0.04817218809661962,0.10148720627251416,0.5484602816936388,0.17976578472172358,0.3927500770894968,0.5639921814404022,0.09453124829598163,0.00904919623068563,0.016251938386887,2.407281576793367,0.047619047619047616,0.008035886456824255,0.023947001188160778,0.018068431230705503,1.3407465539836434,0.19047619047619047,0.09000137703270195,-0.513336594791532,5.939511042883176e-25,-1.3864181451445285,24,0.7083333333333334,0.03195732831954956,0.23978924301504945,0.002654441800679703,0.19708029197080293,0.48150280259555006,0.18947327120606985,2.396479930277231e-24,0.15731889423716483,0.05122877616225462,0.24632867950104145
pathway|Resolution of Abasic Sites (AP Sites),pathway,38,36,0.9473684210526315,8.838485725,0.05415863704171008,0.06334248272085892,0.6733468208760413,0.24702713366870732,0.49820823626178073,0.6650720830435072,0.14526303118663605,0.009030733319726566,0.010437608321820962,4.323586623540826,0.047619047619047616,7.675641080757572e-06,0.020638073105622705,0.01756500166674867,1.9083723743416032,0.09523809523809523,0.028171552393054924,-0.49374971614207713,2.00178876433957e-26,-1.5991590753686824,36,0.7222222222222222,0.005665492091793567,0.17578228223389514,0.028682593833657823,0.2,0.6180909717600606,0.46534377852816333,1.1394110154164962e-25,0.05086973533124505,0.00010776479734875844,0.1029189951322207
pathway|Response of EIF2AK1 (HRI) to Heme Deficiency,pathway,15,14,0.9333333333333333,9.673251250000002,0.012711028296962,0.012435093110363983,0.15271865179907304,0.18683053323378265,0.09874259655056158,0.17973745053765683,0.08974752254915691,0.01614616320675353,0.030395578933194018,-0.11301429452426488,0.38095238095238093,0.5449903887854574,0.0035671601022933984,0.016656325928509453,0.5489726986560517,0.2857142857142857,0.29151209295767105,-0.16799371948491987,1.95347658159534e-09,-0.531715380372282,14,0.6428571428571429,0.21197509765625,0.254236086494151,0.0014118780051695038,0.17985611510791366,0.464401124416761,0.0035278128980700454,2.902893521601467e-09,0.42269858065992594,0.7661240314770186,0.5220195484845935
pathway|Response of EIF2AK4 (GCN2) to Amino Acid Deficiency,pathway,106,97,0.9150943396226415,12.402828916494846,0.0396588619301221,0.21958719382205008,0.8002306954738221,0.8055258657092709,0.6734384196656709,0.8048559322549966,0.6643322555452368,0.04095300713972192,0.018908546077254472,-0.06844234370598051,0.5238095238095238,0.5272832422837257,0.011565723886959058,0.0050913482201069594,5.517819019374176,0.047619047619047616,1.7161631589653787e-08,-1.1458591325315974,1.6927383807402364e-27,-3.017964030810286,97,0.9072164948453608,1.0018956150624929e-17,0.2528664883503593,0.0015013005425372884,0.18705035971223022,0.2747209163072024,-0.09958085744282452,2.1846601339144965e-26,1.0645140910038987e-15,0.7589672205281289,2.574244738448068e-07
pathway|Rev-mediated Nuclear Export of HIV RNA,pathway,36,30,0.8333333333333334,9.376145990000001,0.07751021178482206,0.06619340619012554,0.7159643807830498,0.2184884675925779,0.5734672001315311,0.7289217088015475,0.13127855244784187,0.00923301201030055,0.01400772976162686,4.874251640802056,0.047619047619047616,5.461084770933691e-07,0.03333316615901659,0.028793433295779883,1.5342750262533054,0.09523809523809523,0.06248100345751351,-0.5727920626482517,6.202265595704966e-27,-1.4992251380216577,30,0.7333333333333333,0.008062400855123998,0.09242048274306339,0.2527224939136663,0.21897810218978103,0.5617628315206519,0.2083049214750354,4.0973516241056125e-26,0.06465132761184338,8.70360385367557e-06,0.19149826780848492
pathway|Reversal of Alkylation Damage by DNA Dioxygenases,pathway,7,7,1.0,9.418320785714286,0.029924773645752974,0.10195438950578836,0.17758777220698546,0.23761114003319933,0.10712028398073689,0.1935115552134545,0.08756131439174138,0.04262593089102164,0.07225184953891092,-0.17579006387135473,0.47619047619047616,0.5697705620194602,0.026531782496852147,0.04445787552994176,0.07631923722076407,0.5238095238095238,0.46958256069462606,-0.45459718078462796,1.695038828913315e-18,-0.9245730389759779,7,0.7142857142857143,0.2265625,0.020063807160581353,0.8042927441556599,0.26277372262773724,0.18695334185378512,-0.6449348671838804,3.972747255265582e-18,0.43570324890595624,0.7734713690050851,0.6994366412215517
pathway|Ribosomal Scanning and Start Codon Recognition,pathway,60,59,0.9833333333333333,12.320286444067797,0.04247578034377452,0.19197220940273618,0.7235461571589312,0.7213240451028713,0.5685605826256906,0.7249456462484212,0.5527494132987202,0.042027350309162076,0.019144867770251744,0.023422989387747957,0.47619047619047616,0.4906564335778016,0.00968332225451938,0.009546468344880361,3.4350355445154,0.047619047619047616,0.00029623805576505115,-1.1865132036472334,1.6605450340442345e-27,-3.2934989081891186,59,0.9491525423728814,5.946632075648495e-14,0.22444007605297925,0.004992026149629208,0.19014084507042253,0.1111890467919291,-0.2593880403168912,2.1846601339144965e-26,2.6144675505006313e-12,0.7378405231940188,0.002086759785085305
pathway|SARS-CoV-1 Infection,pathway,157,127,0.8089171974522293,10.717731237795277,0.01493997900958877,0.02393992803380677,0.6582544910436517,0.7347054301548237,0.502366941194743,0.6687672996787862,0.5652821402839294,0.021340894032846024,0.011641970424280404,-0.5498137162337704,0.6190476190476191,0.7087764250662965,0.009684540953091755,0.00489413619088963,1.0738234187842879,0.14285714285714285,0.1414509158384587,-0.12829432119641382,1.938559631264006e-15,-0.788872300842517,127,0.5196850393700787,0.3613935415728933,0.04444265412007347,0.5829373670489243,0.25,0.1513531672601385,-0.23316614055893478,3.773532106658944e-15,0.539340101522843,0.8425683770022133,0.3303112045678294
pathway|SARS-CoV-1 Modulates Host Translation Machinery,pathway,41,37,0.9024390243902439,13.05961024324324,0.06702652745286769,0.3054653708527771,0.7266376275853074,0.6892250029812141,0.5769246192840702,0.7317085575669384,0.5058819969471069,0.0565499396163706,0.030807646671121847,0.34006452840546,0.38095238095238093,0.366903966887875,0.005965362787861733,0.008228891766419935,7.420338776866821,0.047619047619047616,5.841056667953542e-14,-1.185721799251255,1.7255506096368993e-27,-2.6065498585614817,37,0.9459459459459459,5.122274160385132e-09,0.2964390448261416,0.00018017622765480215,0.16176470588235295,0.29689202547123844,-0.031522280308688075,2.1846601339144965e-26,1.7186577774976429e-07,0.6364096034800133,1.2208765986296337e-12
pathway|SARS-CoV-2 Modulates Host Translation Machinery,pathway,55,46,0.8363636363636363,12.32642285869565,0.0660249024611166,0.22610306367602112,0.7648081765609149,0.6678011709200486,0.6453552350241452,0.7844570233669628,0.4997589374796868,0.04187117544491781,0.022552201856792558,1.0710141373146616,0.19047619047619047,0.142081536507438,0.008400879176752323,0.008444913740111188,6.823518280674065,0.047619047619047616,4.441871506216296e-12,-1.1290426419823238,1.6605450340442345e-27,-2.9169411983114277,46,0.9130434782608695,2.550095246078854e-09,0.20507879217556638,0.010472927555685534,0.16546762589928057,0.35720159481422004,0.03424780087069042,2.1846601339144965e-26,9.289632682144397e-08,0.372744771701612,8.20780604409533e-11
pathway|SCF(Skp2)-mediated Degradation of P27 P21,pathway,50,45,0.9,10.62102489111111,0.07305256595568964,0.14323021080257234,0.7800477905678687,0.4901181826893391,0.654374883641533,0.7910841612889496,0.3102180760126061,0.020914118468730116,0.013609317822429749,3.831084567738528,0.047619047619047616,6.37898211725171e-05,0.017601964474326232,0.006739939194030138,8.227166430593092,0.047619047619047616,9.584701419701182e-17,0.3016426054718451,1.3587585627429549e-11,0.6288717904822577,45,0.6666666666666666,0.017848901777597348,0.23928329734781348,0.0027120104088278417,0.19402985074626866,0.39512407116949744,-0.12916635522837505,2.2238988029489955e-11,0.11435961350798608,0.0007461653394032964,2.1069817776067256e-15
pathway|SCF-beta-TrCP Mediated Degradation of Emi1,pathway,42,38,0.9047619047619048,10.907994799999999,0.07095440811088097,0.17049427531823558,0.7437336952047459,0.5466507902640716,0.6030102432794953,0.7523473362788194,0.3409063968498295,0.03075577964132984,0.02979347187736461,1.3492428353102333,0.19047619047619047,0.08862949010379512,0.018455310542939123,0.01594783161572593,3.2919270050589966,0.047619047619047616,0.0004975171725230222,0.3809299425135509,1.0206274865901864e-14,0.7392395983392498,38,0.7105263157894737,0.006926482630660757,0.25800006445167734,0.001190585048349137,0.19402985074626866,0.30729482279088655,-0.20789029701892084,1.902485446494865e-14,0.05772068858883965,0.27764766555857195,0.003338602078772912
pathway|SHOC2 M1731 Mutant Abolishes MRAS Complex Function,pathway,8,7,0.875,10.507115628571428,0.010902551320449165,-0.004506767386715796,0.07163202806982935,0.19960163639087217,0.042163678573064134,0.08091565545787367,0.10116375046275308,0.03439989903160017,0.07054013323211196,-0.33310608634425315,0.6190476190476191,0.6304728973685831,0.02169704416169169,0.0606887599832942,-0.17786642607649136,0.5714285714285714,0.570586060762189,0.4794270180002634,6.215104981794056e-22,1.1428515005618272,7,0.7142857142857143,0.2265625,0.28650381876188324,0.00030135046162650696,0.13138686131386862,0.5326982573316316,0.2571201372971946,1.8009679208607777e-21,0.43570324890595624,0.7956983158881971,0.7742318259182823
pathway|SLBP Dependent Processing of Replication-Dependent Histone Pre-mRNAs,pathway,11,9,0.8181818181818182,10.237017388888889,0.09725724848139371,0.0773377477602262,0.4922872270270528,0.13530751060448437,0.3477152732510524,0.5160070233711449,0.06583060420584073,0.017089589955250582,0.043689932125249,1.8349229359368393,0.09523809523809523,0.03325855437278492,0.027799451215185712,0.058891708982490805,1.179415548746575,0.19047619047619047,0.1191163733348865,-0.48966777244341503,6.335018591766369e-17,-0.8681150038921587,9,0.8888888888888888,0.01953125,0.07870838838580774,0.3303094489030306,0.2246376811594203,0.2881783485783615,-0.42298607977112995,1.3484388488317397e-16,0.11972280649038461,0.1408792585558165,0.29819151686260076
pathway|SLBP Independent Processing of Histone Pre-mRNAs,pathway,10,8,0.8,10.3073878125,0.08647583948343761,0.05676378366453346,0.43094338123350945,0.16416884236209217,0.30352858215024187,0.4657029946356141,0.06431997145860174,0.023963392383611896,0.07533374477453401,0.8298067126082594,0.14285714285714285,0.2033240374900685,0.037440518711624675,0.050995646151509685,0.9615589657620464,0.23809523809523808,0.1681355961303525,-0.5095674827694703,2.918228035373036e-18,-0.9292790262763426,8,0.875,0.03515625,0.08907544068834392,0.27037642368719933,0.2222222222222222,0.4411158200988751,-0.006162022149941122,6.740472364312719e-18,0.1629971590909091,0.4651245477675691,0.36732682436571673
pathway|SLC15A4 TASL-dependent IRF5 Activation,pathway,6,5,0.8333333333333334,9.8430876,0.08993746685283197,0.02763661397056545,0.3307132767883759,0.22797751782839687,0.22037434658830166,0.3611586022016666,0.11738452097192627,0.05576626781829399,0.07930139091670357,0.4309028963997699,0.3333333333333333,0.3332694886805584,0.02498427200701367,0.09570081242114024,0.6787110078019586,0.23809523809523808,0.24866049502734527,0.04619638702439949,0.5206707035609159,0.08629255887533986,5,0.6,0.5,0.18923012471399567,0.01836514319463978,0.1773049645390071,0.6589664619994124,0.4604425755755431,0.5384064452880518,0.539340101522843,0.6087658998104756,0.4758143467171501
pathway|SMAC (DIABLO) Binds to IAPs,pathway,7,6,0.8571428571428571,9.142126666666668,0.1151312537656987,-0.009440850745373907,0.4384125752933383,0.07052543265362525,0.28626179784943473,0.44510658456629926,0.03555794190642166,0.012488184274803115,0.058252057603505894,1.7620505388760384,0.09523809523809523,0.0390303794921162,0.01564714546510664,0.05228542978036252,1.90271187821347,0.09523809523809523,0.028539075577805457,0.5239408499238155,1.778105777808589e-21,1.041820972546094,6,0.6666666666666666,0.34375,0.32220360284876415,4.3415581146008774e-05,0.15,0.7670634748097663,0.5230256671320813,4.907110101095131e-21,0.537117464201791,0.1564897290957489,0.1036675822270711
pathway|SMAC(DIABLO)-mediated Dissociation of IAP Caspase Complexes,pathway,7,6,0.8571428571428571,9.142126666666668,0.1151312537656987,-0.009440850745373907,0.4384125752933383,-0.13447248379159252,0.29691766076453335,0.4578820533440809,-0.06299293489743057,-0.02015365403556622,0.0428339963311833,3.158353630029543,0.047619047619047616,0.0007933148144244098,0.022964290352956468,0.06074439611473914,1.5172916237186636,0.09523809523809523,0.06459653604450284,0.5239408499238155,1.778105777808589e-21,1.041820972546094,6,0.6666666666666666,0.34375,0.32220360284876415,4.3415581146008774e-05,0.15,0.7670634748097663,0.5230256671320813,4.907110101095131e-21,0.537117464201791,0.006927920468432346,0.19703488865249075
pathway|SMAD2 SMAD3 SMAD4 Heterotrimer Regulates Transcription,pathway,36,29,0.8055555555555556,9.971597420689653,0.04526569532901318,0.04381025939005515,0.5789372472189397,0.3320203581665341,0.4364761031894948,0.6077039530561775,0.1738724903051466,0.01685089137523418,0.01967731492650962,1.444038684134596,0.19047619047619047,0.07436404703900197,0.00895295410813744,0.01166555325607317,3.112817748439926,0.047619047619047616,0.0009265520686417642,0.40714935162605154,3.627401771509262e-24,1.3224475477797575,29,0.6896551724137931,0.03071417286992073,0.07678772840063164,0.34228294980785745,0.22302158273381295,0.5368243684881885,0.2652464681154933,1.2991396794028958e-23,0.15625,0.24755655345881855,0.005790950429011026
pathway|SOS-mediated Signalling,pathway,7,6,0.8571428571428571,8.996828416666666,0.014319035403881368,0.09346580748660895,0.08017413130045496,0.04343535577057178,0.04225812799284885,0.08108956285949692,0.007343733467379309,0.0075110986640112955,0.07532943109193266,0.09037552310147691,0.38095238095238093,0.46399440340901493,0.029309077724020742,0.057360711628451015,-0.2613294342865908,0.5714285714285714,0.6030807651405866,0.4817081188956076,5.886598970194068e-14,0.7276461797251497,6,0.8333333333333334,0.109375,0.16333988592053106,0.04227896530976203,0.1956521739130435,0.41011620701430807,0.05498397090132399,1.0768168847915978e-13,0.30649038461538464,0.723218660570286,0.7918928687479381
pathway|SRP-dependent Cotranslational Protein Targeting to Membrane,pathway,119,107,0.8991596638655462,12.520712928971959,0.039656525843153,0.1885783420946862,0.815446037610872,0.8322541785869567,0.6851749579984862,0.813179610516265,0.7221194693487372,0.04431348967710642,0.014464610691723653,-0.3219556981660099,0.5238095238095238,0.6262568716524078,0.011908169439966167,0.007534752900307246,3.6827161779990596,0.047619047619047616,0.0001153810172314212,-1.0534127571385998,1.6605450340442345e-27,-2.9518767418703944,107,0.8785046728971962,1.2906431396160918e-16,0.26866359447004606,0.0007245308441309081,0.16783216783216784,0.21717988637265448,-0.28964807178188345,2.1846601339144965e-26,8.660894752686932e-15,0.7949266488563015,0.0009025202268101966
pathway|STAT3 Nuclear Events Downstream of ALK Signaling,pathway,11,10,0.9090909090909091,9.68788791,-0.01908901059386498,0.03780564531189378,-0.2304882376270692,0.15577529773413368,-0.03867742437874226,-0.08046710929210593,0.08167430803666889,0.018117573080110024,0.0452969077514392,-0.82139345754331,0.8095238095238095,0.7942889055166317,0.009099115594472296,0.032924053451427994,-0.8561560085523033,0.8571428571428571,0.8040442540254374,0.7499349977832973,7.49842003313474e-27,1.8920284862300716,10,0.8,0.0546875,0.1549708356159969,0.054179051344457746,0.21428571428571427,0.43683142681272247,0.11545226266627702,4.8285280516397947e-26,0.2219707520891365,0.8919319622299596,0.8906658765268747
pathway|STAT5 Activation,pathway,7,7,1.0,9.475146014285714,0.011412418546230287,-0.009235919822068343,0.0747672770669142,0.08390103884089739,0.08307538572138036,0.15340646979258632,0.02920590286997064,0.012914619853201529,0.0665929434233152,-0.022557965300048565,0.47619047619047616,0.5089985629407259,0.030967682123232993,0.05700915211147245,-0.343019723197522,0.6190476190476191,0.6342081888095275,0.1782023548810669,3.319857868710113e-07,0.41767845019697425,7,0.5714285714285714,0.5,0.0795978215333054,0.3248567498639002,0.2463768115942029,0.28539231867426373,-0.35898004832817676,4.527078911877427e-07,0.539340101522843,0.7450897448328652,0.8110485864916224
pathway|STAT5 Activation Downstream of FLT3 ITD Mutants,pathway,10,9,0.9,9.842748733333332,0.0850468389778225,0.03525175877630929,0.45550646853653587,0.15755238495693474,0.2765865805909192,0.4333220868777894,0.058367989046811494,0.02035670749856588,0.03301597061197004,1.9593587672931538,0.047619047619047616,0.025035392949561492,0.01519979361566002,0.05205423247221932,1.3418129908925074,0.14285714285714285,0.0898283194876302,0.28933877676135306,1.2432272275267966e-12,0.6868746236731412,9,0.5555555555555556,0.5,0.10952273532918692,0.1749101333402765,0.22857142857142856,0.4749068461145341,-0.11168577885348872,2.1134862867955543e-12,0.539340101522843,0.11778644284387786,0.24632867950104145
pathway|SUMO Is Conjugated to E1 (UBA2 SAE1),pathway,5,5,1.0,10.14171322,-0.0007511554155708033,-0.012017874087534653,-0.003767095775424889,0.06900452835726187,0.0988213096392832,0.17986784342892637,0.017725902167850575,0.014607280471041545,0.06689966948572189,-0.22957416687821205,0.5714285714285714,0.5907886587042139,0.003952975668625736,0.04496643679994663,-0.10461427275469873,0.5238095238095238,0.5416590555832457,-0.044426202850764505,0.2934159257657355,-0.07998735435507155,5,0.6,0.5,0.04613773323450743,0.5686341324332275,0.22535211267605634,0.2238491371885761,-0.6136329658957402,0.3104608343164421,0.539340101522843,0.7785928533605644,0.7514856320659828
pathway|SUMO Is Proteolytically Processed,pathway,6,5,0.8333333333333334,9.61006992,-0.037453188081090175,-0.10516624389880858,-0.22026434872720602,0.16521041003498996,-0.016006384577696358,-0.03253351307737266,0.06848791733018189,0.0380742983623946,0.0711716780032713,-1.0612014295913224,0.9047619047619048,0.8557008150731076,0.0064953161022177465,0.07614120186751881,-0.5771974056802481,0.6666666666666666,0.7180969452948205,0.8007849184548737,7.49842003313474e-27,1.8401185355042,5,1.0,0.03125,0.048254970835616,0.5510055165516285,0.24817518248175183,0.05565439401826385,-0.6221682847896439,4.8285280516397947e-26,0.15625,0.9212050953924852,0.8456241352853493
"pathway|SUMO Is Transferred From E1 to E2 (UBE2I, UBC9)",pathway,7,7,1.0,10.04596282857143,0.03963241626812753,0.019321805341316785,0.2241300267636028,0.17040763976860118,0.16499319329359455,0.28325177218784653,0.06234366693657083,0.028507920659144807,0.03685324965763236,0.30185928547223306,0.42857142857142855,0.38137966712345717,0.0314103401640337,0.04193652499429753,0.19606002417252882,0.42857142857142855,0.4222815925252379,-0.02603431404177422,0.4106074181531373,-0.04922667993327673,7,0.5714285714285714,0.5,0.07788340691566499,0.3354191492936935,0.22142857142857142,0.2847392922240089,-0.4688017079613072,0.4291184083157787,0.539340101522843,0.6503166270487596,0.6590073812358364
pathway|SUMOylation of DNA Replication Proteins,pathway,46,38,0.8260869565217391,9.27744841842105,0.07242331061508595,0.04493728979952601,0.747917997585255,0.3551308856991015,0.616499560484545,0.7627587109268987,0.20089091583875746,0.014285142383690516,0.015699087043795128,3.703283386429393,0.047619047619047616,0.00010641345586703218,0.023461081115876616,0.013886991480388796,3.525762190345819,0.047619047619047616,0.0002111329806038356,-0.193201063599603,7.719218296696288e-10,-0.5610153225308104,38,0.5526315789473685,0.31355128507857444,0.11207824433630885,0.1650010746854255,0.22962962962962963,0.36491794602195554,-0.15375212371267313,1.1716670628914008e-09,0.5165088998387369,0.001159633813935607,0.0015560378628317363
pathway|SUMOylation of RNA Binding Proteins,pathway,47,38,0.8085106382978723,9.406585192105263,0.04953995191103898,0.052668089427022946,0.6645014631099847,0.34441374234816646,0.5341300019887548,0.6963295174415995,0.20643396088933805,0.013636534377297749,0.01106120060800996,3.245887928995863,0.047619047619047616,0.0005854246103480339,0.022188774314088125,0.016005785886873708,1.708830656005555,0.09523809523809523,0.04374116119754023,-0.20987118131754304,2.2526785634364457e-11,-0.6191836573104624,38,0.5526315789473685,0.31355128507857444,0.14227385517708097,0.07740390066765283,0.2158273381294964,0.4463861459095537,0.10813624573019288,3.635652111875276e-11,0.5165088998387369,0.00529373317867903,0.14538176221601615
pathway|SUMOylation of SUMOylation Proteins,pathway,35,31,0.8857142857142857,9.32299688064516,0.07310477920916517,0.04380675931081269,0.7097232690277352,0.42543686942548736,0.5860683989928457,0.739020334009554,0.24910938955701725,0.023328362349216397,0.02195731605280396,2.2669627171300974,0.047619047619047616,0.011696251679707571,0.02115971328259758,0.018813520155385483,2.7610497927841537,0.047619047619047616,0.002880794575077085,-0.2791190829499934,1.4396050352925444e-15,-0.7747769731684387,31,0.5806451612903226,0.23656482994556427,0.10895878315233155,0.1771549139273224,0.21739130434782608,0.4536720634510784,0.03900136376919829,2.828191710320484e-15,0.452883120391283,0.06705755545575433,0.01562984290733312
pathway|SUMOylation of Chromatin Organization Proteins,pathway,58,47,0.8103448275862069,9.390448887234042,0.03662013064353424,0.039040734510102225,0.641135952525531,0.35357196362085247,0.4797393507001443,0.6484106143060313,0.20471918203999567,0.011503628757885975,0.01032832270782957,2.431808396789176,0.047619047619047616,0.007511826210713222,0.020632041055734747,0.014121296674009798,1.132196989900051,0.14285714285714285,0.12877581267246707,-0.0738227325683847,0.005255425868086348,-0.25268909938332207,47,0.5106382978723404,0.4999999999999999,0.17557925945022718,0.0288701698167106,0.1956521739130435,0.41743953850282894,-0.023681960364104727,0.006091516347100085,0.539340101522843,0.04837160817504726,0.3136465168081004
pathway|SUMOylation of Immune Response Proteins,pathway,12,12,1.0,9.698013258333333,0.010191370469969032,0.049635380341661095,0.10996842687816287,0.15453999043507527,0.10965395089915661,0.19763630059678267,0.06826512506238389,0.015003795012501226,0.03350556524747694,-0.14363060306510073,0.5238095238095238,0.557103913268985,-0.0033528852426594055,0.01979845110406267,0.6841068344911657,0.3333333333333333,0.24695385323157648,1.0870072442508347,1.628958993624077e-27,3.273637474672416,12,1.0,0.000244140625,0.15252811704424607,0.05813347693987409,0.2,0.35806059159142173,-0.18947136995989464,2.1846601339144965e-26,0.003940244264240506,0.7734713690050851,0.47372229872250254
pathway|SUMOylation of Ubiquitinylation Proteins,pathway,39,35,0.8974358974358975,9.174991900000002,0.05800705741919459,0.04234025266839908,0.6830696855861574,0.39940708693305865,0.5412320321935,0.7023368589390295,0.2279956619787221,0.018646317523015314,0.018085693281379087,2.1763467556261635,0.09523809523809523,0.014764670942723622,0.0204445948753239,0.013936079025218274,2.69533937601092,0.047619047619047616,0.003515848552728657,-0.2615759000151076,2.1400747177142164e-15,-0.7666559973387707,35,0.6,0.15525232953950768,0.14583803293480713,0.07019271859762387,0.22058823529411764,0.39403263816914874,-0.025495200710096397,4.159444001654917e-15,0.35410862283161415,0.07683655286519435,0.0184405491929439
pathway|Selenoamino Acid Metabolism,pathway,122,98,0.8032786885245902,12.353396704081632,0.04157308797447656,0.23074397335298152,0.8095559143774724,0.8088856278646104,0.6899613053708136,0.8165409505863466,0.6882986007570272,0.04140043669783091,0.01450919480754918,0.011899438868641816,0.47619047619047616,0.49525292275087995,0.012976260887432187,0.006726856592254577,4.251142668920766,0.047619047619047616,1.0634131369714437e-05,-1.1042768198262634,1.7589935153552824e-27,-2.8574273447464633,98,0.8673469387755102,1.9923371596175202e-14,0.23695659179530149,0.002991564797518949,0.2028985507246377,0.26257916265741693,-0.13399979435226375,2.1846601339144965e-26,9.770114917355147e-13,0.7378405231940188,9.969498159107284e-05
pathway|Selenocysteine Synthesis,pathway,98,89,0.9081632653061225,12.627663735955057,0.04485842537813574,0.27474922614860214,0.8069462201573863,0.7960514860608056,0.6912386151816743,0.817434759325692,0.6509488044948559,0.04201360490619933,0.017851866900862545,0.1593570290286535,0.5238095238095238,0.4366937960409659,0.011527298355020432,0.006327775453161987,5.267432017749579,0.047619047619047616,6.917268389744465e-08,-1.2093523826486603,1.7255506096368993e-27,-2.8480051633826107,89,0.9101123595505618,1.2624310189709658e-16,0.25362701814314714,0.0014510266089305909,0.18705035971223022,0.24906676592559276,-0.19082769887473033,2.1846601339144965e-26,8.660894752686932e-15,0.6985930976979076,9.691777139477135e-07
pathway|Sensing of DNA Double Strand Breaks,pathway,6,5,0.8333333333333334,8.5525822,-0.045834009806149954,0.08545885300702678,-0.28061731634778986,0.01045215704347086,-0.09496975974382543,-0.20987090932330316,0.005945578702202506,0.0021080584147806507,0.07062760492323855,-0.6788007079248451,0.8095238095238095,0.7513679274090832,0.0110010580034852,0.05368915554353183,-1.0585949291668888,0.8571428571428571,0.8551078513668916,-0.37542310007164104,8.378826521040062e-13,-0.6709263129551061,5,0.6,0.5,0.0955463890947762,0.2369590652319748,0.23880597014925373,0.32627801292415143,0.03203251416588652,1.4397579264590403e-12,0.539340101522843,0.871696185119728,0.9205970594775138
pathway|Signal Regulatory Protein Family Interactions,pathway,16,13,0.8125,10.637163500000002,0.033814274284125236,0.04188912270858946,0.31270062803237053,0.22887035772337785,0.19723972374741627,0.3294907775529644,0.09187031304552587,0.022321072246186704,0.05518836762708708,0.2082540675165311,0.3333333333333333,0.41751529706153157,0.00805215220346971,0.030656139493324526,0.840357674072605,0.19047619047619047,0.20035393661165468,0.715683574019205,3.5709680224058404e-27,1.9350475194735368,13,0.8461538461538461,0.01123046875,0.12119171151429217,0.13305739478749018,0.2222222222222222,0.4696679560490469,0.18745353455548205,2.7263378614176326e-26,0.08229222790948276,0.6781690545501616,0.4165162954042513
pathway|Signaling by ALK Fusions and Activated Point Mutants,pathway,93,75,0.8064516129032258,9.934686266666668,0.02299185570608112,0.01165520558731878,0.6383323044533984,0.6371172186436879,0.48269291617022375,0.6511030179020659,0.45269073118035613,0.02287400875402142,0.01364680499923959,0.008635497617667012,0.38095238095238093,0.4965549777049899,0.008420106561410911,0.006230597143727796,2.3387403821059536,0.047619047619047616,0.009674436929289947,0.3455148329114905,1.1588637114788216e-26,1.8114014198166384,75,0.6533333333333333,0.005291058525852635,0.18450903934774904,0.021545070419800687,0.20588235294117646,0.3035793710828839,-0.08898323429771297,6.969581283658008e-26,0.04888477985842109,0.737887641694478,0.04374080526540667
pathway|Signaling by ALK in Cancer,pathway,93,75,0.8064516129032258,9.934686266666668,0.02299185570608112,0.01165520558731878,0.6383323044533984,0.5945088943206137,0.4855964980454806,0.6537394220898526,0.38492399624683504,0.01917378379450984,0.012997824542864364,0.2937469958130302,0.42857142857142855,0.38447562009749536,0.007879984653939912,0.005497117037493682,2.7490539039043655,0.047619047619047616,0.0029883778194478416,0.3455148329114905,1.1588637114788216e-26,1.8114014198166384,75,0.6533333333333333,0.005291058525852635,0.18450903934774904,0.021545070419800687,0.20588235294117646,0.3035793710828839,-0.08898323429771297,6.969581283658008e-26,0.04888477985842109,0.6527382365170528,0.01600916688989915
pathway|Signaling by AMER1 Mutants,pathway,14,12,0.8571428571428571,9.619092541666667,0.07676041595944509,0.12081073136866088,0.4994267422625545,0.19279614492004216,0.3128839564799536,0.47663611842564396,0.09841382497911598,0.01951527627313825,0.035450378579457854,1.6147962865332621,0.14285714285714285,0.053177408801057195,0.044761570801038944,0.04175352807403844,0.7663746426808523,0.23809523809523808,0.2217267081560494,0.5745844861397373,1.0890827032648123e-21,1.1067352306360732,12,0.6666666666666666,0.19384765625,0.04994682736618221,0.5371127827984665,0.2357142857142857,0.7667199936353216,0.6634782161640219,3.0451325584706923e-21,0.3948175107328275,0.1937177034895655,0.4424124458512722
pathway|Signaling by APC Mutants,pathway,14,12,0.8571428571428571,9.619092541666667,0.07676041595944509,0.12081073136866088,0.4994267422625545,0.1365654550945267,0.31717270021400334,0.48159622525196844,0.06716988793021478,0.013008984296975007,0.026722256805477306,2.385705373859099,0.047619047619047616,0.008523200734413443,0.02779356931821052,0.030244726472846113,1.6190209782587153,0.14285714285714285,0.05272137475125441,0.5745844861397373,1.0890827032648123e-21,1.1067352306360732,12,0.6666666666666666,0.19384765625,0.04994682736618221,0.5371127827984665,0.2357142857142857,0.7667199936353216,0.6634782161640219,3.0451325584706923e-21,0.3948175107328275,0.05379743037810466,0.16721331544241136
pathway|Signaling by AXIN Mutants,pathway,14,12,0.8571428571428571,9.619092541666667,0.07676041595944509,0.12081073136866088,0.4994267422625545,0.21066137425850484,0.34056115678147636,0.508087460327617,0.10280319224051801,0.021756414315247163,0.03691724121309742,1.4899271949032782,0.14285714285714285,0.06812169005764858,0.025518003934529902,0.022763468234130724,2.251081052231055,0.047619047619047616,0.012190202136438788,0.5745844861397373,1.0890827032648123e-21,1.1067352306360732,12,0.6666666666666666,0.19384765625,0.04994682736618221,0.5371127827984665,0.2357142857142857,0.7667199936353216,0.6634782161640219,3.0451325584706923e-21,0.3948175107328275,0.23108035676464672,0.05244811472804166
pathway|Signaling by CSF1 (M-CSF) in Myeloid Cells,pathway,31,27,0.8709677419354839,10.804420974074075,0.05287411367413751,0.03274596050537355,0.6011643005435768,0.37125884988737884,0.4631676980717152,0.6331026835572113,0.21728694274547117,0.021401572233836742,0.021620882784084996,1.45565478313714,0.19047619047619047,0.07274403777423061,0.01313991321906054,0.020753635311452124,1.9145658029921693,0.09523809523809523,0.02777394988467899,0.5589916368490625,2.7329985806816675e-27,1.9834175825872093,27,0.7777777777777778,0.0029623061418533325,0.39361283877412906,4.0450436796089865e-07,0.13970588235294118,0.4158568690395943,0.08162456299856047,2.3367421118741067e-26,0.03228154128942734,0.24343477207911818,0.102051256780881
pathway|Signaling by CSF3 (G-CSF),pathway,30,25,0.8333333333333334,11.22864036,0.03694110717854914,0.021373313321632274,0.4895230852539571,0.4502800910670422,0.36821234728898133,0.5382385972741275,0.25061725798188716,0.031724883917264676,0.028618882529089267,0.18226509214615585,0.38095238095238093,0.4276873461094745,0.008345040146406758,0.017913933202612656,1.5963030959595066,0.14285714285714285,0.055210569610853,0.5269104626804784,1.8993156846494713e-27,1.9875535402692854,25,0.76,0.007316648960113525,0.2947439657117077,0.00019696339058754772,0.1678832116788321,0.30177184631442866,-0.22921747965762304,2.1846601339144965e-26,0.060576152104836,0.6859136682887799,0.1738110524786113
pathway|Signaling by CTNNB1 Phospho-Site Mutants,pathway,15,13,0.8666666666666667,9.564232500000001,0.062417262170890775,0.1175450887446744,0.4639343012713246,0.11072122056160372,0.30793083040469715,0.4708671486999321,0.0446214276609949,0.009486585925646548,0.030924688870197267,1.711599313655652,0.09523809523809523,0.0434852674490723,0.033143889722858456,0.03570465541749317,0.8198755065898241,0.19047619047619047,0.20614354054531897,0.5996472879984039,1.4184794025286539e-22,1.1950643648001271,13,0.6923076923076923,0.1334228515625,0.04460056072959298,0.5815979434055486,0.2647058823529412,0.5000573502489546,0.17762355695616558,4.347502976500081e-22,0.31856579727001405,0.17007274845879505,0.42058778801408375
pathway|Signaling by EGFRvIII in Cancer,pathway,15,12,0.8,9.407336858333332,-0.009274401317457453,0.042320998359859904,-0.12393663478804387,0.05190010118567538,-0.06917760919887268,-0.14863761310970153,0.0321336810782115,0.004541049272476039,0.026373702796743118,-0.5238343169484551,0.7142857142857143,0.6998031086983385,0.013403325925751003,0.03058162852418123,-0.7415474040330104,0.8095238095238095,0.7708191997641276,0.2719298241024819,7.661486992581588e-13,0.6602520322909027,12,0.6666666666666666,0.19384765625,0.17769005188360026,0.026970172666262077,0.21428571428571427,0.5291011378801419,0.4089251117533093,1.320053502100206e-12,0.3948175107328275,0.8393180327955215,0.8743723128996999
pathway|Signaling by Erythropoietin,pathway,25,23,0.92,9.39806085652174,0.029853515453291544,0.04072695022465237,0.4144376186586053,0.3223746773687446,0.3149884621378357,0.47907410780737175,0.17354814967435736,0.02026525017857813,0.016799123800876614,0.570759843689769,0.3333333333333333,0.28408122339594827,0.01687160584443423,0.020834768749425917,0.6230887304287944,0.23809523809523808,0.2666131075006253,0.45659043116449216,3.7170113302425577e-26,1.5779097187239142,23,0.6521739130434783,0.10501980781555176,0.3136025265057523,7.084677354786467e-05,0.16666666666666666,0.21760925347775587,-0.3655541188033768,1.9109634863142181e-25,0.30649038461538464,0.5521022132810005,0.4991655096377346
pathway|Signaling by FGFR2 IIIa TM,pathway,19,16,0.8421052631578947,9.51502106875,0.02151610862169117,0.06522527634960111,0.26026075713867036,0.21060454323756495,0.17123161701270795,0.2923958242340551,0.10423858457105832,0.016401032703401854,0.026102700478562748,0.19595964496049567,0.38095238095238093,0.4223208761073302,0.03944860926208541,0.03474230603748781,-0.5161574658010504,0.6666666666666666,0.6971277826292571,-0.35408317570118014,2.093097844966417e-17,-0.8890995403974261,16,0.625,0.2272491455078125,0.2029486642389868,0.011320344899646706,0.21897810218978103,0.45774780464312065,0.03852662319437348,4.609153285547809e-17,0.43570324890595624,0.6819033317091941,0.8377360253084852
pathway|Signaling by FLT3 ITD and TKD Mutants,pathway,16,15,0.9375,9.168563693333335,0.029472309970410445,0.03684308918526446,0.31295539276246137,0.24598793795826995,0.17444983171321976,0.2970749826899671,0.1381101314064479,0.021286287934662786,0.025634504966675412,0.3193360685681039,0.2857142857142857,0.37473584227260803,0.016823779733235202,0.022585013162775724,0.5600408618765987,0.3333333333333333,0.28772578323754383,0.22859682223061017,1.6215213650257753e-12,0.6618372414166899,15,0.6,0.30361938476562494,0.07132544874480358,0.3778143206199638,0.27007299270072993,0.3377648790086265,-0.018664599361582095,2.7419625204348322e-12,0.5165088998387369,0.6439194055223386,0.5187472077291803
pathway|Signaling by FLT3 Fusion Proteins,pathway,19,18,0.9473684210526315,8.929158300000003,0.007065674563129432,-0.004296244842886783,0.11354367676771823,0.1558782355192041,0.07481353701315924,0.13921212272979266,0.08629220665347857,0.010154887603643598,0.015278665454204176,-0.2021912875685172,0.5238095238095238,0.580116408006484,0.014119457795276586,0.028525335875692316,-0.24728133834728974,0.42857142857142855,0.5976547498772422,0.40666787941676846,1.2227861658538e-25,1.5543445848777404,18,0.6666666666666666,0.1189422607421875,0.3273629596210241,3.2132860561135356e-05,0.16666666666666666,0.48244658641461174,0.3155069216698596,5.568044148084269e-25,0.30649038461538464,0.7765021505320847,0.7905317756180471
pathway|Signaling by GSK3beta Mutants,pathway,15,13,0.8666666666666667,9.564232500000001,0.062417262170890775,0.1175450887446744,0.4639343012713246,0.1336403084636483,0.2731698652488945,0.4291177048798464,0.07147154548840941,0.011726623319676215,0.030974655926341164,1.6365198364675528,0.14285714285714285,0.05086541880609649,0.03194898721958988,0.0345473718724311,0.881927431811815,0.19047619047619047,0.18890802576687382,0.5996472879984039,1.4184794025286539e-22,1.1950643648001271,13,0.6923076923076923,0.1334228515625,0.04460056072959298,0.5815979434055486,0.2647058823529412,0.5000573502489546,0.17762355695616558,4.347502976500081e-22,0.31856579727001405,0.18798089558774791,0.4000959017487776
pathway|Signaling by KIT in Disease,pathway,20,16,0.8,9.66627339375,0.03937354783835367,-0.007611966294341525,0.396061543477818,0.2568779695336129,0.27347906591801435,0.429499115041787,0.14818743224174277,0.021147736476857422,0.02685868632903784,0.6785816379184453,0.2857142857142857,0.24870149029619626,0.01526776541636451,0.024281690542232136,0.9927555241700728,0.19047619047619047,0.16041455454697723,0.45223936618471583,1.2003602384209918e-25,1.567156110205033,16,0.625,0.2272491455078125,0.2997583062099191,0.00015109323425023597,0.1357142857142857,0.7032665561023345,0.6185721552965115,5.4855172185905545e-25,0.43570324890595624,0.5183274788222819,0.3557018383432973
pathway|Signaling by LTK in Cancer,pathway,7,7,1.0,9.546736971428572,-0.03529442158610584,0.03605236710130688,-0.3134362601365265,0.06156056006773063,-0.04840085800185074,-0.10172530820113933,0.010233060615553995,0.009284260835548303,0.04806229681444211,-0.9275187699364965,0.8571428571428571,0.8231713745327662,0.013961603274076893,0.05994204837660043,-0.8217274216376429,0.8571428571428571,0.7943839755841471,0.4266045916640198,2.641367544648497e-19,0.961419682347721,7,0.7142857142857143,0.2265625,0.1492894202571622,0.06373957487903803,0.21481481481481482,0.4850459346996183,0.297181273067723,6.46399926953327e-19,0.43570324890595624,0.9032216028651264,0.8861238572789042
pathway|Signaling by Leptin,pathway,11,10,0.9090909090909091,9.18097974,0.06570216675746438,0.008388375847861479,0.41287853711165357,0.16241796849106782,0.2808147075813778,0.4384938834933482,0.09873027388462015,0.019022421616343106,0.04569908784852194,1.0214590123953875,0.14285714285714285,0.15351850935164513,0.0078648217900012,0.029907526861471384,1.9338725410282123,0.047619047619047616,0.026564400494251014,0.4275844040882778,3.5732697802207545e-19,0.9495676090842716,10,0.6,0.376953125,0.17437079049982276,0.03000846421321602,0.24060150375939848,0.6272012031115649,0.4133958034279354,8.69450185072798e-19,0.539340101522843,0.3883652766336261,0.09932437134947227
pathway|Signaling by Ligand-Responsive EGFR Variants in Cancer,pathway,19,16,0.8421052631578947,10.60029326875,0.004636477037806719,0.005708451429244787,0.06935985217554404,0.25380273998290115,0.09489338160143594,0.17333812258987444,0.10850618251515506,0.020815516730525705,0.030610273348738993,-0.5285493372892566,0.6666666666666666,0.7014409434688438,0.019466451232623673,0.021946627488551366,-0.6757290705623508,0.8095238095238095,0.750393662321819,0.16923390987602455,5.2077569680806715e-09,0.5237654240420055,16,0.625,0.2272491455078125,0.12301247139956818,0.12728564457740424,0.20279720279720279,-0.029632625632019478,-0.7671916671902662,7.588445867774692e-09,0.43570324890595624,0.8393180327955215,0.864221268634411
pathway|Signaling by MRAS-complex Mutants,pathway,8,7,0.875,10.507115628571428,0.010902551320449165,-0.004506767386715796,0.07163202806982935,0.16463879350785104,0.07737353035110665,0.14363362041369493,0.08071238066386181,0.027384267097753802,0.04377197246290431,-0.3765358253222994,0.6666666666666666,0.6467407064898815,0.008228644333013273,0.06286056688713773,0.04253711221276014,0.38095238095238093,0.4830352636220851,0.4794270180002634,6.215104981794056e-22,1.1428515005618272,7,0.7142857142857143,0.2265625,0.28650381876188324,0.00030135046162650696,0.13138686131386862,0.5326982573316316,0.2571201372971946,1.8009679208607777e-21,0.43570324890595624,0.8021346311036954,0.7119883943562526
pathway|Signaling by NOTCH4,pathway,72,63,0.875,10.38679181904762,0.022988949467046944,0.045119236306071946,0.5971611505606991,0.619391903249857,0.45996751547790055,0.6301065066195481,0.39896562029880867,0.025180884917111585,0.01900220514001673,-0.11535163597663967,0.5238095238095238,0.5459167940581126,0.017493814849358226,0.009722818563448568,0.5651791794559271,0.2857142857142857,0.2859759484017669,0.3251875142082598,4.1957316319247017e-22,1.111712197847386,63,0.6984126984126984,0.0011137657554940172,0.1451709580741839,0.0714991911396348,0.22962962962962963,0.3731109518495233,0.11015551777078408,1.238323571922221e-21,0.014639704518091464,0.7665681854890898,0.5184340610821272
pathway|Signaling by PDGFR in Disease,pathway,20,17,0.85,8.989254282352942,0.02315949454269483,0.037754422280699126,0.2872648628500667,0.2177414713917979,0.16264321483077077,0.2797818157042174,0.12113949834832347,0.01610974201634741,0.020700376253826782,0.34056156467417664,0.38095238095238093,0.3667168341914806,0.021512204644009762,0.028639034764725974,0.057519043927904835,0.42857142857142855,0.4770658681803616,0.452726904427889,4.112536883632495e-24,1.3101615799237147,17,0.7647058823529411,0.0245208740234375,0.2791144339531436,0.000436488677599984,0.16666666666666666,0.45184801591304846,0.13305426395669573,1.4646604822992827e-23,0.13895161946614581,0.6364096034800133,0.705636869988354
pathway|Signaling by PDGFRA Extracellular Domain Mutants,pathway,12,11,0.9166666666666666,9.173177981818181,0.01874100291153902,0.021296843928465314,0.17361402293402386,0.17592523212300046,0.10981686656563547,0.19790087873770987,0.08078878107152054,0.019037986777539335,0.03320805358296186,-0.008943127764425437,0.5238095238095238,0.5035677442264442,0.02106200697431174,0.04294423696525172,-0.05404692752256273,0.42857142857142855,0.5215511119516888,0.3566304137392805,4.2373898070436574e-17,0.8647310686521461,11,0.7272727272727273,0.11328125,0.2216299829203055,0.005580052171634443,0.2074074074074074,0.5418548388166847,0.3487505412045392,9.09540741410886e-17,0.30649038461538464,0.7431121225563848,0.7414617311755849
"pathway|Signaling by PDGFRA Transmembrane, Juxtamembrane and Kinase Domain Mutants",pathway,12,11,0.9166666666666666,9.173177981818181,0.01874100291153902,0.021296843928465314,0.17361402293402386,0.04440617523621135,0.08543153596943823,0.15741487719561462,0.018847435559887625,0.004206748296026473,0.02267989008853127,0.6408432562405673,0.2857142857142857,0.2608122628958691,0.01968774752755336,0.026236150134305122,-0.03608550077537565,0.42857142857142855,0.5143929082480118,0.3566304137392805,4.2373898070436574e-17,0.8647310686521461,11,0.7272727272727273,0.11328125,0.2216299829203055,0.005580052171634443,0.2074074074074074,0.5418548388166847,0.3487505412045392,9.09540741410886e-17,0.30649038461538464,0.5340230527838665,0.7364144050568072
pathway|Signaling by Cytosolic FGFR1 Fusion Mutants,pathway,18,15,0.8333333333333334,9.256416953333334,0.07015492129464271,0.06433262778501832,0.5308951323043511,0.2638429903495738,0.36186571903279224,0.5314264306319306,0.1240358189094439,0.023336137152093255,0.04509807120625744,1.0381549119567062,0.09523809523809523,0.1495989700030933,0.0038003315103357347,0.02319592085589439,2.860614596701618,0.047619047619047616,0.0021141035560648153,0.45475544057231376,4.076311332006781e-20,1.0384490604356722,15,0.6666666666666666,0.15087890624999997,0.11371209435725564,0.15888884208029666,0.2127659574468085,0.6663515238146357,0.39150115830149573,1.0394593896617292e-19,0.3456412987583638,0.3822418572223326,0.011822289622730874
"pathway|Signaling by Phosphorylated Juxtamembrane, Extracellular and Kinase Domain KIT Mutants",pathway,20,16,0.8,9.66627339375,0.03937354783835367,-0.007611966294341525,0.396061543477818,0.2584995323029744,0.2667751268752335,0.42118781970923336,0.12868359298445564,0.021323933405310042,0.03148512786591537,0.5732742934985338,0.3333333333333333,0.28322949403843434,0.013999466826675041,0.02246614222433163,1.1294364986347143,0.19047619047619047,0.12935687163618165,0.45223936618471583,1.2003602384209918e-25,1.567156110205033,16,0.625,0.2272491455078125,0.2997583062099191,0.00015109323425023597,0.1357142857142857,0.7032665561023345,0.6185721552965115,5.4855172185905545e-25,0.43570324890595624,0.5521022132810005,0.3136465168081004
pathway|Somitogenesis,pathway,45,36,0.8,10.516153233333332,0.05294761325787075,0.16668152679198392,0.6680697047707648,0.45827869897763834,0.543085746043854,0.7038957458277496,0.2867354670816902,0.022959572223502152,0.017914182922575832,1.6739831877331695,0.09523809523809523,0.04706695177481588,0.016392302284820224,0.019376237891925205,1.8866051901790735,0.14285714285714285,0.02960672408218352,0.3978913069351961,8.137216788076729e-16,0.7736838161819539,36,0.7222222222222222,0.005665492091793567,0.3116270825948245,7.911474395992745e-05,0.17293233082706766,0.2525322625008904,-0.1610262994711997,1.6135227690198803e-15,0.05086973533124505,0.1787615725353722,0.10656487412869707
pathway|Spry Regulation of FGF Signaling,pathway,16,14,0.875,11.485707714285713,0.03833589292806099,0.027158407739408603,0.35819171229798635,0.30351748747432344,0.22963447209728408,0.3735003813053742,0.14212699803861065,0.030187910916350376,0.04829071604561572,0.16872771163744976,0.3333333333333333,0.4330054102735161,0.017592872432629553,0.038757560589367086,0.5351993309176989,0.23809523809523808,0.2962560144606968,0.6589398617098433,4.0039041682810935e-27,1.8834474454215508,14,0.7857142857142857,0.0286865234375,0.09709967451902936,0.2293874716283759,0.25925925925925924,0.2554388682751154,-0.01160625589166739,2.900555576453633e-26,0.15625,0.693570223742127,0.5290285972512443
pathway|Stabilization of P53,pathway,44,42,0.9545454545454546,10.663225111904762,0.05654218448028742,0.13159762570015401,0.7156743385559969,0.4755049322480805,0.5897727581996093,0.7419585662890801,0.2994207196529751,0.02112951654579284,0.017105302814563187,2.0702742487753443,0.09523809523809523,0.01921333482150509,0.020176829978549856,0.012439553993786635,2.9233648183770495,0.047619047619047616,0.0017313527288777316,0.28918496220889656,9.55425719798987e-12,0.6227285068954849,42,0.6666666666666666,0.021779260961920954,0.23487158003287037,0.0032639185945132587,0.1956521739130435,0.2702926544921874,-0.21713768500872727,1.571829409991882e-11,0.12796570380852174,0.09562571904463824,0.009988573435833066
pathway|Sulfide Oxidation to Sulfate,pathway,6,6,1.0,8.687898733333332,0.06308045877484458,0.009426172741499646,0.28773155893953273,0.02046816875040844,0.18983468849247626,0.3190942243127864,-0.005879094042438535,0.003470558099093356,0.04461573663258669,1.3360734389895295,0.14285714285714285,0.09076263529921663,0.014114794731088532,0.05127140007408949,0.9550288069566747,0.14285714285714285,0.16978156468456618,-0.04801343787221753,0.209858718100848,-0.09022060493782404,6,0.5,0.65625,0.1411491734072379,0.0797996034164183,0.21897810218978103,0.6015019195258772,0.31529180331417567,0.22579735491863392,0.6847125613747954,0.2791068098510624,0.36877597099288223
pathway|Synthesis of Dolichyl-phosphate,pathway,6,5,0.8333333333333334,8.21252492,0.024677051877347367,-0.04371026860747089,0.1123002982442746,0.11752391853320744,0.02707610516279375,0.052724632627885216,0.0655330274455688,0.025944017815588093,0.062329779564447296,-0.020326815642444526,0.5238095238095238,0.5081086677927231,0.027260170092325026,0.07045298197374275,-0.03666442700665767,0.42857142857142855,0.514623713651463,-0.2308502734935482,2.2281517488164648e-08,-0.4702978644623716,5,0.6,0.5,0.0963036963036963,0.2332459512274197,0.26277372262773724,0.6853408227532586,0.43596112016047944,3.1848581611446104e-08,0.539340101522843,0.7450897448328652,0.7364144050568072
pathway|Synthesis of GDP-mannose,pathway,6,6,1.0,9.457768083333333,0.22954265025814216,0.22914824163715547,0.64126619357643,-0.05324406905128484,0.4746388410339167,0.6437357105026912,-0.03380323330047681,-0.008496999166585485,0.051836776088588034,4.592099806089841,0.047619047619047616,2.1940420590487432e-06,0.034615641675054945,0.05760501387044908,3.383854902308829,0.047619047619047616,0.000357378825883583,-0.5696887516589194,2.3822278695968397e-16,-0.8514470452808905,6,0.6666666666666666,0.34375,0.13181657052624796,0.10205716452048108,0.1597222222222222,0.8582426593486826,0.7399276443703187,4.851981683284298e-16,0.537117464201791,3.330242411056128e-05,0.0024237127819232355
pathway|Synthesis of PG,pathway,8,7,0.875,9.060494214285713,0.08362189730910709,-0.0033892308342038276,0.38978560843635407,0.10491411636452022,0.2243202303603509,0.3664404537272529,0.05155454002845995,0.01646870172883259,0.05558835578385017,1.2080442861341871,0.14285714285714285,0.1135151140867467,0.0018291953813270906,0.04055429572144074,2.0168690017352917,0.09523809523809523,0.021854592864660172,0.2983324457071517,1.0952768241866559e-16,0.8355123205732405,7,0.7142857142857143,0.2265625,0.09844026940801133,0.2229910510307537,0.20279720279720279,0.4146499014102178,-0.27072010823831993,2.2968387349308985e-16,0.43570324890595624,0.32523993361933046,0.08469485076730006
pathway|Synthesis of PIPs at the ER Membrane,pathway,5,5,1.0,8.5809446,-0.04306601833511925,-0.0022519365662153844,-0.26014346452811254,0.138542613998697,-0.12717212356368723,-0.29140252504977493,0.06344208114989804,0.03116237647606369,0.08528126332352862,-0.8703951128114181,0.8095238095238095,0.8079577417149746,0.0013506794492969953,0.05924587437996825,-0.7497011099803107,0.7619047619047619,0.7732826305623726,0.4658895426825587,3.0069869569808483e-16,0.8126164908522723,5,1.0,0.03125,0.15658857271760496,0.051684552540365865,0.19424460431654678,0.2614711593856284,-0.526537103647792,6.104949633997741e-16,0.15625,0.8973398263820493,0.8762808555686302
pathway|Synthesis of PIPs at the Early Endosome Membrane,pathway,16,14,0.875,8.369503728571429,0.02420260655234841,0.02919258688334405,0.25774209500643436,0.1695472036987367,0.2021344477057455,0.33629258040399046,0.10388947686949909,0.014373417871323516,0.021042842750387727,0.4671036512328538,0.2857142857142857,0.32021286101007873,0.02337550405401983,0.026822655990590773,0.030835965633631716,0.47619047619047616,0.4877001788106764,0.11853355601884318,0.0002810447085732455,0.3135201648794631,14,0.6428571428571429,0.21197509765625,0.19164061744706906,0.01690452201165804,0.17142857142857143,0.44813407610099837,0.19545875343996155,0.00034554677283595757,0.42269858065992594,0.5968880084617695,0.7163798709488622
pathway|Synthesis of PIPs at the Late Endosome Membrane,pathway,11,9,0.8181818181818182,8.423727322222224,0.008111735871339102,-0.020816923945199357,0.0685567113637302,0.12288473949314495,0.09005676837898102,0.16523317131988285,0.05383016337740328,0.015328169365342226,0.04133639623594907,-0.1745781962416743,0.47619047619047616,0.5692944588315803,0.02034610754534774,0.0375503554902156,-0.3258124061487652,0.5714285714285714,0.627716854135565,0.3582388343130735,7.913356655360682e-17,0.8537529605388766,9,0.6666666666666666,0.25390625,0.13455898939769906,0.09506072881035754,0.20567375886524822,0.5094875510500722,0.31427032936108495,1.6732221783722834e-16,0.47122338973799127,0.7734713690050851,0.8084232212351973
pathway|Synthesis of UDP-N-acetyl-glucosamine,pathway,8,7,0.875,8.850905200000001,-0.052832849107648606,-0.013722161629925858,-0.5414763844405592,0.16154570862088352,-0.159993557288609,-0.38093411943884226,0.061414899451316174,0.026787109108236163,0.042830153289692745,-1.8589697234412106,1.0,0.9684842849858177,0.02839440529921746,0.06530022213137483,-1.2439047181715293,1.0,0.8932326836589091,-0.3745513333424243,3.722659462949493e-21,-1.0514977172332571,7,0.5714285714285714,0.5,0.33148464438787023,2.516711870039598e-05,0.17037037037037037,0.1985278534832712,-0.37710611498024865,1.0055912744196195e-20,0.539340101522843,0.9748292623799975,0.9364628806431852
pathway|Synthesis of Active Ubiquitin Roles of E1 and E2 Enzymes,pathway,30,26,0.8666666666666667,10.006607146153847,0.003708140902835196,0.003521318329646333,0.08823222537699937,0.29717199679203904,0.13024859586066342,0.23047778398075608,0.17922836187877716,0.016002196767417407,0.017536979536192862,-0.7010361071135259,0.7619047619047619,0.7583597589454485,0.014629966038983155,0.016108744137767993,-0.6780059974098809,0.7142857142857143,0.7511160547057555,0.1609893500903565,5.249601548129564e-15,0.7501242394666694,26,0.6538461538461539,0.08431877195835114,0.23697914988237564,0.0029887339113917506,0.17266187050359713,0.10977350956912756,-0.6264575462286357,9.960181508727966e-15,0.28899579098628414,0.8749179386309726,0.864221268634411
pathway|Synthesis of Glycosylphosphatidylinositol (GPI),pathway,18,17,0.9444444444444444,8.740706576470588,0.014308842550235672,0.015921970782867813,0.19793483022064806,0.2167578124079459,0.1257218849840149,0.22336224721401793,0.10692368766537345,0.01601831323333633,0.022053028361325125,-0.07751636895813334,0.5238095238095238,0.5308936150459592,0.02497760079126628,0.029438590771232967,-0.36240723355059473,0.5714285714285714,0.6414761326051692,-0.358394640103524,3.517161744423099e-23,-1.2100266862204525,17,0.6470588235294118,0.1661529541015625,0.24624085591827527,0.0020112991589682247,0.19708029197080293,0.20561921052265308,-0.26662716034226186,1.149841339522936e-22,0.37694842789945227,0.7589672205281289,0.8170650040675231
pathway|Synthesis of Wybutosine at G37 of tRNA(Phe),pathway,6,5,0.8333333333333334,8.95471178,0.019011321449058906,0.03776567703843363,0.08833885385683929,0.1531474874442673,0.04545563056545476,0.08695850734644608,0.053862859738430746,0.03490612586723816,0.09871824442695191,-0.16101182218592694,0.5238095238095238,0.5639579553128566,0.033129775898085315,0.07711782223176414,-0.1830764152882308,0.5714285714285714,0.5726309695600373,-0.366879493955207,1.4434475127941932e-11,-0.6168637144576514,5,0.8,0.1875,0.18550481776288227,0.020837452633493084,0.24087591240875914,0.42273310335967457,-0.25885307162593446,2.3594815112982002e-11,0.39254926108374383,0.7734713690050851,0.7742359344528607
pathway|TAK1-dependent IKK and NF-kappa-B Activation,pathway,45,38,0.8444444444444444,9.541700542105263,0.024361637525641886,0.030540930215032822,0.48687897183680756,0.3564219152963672,0.3364769044195075,0.5035281991134065,0.21029184132899875,0.014364675379344018,0.01725264860982983,0.579445067964928,0.23809523809523808,0.281144450956581,0.010536635415970465,0.010792354044779065,1.2809996829523431,0.19047619047619047,0.10009688872845923,0.47644545616078754,2.300577280411703e-27,2.0919393323356226,38,0.6842105263157895,0.016776219839812256,0.11211691534272178,0.16485440990032488,0.23484848484848486,0.31349284628594826,0.028132494055497538,2.2054406259585878e-26,0.10969066818338782,0.550807905891444,0.2686811223763906
pathway|TBC RABGAPs,pathway,45,43,0.9555555555555556,9.207530655813953,0.014416302456099442,0.018502207335929107,0.38611455119667615,0.3516311418215202,0.2595794204628465,0.4121684051768028,0.2079700079250851,0.012455280127588137,0.010174579736429507,0.19273742791458748,0.47619047619047616,0.4235823048734759,0.007061408841855406,0.004526872005622908,1.624718703137264,0.09523809523809523,0.052111255145952974,0.14572917209781225,2.883042795397103e-14,0.7341081883469145,43,0.5348837209302325,0.38039582128067195,0.23100125680770844,0.0038294273944671905,0.15,0.4053973566583433,0.047905098981502525,5.319652046499719e-14,0.539340101522843,0.6819033317091941,0.1661046257777251
pathway|TCR Signaling,pathway,113,92,0.8141592920353983,10.294096704347828,0.01699880971295042,0.03220705119816807,0.614038870789313,0.6915663825197537,0.4255684617897447,0.597050893305342,0.5059063442581079,0.023791772716789762,0.014723539822586564,-0.46136751662250636,0.5714285714285714,0.6777325237006517,0.01018931433403093,0.007947577611173153,0.8568013691802543,0.14285714285714285,0.19577733444180057,0.24586648390578575,3.535071384031131e-22,1.1085285479516218,92,0.6086956521739131,0.02350578082242702,0.10787277238890143,0.18153745357543208,0.2014388489208633,0.3026001396710374,-0.15886017036291414,1.0481897708464399e-21,0.13628309087587034,0.8245314577464989,0.4105527983771311
pathway|TGFBR3 PTM Regulation,pathway,11,9,0.8181818181818182,10.011327333333334,0.10507404220468805,0.08993809052262652,0.5137837208732512,0.11074811812021818,0.3424463886578158,0.5101825913512946,0.040081187920252385,0.013648990958114018,0.047735412774636034,1.9152458506685892,0.09523809523809523,0.027730578830531594,0.04033545272266779,0.04727292175153845,1.3694645281770301,0.14285714285714285,0.08542705776020748,0.1181860488349592,0.004611234267650768,0.2350623476815363,9,0.5555555555555556,0.5,0.03617994908317489,0.654920542380813,0.26119402985074625,0.6083305992069592,0.3545061790827821,0.005369245380141306,0.539340101522843,0.1249345866039851,0.23925440906869047
"pathway|TICAM1, RIP1-mediated IKK Complex Recruitment",pathway,19,17,0.8947368421052632,10.543284223529412,0.02285217692135788,0.03134196933817281,0.28447356417533864,0.25610266222210776,0.19920078646070533,0.3322225747510092,0.13583170339004533,0.01984929220251272,0.025313418939435842,0.11862817606858152,0.42857142857142855,0.45278497084774905,0.02514944528035263,0.030685216329889697,-0.07486563999736373,0.47619047619047616,0.5298391924413965,0.5316810525004871,1.2003602384209918e-25,1.6048831692353893,17,0.7058823529411765,0.0717315673828125,0.14364989848860818,0.0745520501139343,0.26515151515151514,0.22612779561679644,-0.21046187233653638,5.4855172185905545e-25,0.250569173734482,0.7122127487731933,0.7471588090483066
pathway|TICAM1-dependent Activation of IRF3 IRF7,pathway,13,12,0.9230769230769231,10.856786249999999,0.13468590178172282,0.08831295421233337,0.6513002479285674,0.19851863702073558,0.49272572776167756,0.6601691370329809,0.06766216584498408,0.020223377268807834,0.04886453860354745,2.342445621795051,0.09523809523809523,0.009578912744697339,0.0033100768128733553,0.027825507194864006,4.721417081414374,0.047619047619047616,1.1710355523053286e-06,0.6602926831336177,4.005667305438855e-26,1.5907876860488783,12,0.75,0.072998046875,-0.0413973123650543,0.6090431193987982,0.24113475177304963,0.4607243815278448,0.03752748182002838,2.0347513204918487e-25,0.25222902375508127,0.057338562204174215,1.3573366628993582e-05
pathway|TLR3-mediated TICAM1-dependent Programmed Cell Death,pathway,6,5,0.8333333333333334,8.7388188,0.12893017176997762,0.0777963147873653,0.42530979773841504,-0.014267153082909245,0.1416199965429803,0.2481035668117758,-0.010771317701057489,-0.002821229881698433,0.059434541961352234,2.2167479937398764,0.09523809523809523,0.013320158572219357,0.02078502640949876,0.07701264787424143,1.4042517475450988,0.09523809523809523,0.0801219486788774,0.5343914985971173,8.296637230321523e-18,0.8911957680833756,5,0.8,0.1875,0.0551706358157971,0.49534739629155927,0.2198581560283688,0.7394595654461936,0.4913602553821322,1.8525766144763472e-17,0.39254926108374383,0.07178866187688546,0.22802563519100152
pathway|TNFR1-induced Proapoptotic Signaling,pathway,26,21,0.8076923076923077,8.93415311904762,0.021320915611755642,0.04929427448576042,0.3138905495017709,0.22434226422799564,0.19145588486149215,0.3213814078961875,0.10977548213348828,0.013585669612737999,0.021701702346087298,0.35643498724938816,0.3333333333333333,0.36075741578415543,0.009625511735579276,0.014900457577277674,0.7849023303828717,0.23809523809523808,0.21625541781100877,0.6183114831900159,3.781296835762019e-27,1.839754502136359,21,0.6666666666666666,0.09462356567382812,0.14002449163739486,0.08225462224430774,0.2318840579710145,0.36721909285638815,0.1274604609694048,2.8193879915769435e-26,0.3038918041161986,0.6339878656969712,0.4359019328053216
pathway|TRAF6 Mediated IRF7 Activation in TLR7 8 or 9 Signaling,pathway,13,12,0.9230769230769231,11.137559525,0.06380487506490039,0.03609976118643376,0.4498968002948089,0.3064581418962956,0.3265690834489156,0.49235141618086914,0.15888850500040783,0.03551507091239046,0.05536365898983233,0.5109814753700694,0.2857142857142857,0.3046820141328475,0.005613714793484744,0.023338719447989167,2.4933313244154585,0.09523809523809523,0.00632753481698642,0.16033539942963226,3.499353237487059e-08,0.4656936830287666,12,0.5833333333333334,0.38720703125,-0.031697334923141376,0.6954035294875235,0.29850746268656714,0.45150998482618415,0.11700011161811702,4.968458104449888e-08,0.539340101522843,0.5763643442424043,0.03045711390798325
pathway|TRAF6 Mediated NF-kB Activation,pathway,25,20,0.8,9.660099494999999,0.004076852438919491,0.035659062503162184,0.07567523056109275,0.2862118693451971,0.0996076491888667,0.1811694366846993,0.15438540844540818,0.019654743228008656,0.028434837314629386,-0.5478452581500977,0.6190476190476191,0.7081009202633461,0.004145992589275898,0.01942856338552618,-0.0035586856827466364,0.47619047619047616,0.5014197071849199,0.8369407035989199,1.628958993624077e-27,3.060113601786509,20,0.8,0.005908966064453125,0.23691469820502079,0.0029968285842370264,0.17293233082706766,0.2404520155370237,-0.2339353174596549,2.1846601339144965e-26,0.05125123627331792,0.8425683770022133,0.7249837259515838
pathway|TRAF6 Mediated Induction of NFkB and MAP Kinases Upon TLR7 8 or 9 Activation,pathway,102,90,0.8823529411764706,9.57161348,0.023022921797472288,0.021561276903179504,0.6795787968036892,0.6247119121266083,0.5356201458050462,0.6975945806236454,0.44521587715244876,0.018159892239856527,0.00940598780715379,0.5170142315001885,0.23809523809523808,0.30257311213828064,0.009994826849376016,0.011000045993084998,1.184367315944513,0.09523809523809523,0.11813384616728034,0.5038555455409732,2.011791407832354e-27,2.625197173144496,90,0.7222222222222222,1.4832264612600933e-05,0.1046179626824788,0.1951484518958482,0.2462686567164179,0.2729605701625957,-0.10994378170756632,2.1846601339144965e-26,0.0003376988818047534,0.5741632980793352,0.2976692764096491
pathway|TRAF6-mediated Induction of TAK1 Complex Within TLR4 Complex,pathway,16,13,0.8125,10.92372972307692,0.1068802766614242,0.005763660919981657,0.6087207239608183,0.18898715033974067,0.42202403442622527,0.5935540106345789,0.0873392297282582,0.017609433007544036,0.02742451024053616,3.2551481456149745,0.047619047619047616,0.0005666661548617631,0.012632498475681255,0.018404411865984505,5.1209339843091675,0.047619047619047616,1.520130368558259e-07,0.20834273514118173,9.24640285718511e-09,0.5319271280758895,13,0.6923076923076923,0.1334228515625,-0.0847926267281106,0.2941757970126342,0.26618705035971224,0.5355814371866302,0.36403179731026825,1.3306053773037263e-08,0.31856579727001405,0.005198491720219472,1.977720632563041e-06
pathway|TRAIL Signaling,pathway,8,8,1.0,9.017420175000002,0.049508677793291565,0.0037605001625802903,0.29413409231515836,0.17092377465976588,0.18551064263459477,0.31296326825430953,0.07675919696933056,0.025122794312061946,0.05387626123469143,0.45262761227995757,0.2857142857142857,0.3254084561532349,0.02983898400740951,0.048514285595139366,0.40544127455630835,0.23809523809523808,0.342576588445509,0.7198162303758383,1.658390142869944e-26,1.6905735008080098,8,0.75,0.14453125,0.33355676581483035,2.222838201734882e-05,0.16296296296296298,0.7358929865530554,0.6580026078107268,9.78910848221842e-26,0.3328391494259938,0.6004280486184869,0.5859605834515119
pathway|TRIF (TICAM1)-mediated TLR4 Signaling,pathway,110,98,0.8909090909090909,9.51944931122449,0.02531249611238061,0.022608553120079554,0.7179162202373437,0.6228673381843362,0.5535997859332532,0.7126671758656348,0.44407374771805125,0.016573612970327316,0.008298046524036757,1.0531253490492702,0.19047619047619047,0.14614177318261984,0.012820104261104581,0.008552287056169552,1.4607077345777484,0.19047619047619047,0.07204783276643904,0.5809832459442343,1.6605450340442345e-27,3.0397940144182694,98,0.7448979591836735,6.398031225386459e-07,0.11153685024652767,0.16706460547261046,0.22627737226277372,0.28285794362774924,-0.07705491209569651,2.1846601339144965e-26,1.8539749573563036e-05,0.3767447537933312,0.21166125985532208
pathway|TRIF-mediated Programmed Cell Death,pathway,9,9,1.0,9.61700488888889,0.14850442383156606,0.025739912662431412,0.610840126349832,0.09459174804424834,0.4254831628932541,0.5969669428149058,0.045886009823821426,0.011475032816447977,0.038646554604284074,3.5457078235876685,0.047619047619047616,0.00019578004655999506,0.02538301890876818,0.039210514287831844,3.140009947816625,0.047619047619047616,0.0008447104890357031,0.3299038851906294,8.272451974054012e-13,0.6863631103720927,9,0.7777777777777778,0.08984375,0.15746511552963166,0.05037319133589167,0.19148936170212766,0.7824897591514345,0.617544393713864,1.4233976068716418e-12,0.2922213807397959,0.0021154199946101164,0.005385029367602608
pathway|TYSND1 Cleaves Peroxisomal Proteins,pathway,7,6,0.8571428571428571,9.756429833333334,-0.0033424972850891227,0.15006625774988266,-0.02039584906110381,0.17721495476831886,0.06745480947321063,0.12638438437782598,0.08245019377338522,0.034653411407316016,0.07740702793345615,-0.4908586430300459,0.6666666666666666,0.6882367851707758,0.018105564935978626,0.09039909476436317,-0.23725970129429805,0.42857142857142855,0.5937723383578941,-0.9891176982136058,6.950529282840421e-27,-2.1612432261737533,6,0.8333333333333334,0.109375,0.21599046115175147,0.006950003033777349,0.17391304347826086,0.25000413096547364,-0.24792034359847967,4.5213902222558865e-26,0.30649038461538464,0.8297411748025726,0.790250241551477
pathway|Telomere C-strand (Lagging Strand) Synthesis,pathway,34,30,0.8823529411764706,8.462026816666667,0.033122208499932276,0.045226152111027006,0.5068318953470468,0.336060823135833,0.354263551732332,0.5231825833002284,0.19487178042357695,0.016592125271693257,0.015198877223300671,1.0875858121215387,0.23809523809523808,0.13838899846980784,0.01299677286698946,0.017525741188141708,1.1483357774654415,0.09523809523809523,0.12541498742909635,-0.23769183371555072,6.5570674644758165e-15,-0.7604097929653256,30,0.6333333333333333,0.10024421103298667,0.06091972543585447,0.4514469602774873,0.23741007194244604,0.3842997747126295,0.01853547429374317,1.2330768461956735e-14,0.30649038461538464,0.3662262176984289,0.30810040264373384
pathway|Termination of Translesion DNA Synthesis,pathway,32,28,0.875,9.90391722857143,0.02840246642132108,0.06066759781586837,0.4501013617998158,0.30800759866073085,0.27182812623294994,0.4274604730406182,0.1419039435743872,0.015647775300670335,0.0207618586498136,0.6143328174891152,0.23809523809523808,0.26949771032411896,0.0108819718720169,0.016097779601709675,1.088379576736372,0.14285714285714285,0.13821378671632256,-0.1674366079690741,1.0977009966548844e-09,-0.5237285775286075,28,0.5714285714285714,0.28579409420490265,0.2247494441042828,0.004930805391576159,0.2028985507246377,0.31055489631142696,-0.10249548368226406,1.6484908960364872e-09,0.5165088998387369,0.5436860453532464,0.324535134554901
pathway|The NLRP3 Inflammasome,pathway,17,16,0.9411764705882353,10.629628125,0.06418565751353847,0.07903694205496187,0.5232211332638405,0.2869436936773219,0.35929591276012585,0.5286500303389503,0.15804308560019723,0.02453381552315702,0.028403510768346397,1.3960190454544261,0.14285714285714285,0.08135437999433404,0.009450154438744036,0.027218812429618718,2.0109438358608496,0.09523809523809523,0.022165694719580884,0.3655750013087821,3.3670167567492758e-21,1.057787787647763,16,0.6875,0.1050567626953125,-0.03558054848377429,0.6602791595185802,0.2642857142857143,0.5942323598034726,0.41887039557569794,9.172962318066936e-21,0.30649038461538464,0.2632660773928322,0.08564018414383523
pathway|Toll Like Receptor 10 (TLR10) Cascade,pathway,98,86,0.8775510204081632,9.49851705348837,0.022365859641814624,0.023262472378628794,0.663012377755158,0.5692761858758433,0.5063729212416803,0.6723075197399125,0.39094061234887123,0.015135685085250237,0.0079493519074409,0.9095300649348111,0.2857142857142857,0.18153519764410292,0.011618377890071403,0.007887675728530013,1.3625663784413937,0.19047619047619047,0.08650960551568831,0.5167695381347769,1.8632276066070416e-27,2.643904050792785,86,0.7209302325581395,2.541827100922078e-05,0.10546227965582804,0.19154851627912928,0.22794117647058823,0.2863840050583557,-0.05504188719680489,2.1846601339144965e-26,0.0005312835333894508,0.4348239662719431,0.24082914199236377
pathway|Toll Like Receptor 2 (TLR2) Cascade,pathway,118,98,0.8305084745762712,9.657822181632653,0.020194061967216813,0.02423512146206202,0.6688529177640301,0.5997821359500578,0.5226173023714769,0.6864723020781391,0.44176192775315554,0.015061905415121604,0.006654674203708836,0.7712107903396554,0.2857142857142857,0.22029099971674038,0.013729045004176321,0.008314261225430167,0.7775816501009687,0.2857142857142857,0.21840784112749312,0.5552535245453217,1.6927383807402364e-27,3.1372841161897487,98,0.7244897959183674,5.056376068799156e-06,0.12640585221230383,0.11704577344559663,0.25,0.26598108310986396,-0.14610730482406292,2.1846601339144965e-26,0.0001315689691371209,0.4884713471979895,0.43784590792068195
pathway|Toll Like Receptor 3 (TLR3) Cascade,pathway,106,93,0.8773584905660378,9.461942833333334,0.022605184521063245,0.025368559232069376,0.682630735913041,0.5830519826809892,0.5208862710246739,0.6849772806138026,0.4175778450134845,0.014813607036221033,0.007031335045125366,1.1081220614346776,0.19047619047619047,0.13390455220358505,0.012465239053741297,0.006592631018370743,1.5380726509744607,0.047619047619047616,0.06201542606966988,0.6040711533518061,1.6605450340442345e-27,3.1257561207121562,93,0.7419354838709677,1.6514470535179747e-06,0.11017047468660372,0.17235786063580624,0.2158273381294964,0.26720920689009814,-0.11740814140031082,2.1846601339144965e-26,4.577380420076995e-05,0.3619453369205333,0.19071633945579952
pathway|Toll Like Receptor 4 (TLR4) Cascade,pathway,148,124,0.8378378378378378,9.651192962903226,0.025620623412481704,0.02152964097566089,0.7652853883560079,0.6904553799717605,0.643371199657667,0.7829895032743528,0.5105631305977012,0.01767046085278174,0.009353926518297799,0.8499278398379713,0.19047619047619047,0.19768260317229647,0.009691794650568923,0.006445458451095475,2.4713259549761752,0.09523809523809523,0.0067306529457076955,0.538701555974748,1.6605450340442345e-27,3.079241073749078,124,0.717741935483871,6.695812520496839e-07,0.1319905900551062,0.10160147622045373,0.2116788321167883,0.30793603693391153,0.0004478250046000152,2.1846601339144965e-26,1.8971468808074377e-05,0.46024330196840013,0.03190179370177439
pathway|Toll Like Receptor 5 (TLR5) Cascade,pathway,98,86,0.8775510204081632,9.49851705348837,0.022365859641814624,0.023262472378628794,0.663012377755158,0.5393116039431128,0.5194532494692726,0.6837370608812237,0.3677909971312354,0.013429570836317035,0.006919596040513008,1.2914466037001586,0.19047619047619047,0.09827442966124939,0.013989131900627946,0.006809115233809406,1.2302226432581993,0.14285714285714285,0.1093068714299405,0.5167695381347769,1.8632276066070416e-27,2.643904050792785,86,0.7209302325581395,2.541827100922078e-05,0.10546227965582804,0.19154851627912928,0.22794117647058823,0.2863840050583557,-0.05504188719680489,2.1846601339144965e-26,0.0005312835333894508,0.29475271593644503,0.2833895084471661
pathway|Toll Like Receptor 7 8 (TLR7 8) Cascade,pathway,107,94,0.8785046728971962,9.627722518085106,0.024877362582008473,0.02115273718395065,0.7057206086504506,0.579764819388229,0.564000287765578,0.7212278567689289,0.40360102183516566,0.014464514589689037,0.00859833134489015,1.21103125416394,0.19047619047619047,0.11294171328869951,0.010312496167273094,0.008113611476455842,1.7951150923358672,0.09523809523809523,0.03631768232357367,0.4968305840284729,1.9735842652795765e-27,2.592322458632013,94,0.7127659574468085,2.248216045984277e-05,0.11303535174502916,0.16139962442368014,0.25547445255474455,0.33738651394593083,-0.0023974196620882987,2.1846601339144965e-26,0.0004942199066603368,0.3250579784268439,0.12617178463911835
pathway|Toll Like Receptor 9 (TLR9) Cascade,pathway,110,95,0.8636363636363636,9.567900616842103,0.02248314569113693,0.020213912940557927,0.6860307295652455,0.5745816548996764,0.5335347725519948,0.6958235080175271,0.3786961163181803,0.01401783666253711,0.008378731479169723,1.0103330139705913,0.19047619047619047,0.15616788457474512,0.013039305961373596,0.004707390497917991,2.0061730026306934,0.09523809523809523,0.022418896604004094,0.4929207208046416,1.8632276066070416e-27,2.662603244587239,95,0.7157894736842105,1.5570308295534834e-05,0.12387934645999163,0.12460636869793011,0.23529411764705882,0.28381780079487123,-0.1093274777846327,2.1846601339144965e-26,0.0003482832118738055,0.39041971143686277,0.08609666617501573
pathway|Toll Like Receptor TLR1 TLR2 Cascade,pathway,118,98,0.8305084745762712,9.657822181632653,0.020194061967216813,0.02423512146206202,0.6688529177640301,0.6041466806235981,0.4894125014992794,0.6571886579528837,0.41266527129057834,0.015334539245970249,0.010495057729184059,0.4630296322938253,0.3333333333333333,0.3216715635957771,0.014474462043026857,0.006231363179274064,0.9178729853547508,0.23809523809523808,0.1793426831091603,0.5552535245453217,1.6927383807402364e-27,3.1372841161897487,98,0.7244897959183674,5.056376068799156e-06,0.12640585221230383,0.11704577344559663,0.25,0.26598108310986396,-0.14610730482406292,2.1846601339144965e-26,0.0001315689691371209,0.5980540955818704,0.3823777942544806
pathway|Toll Like Receptor TLR6 TLR2 Cascade,pathway,115,97,0.8434782608695652,9.675675879381442,0.020283515231991962,0.02414728579262787,0.667579166685242,0.5959743425920125,0.516219129362922,0.6809294505865053,0.401800472169011,0.014979324523690607,0.008899711532134836,0.5959958015660539,0.23809523809523808,0.2755890157329979,0.011330976298052306,0.0066336165298199,1.3495713678497352,0.09523809523809523,0.08857675677949273,0.560913331588194,1.6605450340442345e-27,3.1642938701681866,97,0.7216494845360825,7.383475728795417e-06,0.11256163191647062,0.16317474423043693,0.23529411764705882,0.2610133842990458,-0.16759343442543106,2.1846601339144965e-26,0.0001776213500795124,0.5494682047159639,0.2455116628127244
pathway|Trafficking of Myristoylated Proteins to the Cilium,pathway,5,4,0.8,7.8672016750000004,0.053095223921521884,0.03975154894287358,0.18319979350975668,0.03408263737020956,0.11726850125662662,0.20991999886281784,0.019317665145114096,0.00874417782395834,0.05819607540244176,0.7620968560313379,0.19047619047619047,0.22300109957631375,0.001308039112756307,0.05605349085476529,0.9238886645427005,0.23809523809523808,0.17777214273185205,0.7449617937106157,1.406042544012109e-23,1.2124314884910632,4,1.0,0.0625,0.05615030131159163,0.4877106046112591,0.2391304347826087,0.6341117418172423,0.1757236413526879,4.8190974290737605e-23,0.2219707520891365,0.491064597512608,0.3816465451216303
pathway|Transcription-Coupled Nucleotide Excision Repair (TC-NER),pathway,76,70,0.9210526315789473,9.488981687142855,0.04117042357540092,0.035511522913589035,0.7503541566057071,0.521485325468524,0.6271254747566324,0.7708384933871568,0.3323924028636883,0.015329907641376437,0.013845775176297157,1.8663105246906904,0.14285714285714285,0.030998966577530332,0.025291941493902514,0.012131561065547324,1.308857285200669,0.19047619047619047,0.09529134900301872,-0.3064334766320059,1.7759860845103917e-22,-1.1854248723411365,70,0.6285714285714286,0.02069571433695773,-0.0060842383423028576,0.940106744675795,0.3157894736842105,0.5700500777151659,0.3306653245445985,5.417182434810406e-22,0.12330390551224815,0.1317456079545039,0.25795428870243925
pathway|Transcriptional Regulation by E2F6,pathway,34,28,0.8235294117647058,8.779438246428573,-0.0013146658619431855,0.00822969064523528,-0.038165360957725464,0.21383673102995834,-0.04130693336350255,-0.08617342672232901,0.125877038153534,0.00962084060130001,0.013440927113807675,-0.813597631372415,0.8571428571428571,0.7920622523668455,0.020963664232624416,0.019537783562797065,-1.1402690598430498,0.9047619047619048,0.8729128881030622,0.119185600805918,6.328394139533426e-08,0.46552515770833836,28,0.5714285714285714,0.28579409420490265,0.08829879797621733,0.27459219963625764,0.2246376811594203,0.4771702400825382,0.19315598921972918,8.89603365810928e-08,0.5165088998387369,0.8913321904393009,0.9257176228025584
pathway|Transcriptional Activity of SMAD2 SMAD3 SMAD4 Heterotrimer,pathway,51,41,0.803921568627451,9.794937921951218,0.037070840695337504,0.03780454525996026,0.6121652500120746,0.3644051294213869,0.4545065748997426,0.6249632456024768,0.1724694370495401,0.013790794693206048,0.018059679185760617,1.2890619906740592,0.19047619047619047,0.09868826811342757,0.015933290359160208,0.010069427658633438,2.099180912040631,0.047619047619047616,0.017900477994692236,0.4247597969207558,8.131841467661804e-26,1.5700601913923966,41,0.7073170731707317,0.005753894867666531,0.15438110276819955,0.05511279234059651,0.19285714285714287,0.5373816956112537,0.38016589307432885,3.9273097997230307e-25,0.05125123627331792,0.29475271593644503,0.07154579762768841
pathway|Translation Initiation Complex Formation,pathway,60,59,0.9833333333333333,12.398151494915256,0.043438981165105355,0.20453516391908305,0.7282080852849454,0.7044762892886272,0.5822168653248039,0.7359507765141715,0.525555379469995,0.03883471431522629,0.021499040930646696,0.21416149979582222,0.42857142857142855,0.41521055911660676,0.015906887072722926,0.010281317933496249,2.6778759562218797,0.047619047619047616,0.0037045325745940416,-1.2092543630689785,1.6605450340442345e-27,-3.2410248456402,59,0.9491525423728814,5.946632075648495e-14,0.22544552221971578,0.004795510431427488,0.17857142857142858,0.23871818472682485,-0.24426299927961184,2.1846601339144965e-26,2.6144675505006313e-12,0.6781690545501616,0.0192003212707618
pathway|Translation of Structural Proteins 9683701,pathway,35,28,0.8,9.991829310714289,0.04508433260895622,0.020289222961963414,0.5693295534052919,0.28834777040536824,0.4334435809091439,0.6047584804617671,0.15394203931204486,0.014264325038473769,0.018415879094843227,1.6735561420531153,0.14285714285714285,0.04710893205638044,0.008884091372307218,0.011025057320146397,3.283451521880007,0.047619047619047616,0.0005127213986156944,0.1144582996144198,1.8948758365771145e-06,0.41601276165953877,28,0.6428571428571429,0.09246667101979256,-0.010170474686603719,0.900048812477233,0.2361111111111111,0.3883570192401893,0.06376382375964659,2.524521098888005e-06,0.2992259024117653,0.1787615725353722,0.003404790537682346
pathway|Translation of Structural Proteins 9694635,pathway,63,53,0.8412698412698413,9.711911433962264,0.01664906816252421,0.009460345405275157,0.47294647309178994,0.4188751707417451,0.3155584737564102,0.4797331020268115,0.22907972948402094,0.01341753415027215,0.012213805134992286,0.2645804461865683,0.42857142857142855,0.39566634257221606,0.008150906974694335,0.007681015474464855,1.1063851148434185,0.14285714285714285,0.13427993273393413,0.127264799645335,1.1748650621089793e-11,0.6241234170572652,53,0.6226415094339622,0.04918532422024591,0.09103477167993297,0.25993682069862106,0.2537313432835821,0.018550704499432635,-0.5476149162909174,1.9303517450888512e-11,0.2084269239227997,0.6621698719959924,0.3200129238051701
pathway|Translesion Synthesis by POLH,pathway,19,17,0.8947368421052632,10.107635758823529,0.02011531712727302,0.004713477034274664,0.25869929682412474,0.15753643616421487,0.1782259851333796,0.3025327694045107,0.07794766323861804,0.010880026173131201,0.02297575329162467,0.4019581354709423,0.38095238095238093,0.34385741836313855,0.010075545300758227,0.017589884587267565,0.5707696248207381,0.23809523809523808,0.2840779078231642,0.04049783886878261,0.1524410472823839,0.13677356895386572,17,0.5882352941176471,0.3145294189453125,0.14302793980213332,0.0758303530527958,0.22962962962962963,0.025627240566972503,-0.6461792295040029,0.16457437365371674,0.5167848056124658,0.6201106201032555,0.5166057562201859
pathway|Translesion Synthesis by POLI,pathway,17,15,0.8823529411764706,10.44128856,0.03724880953669471,0.02224243278020592,0.36722856619144173,0.25816502273540975,0.23342747902490862,0.3785021543535672,0.1331888316866629,0.022674517745750335,0.02495115884599738,0.5841128214083875,0.23809523809523808,0.27957220461028176,0.012807902078691442,0.014306720126987095,1.7083515467601706,0.09523809523809523,0.0437855660321178,-0.019857797755404017,0.6379540049501498,-0.05695853171273968,15,0.5333333333333333,0.4999999999999999,0.1689085108439947,0.035641659482116075,0.18840579710144928,0.3508270142144165,0.017060644435064023,0.6549044736807093,0.539340101522843,0.5506303344741506,0.14538176221601615
pathway|Translesion Synthesis by POLK,pathway,17,15,0.8823529411764706,10.44128856,0.03724880953669471,0.02224243278020592,0.36722856619144173,0.08466457057544775,0.2313489967270947,0.37576511182778644,0.020944582230888686,0.006128587303133529,0.028615960713755537,1.0875127536291962,0.14285714285714285,0.13840513265186905,0.022162505134750814,0.025914456980561513,0.5821578439116114,0.23809523809523808,0.28023018288613133,-0.019857797755404017,0.6379540049501498,-0.05695853171273968,15,0.5333333333333333,0.4999999999999999,0.1689085108439947,0.035641659482116075,0.18840579710144928,0.3508270142144165,0.017060644435064023,0.6549044736807093,0.539340101522843,0.3662262176984289,0.5133527057181285
pathway|Translesion Synthesis by REV1,pathway,16,15,0.9375,10.44128856,0.03724880953669471,0.02224243278020592,0.36722856619144173,0.25595263262614043,0.2714862015951236,0.4270375899550223,0.12479542891708895,0.02241921561623968,0.033549424830506186,0.4420222997972417,0.3333333333333333,0.32923653458832614,0.0106588510218734,0.02419445363900723,1.0990104968500696,0.23809523809523808,0.13588174368560735,-0.019857797755404017,0.6379540049501498,-0.05695853171273968,15,0.5333333333333333,0.4999999999999999,0.1689085108439947,0.035641659482116075,0.18840579710144928,0.3508270142144165,0.017060644435064023,0.6549044736807093,0.539340101522843,0.6039950814390156,0.3226242517675035
pathway|Translesion Synthesis by Y Family DNA Polymerases Bypasses Lesions on DNA Template,pathway,39,32,0.8205128205128205,9.840920465625,0.03462593486361087,0.0405586870242111,0.5344013640906697,0.38385167471798476,0.361828187822629,0.5313859575797754,0.22670474178470293,0.01909653001959415,0.017112904374645042,0.9074675171460386,0.09523809523809523,0.18207980968926063,0.009667198341567974,0.013428806540279128,1.8585967745666925,0.09523809523809523,0.03154215732057174,-0.021520519057477625,0.1319845009262796,-0.07620685169274746,32,0.5,0.5699749670457095,0.1465276658825046,0.06886252445795499,0.2426470588235294,0.46331921752225197,0.25563031372647466,0.14273133051824133,0.6143009999858661,0.4348239662719431,0.11233589548527645
pathway|Transport and Synthesis of PAPS,pathway,6,5,0.8333333333333334,8.7247682,-0.03154771568659283,0.03528364725655706,-0.18051834400442918,-0.014931963853594665,-0.041427839995489775,-0.08643655996705528,0.004099844371093812,-0.0029511397214014344,0.048945306988320475,-0.5842557279703082,0.7619047619047619,0.7204758633974735,0.04178469087898172,0.10234370969059356,-0.7165306669777142,0.7142857142857143,0.7631681307747126,0.48245776097337134,4.2373898070436574e-17,0.8753140845875085,5,0.8,0.1875,0.1800103122683768,0.02500595690707987,0.1956521739130435,0.5077910425817157,0.21247356257001873,9.09540741410886e-17,0.39254926108374383,0.849774954515984,0.868757404703491
pathway|Transport of Mature mRNA Derived From an Intronless Transcript,pathway,42,37,0.8809523809523809,9.247709859459459,0.08193342667276818,0.0715431815568879,0.7675547416801431,0.379857076445529,0.628457597832082,0.7718439812847804,0.24149182518129245,0.01628530379585677,0.01089288196128878,6.026699188535439,0.047619047619047616,8.36710206902543e-10,0.027531966956565946,0.015085601426540073,3.6061843461205227,0.047619047619047616,0.00015536621485765496,-0.41435355132306995,2.3403271468355426e-22,-1.0667927445161063,37,0.6756756756756757,0.02351551371975802,0.12451419548193741,0.12267200467475434,0.21014492753623187,0.5770754636904142,0.23854055048651923,7.037540358998389e-22,0.13628309087587034,1.808144938645326e-08,0.001190191415673256
pathway|Transport of Mature mRNAs Derived From Intronless Transcripts,pathway,43,38,0.8837209302325582,9.258929442105263,0.08447341038818679,0.0747214425080985,0.7780819299456476,0.3894257751161237,0.6698307752452901,0.8022738413680215,0.2208036360152968,0.016507214999250282,0.015182029465788071,4.476752962579532,0.047619047619047616,3.789342898534852e-06,0.03537213454775273,0.019535771210408885,2.513403505374404,0.047619047619047616,0.005978624200786019,-0.4121460918102252,9.036837756160584e-22,-1.0449697396450515,38,0.6842105263157895,0.016776219839812256,0.11741806580516256,0.14565588999273835,0.23357664233576642,0.5997371865807609,0.29546438505915074,2.5892063233943247e-21,0.10969066818338782,5.617921157711555e-05,0.029094449832069366
pathway|Transport of Nucleotide Sugars,pathway,9,8,0.8888888888888888,8.901546750000001,0.10163776968072032,0.0673379269283486,0.47509148496368764,0.14660788687934675,0.3294104622614508,0.4955737473302158,0.07020030101203953,0.02102283511303668,0.06292556631331034,1.2811157577239245,0.14285714285714285,0.10007650490554648,0.02788916708028148,0.04896934092333237,1.5060158296984536,0.14285714285714285,0.06603155503937402,-0.4477000042468226,2.093097844966417e-17,-0.8763308133361516,8,0.75,0.14453125,0.13813605749089622,0.08651286080530193,0.21323529411764705,0.23690269596777572,-0.688910047507347,4.609153285547809e-17,0.3328391494259938,0.2974301719220787,0.2001278640980146
pathway|Transport of the SLBP Dependant Mature mRNA,pathway,36,31,0.8611111111111112,9.237145683870969,0.08283152725274759,0.06610823564058083,0.7368198759016835,0.41508017387778257,0.5987378948939035,0.749013201984103,0.2566758511904215,0.022379191411023954,0.015154250324190497,3.989134041505471,0.047619047619047616,3.315747123595974e-05,0.02339828068832753,0.01738034432800174,3.4195666922815935,0.047619047619047616,0.00031360477829539714,-0.43662510207870886,2.0744411043746343e-23,-1.1214346608083021,31,0.6774193548387096,0.035377772990614176,0.14559956172859398,0.07065752120970355,0.21014492753623187,0.5289520856949472,0.14847631262785332,6.94202731778913e-23,0.1634299295762068,0.0004185720378796898,0.0021613302287926016
pathway|Transport of the SLBP Independent Mature mRNA,pathway,35,30,0.8571428571428571,9.222582073333335,0.07954772924715138,0.06264280489454042,0.7216557249932857,0.34063580121628545,0.5752392603968246,0.7303516041771506,0.17770365129885488,0.016928894744810817,0.020171337805718385,3.1043471238971923,0.047619047619047616,0.0009534972506527117,0.027769517344887428,0.021056200564793983,2.4590481907185686,0.047619047619047616,0.006965295855369658,-0.4401636024868334,6.546722819509552e-24,-1.1489533679227488,30,0.6666666666666666,0.049368573352694525,0.16580516257935612,0.03922277613523442,0.19424460431654678,0.5103794390483608,0.0717277899524176,2.2931515370534835e-23,0.2084269239227997,0.008159120769008103,0.032649824322045266
"pathway|Tristetraprolin (TTP, ZFP36) Binds and Destabilizes mRNA",pathway,17,17,1.0,9.531691,-0.002415813753822474,0.015785550167945805,-0.04272009448408989,0.22231279441441792,0.02478903415896713,0.048378804481082706,0.10253592423303215,0.016537444939091983,0.030668182310031433,-0.6180105003065318,0.6190476190476191,0.7317157914950156,0.016224857793476197,0.03434909094255619,-0.5426831114241846,0.6190476190476191,0.7063259978767504,-0.01883517916472338,0.3616605252007946,-0.06056799865144137,17,0.6470588235294118,0.1661529541015625,0.1435532209725758,0.07474959804831298,0.2426470588235294,0.26563935684063006,-0.11452140013299246,0.38014605905277254,0.37694842789945227,0.8543384928169826,0.839343807015151
pathway|Truncations of AMER1 Destabilize the Destruction Complex,pathway,14,12,0.8571428571428571,9.619092541666667,0.07676041595944509,0.12081073136866088,0.4994267422625545,0.16234003435822433,0.33450945594076026,0.5013219718326363,0.0883190814775191,0.015893470536779957,0.03548108493077129,1.7154758807805712,0.14285714285714285,0.04312900687598203,0.03572096258883934,0.03975574801235126,1.0322898051837854,0.23809523809523808,0.15096818775223952,0.5745844861397373,1.0890827032648123e-21,1.1067352306360732,12,0.6666666666666666,0.19384765625,0.04994682736618221,0.5371127827984665,0.2357142857142857,0.7667199936353216,0.6634782161640219,3.0451325584706923e-21,0.3948175107328275,0.16919841159039103,0.3437222131859025
pathway|Turbulent Flow Shear Stress Activates Signaling by PIEZO1 and Integrins in Endothelial Cells,pathway,31,25,0.8064516129032258,10.29309892,0.0508098867855094,0.07634433976891444,0.5723284813911593,0.39889310849335086,0.40123398100948443,0.5726866268550315,0.25066530058801284,0.02585754497191285,0.024789459377666172,1.0065706328423252,0.14285714285714285,0.1570705764316867,0.0150248908172874,0.021107239909711556,1.6953896445625338,0.09523809523809523,0.04500076452794513,0.7993544340869344,2.3903906622965102e-27,2.3774788565127585,25,0.72,0.021642625331878662,0.03285746511552963,0.6848377598375197,0.23776223776223776,0.46316140439671266,0.22205227716049006,2.2575911810578153e-26,0.12796570380852174,0.3911425487312511,0.14864242169204675
pathway|UCH Proteinases,pathway,82,66,0.8048780487804879,10.165746507575758,0.037536086434518105,0.07341715336617315,0.7202014216972625,0.5695427805260381,0.5823513609038535,0.7360582172738287,0.4045570646506177,0.01965315037395922,0.009462666150024385,1.8898411691838883,0.09523809523809523,0.029389602824613593,0.020766532541502507,0.009989838021208605,1.6786612412947572,0.14285714285714285,0.046609041879063284,0.17061082048848492,1.3452974247163289e-07,0.4806568513056141,66,0.5757575757575758,0.13390583242329354,0.09835325964358221,0.22340232809754534,0.20567375886524822,0.5711492572695955,0.4678804220848282,1.8725482713027504e-07,0.3191213763358865,0.1292129089702839,0.15276742518201974
pathway|Ubiquitin Mediated Degradation of Phosphorylated Cdc25A,pathway,39,36,0.9230769230769231,10.984866025,0.06560999679931721,0.18219692506155452,0.716537978383605,0.500460255135499,0.5833387596470153,0.7368464342741954,0.2868108507757715,0.027075481738841806,0.02550667130202144,1.5107622082157577,0.14285714285714285,0.06542452326492212,0.014162137090587914,0.008302193539445639,6.19689958615017,0.047619047619047616,2.8793106417502025e-10,0.32079628447460407,3.80397364169752e-11,0.6049723897326327,36,0.6944444444444444,0.014408359827939423,0.29399632625439076,0.00020482055111848644,0.15441176470588236,0.30383374775749133,-0.11731844898708572,6.070170704836469e-11,0.10143701846782979,0.2266746390292818,4.8948280909753445e-09
pathway|Ubiquitin-dependent Degradation of Cyclin D,pathway,39,37,0.9487179487179487,10.997620172972974,0.08006944137695511,0.19446028461992337,0.7630571578136376,0.5342178690223472,0.635048416600353,0.7767946320767268,0.3203204428225945,0.03006602640810112,0.02159041908277324,2.316000202550546,0.047619047619047616,0.010279128815969108,0.02150537129167353,0.011457049087756068,5.111619024820963,0.047619047619047616,1.597047386850676e-07,0.3347879122572728,2.63141808240172e-11,0.6149460108990893,37,0.7027027027027027,0.010036925959866494,0.3050852373433019,0.0001134001559987666,0.1678832116788321,0.3254207774557195,-0.14144870360508913,4.225513923252132e-11,0.07850969692533608,0.06096284993210576,2.056803452762234e-06
pathway|Unfolded Protein Response (UPR),pathway,95,79,0.8315789473684211,9.452048060759493,0.04394255966690485,0.0484257113658032,0.7840647777892206,0.546897091227351,0.6585356331062495,0.7941169546932034,0.37217388815521263,0.015048612807672442,0.009206493847402254,3.138431126783977,0.047619047619047616,0.0008492742326792553,0.017977667516177763,0.009637709023491012,2.6940938025250705,0.09523809523809523,0.0035290149043751464,-0.07583767084376263,0.0013121369250772735,-0.2641227505485029,79,0.5063291139240507,0.4999999999999998,0.2074925074925075,0.009580665559270354,0.20437956204379562,0.6632813150726239,0.502943527251485,0.0015606106151805257,0.539340101522843,0.007366154058952724,0.0184405491929439
pathway|Uptake and Function of Diphtheria Toxin,pathway,6,6,1.0,10.389370616666666,0.041398332449408846,0.12545393277474223,0.2057926350825225,0.16315306800587073,0.12159402011252408,0.21682358845016872,0.07968202335102606,0.03147100366918856,0.08512759915959096,0.11661704169066553,0.42857142857142855,0.45358176627751606,0.01614580965678477,0.07136640295312749,0.35384328966684225,0.3333333333333333,0.3617281645484338,-0.6048792197707872,6.541155361474962e-22,-1.153608358671557,6,0.6666666666666666,0.34375,0.42608681640939705,3.246792377401336e-08,0.1417910447761194,0.6478568009684565,0.46887986172897,1.891150359610108e-21,0.537117464201791,0.7122127487731933,0.6028802742473898
pathway|VEGFR2 Mediated Cell Proliferation,pathway,19,18,0.9473684210526315,9.003726955555557,0.027659744324755632,0.007223252033568338,0.3386410671477333,0.14757419111664644,0.21430914338751844,0.35297295512354826,0.08953898995598311,0.00952630021966178,0.012018821763845331,1.50875389130425,0.14285714285714285,0.06568084393810333,0.007211408030505194,0.016704433296260656,1.224126310159104,0.14285714285714285,0.11045229111988542,0.36884162344822313,9.860425154127663e-24,1.236956413911919,18,0.5555555555555556,0.40726470947265625,0.1419612645419097,0.07806385823263366,0.18705035971223022,0.4918637062591513,0.22737484398840313,3.4349841725444725e-23,0.539340101522843,0.2269460054771863,0.2850742331535504
pathway|VLDLR Internalisation and Degradation,pathway,16,14,0.875,10.937503714285713,0.13384457729280283,0.0552242800582222,0.6838825176656254,0.2734065919866893,0.563699923069732,0.7209822226800664,0.164027377516872,0.02617404459142291,0.03617082254669359,2.9767233676366085,0.047619047619047616,0.0014567338169783164,0.013093752828548424,0.026535710423051383,4.5505027956349355,0.047619047619047616,2.675893802588147e-06,-0.1680856379003504,2.3573375867058177e-05,-0.365230259293416,14,0.6428571428571429,0.21197509765625,-0.016435177725500304,0.8391555624140249,0.24087591240875914,0.5018271852067809,0.24891772475908525,3.0329015368818543e-05,0.42269858065992594,0.011830163163358939,2.8505415285936105e-05
pathway|Vif-mediated Degradation of APOBEC3G,pathway,42,38,0.9047619047619048,11.008711984210526,0.05525401867962577,0.1517879058817796,0.6896773132678304,0.5572418732985117,0.5437193595641509,0.7044277267050184,0.35489612972481765,0.032058465557499125,0.0262423931067651,0.8838962600612441,0.23809523809523808,0.18837610815371508,0.011023410435915157,0.010376697203575104,4.262493872180423,0.047619047619047616,1.010790220293191e-05,0.353182620418012,1.672771960583733e-14,0.7238141834807161,38,0.7105263157894737,0.006926482630660757,0.27903064677258227,0.0004383006562801391,0.18518518518518517,0.3209083931354359,-0.10985616699247004,3.109014941318162e-14,0.05772068858883965,0.44654563192514396,9.546352080546804e-05
pathway|Viral Messenger RNA Synthesis,pathway,49,41,0.8367346938775511,9.301447446341465,0.06813836132808838,0.05552563313451218,0.7498716894456239,0.4018013496384925,0.6143049842186845,0.761076736086527,0.2469417315736513,0.016118510101290093,0.015201946291600689,3.421920471824063,0.047619047619047616,0.0003109024918636521,0.024759506076507825,0.015659993976908645,2.7700429077779085,0.047619047619047616,0.0028024454246687925,-0.32878848338075317,9.809023003800719e-19,-0.9346016105123616,41,0.6341463414634146,0.05863760297870613,0.011063130417969129,0.8913279003321223,0.2446043165467626,0.5859302084522092,0.3493276644539269,2.3203162021977582e-18,0.2219707520891365,0.0031212651742217037,0.015269734685695344
pathway|Viral mRNA Translation,pathway,102,87,0.8529411764705882,12.77802687816092,0.048089677509868076,0.2787810615152229,0.8146488211927051,0.8189055340966418,0.7032324248136903,0.8257621385884714,0.6928865494256652,0.04940867648584193,0.021340137751251074,-0.06180836278324985,0.5238095238095238,0.5246422781573911,0.009462934983521664,0.005422071089469017,7.123983047984921,0.047619047619047616,5.242597274900236e-13,-1.19712215288548,1.7255506096368993e-27,-2.8077208804798297,87,0.9195402298850575,4.1279045571139956e-17,0.26684927975250555,0.00078955732978905,0.18840579710144928,0.26219546661349946,-0.15299650398848372,2.1846601339144965e-26,3.2894239439502153e-15,0.7583584910973181,9.976584366414629e-12
pathway|Vpu Mediated Degradation of CD4,pathway,40,37,0.925,11.024154010810813,0.06308880762764259,0.1718891660034932,0.7135876650023244,0.45011176086166166,0.5669681848165233,0.7236498996090464,0.24040995547922822,0.021644175184698616,0.022195741900730964,1.8672334823635288,0.09523809523809523,0.03093449489649846,0.013741959500982295,0.012782305618798067,3.8605592448117685,0.047619047619047616,5.656390319175032e-05,0.34279718042044194,8.595618967085259e-13,0.6625959190465052,37,0.7027027027027027,0.010036925959866494,0.29187908865328216,0.0002286812549995942,0.17777777777777778,0.2790395567459671,-0.09002944406374154,1.4730395407303367e-12,0.07850969692533608,0.1317456079545039,0.0004713658599312527
pathway|VxPx Cargo-Targeting to Cilium,pathway,21,17,0.8095238095238095,9.176388205882354,0.039415474562393714,0.019630705313960294,0.41091838018086857,0.1584752536446172,0.26247959307709573,0.41581597756735683,0.08060498674201269,0.01095623033851655,0.017114604165974077,1.6628631283484554,0.14285714285714285,0.04816991827535786,0.027374265390313672,0.02935153253522239,0.4102412423484315,0.38095238095238093,0.34081449487934046,0.5588822519716845,2.41555825676242e-26,1.5598079028025678,17,0.7647058823529411,0.0245208740234375,0.11884889304244142,0.14077660829313324,0.2158273381294964,0.5109008511328835,0.21782982630182413,1.33326267418705e-25,0.13895161946614581,0.18010746569232045,0.5840570980795149
pathway|WNT Mediated Activation of DVL,pathway,8,8,1.0,8.653714525,0.09581184082555971,0.1167508215399854,0.4587912721971273,0.07068947025805154,0.31200592658277215,0.4756166420610879,0.03621052265381773,0.009418765375260745,0.036615532451086355,2.359465223282196,0.047619047619047616,0.009150648074955064,0.019169268187841433,0.028155280928068394,2.7221384447743953,0.047619047619047616,0.0032430481865501452,0.1390977274399642,0.015924507271640895,0.21942385224125013,8,0.5,0.63671875,-0.02877122877122877,0.7223101572613435,0.2446043165467626,0.7420663989341089,0.4882225604640249,0.01814454581889378,0.6725902288732395,0.055823331557740226,0.017228693491047647
pathway|WNT5 FZD7-mediated Leishmania Damping,pathway,12,10,0.8333333333333334,8.754825790000002,0.05117598034440584,0.02551540122289132,0.3503803036500851,0.050073617507887,0.21777459855908973,0.3576599459649884,0.02245657522592546,0.005243674528182767,0.03201744030919021,1.434602684432546,0.19047619047619047,0.07570017460801824,0.01355459857201099,0.02738963742947917,1.373562606268872,0.14285714285714285,0.08478875626452764,0.17109813323632522,3.827869675940972e-05,0.3614817894411414,10,0.6,0.376953125,0.21820759885276017,0.00637927259504019,0.17142857142857143,0.6971574259870433,0.5817901265898132,4.870792252320099e-05,0.539340101522843,0.2506953834421384,0.23864385041340563
"pathway|WNT5A-dependent Internalization of FZD2, FZD5 and ROR2",pathway,13,11,0.8461538461538461,9.415713054545456,0.07677809034921743,0.08603744075001027,0.47775094310216953,0.16968932802776696,0.31670314908764124,0.4810547454178848,0.08231633545984725,0.018240071100982885,0.030380676993810404,1.92681747217683,0.047619047619047616,0.027001190621604814,0.01340246270543865,0.03068135473460914,2.0656072129790894,0.047619047619047616,0.01943279140662345,-0.15149665457088768,0.0008340252263564803,-0.2852727801189754,11,0.6363636363636364,0.2744140625,0.06418742547774806,0.42749991774831797,0.2608695652173913,0.4775985690962412,0.2208708481721458,0.0010041380204008615,0.4991125958452211,0.12370006017366406,0.0764716328501386
pathway|WNT5A-dependent Internalization of FZD4,pathway,15,12,0.8,9.720573058333335,0.05816809357332784,0.08127676832828813,0.42565938108039353,0.10255200324958064,0.3062466722311369,0.46889562092901144,0.044518018990548885,0.009432733880021773,0.035117684147327285,1.3877725959618892,0.14285714285714285,0.08260315100743398,0.016584462919942027,0.03509319199145273,1.1849486550985129,0.14285714285714285,0.11801887417773649,-0.013525713047420583,0.6991718226279774,-0.026150292955704417,12,0.5833333333333334,0.38720703125,-0.050349650349650346,0.5338308749259237,0.291970802919708,0.4422550919473294,-0.04319618631556159,0.713726240072595,0.539340101522843,0.2652702098927307,0.2976692764096491
pathway|XBP1(S) Activates Chaperone Genes,pathway,49,40,0.8163265306122449,9.6421280325,0.10359538884212555,0.09955131107333737,0.8221497113537667,0.34859848647232566,0.7241519571844566,0.8400094367169331,0.22084993337728331,0.01320215822928141,0.011665837508261234,7.74854188984131,0.047619047619047616,4.6476853580239354e-15,0.021660738423156436,0.01755906316004061,4.66623131725096,0.047619047619047616,1.5338716632778353e-06,0.028489655671935062,0.5026329295797147,0.06429368085971454,40,0.575,0.21479525392169307,0.18000386710064128,0.025011238455798876,0.1956521739130435,0.810789988330667,0.719417067876892,0.5210219391984847,0.4272448498442413,1.4109044836858374e-13,1.7155143602449472e-05
pathway|Z-decay Degradation of Maternal mRNAs by Zygotically Expressed Factors,pathway,12,12,1.0,10.283046166666665,0.026948463102958686,-0.0006742766760504435,0.2494394494394493,0.17825020546146123,0.17918620915514696,0.3039150352403268,0.07871239402020706,0.0177553348696236,0.04366891286249603,0.21051882519453277,0.2857142857142857,0.4166313802379349,0.023742424734404476,0.032005015074120624,0.10017299979797929,0.38095238095238093,0.4601034906068075,-0.5006828984970195,1.3459121665021338e-24,-1.4247980323421203,12,0.6666666666666666,0.19384765625,0.28018110921336725,0.00041401798485733753,0.17164179104477612,0.36934320009242033,-0.01247552434307455,5.2001151887582434e-24,0.3948175107328275,0.6781690545501616,0.6909681396038628
pathway|ZBP1(DAI) Mediated Induction of Type I IFNs,pathway,21,18,0.8571428571428571,9.475100538888888,0.10057227478018084,0.136564861474869,0.6680746176699038,0.13909546655971514,0.5394073299779965,0.7007987028172803,0.0780445336501084,0.008896201604250423,0.022973573923116497,3.990501150701851,0.047619047619047616,3.296691461061332e-05,0.018046538128696155,0.027061064937215214,3.049611567133588,0.047619047619047616,0.0011456875447402011,0.86755017739656,2.5805787736548726e-27,1.8834848871683412,18,0.7777777777777778,0.01544189453125,0.05772614482291901,0.47555961582595807,0.25735294117647056,0.65223466173227,0.32924325072331695,2.3008656897971766e-26,0.10375976562500001,0.0004185720378796898,0.006955960093065507
pathway|Activated TAK1 Mediates P38 MAPK Activation,pathway,23,19,0.8260869565217391,10.470007168421052,0.07188985807268007,0.09759133484929872,0.5954214978506356,0.44311485341479584,0.4400664128743895,0.6111751637843031,0.23970774543505408,0.04019571489995387,0.05240938195830899,0.6047417845518288,0.19047619047619047,0.27267528997289636,0.013501279459323053,0.019615246202661397,2.9766936397379937,0.047619047619047616,0.0014568750633864118,0.44553917839929535,8.16099531772585e-22,1.1134971487448109,19,0.7368421052631579,0.0317840576171875,0.16291450484998873,0.04282598013764429,0.2222222222222222,0.45390295948548864,0.08061987501474231,2.343529060833437e-21,0.1570723777593568,0.5457786416254989,0.008639607934035698
pathway|Alpha-Linolenic (Omega3) and Linoleic (Omega6) Acid Metabolism,pathway,13,11,0.8461538461538461,9.043497736363635,0.008458542301936121,0.025463386085816143,0.08578758606424372,0.08564717985844783,0.07149087808069296,0.13344187905500593,0.039003324908836866,0.008443529525209565,0.026590851302381088,0.0005645842833626024,0.5238095238095238,0.4997747634704824,0.0013667678178020152,0.0246269422073447,0.28796812955605455,0.42857142857142855,0.38668556734710097,0.14244700749029274,0.00011921377488787057,0.3313386090672272,11,0.6363636363636364,0.2744140625,0.1404820985466147,0.08124851330339627,0.2158273381294964,0.441782649153264,0.02379630036766867,0.0001488712663878893,0.4991125958452211,0.7400845800521081,0.6280561762643996
pathway|Alpha-Linolenic Acid (ALA) Metabolism,pathway,13,11,0.8461538461538461,9.043497736363635,0.008458542301936121,0.025463386085816143,0.08578758606424372,0.19444391916344633,0.038449872044216245,0.07405243734784549,0.0997498909810691,0.021472322176205677,0.04089399157264413,-0.3182320769825529,0.5714285714285714,0.6248455486965614,-0.001999496212244204,0.028491746752427983,0.3670550143890045,0.2857142857142857,0.35678899102081474,0.14244700749029274,0.00011921377488787057,0.3313386090672272,11,0.6363636363636364,0.2744140625,0.1404820985466147,0.08124851330339627,0.2158273381294964,0.441782649153264,0.02379630036766867,0.0001488712663878893,0.4991125958452211,0.7942951890210527,0.5969894534797097
pathway|mRNA Capping,pathway,29,27,0.9310344827586207,9.224693018518517,0.05396757512764484,0.06424780690001884,0.606337645335282,0.35262530116134494,0.4516516147945102,0.622258963778226,0.1829302761337473,0.01977514579357562,0.029170217255281548,1.1721691694935306,0.19047619047619047,0.12056457187587122,0.024811077138684814,0.017579190654568005,1.6585802248742108,0.14285714285714285,0.04860020466407332,-0.2389548076450453,1.9743274511442814e-11,-0.6325997407045946,27,0.5925925925925926,0.22103416919708252,0.17332345074280556,0.03102566800046393,0.1897810218978102,0.578949259004803,0.37294946810989976,3.202630407390533e-11,0.43570324890595624,0.3381510700260041,0.15687407834605943
pathway|mRNA Splicing,pathway,215,177,0.8232558139534883,9.668340405649717,0.027409497394553308,0.037799530950193644,0.8330050557097478,0.7646255232886555,0.7132672081448729,0.8326397712557624,0.6021414050281144,0.01802260838045823,0.008174091458332896,1.1483709305118948,0.23809523809523808,0.12540773443009579,0.020957641910363235,0.005774688217008128,1.1172647321785256,0.19047619047619047,0.13194057511325857,-0.17103633764689125,4.041506257731967e-14,-0.7261548788498216,177,0.559322033898305,0.06626709611905297,0.05789694176790951,0.47425258650994423,0.22627737226277372,0.2538465529215096,-0.2911971945319349,7.41427406993994e-14,0.23404583809360816,0.34759752477906986,0.3180629702690952
pathway|mRNA Splicing - Major Pathway,pathway,204,167,0.8186274509803921,9.735286432934132,0.03344437135108728,0.043978124284281085,0.852474022862419,0.765151609927249,0.7729638426126851,0.8719454103177036,0.6108904050170627,0.01913604627713516,0.007326567712498198,1.9529369870620217,0.09523809523809523,0.02541353114216506,0.024284780942447595,0.005950165871223088,1.5393840452311427,0.14285714285714285,0.06185528337355978,-0.15298681261322541,6.850660983404349e-11,-0.597743351617756,167,0.5508982035928144,0.1077759371918771,0.056056846379427025,0.4884363893670614,0.2318840579710145,0.35239831113473924,-0.19433711075754134,1.0850425781168379e-10,0.30649038461538464,0.11825639491335932,0.19071633945579952
pathway|mRNA Splicing - Minor Pathway,pathway,53,46,0.8679245283018868,9.623401034782608,0.03644450436621045,0.054789048561242525,0.6350172305055891,0.502374462785844,0.5310892829998906,0.6937404485769998,0.3042356849525952,0.02147528146105789,0.017867430575388494,0.8377938194298588,0.23809523809523808,0.20107325527004072,0.01894685796873475,0.012378963292121336,1.413498528476305,0.14285714285714285,0.07875459687139796,-0.3884307707915051,3.1349668801564008e-22,-1.1449943430272547,46,0.6739130434782609,0.012948040896617385,0.06310141471431793,0.43537622797299597,0.1793103448275862,0.5382865211255163,0.2471182258012144,9.317209259206085e-22,0.0932697861197015,0.46217544521083165,0.22485582346385602
pathway|mRNA Decay by 5' to 3' Exoribonuclease,pathway,15,14,0.9333333333333333,9.792043228571428,0.026089029056038857,0.00969835304890719,0.2727434526060554,0.3374229816036864,0.21285435402522793,0.35099738615573367,0.1887921135221685,0.035098864941057364,0.04246401995290177,-0.21217576421195192,0.47619047619047616,0.584015043178044,0.01730451957584471,0.03489548272439357,0.2517377263290691,0.3333333333333333,0.40062189721918573,0.02191060264183195,0.5506773667093803,0.06469621715677709,14,0.5714285714285714,0.395263671875,0.19948438658116074,0.012827550246241331,0.208955223880597,0.35068185143898867,-0.051136626922750714,0.567593890504818,0.539340101522843,0.7772642798037642,0.6425068162949205
pathway|p38MAPK Events,pathway,13,11,0.8461538461538461,9.460678081818182,0.04218036782409937,0.2553046888610865,0.3263348190511915,0.1940623614837378,0.18648257906696997,0.314345245951469,0.07768796460707099,0.021421161152060275,0.043593011675569594,0.47620492079176474,0.2857142857142857,0.31696419707081414,0.01305512343291998,0.04090419448862671,0.7120356421950217,0.23809523809523808,0.238221352625136,0.5370655147977897,1.3658603609885382e-16,0.8400578802791407,11,0.7272727272727273,0.11328125,0.23319261383777512,0.003499274911443785,0.20149253731343283,0.199840740343738,-0.49731084143390336,2.836273550912681e-16,0.30649038461538464,0.5934351707272952,0.4658469702408718
pathway|p53-Dependent G1 DNA Damage Response,pathway,53,47,0.8867924528301887,10.515508589361703,0.05283845941279746,0.10318808171864818,0.7239054209754278,0.4776097659365411,0.5875352805940537,0.7401854784281692,0.29265406720644566,0.019081530378708335,0.01752469263433319,1.9262494206577316,0.09523809523809523,0.027036618819735354,0.015028346188494583,0.01015394992827514,3.7236852152496,0.047619047619047616,9.816785139163369e-05,0.318312201096579,6.4667049975618035e-15,0.7430911973366865,47,0.6595744680851063,0.019993028413026075,0.2110115690760852,0.008400060393102093,0.1956521739130435,0.33873223260052626,-0.14258770813992766,1.2196817857827368e-14,0.12081095368060779,0.12370006017366406,0.0007774162144368506
pathway|p53-Dependent G1 S DNA Damage Checkpoint,pathway,53,47,0.8867924528301887,10.515508589361703,0.05283845941279746,0.10318808171864818,0.7239054209754278,0.45761905558593324,0.5773826740327793,0.7320768555884123,0.276087063085647,0.017634969543479147,0.013774728925843997,2.555657542071112,0.047619047619047616,0.0052993685495471,0.01825476157263136,0.01600608368372202,2.160659566920625,0.14285714285714285,0.015360823200898533,0.318312201096579,6.4667049975618035e-15,0.7430911973366865,47,0.6595744680851063,0.019993028413026075,0.2110115690760852,0.008400060393102093,0.1956521739130435,0.33873223260052626,-0.14258770813992766,1.2196817857827368e-14,0.12081095368060779,0.03632631667028254,0.0633820374794357
pathway|p53-Independent DNA Damage Response,pathway,39,36,0.9230769230769231,10.984866025,0.06560999679931721,0.18219692506155452,0.716537978383605,0.5090517502476206,0.5642220778359635,0.7214091730715646,0.3322861083748204,0.027995735923395278,0.01685420628156973,2.2317432365268703,0.047619047619047616,0.012815968939724183,0.016903765342188733,0.014725998255403872,3.3074994721838413,0.047619047619047616,0.0004706644462550661,0.32079628447460407,3.80397364169752e-11,0.6049723897326327,36,0.6944444444444444,0.014408359827939423,0.29399632625439076,0.00020482055111848644,0.15441176470588236,0.30383374775749133,-0.11731844898708572,6.070170704836469e-11,0.10143701846782979,0.07073749090107503,0.0031751172961651287
pathway|p53-Independent G1 S DNA Damage Checkpoint,pathway,39,36,0.9230769230769231,10.984866025,0.06560999679931721,0.18219692506155452,0.716537978383605,0.5036775139325697,0.586109947014024,0.7390533652694402,0.30853563118257055,0.027416561158382608,0.024478566533049872,1.560280729239906,0.047619047619047616,0.059346777649777784,0.01644182149089283,0.015818448363621666,3.1082805454862723,0.09523809523809523,0.000940896716801633,0.32079628447460407,3.80397364169752e-11,0.6049723897326327,36,0.6944444444444444,0.014408359827939423,0.29399632625439076,0.00020482055111848644,0.15441176470588236,0.30383374775749133,-0.11731844898708572,6.070170704836469e-11,0.10143701846782979,0.20984999912107394,0.005823511232631467
pathway|p75NTR Recruits Signalling Complexes,pathway,13,11,0.8461538461538461,11.528472118181817,0.10094720953733197,0.04340377835499984,0.5525925477976632,0.22340147150600836,0.3496440232738797,0.5181277688700991,0.10180381084175354,0.025485038389217375,0.039083407464453664,1.9307981581889297,0.09523809523809523,0.026754009113551875,0.03606879384158827,0.05927843117134369,1.094469175613189,0.09523809523809523,0.1368746296092695,0.06796991702993828,0.04413452766048755,0.17277816865293677,11,0.6363636363636364,0.2744140625,-0.07423544197737746,0.35861360815655186,0.2765957446808511,0.42598617720532556,0.0057696405559270565,0.048931758927931855,0.4991125958452211,0.12359188992673421,0.3231762087996641
pathway|p75NTR Signals via NF-kB,pathway,16,14,0.875,11.469136235714286,0.08527067714245039,0.05960243032849534,0.566174453070875,0.4497623426386148,0.41567573436201904,0.587247099420469,0.27490132736605666,0.05516465140210961,0.05445532745136179,0.5528573079875567,0.19047619047619047,0.2901805614636648,0.015948789996789812,0.02616566554822385,2.649345456850656,0.09523809523809523,0.004032392385727763,0.40508101189215084,5.240137209522171e-22,1.1066852776849074,14,0.7142857142857143,0.08978271484375,-0.014292159453449775,0.8598975014900905,0.2536231884057971,0.4942694869994038,0.26174771546598147,1.5323795738854973e-21,0.2922213807397959,0.5595323811218827,0.020647792336557825
pathway|rRNA Processing in the Nucleus and Cytosol,pathway,199,172,0.864321608040201,11.002582950581393,0.045748576137788495,0.17963353399952176,0.8918450959152637,0.7935345100819928,0.8179801269099574,0.8998779632429624,0.6605935312619968,0.021857083668511676,0.0077178269842303575,3.095624262903756,0.047619047619047616,0.0009819953008829254,0.015185701059877554,0.005045248914629098,6.0577536599416275,0.047619047619047616,6.901778351774431e-10,-1.1658357764409748,1.6605450340442345e-27,-3.561205762770237,172,0.8953488372093024,2.037222890713208e-28,0.08745125841900035,0.27924328854734826,0.20279720279720279,0.4803211668346857,0.14433389300893218,2.1846601339144965e-26,1.250183727637157e-25,0.008346960057504866,1.1428269348717402e-08
pathway|snRNP Assembly,pathway,54,44,0.8148148148148148,9.344343845454546,0.07907763426294945,0.07977380812722598,0.7907155521829955,0.39475214880705367,0.6647077421551343,0.7985879146505347,0.2172057865771547,0.014606569602514075,0.014913042310618347,4.323132954201494,0.047619047619047616,7.691448281362366e-06,0.020952128324210305,0.01170414363033692,4.966233137132641,0.047619047619047616,3.4132940929551706e-07,-0.6199766559723304,2.78576314513619e-27,-1.753247381939365,44,0.7272727272727273,0.001828883413963922,0.07432889690954207,0.35800721875393743,0.23703703703703705,0.604807885457585,0.3168828673788573,2.3367421118741067e-26,0.021392902319302756,0.00010776479734875844,4.184567277421002e-06
pathway|tRNA Processing in the Nucleus,pathway,59,50,0.847457627118644,9.016031106000002,0.0704317873527305,0.060666193207168304,0.7911625917795517,0.2723830747386296,0.6855704152628692,0.8134580543832726,0.13953645701433717,0.0074313526982374605,0.008936310601727306,7.049937884020687,0.047619047619047616,8.949883923836501e-13,0.02528288143844738,0.014991697475438971,3.0115939831530723,0.047619047619047616,0.0012993997029938662,-0.6270487027396243,2.0507319648420647e-27,-1.9299821901695018,50,0.76,0.00015293200080179759,0.00611646418098031,0.9397901087959734,0.2537313432835821,0.46093408657589635,-0.00764015117976999,2.1846601339144965e-26,0.002565635539766999,2.282220400578308e-11,0.007778096813695678
signature|DNA Repair,signature,150,127,0.8466666666666667,9.412652993700787,0.05154703382634369,0.04341927869414551,0.8734539963431919,0.6537897385810668,0.8008386203682722,0.8894063147140863,0.48748739168876015,0.014651573579225039,0.007230325213029366,5.102877002078882,0.047619047619047616,1.6726421834910953e-07,0.0201629195267288,0.010177192258386442,3.0837694231189383,0.09523809523809523,0.0010219797138840054,-0.24771840066852496,1.2705257444827156e-17,-0.8897144270997747,127,0.6220472440944882,0.003759797549200027,-0.1120814669201766,0.1649888489063996,0.32116788321167883,0.7043902420140936,0.5371687064575569,2.832028538838221e-17,0.0381378900437128,2.921395594453625e-06,0.006234565240201469
signature|Protein Secretion,signature,96,84,0.875,9.813462159523809,0.03137393210984325,0.047351939332017985,0.7312385420787189,0.5405945877705428,0.5855984918166761,0.7386466307062833,0.36358599050575946,0.013815119314777299,0.007935441913458739,2.2127076206412273,0.09523809523809523,0.013458904834094863,0.01904889980510318,0.008233199199305784,1.4969918747719975,0.09523809523809523,0.0671976861356281,0.28134381695677324,2.9528043673952653e-19,0.997302693070928,84,0.6428571428571429,0.005817227059962913,0.21219747993941543,0.008032286831790077,0.1956521739130435,0.6103971974192982,0.2529128919483499,7.212309518063148e-19,0.05125123627331792,0.07178866187688546,0.20162452104508455
signature|Interferon Alpha Response,signature,97,86,0.8865979381443299,10.153505139534882,0.2273093105121055,0.4251984739683702,0.9619762999051356,0.6126699512943924,0.9309832317322331,0.9642582249635312,0.4294236582044334,0.018060577587334363,0.013126681849387556,15.940717945756713,0.047619047619047616,1.652671996413509e-57,0.014862267784002094,0.009054656347253871,23.46273945477071,0.047619047619047616,4.899580012187185e-122,0.38910266680508154,3.0947583711935295e-06,0.44470236321464957,86,0.7093023255813954,6.518971495599769e-05,0.2921111146917598,0.0002259456825286057,0.10273972602739725,0.9324092912777869,0.8895213168796017,4.105948931604318e-06,0.0012045925589695226,1.1706426641262355e-55,4.462117511099043e-120
signature|Interferon Gamma Response,signature,200,177,0.885,9.904425348022599,0.12087884907890489,0.17030691391861189,0.960532710142604,0.7371991039096563,0.9244892474896438,0.9607632245236732,0.5739339852161651,0.015601120852674063,0.0067660281386004075,15.5597532362625,0.047619047619047616,6.831231180987905e-55,0.004162412232012463,0.0031230277180642973,37.37284692408531,0.047619047619047616,5.3956723391496824e-306,0.5184046662846392,4.7380129742024593e-23,0.9543517855070145,177,0.7062146892655368,2.0251901909820376e-08,0.20843672456575682,0.009250317485377291,0.16546762589928057,0.8877844813353496,0.8105611722232604,1.5450042307181934e-22,6.620814085902815e-07,4.584115660926094e-53,7.643869147128717e-304
signature|Unfolded Protein Response,signature,113,96,0.8495575221238938,9.6240168125,0.04317130954883394,0.04160446468101237,0.8124334011297087,0.6318490546155001,0.7035121479197854,0.8259549528647239,0.4445297762868087,0.017563881864846143,0.009607581715243764,2.665335403117941,0.047619047619047616,0.0038455785846933455,0.02057408123835636,0.009648484470161105,2.3420495084343815,0.047619047619047616,0.009589085367802563,-0.2523879196419805,7.552282769336571e-20,-0.9959595596807123,96,0.5625,0.13073471814319382,0.17541168508910446,0.029025781226850206,0.18705035971223022,0.5268509917975327,0.3564253088843791,1.891780065010634e-19,0.31856579727001405,0.027545576940921433,0.043509195174193126
signature|mTORC1 Signaling,signature,200,160,0.8,9.933030031249999,0.020058282047333835,0.040694379824301595,0.766082764816189,0.7757304941512242,0.6238055843682867,0.7683254576451866,0.6230986650310361,0.02116079647594592,0.009115802257575191,-0.1209454085838579,0.42857142857142855,0.5481328623568087,0.008717175847755734,0.004576188285643635,2.478286620145698,0.047619047619047616,0.006600752409571186,-0.03461767450575418,0.08477301446132188,-0.14969633253121056,160,0.525,0.2900646031523547,0.44163256098739967,8.80435280375012e-09,0.13533834586466165,0.23023254279526215,-0.24880534900585555,0.09309697970558603,0.5165088998387369,0.7673195293398823,0.03163287147896969
signature|Myc Targets V1,signature,200,179,0.895,10.382150797765362,0.051194797626241025,0.1022840789136768,0.9061766250462029,0.8012889428933625,0.8307255165383853,0.9075369399003701,0.6767585469250063,0.022031246233454902,0.00900838287568175,3.2373792050417305,0.047619047619047616,0.0006031649890001573,0.01770830881751006,0.00579488796999791,5.778625744294249,0.047619047619047616,3.7656622986717625e-09,-0.8207401900130139,1.628958993624077e-27,-2.941069992788855,179,0.8044692737430168,3.336256768486173e-17,0.08913344719796333,0.2700633255741207,0.18055555555555555,0.2967751646991308,-0.2508949105407141,2.1846601339144965e-26,2.835818253213247e-15,0.005415741978698595,6.001524288508122e-08
signature|Myc Targets V2,signature,58,49,0.8448275862068966,8.984080326530613,0.1270266837969832,0.22444897680727718,0.8769989045007767,0.4826939508114965,0.8041181997365243,0.8914251847289815,0.2920723827902031,0.018686838952604347,0.015566062272893201,6.960003303664169,0.047619047619047616,1.7013237951095055e-12,0.017980856965151875,0.010606126225785866,10.281400061665918,0.047619047619047616,4.273839408501043e-25,-1.2344111174062347,1.628958993624077e-27,-3.3016026070265583,49,0.8979591836734694,3.79857922894189e-09,0.0070735715897006215,0.9303905348886631,0.24113475177304963,0.869262114749178,0.7860943213284486,2.1846601339144965e-26,1.3453301435835857e-07,4.171515074547345e-11,1.1845967925736585e-23
signature|Oxidative Phosphorylation,signature,200,166,0.83,10.43142378072289,0.0904194363227202,0.09480849602254353,0.9428626963602507,0.7792329390466461,0.898447224179052,0.9465074538140703,0.6447523136984061,0.02082031674169326,0.009042380336951986,7.6969909456924555,0.047619047619047616,6.965388198133616e-15,0.0203253346565112,0.006538703398106326,10.719877840996572,0.047619047619047616,4.1055855848135154e-27,-0.788756336322293,1.8632276066070416e-27,-2.38365556605076,166,0.8012048192771084,9.850875646831497e-16,0.18824401405046567,0.018993484740992786,0.18439716312056736,0.6603023076313904,0.3829904969098722,2.1846601339144965e-26,5.460811499873982e-14,2.0183795346864458e-13,1.1632492490304961e-25
signature|Reactive Oxygen Species Pathway,signature,49,43,0.8775510204081632,10.063903723255814,0.05881956011904868,0.04248262882520536,0.7287993884601843,0.5210994525120198,0.5921354295735974,0.7438254542607371,0.31981303813458506,0.0246804878798066,0.018917265935726083,1.8046514943139298,0.14285714285714285,0.035564617312234426,0.006280219531505524,0.011177600751052199,4.700413063384589,0.047619047619047616,1.2981788648387097e-06,-0.3220326675332765,1.5586896357405555e-19,-1.0057469416749198,43,0.6046511627906976,0.1110264100780114,0.334584770068641,2.08934683477153e-05,0.145985401459854,0.6156626001888305,0.4246445190000446,3.8514133441263727e-19,0.30649038461538464,0.1473518607955188,1.4778375470262097e-05
regulon|AATF mouse,regulon,6,5,0.8333333333333334,10.447507499999999,0.06517626175709759,-0.03182945813357807,0.2584913176588158,0.12635786954114858,0.16199389856404964,0.2788205665524335,0.035414591429511,0.02811345937374852,0.06507502957183665,0.5695395396238009,0.3333333333333333,0.28449502284362144,-0.002374953999848476,0.059235619261000426,1.1403816926316912,0.19047619047619047,0.1270636583121137,0.47051755651085486,3.1409378710910286e-16,0.8218358119863349,5,0.8,0.1875,0.24946343978602042,0.0017462939559486062,0.17142857142857143,0.6310319138965624,0.43689224827978174,6.366765954914247e-16,0.39254926108374383,0.5521022132810005,0.3109523308021976
regulon|ABL1 human,regulon,10,9,0.9,9.653244833333332,0.04458155045164331,0.12314879705833509,0.2957529526326648,0.1706246175603558,0.16528679857438403,0.28368432351005174,0.06647420218163813,0.02234768162242836,0.05925197502144365,0.37524266188879574,0.19047619047619047,0.35374000237421477,0.002316432712301225,0.03137626877069057,1.3470409132529833,0.19047619047619047,0.08898352811925031,0.11865307546129455,0.0012267345917897575,0.26061546601071567,9,0.5555555555555556,0.5,0.24572201991556827,0.0020572274745610047,0.16666666666666666,0.5006281851891193,-0.01215898409518517,0.0014631305935752488,0.539340101522843,0.6319404366277068,0.24610411790031267
regulon|ARNTL human,regulon,6,5,0.8333333333333334,8.0871166,-0.057949232068058576,0.0018723757899763882,-0.37717391534067224,0.03658207286680313,-0.11736777141494265,-0.26594943536810167,0.020765543262745254,0.007536989533612584,0.0641758676067865,-1.0204181734310684,0.9047619047619048,0.8462349107611882,0.03410054144884242,0.07083256592204307,-1.2995402936300398,0.9523809523809523,0.9031207126391452,-0.3259840169963389,1.4150276432441703e-13,-0.7079852320739805,5,0.6,0.5,0.3878025200605846,6.179229777518574e-07,0.15555555555555556,0.3053260620714174,-0.4137251990577383,2.533932928562243e-13,0.539340101522843,0.9174740741671045,0.9446094410294587
regulon|BCL6 human,regulon,17,16,0.9411764705882353,9.554616956250001,0.0012002657185223716,0.0727718635069679,0.018864613267387753,0.15059944556894808,0.012578111381735113,0.024843735491322013,0.08412815475589358,0.01095985404422509,0.025756388432695353,-0.3789191311198671,0.6190476190476191,0.6476260414270382,-0.003939798541885389,0.017652999846578893,0.2911722826193698,0.42857142857142855,0.38545977993437347,0.3977247550151717,2.3887005101509295e-23,1.1399629804623472,16,0.6875,0.1050567626953125,0.07755470336115497,0.33746901181156097,0.20422535211267606,0.48835403952991413,0.3710507516965938,7.931232162610509e-23,0.30649038461538464,0.8024520921472048,0.6268638002759263
regulon|CIITA human,regulon,31,25,0.8064516129032258,11.127637348,0.04505212899524845,0.13474830324342538,0.541166429705474,0.43585135649191886,0.35824442608431106,0.5275109828605674,0.28053481466288216,0.029976913561205458,0.019373128854895092,0.7781507853974694,0.23809523809523808,0.2182400631202061,0.0018788962579327738,0.01031807306434429,4.184234058829018,0.047619047619047616,1.4306459469839893e-05,-0.3209168232623079,7.45539073514218e-18,-0.9280040158686199,25,0.56,0.34501898288726807,0.05292127227611098,0.5131183865177577,0.26119402985074625,0.39631970011146866,0.02601255879048379,1.6705840399483795e-17,0.537117464201791,0.4864616791578021,0.0001312283152809055
regulon|CREB5 human,regulon,12,10,0.8333333333333334,10.00687944,0.07010606492455378,0.17923489698866618,0.4298468246664332,0.06726280504368401,0.29040793502478995,0.45010252516652566,0.03997408437722136,0.007159704107783474,0.03724414236602282,1.6901009613311748,0.14285714285714285,0.045504320507958246,0.0018802967821541137,0.029932122624456832,2.279349480101822,0.09523809523809523,0.011323149447769992,0.5214932164116809,3.3023388487192494e-18,0.8927622570988948,10,0.7,0.171875,0.11885533821017692,0.14075491463021156,0.18571428571428572,0.697421573708035,0.5688530417821084,7.600148072413436e-18,0.3824443717277487,0.17475303809532158,0.04982234838819045
regulon|ERCC2 human,regulon,8,7,0.875,8.984337214285715,-0.04556173271876098,-0.02697504060077631,-0.43891981198239,0.16398411994443893,-0.14172946352786833,-0.33026757299729426,0.054130285969681405,0.027257566960500697,0.04157882438484402,-1.7513554256672343,1.0,0.960057647008973,0.007022689800233062,0.03665952651334669,-1.4343999369399807,0.9047619047619048,0.924270917177605,-0.15191539084325548,1.1289022585075327e-06,-0.4276458174425546,7,0.7142857142857143,0.2265625,0.18836647223743996,0.018914456722331167,0.1702127659574468,0.1830123826419511,-0.4049888787326395,1.5087530184456017e-06,0.43570324890595624,0.9684125790636398,0.9578061516851154
regulon|FOXO4 human,regulon,6,6,1.0,10.774639066666666,0.033788734833479446,0.005747782277654068,0.1734321451760941,0.16143080714279467,0.10606020181892027,0.19178016105181953,0.08091246325959875,0.031087154953765333,0.07890518326146442,0.03423830688995441,0.42857142857142855,0.48634355997785644,-0.00014633459969044249,0.0485855051360429,0.6984607721613526,0.23809523809523808,0.2424445410027669,1.1963920117554157,1.6927383807402364e-27,2.7879476164579224,6,0.8333333333333334,0.109375,0.06489961651251974,0.42237966663556564,0.2318840579710145,0.5561351394497751,0.3391212347523027,2.1846601339144965e-26,0.30649038461538464,0.7375921240694545,0.46895990370997265
regulon|GFI1 mouse,regulon,10,9,0.9,9.4388148,0.0035360361579230095,0.02874881731811511,0.03094883580178147,0.08738751430540778,-0.0011802430609371955,-0.0023632753612205554,0.045073889330497906,0.010527474793119582,0.03142764607169976,-0.22246141563533403,0.47619047619047616,0.5880226467128956,0.007662961925704641,0.04210760539150345,-0.09800903493349376,0.5714285714285714,0.5390374404640855,0.2669180974064974,3.1911083046015362e-12,0.6626837721724913,9,0.5555555555555556,0.5,0.382043762688924,9.329575915790401e-07,0.15555555555555556,0.5223239967066448,0.29329998762218334,5.3535040636407355e-12,0.539340101522843,0.7785928533605644,0.7502614545130587
regulon|HDAC3 mouse,regulon,7,6,0.8571428571428571,10.302595583333334,0.05087364209356613,0.11448946388074015,0.24334310293749692,0.12732885570820615,0.17601785989774446,0.2993455557095865,0.0539141069919571,0.02374052036092983,0.09004660022063493,0.30132311121301525,0.2857142857142857,0.38158405959980185,-0.009382632868280808,0.04717555572769737,1.2772774805166676,0.14285714285714285,0.10075215056296383,0.4152926423924832,4.041506257731967e-14,0.6959651934897625,6,0.5,0.65625,0.23109793432374076,0.0038142907456449734,0.20300751879699247,0.5428343742114241,-0.07596138950735856,7.41427406993994e-14,0.6847125613747954,0.6503166270487596,0.26886227252096884
regulon|HIVEP2 human,regulon,6,6,1.0,12.59749925,0.17783072305022493,0.3550898562589282,0.5647949058708579,0.17758784909675196,0.41423754656946093,0.5858104214165204,0.07718535946768343,0.03473899423825554,0.08932971180517758,1.6018380214193833,0.14285714285714285,0.05459571643155028,0.016394196945589946,0.047053178412896114,3.4309377506449006,0.047619047619047616,0.0003007493062262114,0.4167611621775613,9.55425719798987e-12,0.6176814618648464,6,0.8333333333333334,0.109375,0.151239083497148,0.06031413875688483,0.22962962962962963,0.6888761195540328,0.42341588465236735,1.571829409991882e-11,0.30649038461538464,0.195532411377041,0.0020953845105924564
regulon|HSF2 human,regulon,7,6,0.8571428571428571,10.02883825,-0.021722263712554982,0.06556250865692129,-0.14621408706377936,0.10201273533788467,-0.00423460774726942,-0.008505231815075282,0.044718674162892914,0.01858177023014509,0.06776944926003162,-0.5947227605178457,0.7142857142857143,0.723985597442726,-0.010183279035115254,0.044207064554852626,-0.26102128231387145,0.47619047619047616,0.6029619524459512,0.8778632159144983,1.964495532904497e-26,1.7580103784922851,6,0.8333333333333334,0.109375,0.23388869195320808,0.0033999037336703937,0.21323529411764705,0.7034603646605552,0.347437791559784,1.1231981185888941e-25,0.30649038461538464,0.8515513254054202,0.7918928687479381
regulon|MEF2D human,regulon,6,5,0.8333333333333334,9.082215999999999,0.07965710945871352,-0.041799130483319805,0.30204531911016563,0.04154966075468483,0.1296554425783435,0.2295486529634485,0.03556757039177161,0.00859564919743265,0.07113341744160515,0.9989884194670761,0.19047619047619047,0.15890015060963442,-0.005436433202368194,0.04032743699203523,2.1100657271595984,0.047619047619047616,0.017426347434887707,-0.43945146995866763,5.933445473119259e-16,-0.8049627468594025,5,0.6,0.5,0.07319454738809578,0.36541069891802935,0.23703703703703705,0.8047063151957858,0.6770733165870612,1.1839034394721524e-15,0.539340101522843,0.39339357675200753,0.06986978924365354
regulon|NPM1 human,regulon,11,9,0.8181818181818182,10.292424288888888,0.17721340402323943,0.1054581845721086,0.6596831142235295,0.04285469171753283,0.4479346012119209,0.6187221450982658,0.023167307911586124,0.00495020070196833,0.03105803720433591,5.546493559394088,0.047619047619047616,1.4572767927513933e-08,0.005847658396861653,0.040009342127046106,4.28314329893806,0.047619047619047616,9.21357042379399e-06,0.16642874592997411,0.000975723783650418,0.28197338396073424,9,0.5555555555555556,0.5,-0.027582095324030807,0.7333448648288734,0.24285714285714285,0.8171994624736788,0.6635997478192869,0.001170317802591047,0.539340101522843,2.858504478089271e-07,8.773105760378584e-05
regulon|NRF1 human,regulon,15,14,0.9333333333333333,9.709034428571428,0.0152034069014619,0.012745839242530511,0.1777219650672788,0.1519455726555115,0.12151189208936738,0.21669300690693832,0.050983055795596935,0.012636113764470425,0.03911560267329091,0.06563348028750905,0.47619047619047616,0.473834816578388,0.012083064528310827,0.029073009478902834,0.10732780778733576,0.38095238095238093,0.4572644622651232,-0.38874662047916586,3.517161744423099e-23,-1.202779457337283,14,0.7142857142857143,0.08978271484375,0.18580129547871485,0.02063068382832737,0.2014388489208633,0.562358372306684,0.33654139509091047,1.149841339522936e-22,0.2922213807397959,0.7287568047496318,0.6883260795608407
regulon|PAX3 human,regulon,6,5,0.8333333333333334,9.62212866,0.03849522680780595,-0.0026417305986765173,0.16679317034875643,0.0689123741411928,0.08096856419751433,0.14980743544123964,0.01367020092249458,0.014586634520678427,0.08600554543265464,0.27798896183791766,0.2857142857142857,0.3905104160547813,0.006588824939658634,0.08546699839645658,0.37331838565504294,0.19047619047619047,0.3544557470980577,-0.5638298600354255,4.054491209755081e-22,-1.155086012131269,5,0.8,0.1875,0.29762817827333954,0.0001692053641456939,0.16296296296296298,0.5621021386551673,0.05433724144724995,1.1994144530017932e-21,0.39254926108374383,0.6585989159654051,0.5962936985747046
regulon|PPARD human,regulon,10,9,0.9,10.832188966666669,0.07333735759495573,-0.03462820202721838,0.41598077283461554,0.25266578068707474,0.24489620558236308,0.39344035990181286,0.10870493715618905,0.03620541517992974,0.06728360031162794,0.5518721091476558,0.19047619047619047,0.2905179892570089,0.00983183336760796,0.029423892107008805,2.158297889225222,0.09523809523809523,0.015452339369526424,-0.2770247461912304,6.561764802153865e-16,-0.801636941226134,9,0.5555555555555556,0.5,0.10628081595823531,0.18810491686017966,0.22388059701492538,0.332496745441286,0.06862231430732195,1.3051872266374695e-15,0.539340101522843,0.5595323811218827,0.06355397643918126
regulon|RFXANK human,regulon,15,13,0.8666666666666667,11.467774669230769,0.12189211042589616,0.3383646445529736,0.64343769405923,0.24486723362722865,0.47593440984475016,0.644926233401947,0.10931725962622632,0.024336825077867233,0.03650364364977976,2.672480760660108,0.047619047619047616,0.0037646345935778746,0.0042713517023108905,0.026196177018446773,4.4899970954066815,0.047619047619047616,3.5612072406554806e-06,-1.3191969535597297,1.628958993624077e-27,-3.581694574291403,13,0.9230769230769231,0.001708984375,0.07263381779510812,0.3691050755713302,0.25925925925925924,0.5404690108823399,0.21826827232628043,2.1846601339144965e-26,0.020364066150700934,0.0272722108341579,3.691495310435559e-05
regulon|RFXAP human,regulon,15,13,0.8666666666666667,11.467774669230769,0.12189211042589616,0.3383646445529736,0.64343769405923,0.30662989536205143,0.47167593718020145,0.641005163248037,0.12444661536090765,0.03289864577774115,0.060242072036639845,1.4772643376879246,0.14285714285714285,0.06980239677815987,0.02365078017089577,0.033120719007339754,2.9661593467590337,0.047619047619047616,0.001507721049206758,-1.3191969535597297,1.628958993624077e-27,-3.581694574291403,13,0.9230769230769231,0.001708984375,0.07263381779510812,0.3691050755713302,0.25925925925925924,0.5404690108823399,0.21826827232628043,2.1846601339144965e-26,0.020364066150700934,0.23525308361982306,0.008858729666998234
regulon|RUNX3 human,regulon,30,24,0.8,9.507858066666666,0.008115610067107664,-0.004125941497772995,0.1641369900140923,0.2866622877386204,0.07241424216013354,0.13504901243062864,0.16236681294502403,0.016468439052897275,0.018105876716372895,-0.461332478765652,0.6190476190476191,0.6777199567719404,0.0073072689239446955,0.013846696412217835,0.05837790611554945,0.5238095238095238,0.4767238065594548,0.29033289189615,1.5092305956376855e-23,1.2432553146039318,24,0.5833333333333334,0.27062809467315674,0.28807966227321063,0.0002780891900522552,0.17518248175182483,0.4435621540440153,0.012330746501282594,5.131384025168131e-23,0.4991125958452211,0.8245314577464989,0.705636869988354
regulon|SOX4 mouse,regulon,6,5,0.8333333333333334,8.738240260000001,-0.03320602114924611,-0.059118761589937875,-0.19146069764756912,0.09874522687386085,-0.06145622262246553,-0.13096080141127914,0.030882633546251603,0.02144295710621164,0.06665037031578387,-0.819935103083981,0.7142857142857143,0.7938734479413826,-0.006841440183567656,0.0429222433596207,-0.6142405173183715,0.6190476190476191,0.7304717986196256,0.8254110221488171,1.0949939251805127e-26,1.7253328836078328,5,0.8,0.1875,0.486848635235732,1.3337641013583447e-10,0.09285714285714286,0.6008084546666485,0.19568870344514075,6.679986864139492e-26,0.39254926108374383,0.8919319622299596,0.8517437253865766
regulon|STAT2 human,regulon,11,9,0.8181818181818182,9.711782066666665,0.1386893294079871,0.036221333961799974,0.5917019696408675,0.0843589558468465,0.4161541865578937,0.5877244024810584,0.05115673029852089,0.01013305168011795,0.032460351229306766,3.9604093258178414,0.047619047619047616,3.7410700010428335e-05,-0.0029932569189639615,0.033998304708114616,4.16734268203481,0.047619047619047616,1.5408552504747013e-05,0.46567219125342113,4.678266182339228e-19,0.9055627578113974,9,0.6666666666666666,0.25390625,0.13781057652025394,0.08726428955304691,0.2706766917293233,0.7562224227434234,0.6149545342010453,1.1275594295808158e-18,0.47122338973799127,0.00046763375013035417,0.00014032788888251744
regulon|TRERF1 human,regulon,7,7,1.0,9.844696299999999,0.03478494091621992,0.09391692722338538,0.20145002343664978,0.12704212122162523,0.12028757679442155,0.21474410550657194,0.04170888899598997,0.02036666695014099,0.06293271673336731,0.22910617425219582,0.2857142857142857,0.4093931973640794,0.007356922133726696,0.04870392149671108,0.563158323593007,0.3333333333333333,0.2866635396571762,1.2728577460340644,1.628958993624077e-27,3.425451014160342,7,0.8571428571428571,0.0625,0.16931133382746286,0.03519773373497808,0.17391304347826086,0.4910439391521347,0.3351165192968411,2.1846601339144965e-26,0.2219707520891365,0.6737808279256098,0.5184340610821272
regulon|WWTR1 human,regulon,6,5,0.8333333333333334,9.23382582,0.12320152936974385,0.0747390519663357,0.41265080551051186,0.022205021229766017,0.22495677404295975,0.36728932613759385,0.010378212509314788,0.004521321070234114,0.058275941555338315,2.036521506680627,0.047619047619047616,0.020849007872167695,0.01699290921193624,0.07474544943393134,1.4209376084050045,0.09523809523809523,0.07766744921086155,-0.652426502079877,3.60016643757351e-21,-1.0830751987068095,5,0.6,0.5,0.11875866069414456,0.14108058690416575,0.2116788321167883,0.7609449217876282,0.5962557014343679,9.766408952991968e-21,0.539340101522843,0.10152529873877424,0.22353498362042545
regulon|ZNF382 human,regulon,10,9,0.9,9.002662444444445,0.013266684224894446,0.0312075552440787,0.1079437164250669,0.18949636115088112,0.08509489334656148,0.15684322886106067,0.08899281272113244,0.02532009942045823,0.03647649129357306,-0.33044338334393264,0.7619047619047619,0.6294675172082862,-0.0100814819023979,0.02737579066737943,0.8528764122642734,0.23809523809523808,0.19686392178150647,0.1334518822968556,4.0675197375669485e-05,0.3389659105234672,9,0.5555555555555556,0.5,0.14262511681866522,0.0766676769264935,0.17857142857142858,0.49458138525238143,0.29378943836520877,5.160286234226726e-05,0.539340101522843,0.7956983158881971,0.412153530823351
celltype|Alveolar Macrophages,celltype,123,109,0.8861788617886179,10.910180768807338,0.0601002417601216,0.04337721620478011,0.8745265549585435,0.7611226871270662,0.7859141712311917,0.8801253541645735,0.6315332499840092,0.028401425181529084,0.009738163510355353,3.2551123776967477,0.047619047619047616,0.0005667375287141228,0.004805325629731696,0.0038722015009032915,14.279968673502898,0.047619047619047616,1.4586627558531905e-46,0.5230613399763508,3.37224596609952e-27,2.0261910720072804,109,0.6788990825688074,0.00011873400731374404,0.20147272082755957,0.011942320417108472,0.18248175182481752,0.6991934340087961,0.5719620187444243,2.637799758758827e-26,0.0021025813795142174,0.005198491720219472,6.199316712376059e-45
celltype|Eosinophils,celltype,127,110,0.8661417322834646,10.718758364545454,0.08157850529888436,0.057222143532277135,0.9071556616082579,0.7443006965527256,0.8445733757921667,0.9157384432369984,0.5934739203811172,0.025780018699581787,0.01082133776419931,5.156339060398158,0.047619047619047616,1.259123646522892e-07,0.0034085321842950004,0.005619305941981973,13.910965859783422,0.047619047619047616,2.717031981095894e-44,0.5532037673199407,5.858666024797192e-27,1.7712122271088346,110,0.7090909090909091,6.77860224127577e-06,0.338606554735587,1.6362831378574606e-05,0.14388489208633093,0.800907076348472,0.7051917505181384,3.9522746992679477e-26,0.00016946505603189426,2.26110232298125e-06,1.0825674299678952e-42
celltype|Kupffer Cells,celltype,137,123,0.8978102189781022,10.64734164878049,0.07236259526343916,0.04779381028284836,0.905615072123221,0.7319473932920488,0.8422089324156629,0.9143468122383774,0.5757579280803053,0.021717948928563203,0.009366738776742203,5.406860118767016,0.047619047619047616,3.206959780220307e-08,0.0025564044963925373,0.00254156248146104,27.46585664379099,0.047619047619047616,2.2462932638293382e-166,0.382210339652972,1.2072649203952264e-24,1.380645222973277,123,0.6341463414634146,0.001865722877549075,0.1934065934065934,0.01589952973343651,0.18439716312056736,0.7608667082148372,0.6142493145959624,4.692874309463151e-24,0.021625424262500643,6.195263211789229e-07,2.386686592818672e-164
celltype|Langerhans Cells,celltype,123,105,0.8536585365853658,10.93517214666667,0.04673460004924921,0.06956878076039692,0.8373377825102116,0.7456401549934032,0.7154619185391156,0.834133256829626,0.5973791485684474,0.027160188041899336,0.011755869893696898,1.6650755906923582,0.14285714285714285,0.04794883793425092,0.00386698541768435,0.0037063156428888506,11.566099264592621,0.047619047619047616,3.060120993120775e-31,0.10746436282992651,6.638984561765618e-06,0.38230160776827243,105,0.5428571428571428,0.21755724744615035,0.18422867455125522,0.021748001886227396,0.2,0.5253590857570448,0.2364313082443095,8.717513199022825e-06,0.4320646269374481,0.17980814225344097,9.754135665572471e-30
celltype|Megakaryocytes,celltype,143,115,0.8041958041958042,10.35767415826087,0.06044434049363763,0.03509728150188465,0.8809280495240391,0.7363815587913342,0.796757417106899,0.8868836822611491,0.5906126156545192,0.023714081130389024,0.010896654834218075,3.370783045077917,0.047619047619047616,0.00037477431149938583,0.00207683964837168,0.002508788991821186,23.265209244598797,0.047619047619047616,4.9902893741593714e-120,0.38335065456602707,3.017432459938029e-25,1.4665220604486044,115,0.6434782608695652,0.001342850502981426,0.30825625986916305,9.534114786808618e-05,0.17037037037037037,0.6716410696873795,0.5662672038508538,1.2655349955332194e-24,0.017294286780821396,0.003704164706679976,4.2417459680354655e-118
celltype|Microglia,celltype,158,138,0.8734177215189873,10.624317342753622,0.05733048082415152,0.05844130489870803,0.8935351086066662,0.7906408659463134,0.8211989041866558,0.9018223130914982,0.6570261844598313,0.026636867536015924,0.009577025107081492,3.2049214599468856,0.047619047619047616,0.0006754966981375952,0.0031074771320586344,0.0025049907229950474,21.645989821176713,0.047619047619047616,3.315240863523613e-104,0.2730049169111347,2.918228035373036e-18,0.9450557486686698,138,0.6014492753623188,0.01059977484616965,0.18763816828332958,0.01938868488376632,0.18840579710144928,0.7007468641168121,0.514400502767192,6.740472364312719e-18,0.08056640625,0.005980960348093291,2.6418325631203792e-102
celltype|Monocytes,celltype,176,158,0.8977272727272727,11.108267875316457,0.046200273929134145,0.06188246920052246,0.8844361407382988,0.8377264249600695,0.8101559439320569,0.8951228170675948,0.7346308626928804,0.03163983708172294,0.008693399957768017,1.6748840405531646,0.09523809523809523,0.04697849274931341,0.004245695392121248,0.002967333522840086,14.138814600408468,0.047619047619047616,1.0947066128251491e-45,0.45587559863830196,2.117931531824354e-26,1.6010473780368988,158,0.6582278481012658,4.2741714610353005e-05,0.3512326383294125,7.4286150072249764e-06,0.12949640287769784,0.6304572559481457,0.3591367124503469,1.1948507535734741e-25,0.0008514950957531263,0.1787615725353722,4.50242235920021e-44
celltype|Myeloid-derived Suppressor Cells,celltype,112,105,0.9375,11.014659544761905,0.05918497568840947,0.053746626938596616,0.8685137945391035,0.7836292204839491,0.7904852501864174,0.8829843754413678,0.63918740966417,0.033342290576802054,0.013082499740838208,1.9753629370186137,0.09523809523809523,0.02411348782666305,0.0020951731811048474,0.0031261833444392573,18.261821594326484,0.047619047619047616,8.331890990786073e-75,0.6044649528805374,2.300577280411703e-27,2.1218614115787107,105,0.7142857142857143,6.576836573096098e-06,0.3826367181205891,8.945314025044042e-07,0.1223021582733813,0.6680972702153446,0.5586610167657023,2.2054406259585878e-26,0.0001677093326139505,0.11471901857834099,4.6187656579357574e-73
celltype|Neutrophils,celltype,151,132,0.8741721854304636,10.474806316666667,0.0499635786910348,0.04878771561127405,0.8740877917134211,0.745774708834618,0.7834179040078536,0.8785578548328892,0.6061277553246757,0.021740476135287134,0.008677043677104817,3.2526173205992883,0.047619047619047616,0.0005717369022818312,0.002819435530901864,0.0035825820622912507,13.15926400021714,0.047619047619047616,7.52725901049941e-40,0.5059830616280021,2.950194147509096e-27,2.0022684570741682,132,0.6893939393939394,8.028556328829414e-06,0.40697044890593276,1.4802365332502818e-07,0.13533834586466165,0.6141069082476212,0.4513318396813542,2.4112163705603187e-26,0.00018956313554180563,0.005206889645780963,2.742072925253356e-38
celltype|Osteoclast Precursor Cells,celltype,107,100,0.9345794392523364,10.52303424,0.04735800712584166,0.035432067999188854,0.8325302649246948,0.6453451866573047,0.7217153583290574,0.8383677996919184,0.47825088494686857,0.017871238319159388,0.0072126723709665524,4.088189132973306,0.047619047619047616,2.173768209939167e-05,0.0038282347782136726,0.00396535444134759,10.97752369718425,0.047619047619047616,2.450882305882828e-28,0.5208433662215112,3.5034698015541334e-27,2.1663065493710585,100,0.7,3.925069822796835e-05,0.26246012052463663,0.0009696573421430825,0.1678832116788321,0.5310391528000334,0.2099473974737799,2.7237341445009266e-26,0.0007943593688993595,0.0002917425755444672,7.44017842857287e-27
celltype|Plasmacytoid Dendritic Cells,celltype,150,121,0.8066666666666666,10.435605014049585,0.04279894164914696,0.06568418180857985,0.8439992061962782,0.7488877340321533,0.7489665632187409,0.8564675608667639,0.5878913824615802,0.02405410280129667,0.012971338106360546,1.4450967736827927,0.19047619047619047,0.07421535254819225,0.002865618192316742,0.0027172506796118256,14.696223560255,0.047619047619047616,3.4078081918883662e-49,0.24428392372625,1.752730293786408e-16,0.8386911099516138,121,0.5619834710743802,0.10146214527571876,0.39039025490638396,5.121729427627792e-07,0.08633093525179857,0.6040361197674277,0.416912902771915,3.598600844730548e-16,0.30649038461538464,0.24755655345881855,1.4982604981578163e-47
celltype|Red Pulp Macrophages,celltype,110,97,0.8818181818181818,10.840092047422681,0.06471554349444043,0.05741648904193341,0.8703279671788994,0.7282611841010062,0.7726966999900278,0.8717754142537464,0.5743639224833172,0.026886076896580575,0.011322551898654172,3.3410724840533845,0.047619047619047616,0.0004172771616685581,0.004148508093483505,0.004874987665700458,12.424038695953174,0.047619047619047616,9.676943296507978e-36,0.43653659416165386,1.178342015144407e-25,1.5447163111923008,97,0.6597938144329897,0.001075776543962513,0.22511037349747026,0.004860231607028561,0.17266187050359713,0.7091709655606174,0.5820471556608038,5.44342778735188e-25,0.014591649931406424,0.004092526008672397,3.4272507508465753e-34
celltype|Reticulocytes,celltype,103,90,0.8737864077669902,9.397067864444445,0.07389600143049425,0.11400259270364997,0.877770189542112,0.6093833216034693,0.7894876021795628,0.8823616338196268,0.43978935788712736,0.01703859336367364,0.007832993301722052,7.258707607259251,0.047619047619047616,1.954031098802588e-13,0.021255985222036658,0.008464798037318052,6.218697241964655,0.047619047619047616,2.506497528655265e-10,-0.6407382132536491,1.793079115307046e-27,-1.8161633290048214,90,0.7555555555555555,6.246290643815515e-07,0.03210982565821276,0.6916399697331916,0.27007299270072993,0.7305705278691667,0.5237997632378678,2.1846601339144965e-26,1.8539749573563036e-05,5.300829044624042e-12,4.318627498696572e-09
celltype|T Follicular Helper Cells,celltype,110,91,0.8272727272727273,10.013736129670328,0.0540835781289397,0.06692080975722028,0.8387877511535505,0.6615497735614413,0.7527952543659343,0.8589654182265053,0.4770816207067991,0.021027934871450476,0.012460452653908695,2.6528444973562064,0.09523809523809523,0.0039908316311728555,0.001697801480856649,0.0034735410699001305,15.0813753440345,0.047619047619047616,1.0737425021762887e-51,0.13484495376083652,2.2735974871459436e-08,0.4968255669301983,91,0.5494505494505495,0.20090639803494015,0.5190293577390351,4.552803084694714e-12,0.10144927536231885,0.4659069877157554,0.1808918360899182,3.246177823192696e-08,0.4072426987194733,0.028268390720807727,5.070450704721364e-50
celltype|Thymocytes,celltype,118,100,0.847457627118644,10.073678583,0.06005293187965201,0.07108858855049292,0.8646631313730654,0.6748890229442954,0.7729645739920474,0.8719458756602483,0.5211873965933191,0.020336566408748764,0.007732910611696747,5.136017660779441,0.047619047619047616,1.4031064956400588e-07,0.0027179249525703737,0.0029909360307460776,19.169586489878768,0.047619047619047616,3.3217375065393964e-82,0.19127394761470037,2.8169667214035217e-12,0.6621520236926519,100,0.55,0.1841008086633479,0.501392156230866,3.027607333453394e-11,0.1037037037037037,0.5916513159662316,0.4050264959260164,4.738301543257903e-12,0.39254926108374383,2.484667752695937e-06,2.016769200398919e-80
celltype|Trophoblast Progenitor Cells,celltype,103,86,0.8349514563106796,9.98880785232558,0.1017102846714584,0.06515501637545826,0.9068683394781045,0.5981748787233634,0.8324658178609642,0.908574457157079,0.4210666838312916,0.017015291606017318,0.009253181405416897,9.15306739970102,0.047619047619047616,2.7669716816392083e-20,0.006010227995066646,0.005537966466117181,17.280721590120002,0.047619047619047616,3.286031877619816e-67,0.7008941167190447,2.7329985806816675e-27,2.0616988818582676,86,0.7790697674418605,9.704787135863733e-08,0.12557442557442558,0.11949341162318154,0.18439716312056736,0.8424360466275588,0.6864053349681795,2.3367421118741067e-26,3.017952097128356e-06,1.1024652794031221e-18,1.7457044349855275e-65
data_derived|MODULE_0025,data_derived,5,5,1.0,9.389865799999999,0.36639864813672335,0.06987980575419103,0.7430228985014186,0.17358746763195332,0.5333544908380687,0.6956701715420797,0.06732663331807762,0.04031620368867099,0.0854298344951688,3.8169621464793173,0.047619047619047616,6.755244420358198e-05,-0.019935674199867952,0.06841336948623955,5.647058831304857,0.047619047619047616,8.160799481987666e-09,-0.079569348353768,0.191372142773378,-0.11578271429547266,5,0.6,0.5,0.2574038864361445,0.0012233752211168979,0.14893617021276595,0.9221475038579179,0.8499247589374492,0.20608064361153458,0.539340101522843,0.0007759402374735769,1.2689047975041797e-07
data_derived|MODULE_0026,data_derived,13,13,1.0,9.34904553076923,0.3875027093603579,0.17194402925677613,0.8915940236974539,0.09387774983882144,0.7966294446329378,0.8868043958788553,0.05684296080610031,0.007906515411507786,0.025901472667179064,14.65539040295009,0.047619047619047616,6.221966104128351e-49,0.010940077968522302,0.028147551224989513,13.37816666117377,0.047619047619047616,4.056186567924818e-41,0.052695116303094786,0.38517997070993937,0.07702095747648405,13,0.5384615384615384,0.5,0.3862524572201991,6.909256059131009e-07,0.13768115942028986,0.8975737995395282,0.8075984466840956,0.4038688015256354,0.539340101522843,3.966503391381824e-47,1.5671629921527707e-39
data_derived|MODULE_0040,data_derived,172,172,1.0,10.240487743023255,0.6862171905127167,0.5197480166014202,0.9973485340121356,0.7912176320745363,0.9956252401078679,0.9978078249341568,0.6527825167432176,0.021558015063885466,0.007809039656209463,85.1140735237935,0.047619047619047616,0.0,0.02488425594727485,0.010212813583805078,64.75521452914283,0.047619047619047616,0.0,0.5861223956509759,1.2823277442917164e-10,0.5745335816663392,172,0.9069767441860465,2.5377581323402957e-30,0.16217975572814283,0.04378477583562738,0.17985611510791366,0.9853036198192919,0.9686589932050476,2.011030595291437e-10,3.235641618733877e-27,0.0,0.0
data_derived|MODULE_0041,data_derived,5,5,1.0,9.9111592,0.38848372676992343,0.14492275442045663,0.7605591781000726,0.04193590444003929,0.579106648246108,0.7334610982599735,0.010164491264950701,0.008678327705079505,0.07788891203691896,4.876244758494226,0.047619047619047616,5.406221809016405e-07,-0.006892520645950348,0.06938850783420286,5.698007634932678,0.047619047619047616,6.060781215534588e-09,-0.7575254757338837,1.3702042042004913e-22,-1.171482311123538,5,0.8,0.1875,0.14493570945183848,0.07196460718340189,0.2222222222222222,0.8769540764675406,0.7514035205351923,4.261000878916162e-22,0.39254926108374383,8.70360385367557e-06,9.540118580008148e-08
data_derived|MODULE_0045,data_derived,5,5,1.0,9.1979651,0.3266863114372612,0.3075310563821408,0.7081109455829395,-0.004063445992229556,0.5190654834962082,0.6834010635296011,-0.012090330090826515,-0.0008100559037135698,0.0753768466623234,4.3447873165629725,0.047619047619047616,6.970533351275381e-06,0.01555252270242773,0.07544954742202063,4.123733002592223,0.047619047619047616,1.8639049484467192e-05,-0.06925393121642716,0.3662909522755692,-0.07529541103853507,5,0.6,0.5,0.011366053301537173,0.8883713592265445,0.25547445255474455,0.8702403332753063,0.7495347523791227,0.38437939436325164,0.539340101522843,9.985876430197877e-05,0.00016854459640209694
data_derived|MODULE_0094,data_derived,26,26,1.0,8.131098023076923,0.5982266296334225,0.6348377826131967,0.9748193916259907,0.12750114992494133,0.9521988795970197,0.9755142158401158,0.06607092775448328,0.005589098546894764,0.007372575790275025,80.38405408707507,0.047619047619047616,0.0,0.02398685040917239,0.020881961375715328,27.499321969442114,0.047619047619047616,8.943600269036929e-167,-0.3303116374960725,0.0013041521420693323,-0.3281376248065875,26,0.8076923076923077,0.0012469589710235596,0.0447939157616577,0.5799597759666701,0.2642857142857143,0.9879346492368711,0.9751829014617436,0.0015525620738920623,0.016223190694439168,0.0,1.0366445766383714e-164
data_derived|MODULE_0095,data_derived,6,6,1.0,10.266338499999998,0.2954366947718573,0.10708037964346924,0.7155788771146289,0.0635191247896296,0.5547968814206513,0.713658340906526,0.03284124129610473,0.011178212704700687,0.06338312019051641,4.484766310221634,0.047619047619047616,3.64969444568786e-06,-0.0025647384485501753,0.056341046846280295,5.289242034026598,0.047619047619047616,6.141213721410085e-08,-0.5094792470918407,4.929150938705583e-18,-0.935402505569823,6,0.6666666666666666,0.34375,0.14690793077889852,0.06813787004305401,0.20714285714285716,0.8984596885330255,0.7947903228841505,1.1143027388031238e-17,0.537117464201791,5.47454166853179e-05,8.700052771997621e-07
data_derived|MODULE_0112,data_derived,27,27,1.0,9.021428462962964,0.4514454832599998,0.24777422922412654,0.9569341738158668,0.335945970109959,0.9203383292677522,0.9585168563694587,0.1679409732450944,0.01839247332368957,0.023344730677836222,18.55035364993335,0.047619047619047616,4.050860470943103e-77,0.03156850440933848,0.03488737613046141,12.035212315209105,0.047619047619047616,1.1601815569480125e-33,-0.3677234727598095,6.672468410227687e-21,-0.947421288566038,27,0.5925925925925926,0.22103416919708252,0.6077084206116463,5.0871289774320056e-17,0.06818181818181818,0.9551510578374028,0.9098567396326201,1.7835214304067715e-20,0.43570324890595624,4.304039250377047e-75,3.892714434496621e-32
data_derived|MODULE_0114,data_derived,19,19,1.0,9.8167034,0.4112940167015838,0.40131884059074846,0.9299434123867875,0.2878001424978257,0.863664860479721,0.926845677883745,0.14707560358684185,0.020825508402156336,0.028994155653777144,13.46714534342924,0.047619047619047616,1.2206159754504503e-41,0.013156531110059138,0.02980941124362415,13.356100271073993,0.047619047619047616,5.456679522670952e-41,0.5330050692970668,3.94196495559554e-12,0.641432599228197,19,0.7368421052631579,0.0317840576171875,0.14066900841094387,0.08084042269437774,0.22962962962962963,0.9194636124463673,0.8458439173216299,6.578540992649625e-12,0.1570723777593568,7.074024403178747e-40,2.0462548210016068e-39
data_derived|MODULE_0121,data_derived,9,9,1.0,11.124191411111111,0.3800769660705288,0.0874162991997387,0.8465770873614474,0.25000290986737406,0.719249733109282,0.8367018697260589,0.10164581985410474,0.03571482018149917,0.060713621303576916,5.671909177796675,0.047619047619047616,7.060742048875634e-09,0.010275612688946376,0.03937180620475701,9.392542253672426,0.047619047619047616,2.9284600167987816e-21,1.1953837970701693,1.628958993624077e-27,3.123320991879802,9,0.8888888888888888,0.01953125,0.13317972350230417,0.09853039860271341,0.176056338028169,0.8663695742722927,0.7048146355957474,2.1846601339144965e-26,0.11972280649038461,1.4289597003676878e-07,7.467573042836893e-20
data_derived|MODULE_0151,data_derived,6,6,1.0,9.061710833333333,0.471503537501849,0.34458081894992326,0.8425930965414472,-0.0033917342019493175,0.7284248754756981,0.8428771025124486,-0.008778359530125042,-0.0005636957784488368,0.061035641701074964,7.734288034395872,0.047619047619047616,5.199168513638406e-15,0.009320027564012387,0.07554634338332113,6.117880617897331,0.047619047619047616,4.741403144932846e-10,-0.30490385883457155,2.499144107066242e-15,-0.7975218646984673,6,0.6666666666666666,0.34375,0.8034965034965035,2.741721137391356e-36,0.0,0.9174017869088488,0.8183283978910171,4.813306248503714e-15,0.537117464201791,1.5416139197416206e-13,7.954327644459709e-09
data_derived|MODULE_0183,data_derived,9,9,1.0,8.561962044444446,0.5262538724310569,0.14551319952231023,0.909070381838863,0.10601967678413109,0.8129203597745925,0.8968075794302031,0.048713890525486796,0.013005608936777163,0.039383212019029785,13.032158556449906,0.047619047619047616,4.015163209770517e-39,0.006986252343602497,0.05173020798316022,10.03799598595258,0.047619047619047616,5.188035074027656e-24,0.09748636652602767,0.01006381509598908,0.15617410700749773,9,0.5555555555555556,0.5,0.5220199155683026,3.2660036035112764e-12,0.08633093525179857,0.9207638026829267,0.860088415057139,0.011549382760923562,0.539340101522843,2.1330554551905874e-37,1.3780718165385962e-22
data_derived|MODULE_0198,data_derived,5,5,1.0,9.407813,0.28154785098115626,0.1917519954849633,0.6620943214742142,0.0015124184319690224,0.4358114786711302,0.6070594714488307,-0.007231441213075851,0.00030285011527097225,0.05375933265164251,5.2315567733762105,0.047619047619047616,8.404419644639223e-08,0.04696862383781972,0.10708750092846442,2.1905378789261123,0.09523809523809523,0.01424262539970108,-1.1498334818905838,1.628958993624077e-27,-3.206948410460347,5,0.8,0.1875,0.10063807160581355,0.21277991900169202,0.17687074829931973,0.868470596891175,0.745235496450802,2.1846601339144965e-26,0.39254926108374383,1.5308050067021441e-06,0.06013028935304263
data_derived|MODULE_0200,data_derived,6,6,1.0,7.955933316666666,0.7676937327950414,0.2647426077644573,0.9519876466422953,0.12031512866146854,0.9119444260924461,0.9539444909036826,0.06006348897687171,0.02228708243587941,0.04511223578388151,16.523380794739815,0.047619047619047616,1.2451917580833444e-61,0.008295238894120286,0.06938615914147055,10.944524142813457,0.047619047619047616,3.5293702938995355e-28,-0.5564189991263114,2.7526672448347556e-25,-1.2617865116307783,6,0.6666666666666666,0.34375,0.7887274016306275,3.80542204278514e-34,0.023622047244094488,0.983719150645173,0.9676405736356685,1.1621360056835474e-24,0.537117464201791,9.922621822226651e-60,1.0464993313306763e-26
data_derived|MODULE_0201,data_derived,24,24,1.0,7.750027883333334,0.4921338221271004,0.34982661664100934,0.9587740103904182,0.17617666911749771,0.9281464493205995,0.9627343915164127,0.09119059738906134,0.008831824191107143,0.011600304912049981,41.662870209037045,0.047619047619047616,0.0,0.01819851558530625,0.023568264724086976,20.10904545116671,0.047619047619047616,3.074793569034767e-90,0.1331007006890619,3.0335157081849823e-09,0.45851203447542155,24,0.5416666666666666,0.4194098711013794,0.8074570590699623,6.797430245129753e-37,0.015873015873015872,0.984740337020208,0.9706535647283596,4.486928686700525e-09,0.539340101522843,0.0,2.1779787780662934e-88
data_derived|MODULE_0209,data_derived,15,15,1.0,9.661228866666667,0.37279178656342016,0.008978892321631982,0.8991478308726025,0.0791255699965791,0.8066741613942578,0.8929935221653098,0.02536938282053856,0.00569566596107331,0.026928471937618638,13.63226704629755,0.047619047619047616,1.2872818842041516e-42,0.004409111947102659,0.018763554503576838,19.632883233616205,0.047619047619047616,4.049299087561119e-86,0.4699876014887783,3.236922258364916e-17,0.8920702021983511,15,0.7333333333333333,0.05923461914062499,0.1963552576455802,0.01433720894942184,0.18571428571428572,0.8494912484611596,0.7033339838933966,7.018836529617802e-17,0.2219707520891365,7.815640011239491e-41,2.5814281683202136e-84
data_derived|MODULE_0213,data_derived,6,6,1.0,9.51641155,0.32735150970693394,0.16688911078171734,0.7448955856154168,0.1392425041812118,0.6166757538802693,0.7628935516601312,0.05953880817840814,0.026253409422995762,0.07455150235651967,4.038793193516463,0.047619047619047616,2.6863453750100868e-05,-0.007238714629491326,0.07380707932984243,4.533308015632863,0.047619047619047616,2.9033521911333695e-06,0.991051051595091,8.70712216670487e-25,1.4270786721155475,6,1.0,0.015625,0.09711901002223582,0.2292943062370687,0.2803030303030303,0.8721037501004618,0.7222672453688391,3.405392871947457e-24,0.10375976562500001,0.00034949901562631233,3.034241019422169e-05
data_derived|MODULE_0219,data_derived,7,7,1.0,9.863214285714287,0.4684412545851972,0.35821638921695353,0.8605069764187886,0.10931839808371409,0.7288687099016725,0.8431741586012349,0.04957616253680623,0.017231534353737817,0.046948555588663184,9.610726348744464,0.047619047619047616,3.601949520417312e-22,0.015732009946340882,0.06927239913887356,6.535203779087964,0.047619047619047616,3.176149520940355e-11,1.215982049844242,2.6812252506356178e-27,2.2815009390891983,7,0.8571428571428571,0.0625,0.2074183880635493,0.00960703286361092,0.17647058823529413,0.9061614181700685,0.8212510451563363,2.3367421118741067e-26,0.2219707520891365,1.4814469801716362e-20,5.703648787604159e-10
data_derived|MODULE_0221,data_derived,6,6,1.0,8.530133050000002,0.3191890083088902,0.3247392586987846,0.7377405989742898,0.18622539320110654,0.5931840273441068,0.7446522399963614,0.10329397758291999,0.036739013179494406,0.06491148714564292,4.351309876719637,0.047619047619047616,6.766331815545258e-06,0.013398148448802726,0.08926480947239272,3.4256596935286194,0.047619047619047616,0.00030665413955114403,1.3633909988201127,1.6605450340442345e-27,2.8171041991672086,6,0.8333333333333334,0.109375,0.2776159324546421,0.0004699641763553122,0.18045112781954886,0.9292943109430764,0.87076413432238,2.1846601339144965e-26,0.30649038461538464,9.803492119113869e-05,0.002124913195259286
data_derived|MODULE_0224,data_derived,11,11,1.0,9.046836672727272,0.32155372768500673,0.05962622397355932,0.8390605448940683,0.07001820833045666,0.7013748874432858,0.8244801220702931,0.03930454945610222,0.006798004478988024,0.03205010406671415,9.820739506830817,0.047619047619047616,4.583429405952867e-23,0.012359807773484433,0.03870555034156077,7.988361286249942,0.047619047619047616,6.837210644614e-16,0.45024282404690263,2.5630689513928468e-23,1.244630566191808,11,0.6363636363636364,0.2744140625,0.07052947052947052,0.3831736154161323,0.25925925925925924,0.8828102083516057,0.7574722872677419,8.466095629600725e-23,0.4991125958452211,2.0151284457206573e-21,1.4775328087937035e-14
data_derived|MODULE_0225,data_derived,6,6,1.0,9.692917833333333,0.3427229564207193,0.06654428105689894,0.7577854277939335,0.09883266638733935,0.6225939604984159,0.7674057412455452,0.04923743755635473,0.017950526386047716,0.08518941269269537,3.8123567209721996,0.047619047619047616,6.882401183006639e-05,-0.006673390806463826,0.06423243598317177,5.439562455933033,0.047619047619047616,2.670579148108305e-08,0.10807562170639476,0.03215326412054836,0.1859226420836685,6,0.5,0.65625,0.02727594985659502,0.7361947374601727,0.2589928057553957,0.9286063742877256,0.8568439523932688,0.03596088750324487,0.6847125613747954,0.0007834876346726308,3.913779786020792e-07
data_derived|MODULE_0229,data_derived,8,8,1.0,10.086875,0.36387617764253477,0.4115703795519162,0.8206653715296586,0.2777445173787618,0.7138279110423705,0.8330216895676671,0.150608427778045,0.04586430370846266,0.0639986684642797,4.96903891229499,0.047619047619047616,3.364278381027856e-07,-0.00518776614373384,0.039036966004232655,9.454216901647843,0.047619047619047616,1.627244237832788e-21,0.05022474754132361,0.3148530196078403,0.054909408406517965,8,0.75,0.14453125,0.44418806999452165,7.059516887484055e-09,0.13970588235294118,0.8661142664516115,0.7696811443223668,0.3320410256410226,0.3328391494259938,5.7192732477473555e-06,4.234155924973071e-20
data_derived|MODULE_0231,data_derived,5,5,1.0,9.0314298,0.3175203753612365,-0.0670086021372001,0.699358977109697,0.14899906405804134,0.49103232063260216,0.6586474536303428,0.047300273768187504,0.03383263791927787,0.10235376008619786,2.771639627142659,0.09523809523809523,0.002788737310704629,0.02976942424045633,0.1106905664937895,2.5995977817759655,0.047619047619047616,0.00466665419900944,0.1415730093290554,0.006901388302119682,0.2077452099797904,5,0.6,0.5,0.40493699848538556,1.729947323606343e-07,0.15328467153284672,0.88990169374941,0.7804317068577091,0.007970353338045829,0.539340101522843,0.0211645242330262,0.023517723730185916
data_derived|MODULE_0233,data_derived,85,85,1.0,9.583451136470588,0.39018542540567225,0.19369540037499874,0.9819451020052018,0.5754898335158976,0.9671392478803882,0.9832951570891488,0.3923802012232871,0.015698522211213716,0.00916524940581962,40.85943400041816,0.047619047619047616,0.0,0.006144693343995607,0.006613561794344237,58.068669198811946,0.047619047619047616,0.0,0.6462263614668221,6.218879579051778e-20,0.9989450730548465,85,0.7411764705882353,4.9059921544502465e-06,0.3568334890915536,5.175887026210854e-06,0.16296296296296298,0.9772179290252571,0.9589666419538022,1.5639194207674588e-19,0.0001315689691371209,0.0,0.0
data_derived|MODULE_0239,data_derived,10,10,1.0,9.85403575,0.30430913184184616,0.07073137116674971,0.8139258096778412,0.2828486982175313,0.6978510468052919,0.8220403646343198,0.13321577074388663,0.03794405329282915,0.06470246577425545,4.116768586198169,0.047619047619047616,1.9211075699288722e-05,0.0008298292041432683,0.02686837936535077,11.295035644355504,0.047619047619047616,6.942385626124224e-30,-0.09536584151932656,0.0009457142716021521,-0.19398432235493251,10,0.6,0.376953125,0.4561793045664014,2.4432377688206217e-09,0.1,0.8608486352682226,0.7322856298255322,0.0011353914277709453,0.539340101522843,0.0002605757608148204,2.158912603245948e-28
data_derived|MODULE_0273,data_derived,16,16,1.0,10.66053890625,0.33679437120498756,0.07677128362244866,0.8904139323599344,0.35056109979162836,0.8112953467035061,0.8958178445939643,0.2026820930614416,0.03263588647703781,0.04227882652913675,7.1941089594418335,0.047619047619047616,3.1434987753149306e-13,0.01244242088875901,0.0301953597111037,10.741781300818715,0.047619047619047616,3.239111042051993e-27,-0.19003440744035527,6.265862603307231e-06,-0.34158933276789594,16,0.5625,0.4018096923828125,-0.06475782282233895,0.42339623658192743,0.3106060606060606,0.916494251306549,0.8456266104535763,8.244556056983198e-06,0.539340101522843,8.179512119441912e-12,9.386060405946117e-26
data_derived|MODULE_0275,data_derived,8,8,1.0,9.464071375,0.3010957796600473,0.21970734659197128,0.775103496374216,0.08167526450289536,0.6370199528316002,0.7782677929242445,0.03654561232310928,0.010995188635411313,0.045025422332707295,6.44303986492319,0.047619047619047616,5.855195995884566e-11,-0.007098432206600206,0.045584872834115074,6.760887827595283,0.047619047619047616,6.857434035189957e-12,1.0455457505812742,2.6812252506356178e-27,2.0166300432668702,8,0.75,0.14453125,-0.19045470658373884,0.017609991797650864,0.3533834586466165,0.860208668973363,0.7257512753244603,2.3367421118741067e-26,0.3328391494259938,1.3573408899550585e-09,1.2490326278381708e-10
data_derived|MODULE_0277,data_derived,16,16,1.0,9.94515125,0.37919079419712604,0.0700526857646103,0.9071737404445904,0.29613949008420115,0.8319207037660654,0.9082496879431534,0.17748345865150794,0.02562224055463555,0.030894989526934553,11.444203706049034,0.047619047619047616,1.2570111970333537e-30,0.011014226674315326,0.017800255342979476,20.68378011599826,0.047619047619047616,2.4244182522094635e-95,0.051903547993686856,0.27374828455161737,0.09736969733514177,16,0.5625,0.4018096923828125,0.002201024781669943,0.9783155637414013,0.26811594202898553,0.9279852030141108,0.8465495576726626,0.29085755233609345,0.539340101522843,5.935886208213059e-29,1.8183136891570974e-93
data_derived|MODULE_0280,data_derived,6,6,1.0,8.318911166666668,0.4045944229777071,0.2234936956939698,0.8030396727479417,-0.06328794081578062,0.6702812698979282,0.8025968823070015,-0.027422153844427512,-0.010019559084037772,0.05306199155702274,7.813765934815743,0.047619047619047616,2.7752062974872613e-15,0.010855214974041487,0.08268558808073084,4.761884351832084,0.047619047619047616,9.589679512586455e-07,-1.1158765220511933,3.322253142527403e-26,-1.782581765867041,6,1.0,0.015625,0.15314363056298538,0.057115326552331806,0.22794117647058823,0.9531139817096191,0.9094684433165298,1.7360134248862454e-25,0.10375976562500001,9.072789818708353e-14,1.1321149424581231e-05
data_derived|MODULE_0281,data_derived,13,13,1.0,10.060650730769233,0.35958717396438605,0.08261394416729043,0.8795094500623439,0.29813026791889174,0.7761479153545204,0.8739676562349827,0.1624924998419975,0.031640463578842315,0.04442661283826462,7.3817626290673095,0.047619047619047616,7.810375611736228e-14,-0.0009137092315851598,0.021394669080767256,16.85003314774537,0.047619047619047616,5.242794549287367e-64,-0.696847715234812,1.4442462565925225e-25,-1.4689944479626096,13,0.6923076923076923,0.1334228515625,0.235773903515839,0.0031434200625648457,0.1897810218978102,0.8606407780033486,0.7368437074590292,6.529836798423639e-25,0.31856579727001405,2.1648323706442805e-12,2.673825220136557e-62
data_derived|MODULE_0288,data_derived,5,5,1.0,9.439669,0.2647860722364733,0.15186648391518182,0.6429517194543498,0.19446477905941328,0.4281958213340408,0.5996318081004804,0.08656573161673242,0.046058334956868105,0.09882946621945084,2.21318343249897,0.047619047619047616,0.013442500918353816,-0.016086584461689986,0.0737400152838574,3.808958482269935,0.047619047619047616,6.977669283552732e-05,0.5401553393625655,8.413250812030724e-15,0.75187547515891,5,0.6,0.5,0.13790080886855083,0.08705545209651773,0.22058823529411764,0.8731501901358455,0.7559234917495609,1.5751681035740343e-14,0.539340101522843,0.07178866187688546,0.0005702902779826752
data_derived|MODULE_0297,data_derived,6,6,1.0,9.475685833333335,0.33435020727127107,0.07108743335462675,0.7508563546263203,-0.008126828261439907,0.6005372323558134,0.7504195718982296,-0.00048704642523280295,-0.0013453601180490056,0.03818751817910472,8.790714437499227,0.047619047619047616,7.430593245173391e-19,0.020050203302630493,0.07192597597346023,4.369770444055055,0.047619047619047616,6.218860799550897e-06,-0.8470663874942671,1.2498024818315687e-26,-1.7864900931437593,6,0.8333333333333334,0.109375,0.15635332409525957,0.05204127375801731,0.2074074074074074,0.9353224516443582,0.881946001750068,7.446253104370327e-26,0.30649038461538464,2.870911026544265e-17,6.292894856688409e-05
data_derived|MODULE_0298,data_derived,51,51,1.0,10.220982323529412,0.397367381085629,0.38614334900973324,0.9711221985126465,0.44828068392897313,0.9437921317438023,0.9710833955245138,0.27763121913341904,0.015681844965800718,0.012827971713939882,29.754161034285634,0.047619047619047616,7.65998334118802e-195,0.0021304447572666973,0.008737734973296047,45.23333993721157,0.047619047619047616,0.0,0.42130463194530876,5.2077569680806715e-09,0.5206652702602057,51,0.7058823529411765,0.0023006548558832662,0.1694950211079243,0.03499686009710711,0.18571428571428572,0.9565312370709029,0.9210394314153277,7.588445867774692e-09,0.025507260358705777,1.0851643066683029e-192,0.0
data_derived|MODULE_0299,data_derived,5,5,1.0,9.3669282,0.3310854141637173,0.3302504356886361,0.7122133125648289,0.05305632805960064,0.49210725391994375,0.6596137812843136,0.01305893771408789,0.011081625915944212,0.09244991832834794,3.461374482898275,0.09523809523809523,0.00026871233177718976,-0.01861306160773234,0.05983786673731883,5.844099979475951,0.047619047619047616,2.5465716780939416e-09,-0.6945480769412526,4.7747040363158443e-17,-0.8831594469066966,5,1.0,0.03125,0.41388289130224615,8.645677716723938e-08,0.11594202898550725,0.8866982299643841,0.7553181558604063,1.0231508649248237e-16,0.15625,0.002779040736627253,4.109973277936425e-08
data_derived|MODULE_0303,data_derived,7,7,1.0,8.827830142857144,0.34347430511423754,0.20650947321914023,0.7855084080668172,-0.013421341815905296,0.607468980137723,0.7558080282030413,-0.021359519241645496,-0.0018955283729450065,0.041037400490699025,8.415977361077228,0.047619047619047616,1.9481627926454832e-17,0.015674319700280024,0.06752773238666061,4.854301689519059,0.047619047619047616,6.040584876059182e-07,0.28419233329756816,1.2108936328142977e-07,0.46293555979880396,7,0.5714285714285714,0.5,0.3048983274789726,0.00011455849978289249,0.18518518518518517,0.9156771403626894,0.8333926940075543,1.6891568729083472e-07,0.539340101522843,6.899743223952753e-16,7.265797846203262e-06
data_derived|MODULE_0304,data_derived,8,8,1.0,8.87807805,0.33004606200047315,0.16121099733935337,0.797616712161382,0.057256647367808035,0.6683094037356254,0.8011816060488159,0.019147584566744827,0.007534559063421468,0.050279168213960765,6.414416037365978,0.047619047619047616,7.068183705098637e-11,-0.01185847425228492,0.028985765540238607,11.795601388485652,0.047619047619047616,2.0562609618375668e-32,-0.5352897277074764,6.925140210402869e-17,-0.8602365486918563,8,0.75,0.14453125,0.25788405143243853,0.001196902131896832,0.1267605633802817,0.8935652315305603,0.7987379710331394,1.4715922947106097e-16,0.3328391494259938,1.6092739685715646e-09,6.72239160600743e-31
data_derived|MODULE_0306,data_derived,11,11,1.0,10.66058118181818,0.31424386082469663,0.052521412313398116,0.8344559318730598,0.22608434050161305,0.7045506394980076,0.8266702357467052,0.10953754376153291,0.02587026997907117,0.05049967141101647,5.710405291522688,0.047619047619047616,5.635372217949439e-09,0.018427364284793583,0.040180677885107055,7.362157935357962,0.047619047619047616,9.048034294770793e-14,0.08874710291972555,0.009663329369994821,0.1988741393343497,11,0.5454545454545454,0.5,0.3356063291547162,1.96420518768471e-05,0.15037593984962405,0.7943260377924792,0.6008320023865067,0.011109779032230295,0.539340101522843,1.1588870286912152e-07,1.8606844719085097e-12
data_derived|MODULE_0328,data_derived,16,16,1.0,8.7316544875,0.39063126864810066,0.28972379511160445,0.9111638628716662,0.18637803108722964,0.8394008363808487,0.9126894147035719,0.08907307308133214,0.014114918187377565,0.02884220266871102,13.054354925159044,0.047619047619047616,3.0008114993486596e-39,0.010525485211402265,0.025818323157701564,14.722326508773032,0.047619047619047616,2.317190179975951e-49,-0.03464931038754295,0.47729397753529057,-0.04255089179051222,16,0.5625,0.4018096923828125,0.366362669588476,2.7547146260291413e-06,0.13432835820895522,0.935938659746891,0.8728385833298689,0.4959656245782359,0.539340101522843,1.66349333116067e-37,1.0551490998104777e-47
data_derived|MODULE_0340,data_derived,9,9,1.0,8.206496411111111,0.32612780796349816,0.059609923433191984,0.8132812419947779,0.07643551482071796,0.6717002981091311,0.8036133018207807,0.03487480438218776,0.009111923479800233,0.02593223267282939,12.224781741058985,0.047619047619047616,1.1459822570390276e-34,0.009064976266327051,0.03987753373327614,7.950913760561761,0.047619047619047616,9.257039980549754e-16,-0.34739417457286703,5.999570940685371e-12,-0.6553963594427052,9,0.6666666666666666,0.25390625,0.21345751023170378,0.007657235721495387,0.19852941176470587,0.9266245159923586,0.8510287826450367,9.960225194497198e-12,0.47122338973799127,5.844509510899041e-33,1.9671209958668226e-14
data_derived|MODULE_0342,data_derived,12,12,1.0,9.405976408333334,0.35083307012391013,0.09194124964503096,0.8664035705686872,0.2510008902916613,0.7614992625049176,0.8646035552941843,0.1582360527393169,0.02716756752346664,0.02990800255786822,10.822036743316156,0.047619047619047616,1.353469588744246e-27,0.02218508283963118,0.035954236965746095,9.140730412312315,0.047619047619047616,3.1015963688971505e-20,0.31623209671215075,5.679753304929803e-11,0.5751791834998041,12,0.5,0.61279296875,0.1724759111855886,0.03187013398322203,0.2198581560283688,0.9030495649089757,0.8079974239844653,9.018288248798878e-11,0.6543643510521356,6.16312044874612e-26,7.323213648784939e-19
data_derived|MODULE_0343,data_derived,184,184,1.0,9.598604125,0.39543265152485146,0.16028884260655749,0.9917593655678995,0.7658478607006509,0.9837338259552476,0.9918002234816359,0.6249034129299353,0.017465236695193075,0.0061935039421378785,61.02642677889236,0.047619047619047616,0.0,0.005948247181818427,0.0022282262852586047,174.79571393613196,0.047619047619047616,0.0,-0.18059537326383768,0.0001454771294884275,-0.3094976272227163,184,0.5760869565217391,0.02312236402107461,0.09022912571299667,0.26419547947560784,0.20863309352517986,0.9849003813715124,0.9724462195114171,0.00018149054804084645,0.135234009756285,0.0,0.0
data_derived|MODULE_0348,data_derived,6,6,1.0,8.180120449999999,0.757917979023931,0.6084202126449971,0.9494566285888615,0.14233630695077615,0.9060979126372747,0.9507359581372175,0.07577089925322564,0.02691522983840418,0.042596844636866034,17.160960052728182,0.047619047619047616,2.6023069769860033e-66,0.03136682685542965,0.0790073262490408,9.195997215224354,0.047619047619047616,1.8576613220106365e-20,0.06164849092045129,0.04144012446206538,0.13977854479872093,6,1.0,0.015625,0.7613289935870582,1.3607379654002407e-30,0.0,0.9656360523943274,0.9375043336588615,0.04610485051407798,0.10375976562500001,2.2119609304381026e-64,4.468902236912381e-19
data_derived|MODULE_0376,data_derived,13,13,1.0,10.985835115384617,0.40377554049137326,0.235158319685016,0.8979994529034202,0.27518320275853675,0.7972406428883325,0.8871829668920606,0.14003970980556812,0.028375833518582822,0.0387755742542233,9.681344872201427,0.047619047619047616,1.8096164915570275e-22,0.014025667356044508,0.03825503838011659,10.188197153604344,0.047619047619047616,1.1193866525605873e-24,-0.6245543809652806,5.746971088453989e-18,-0.8841844203890827,13,0.6153846153846154,0.29052734375,0.1766781605491283,0.027867238388355167,0.17266187050359713,0.8360161723603899,0.6996785023194696,1.2945915437771796e-17,0.5165088998387369,7.690870089117366e-21,3.036634004286699e-23
data_derived|MODULE_0396,data_derived,95,95,1.0,9.500548001052632,0.3807029543108715,0.10536156022539538,0.983164906825573,0.6690095636271814,0.9666585752301625,0.9830466634169404,0.498448279427825,0.020832916859397033,0.009538783389136184,37.727037376835085,0.047619047619047616,0.0,0.002531459637259307,0.003217654804932963,117.53016330211688,0.047619047619047616,0.0,0.306521341607847,6.1600801909912845e-09,0.5330003036035291,95,0.6210526315789474,0.011744001418460572,0.08733202281589378,0.27990185524704586,0.18309859154929578,0.9738677216752162,0.9554465525897747,8.935269901608517e-09,0.08556343890592702,0.0,0.0
data_derived|MODULE_0400,data_derived,5,5,1.0,8.4544736,0.3617776623264171,0.27933936578619306,0.7391935105775993,0.012878597029800027,0.5378804796733826,0.6995088198110407,-0.009018057237099591,0.0026025329848145566,0.07239526949782603,4.961306613443691,0.047619047619047616,3.5010280430768233e-07,0.004751863006136968,0.08054325259546895,4.432721398941431,0.047619047619047616,4.65255357906652e-06,0.24078623368082988,0.0005052680378364411,0.27480981471517,5,0.6,0.5,0.21147562115304053,0.008254409494278242,0.19708029197080293,0.914551376658251,0.8165437342736284,0.0006141246408402884,0.539340101522843,5.873435203845986e-06,4.7838756558950096e-05
data_derived|MODULE_0426,data_derived,11,11,1.0,10.311129545454547,0.4131886370278097,0.5094121149349723,0.8856538667007955,0.2080382188886842,0.7836587632845091,0.8787092906060627,0.10986193613448707,0.023323669611660332,0.045707713194936335,8.529522484606385,0.047619047619047616,7.34765172431617e-18,0.002064679902902787,0.025689373580669205,16.003658315525076,0.047619047619047616,6.0241278460128395e-58,0.5534819648489196,1.998172595682118e-11,0.6044326108506636,11,0.8181818181818182,0.03271484375,0.2548967161870388,0.001370507230909499,0.16911764705882354,0.8888446410480211,0.7838237050046025,3.233083831846067e-11,0.158598577115019,2.676644556715176e-16,2.9541396167947575e-56
data_derived|MODULE_0427,data_derived,54,54,1.0,9.089557742592593,0.378069480987213,0.4489159524634812,0.9704373084231231,0.552436716912173,0.942863639298812,0.9705916773851361,0.3740794775611037,0.02234699160597358,0.012252740236040498,29.032076297097113,0.047619047619047616,1.2956239276687412e-185,0.00422823973298061,0.00759201323624757,49.24138428386187,0.047619047619047616,0.0,0.3963157864375467,1.4110580290190098e-07,0.46317079708852343,54,0.7222222222222222,0.0007481294426967542,0.29457961393445264,0.00019866617294879476,0.16666666666666666,0.977527823764067,0.9620866786393767,1.959802818081958e-07,0.010717584712790579,1.651920507777645e-183,0.0
data_derived|MODULE_0446,data_derived,7,7,1.0,8.477631457142857,0.3598176306597582,0.017017624531935602,0.7973404675153041,0.11941163718676166,0.6360346550451932,0.777532007752762,0.054908842163869355,0.019003909239768253,0.04903263746185365,6.950752377641031,0.047619047619047616,1.8167157595075038e-12,-0.004051659845243638,0.042398352900374386,8.58215627762721,0.047619047619047616,4.655551139707973e-18,-0.03340269930431009,0.43391116244565664,-0.050787217193323735,7,0.7142857142857143,0.2265625,0.2321420514968902,0.003654211805283777,0.17518248175182483,0.8886316796572163,0.7690473404087012,0.45273055001490364,0.43570324890595624,4.370401119569939e-11,1.0599692327013688e-16
data_derived|MODULE_0471,data_derived,6,6,1.0,9.480211333333333,0.3455733422808139,0.07761480369720308,0.7600958085733066,0.08471938683769266,0.6263567842094342,0.7702575354815565,0.052018122525974486,0.015192479065421252,0.06256646853061167,5.2804780415846615,0.047619047619047616,6.442363318726058e-08,0.020354751364671166,0.08183327095751909,3.974160963026501,0.047619047619047616,3.531389437943389e-05,0.9013963028772518,1.4711838292132102e-25,1.478425413265133,6,0.8333333333333334,0.109375,0.12828784119106698,0.11164944450585043,0.21804511278195488,0.8763133332307614,0.746588195502975,6.604786557207194e-25,0.30649038461538464,1.1904367001993803e-06,0.0003062939818624368
data_derived|MODULE_0472,data_derived,5,5,1.0,9.374061919999999,0.3543079141907762,0.003085791898982215,0.7328795177728786,0.13326297285305613,0.5337172292876798,0.6959786577289214,0.05602493721582458,0.029833114156140754,0.08485462422743881,3.823890600999355,0.047619047619047616,6.56811095858663e-05,-0.004641219112251188,0.06565155545372432,5.4674886348433756,0.047619047619047616,2.2822823270138982e-08,-0.5167379008864198,7.130949848888175e-21,-1.060301280846183,5,0.8,0.1875,0.4792336695562502,2.8209161297326617e-10,0.1323529411764706,0.8654494100245587,0.7370357191666635,1.90208390320762e-20,0.39254926108374383,0.0007613037701998139,3.38361624063107e-07
data_derived|MODULE_0473,data_derived,140,140,1.0,9.573912411428571,0.395302693177749,0.07595291808492721,0.9891916187963491,0.7150615746523902,0.9795328933290111,0.9896606382546294,0.5537880587901347,0.0176095603276539,0.007400827842182837,51.033903355694925,0.047619047619047616,0.0,0.004702205444880616,0.0028749686030192807,135.86252292378475,0.047619047619047616,0.0,0.33921605083538137,1.5064861026633688e-10,0.6013750913031642,140,0.6428571428571429,0.000456556437000789,0.5158615577970417,6.450061547305099e-12,0.09774436090225563,0.9842504556505242,0.9734944062396024,2.351003403789223e-10,0.006848346555011835,0.0,0.0
data_derived|MODULE_0488,data_derived,12,12,1.0,9.754299333333332,0.4071509695454399,0.13254110639823774,0.8917894232358743,0.28227555767234197,0.8028582472006621,0.8906504418162413,0.16132613185467598,0.031734294064127325,0.048258169274049675,7.779339355983174,0.047619047619047616,3.645212804877933e-15,0.003628746757440301,0.03249459609330861,12.418133206804013,0.047619047619047616,1.0418344356031184e-35,0.6879652981753377,3.1488129164822554e-21,1.1220695725653562,12,0.8333333333333334,0.019287109375,0.1395346588894976,0.08334264283110585,0.21641791044776118,0.9556783039967843,0.9166837194618634,8.596866099603588e-21,0.11972280649038461,1.1335722746876498e-13,3.5901051497134484e-34
data_derived|MODULE_0495,data_derived,12,12,1.0,7.865145258333333,0.3483116714437947,0.26188918313807447,0.8651147701038993,0.1648612757656724,0.7607001590326853,0.8640882493594003,0.09015455179657708,0.016184249302126044,0.017362077950908314,19.129474195471694,0.047619047619047616,7.175719299691879e-82,0.02201665545771709,0.04691163965740704,6.955523583677549,0.047619047619047616,1.7562750598975963e-12,0.3826020858282551,7.979310934346655e-10,0.46496907169126,12,0.5833333333333334,0.38720703125,0.1729270729270729,0.03141821120093092,0.18439716312056736,0.9325777906266457,0.8601607031005253,1.2068352836645299e-09,0.539340101522843,8.317311006461042e-80,3.293015737307993e-11
data_derived|MODULE_0512,data_derived,96,96,1.0,10.17840774375,0.3625091721406372,0.4996687153308323,0.9820112831511679,0.6737181434148117,0.965247454152079,0.9823164529359916,0.5181825818841911,0.02105581310774555,0.008775326153214155,38.91061745982249,0.047619047619047616,0.0,0.01780358342070514,0.011689121019024428,29.489436216710597,0.047619047619047616,1.9664134559698354e-191,0.34188993979468135,0.00023209832389873224,0.35902438776252243,96,0.6875,0.00015279866379663143,0.2956720698656182,0.00018759978458328453,0.1267605633802817,0.960155690660633,0.917552368387384,0.00028647179377626683,0.002565635539766999,0.0,2.50717715636154e-189
data_derived|MODULE_0522,data_derived,5,5,1.0,10.2935024,0.27119551687934973,0.40656882019858714,0.6504169455042724,0.023636835573942815,0.4309200515001193,0.602297872684585,0.01401169394718203,0.004818482049117348,0.08780096291227951,3.0338737297945726,0.047619047619047616,0.0012071772994279855,-0.00979569844465369,0.06560648288708246,4.28297940933104,0.047619047619047616,9.220362132476316e-06,-1.0574472306004261,4.579147922965262e-24,-1.2932172441698173,5,1.0,0.03125,0.11051206857658469,0.17102304589708858,0.2318840579710145,0.7514021317991282,0.5104840537375513,1.6217815560501968e-23,0.15625,0.00986635292801719,8.773105760378584e-05
data_derived|MODULE_0531,data_derived,8,8,1.0,9.122238424999999,0.33571311638270274,0.11627858556021096,0.801704923365323,0.07690315718902807,0.666434271258249,0.7998326519713912,0.03097470667713287,0.010306416093404283,0.04350754469296136,7.479316577980616,0.047619047619047616,3.735505244196299e-14,0.03358071944236994,0.05790084676357705,5.2180998004055335,0.047619047619047616,9.038403019356824e-08,0.6969371834007848,2.277515943409947e-18,0.917231694584446,8,0.875,0.03515625,0.22750797589507266,0.004413948507401784,0.21014492753623187,0.8845125416125184,0.7857772702731034,5.318375142578173e-18,0.1629971590909091,1.0583931525222846e-12,1.2391358978150486e-06
data_derived|MODULE_0532,data_derived,11,11,1.0,9.641917636363637,0.36510042300460205,0.18193195984053032,0.8634919373124037,0.04642167481779417,0.7318865045466338,0.8451899158810341,0.011565856861089002,0.004406096225429277,0.022599177788086337,15.960506623799423,0.047619047619047616,1.2038452190057318e-57,-0.0030772957519474937,0.019238491744121386,19.13755629357233,0.047619047619047616,6.145031884455523e-82,0.7117873617588787,2.8279283396764957e-22,1.1112530240793543,11,0.7272727272727273,0.11328125,-0.0011246817698430602,0.9889186676310543,0.2206896551724138,0.9262559973470642,0.8672443109296393,8.424319236185822e-22,0.30649038461538464,9.028839142542988e-56,3.5613252966730875e-80
data_derived|MODULE_0535,data_derived,6,6,1.0,10.451152666666667,0.3609071771059952,0.25702383831868636,0.7721217167548436,0.165389013376828,0.6368744501448126,0.77815919246399,0.10327924031535582,0.031971246297438805,0.04724194540850837,6.962793931625735,0.047619047619047616,1.667948055653221e-12,0.023961785599607478,0.0738148143640568,4.564739401017298,0.047619047619047616,2.500575981804102e-06,-0.3171494036071015,1.1322303834251499e-07,-0.43922486731976956,6,0.8333333333333334,0.109375,0.3509812767877284,7.548848076503624e-06,0.09027777777777778,0.9423164149622686,0.8950165465731443,1.5828878715647654e-07,0.30649038461538464,4.169870139133052e-11,2.701893539661212e-05
data_derived|MODULE_0540,data_derived,33,33,1.0,9.694961933333333,0.4150248389543715,0.14564212931039505,0.9590376328956673,0.45452426162845155,0.9172665677221987,0.9568482371358029,0.2603602268076715,0.02462848843194585,0.02193313855058343,17.799383778207197,0.047619047619047616,3.5725368005540387e-71,0.007422267174865845,0.009090808384067232,44.836779586497464,0.047619047619047616,0.0,0.20496004959354042,9.065390637499718e-05,0.3113267845535474,33,0.6666666666666666,0.04007165622897446,0.06906641745351423,0.3931438004490494,0.2537313432835821,0.8691968897831878,0.7386523262500648,0.00011410042510179802,0.18117504146078878,3.503834169774153e-69,0.0
data_derived|MODULE_0541,data_derived,22,22,1.0,9.917799045454545,0.4172200917135489,0.23941678198712785,0.9402988650139026,0.30758034161478626,0.887393820537525,0.9403377407316058,0.15812166721753207,0.019791779558558795,0.023011249574176114,17.271044359146646,0.047619047619047616,3.886153677044604e-67,0.006148542548394806,0.017230864683020635,23.856698820821553,0.047619047619047616,4.314275642345163e-126,0.36018284274365847,2.756592174236605e-07,0.4718888222618526,22,0.5454545454545454,0.4159059524536133,0.3718281718281718,1.9009599656330468e-06,0.11764705882352941,0.9130350518908043,0.830710252726995,3.7832669775583117e-07,0.539340101522843,3.5391756701656216e-65,4.231308803069294e-124
data_derived|MODULE_0547,data_derived,9,9,1.0,10.337917611111111,0.3049959622089213,0.041138465259645624,0.7979620453234052,0.25666914578443556,0.6396432667337765,0.780222478524816,0.10330279969820585,0.0369486389517257,0.07570683194613323,3.54059622317727,0.047619047619047616,0.00019961201544756117,-0.0059845426713039575,0.04323454139947942,7.192871597892551,0.047619047619047616,3.1721300902959867e-13,0.7761633471695881,9.412357811262907e-27,1.7651018579747775,9,0.7777777777777778,0.08984375,0.4720247494441042,5.637425332653965e-10,0.09420289855072464,0.8078759528368865,0.6629836945306793,5.8540274192001e-26,0.2922213807397959,0.002138700165509584,6.185676496287814e-12
anchor|NOX2_complex,anchor,6,6,1.0,12.385343166666667,0.02657311498594742,0.034071161443571335,0.14073928402809247,0.2673161654446853,0.1400823766990599,0.24574079831783335,0.15917303937741709,0.05732192529575392,0.06560920073514008,-0.4686661316594508,0.6190476190476191,0.6803458504152344,0.029571346235022895,0.07323232022211879,-0.04094136632543704,0.42857142857142855,0.5163286802405789,0.8786636656340957,4.7389238986456985e-26,1.688508418982214,6,0.8333333333333334,0.109375,0.21563275434243176,0.007046219881662535,0.1678832116788321,0.3721999097523519,-0.2424778892874611,2.3602062385833067e-25,0.30649038461538464,0.8267150344897849,0.7371994034789899
anchor|NRF2_targets,anchor,7,6,0.8571428571428571,8.655976583333333,-0.0553102214140627,0.35998321332514654,-0.4587211781339065,0.07796726453210664,-0.1927796792769951,-0.4776383208597318,0.03134078574656709,0.013897502642753804,0.061075333149097105,-1.1331534432708965,0.9047619047619048,0.8714250892703556,-0.0013183327741158042,0.05728051939843552,-0.9425872741199611,0.8571428571428571,0.8270539742154008,-0.15062149830869725,0.01952873313130983,-0.2161604312295024,6,0.6666666666666666,0.34375,0.625203828429635,3.4544441109345755e-18,0.06666666666666667,0.3495762326053052,-0.30423916363493203,0.02205414946184237,0.537117464201791,0.9305418666831686,0.9074817703310121
