set,family,n_genes_present,rho_day0,p_day0,rho_day-7,p_day-7,rho_day0_adj,p_day0_adj,abs_rho_null_mean,abs_rho_z,abs_rho_p,abs_rho_null_mean_day-7,abs_rho_z_day-7,q_day0,abs_rho_q,ic_q,icc_q,ic_day0,icc,cohens_d,delta_q,internal_consistency
complex|Multisubunit ACTR coactivator complex (human),complex,4,-0.3402694458159564,0.02746057952275462,-0.14708702292889483,0.352611944332146,-0.301703283080074,0.052165150734099504,0.15648037664437758,1.7536393563234147,0.03974616142219846,0.08447483079290112,0.8708208246282704,0.4857625830347534,0.40187785438000667,0.1415380819015844,0.999999873896792,0.3068580542264752,0.4569810019800087,1.7893119713403467,5.971134507434128e-26,0.1458709903201249
complex|BLOC-2 (biogenesis of lysosome-related organelles complex 2) (human),complex,3,0.09297503167365567,0.5581215628016012,-0.07885886004185416,0.6196017168853798,0.11143556746022089,0.482315383720436,0.12120737493725872,-0.3531674410133905,0.6380185422811964,0.10835033096026911,-0.4243959811533808,0.8270844989125001,0.9575854850937996,0.7421968183832948,0.999999873896792,0.0063112326270221,0.2649065509878051,0.5029462943282527,5.833380351201199e-09,0.0959878848228363
complex|NCOR complex (human),complex,5,0.06665969937239608,0.6748989659622525,0.1282654607531595,0.4182155654752717,0.1060016642434561,0.5040545822458425,0.14364511688286916,-0.7520837250889983,0.7739996447306323,0.10223332325315512,0.3487075757885889,0.8770401152061406,0.9575854850937996,0.8508052534835735,0.9749173797280134,-0.0365345181134654,0.496064023338626,0.135454736790476,0.0847428839961444,0.1178157684911589
complex|9S-cytosolic aryl hydrocarbon (Ah) receptor non-ligand activated complex (mouse),complex,3,0.11597916322177666,0.4645217562675916,0.0029626533054398253,0.9851436305840214,-0.0031630182903556146,0.9841390138884888,0.13240010485148654,-0.19419506739009257,0.5769884274965311,0.12670571092470737,-1.2490702687074806,0.7852714064645103,0.9575854850937996,0.9402093744321144,0.999999873896792,-0.2119161540214172,0.3178158045965922,-0.1565769773858476,0.0336388804440491,-0.0856910665901802
complex|PA700 complex (human),complex,18,0.20119901418413402,0.2013619573223574,0.04017009334728704,0.8005948067027302,0.25360918446005143,0.10510489210802933,0.10148394624060271,1.471322159151325,0.07060200669459174,0.09812482021340552,-0.9900683463075384,0.5886181238487347,0.4883983857688208,3.559185909537095e-16,0.999999873896792,0.2542854462359106,0.4228278996271172,0.4942622212104186,7.76714297253887e-08,0.0428870236278425
complex|AP1 adaptor complex (human),complex,5,0.19387951778245915,0.21859303379530387,-0.006099580334729052,0.969418862881039,0.1886456549581323,0.23152222066176573,0.14531378778872717,0.4958313808573102,0.3100066912863214,0.0841611380899722,-1.3325276563998592,0.5991031748931795,0.8034300862339367,0.5661629410501524,0.9450805396894022,0.0108065618591934,0.4708964606890293,0.3397877136339614,6.852853041599485e-05,-0.012159328289552
complex|immunoproteasome (mouse),complex,11,0.21670937560673076,0.1680494563767567,-0.035813250251052,0.8218515556353029,0.2934307737052978,0.059293373883052176,0.16528119969877236,0.5578476240000974,0.28847421962157954,0.07716840492051497,-0.7841249788035802,0.5606597962433852,0.7859206431445838,6.945946092260022e-11,0.999999873896792,0.3280519480519481,0.4187529337658382,0.2911096367392742,0.0007401734938573,0.1981699647381369
complex|Mi-2/NuRD-MTA2 complex (human),complex,5,0.32536904242683257,0.035501990977579945,0.1291368293724065,0.41503405194020654,0.19910794622623162,0.20618422416008905,0.16417891839542492,1.3981211674774636,0.08103834220228556,0.08119412794143616,0.8786542033984209,0.48627586911918697,0.507227652697785,0.8908165786140614,0.999999873896792,-0.0565276828434723,0.285916391562288,0.4104299044821946,8.713183505934759e-07,0.017718581896505
"complex|Gamma-secretase complex (APH1A, PSEN1, PSENEN, NCSTN variant) (human)",complex,4,0.09907461200838474,0.5324708288579764,-0.03825308238494362,0.8099312445954779,0.19643154613439226,0.21247326700594904,0.1901674874644669,-0.8316590349717758,0.7971992852309338,0.0958854028619407,-0.923349094078157,0.821597399541051,0.9575854850937996,0.0127862889777163,0.6546990428633584,0.5214855320118478,0.6535689203545935,0.8352676645179994,3.283500829801664e-16,-0.0022952722667792
complex|DNA polymerase alpha-primase complex (mouse),complex,3,-0.08635263016737843,0.5866082745318107,-0.15527788794981673,0.32613974679353436,-0.11459858575057648,0.4698908923459799,0.12842230710462393,-0.4194696687105092,0.6625635413616313,0.11162232012554163,0.5948577758111446,0.8444092975206877,0.9575854850937996,0.0153921913057215,0.999999873896792,0.4459557985873775,0.4884979704796952,-1.355234228399137,2.4459327382647293e-24,0.0164222795871171
complex|CCT complex (chaperonin containing TCP1 complex) (mouse),complex,8,-0.002091284686192818,0.9895128585162344,-0.18490442100421497,0.2410782361369945,-0.03576643759094426,0.8220806650670158,0.1362384836192696,-1.5070370423672828,0.9340994186766258,0.07635367526151902,2.2818287339126604,0.997895703784078,0.9600291819869817,0.0213598314266398,0.999999873896792,0.2111414900888584,0.470148824182598,-1.8301536942408716,2.669821573626217e-26,0.0407888465481331
complex|SMRT complex (human),complex,5,0.07816176514645656,0.6227100566743929,0.0697966264016853,0.6605025885163626,0.14209251396674452,0.36937705568996626,0.1865382371653031,-0.9708847730643634,0.8341971692244967,0.1262133876548328,-0.5143274912803444,0.8574553609338844,0.9575854850937996,0.6043071017045696,0.8245614437015378,0.0692617908407382,0.591267254822896,-0.1302394897794896,0.1037201533908204,0.1216062711735991
complex|AP3 adapter complex (human),complex,5,-0.106568382133909,0.5017643575216899,-0.09253934736403217,0.5599756270368125,-0.0682076508253608,0.6677802134165568,0.11311236046445403,-0.08214956635600335,0.5327361109815248,0.09333229280754694,-0.013615178546630996,0.8059806602401358,0.9575854850937996,0.8504366730359066,0.999999873896792,-0.0224743677375256,0.2590189049546014,0.2338771698458687,0.0016904443514765,0.084546925566343
complex|Interferon-stimulated gene factor 3 transcription complex ISGF3 (human),complex,3,0.10438996058579147,0.5105966892799291,-0.16616999569040433,0.29291926858575223,0.1375507441139262,0.3850286962698042,0.14977955196236808,-0.4109888943280598,0.6594596609546981,0.0937244086862081,0.9134790690852437,0.8137599847952764,0.9575854850937996,0.0136971221378712,0.999999873896792,0.6518341307814991,0.4444131894721739,0.4786258841466853,4.0615594344804346e-07,0.4954811615850028
complex|Mi2/NuRD complex (human),complex,7,0.07903313376570356,0.6188256500204474,-0.011414928912135797,0.9428033070970366,0.04403894696572047,0.7818367729296094,0.18024259889124344,-0.8719360209754419,0.8083783592525509,0.08789059578034938,-1.012365555915754,0.8564983873300351,0.9575854850937996,0.0281323947267856,0.979958403975743,0.1496859030693616,0.4993344631092867,-0.0494516307860968,0.8585868698224665,-0.0695077751852762
"complex|Ubiquitin E3 ligase (SKP1A, FBXW8, CUL7, RBX1) (human)",complex,3,0.05489622301256146,0.7298747492169224,-0.12321152276152685,0.4369386321495938,0.15133825973855325,0.3387131847833986,0.1274812289958372,-0.945782233554598,0.8278701654357453,0.11853227327617041,0.050947815356801325,0.8956631577924263,0.9575854850937996,0.8143783379581963,0.999999873896792,-0.0830257461836409,0.368377838228085,-0.0064929471968208,0.8980984668130343,-0.021755816764259
complex|NUMAC complex (nucleosomal methylation activator complex) (human),complex,10,-0.044439799581597376,0.7799000146783212,0.11807044790796949,0.4564515855457192,0.017599358179670982,0.9119150979121484,0.18029488100839827,-1.4504648815972483,0.9265355372509189,0.08140761325315167,0.6113914962361038,0.9093764516555577,0.95847488499609,0.0875210331352346,0.999999873896792,0.1868383078909395,0.438529681882678,-0.5061830604603835,7.797351211525944e-09,0.0243086147159595
complex|Nup 107-160 subcomplex (human),complex,9,-0.0236140895815939,0.8819963748492213,-0.07572193301256494,0.6336399947313237,-0.08978105762624783,0.5717797418375969,0.14825030003558956,-1.2230861649987932,0.8893514232418349,0.11765654781382717,-0.5488665129891738,0.9534469210214795,0.9575854850937996,5.067582831411955e-06,0.999999873896792,0.3697159565580617,0.3733447528717566,-1.4458756415819416,1.3107128554501286e-25,0.1453374787587535
complex|Ku antigen-NARG1 complex (human),complex,3,0.06578833075314905,0.6789186278520425,-0.008103728158997169,0.9593780973330901,-0.007623685110087891,0.9617826026931929,0.18743139000003128,-1.1547538475303623,0.875904379151681,0.13346753141006412,-1.4892629622866154,0.8770401152061406,0.9575854850937996,0.3947366406109133,0.999999873896792,0.1979949874686715,0.3802681535712674,,,
complex|Anaphase-promoting complex (human),complex,7,-0.11092522523014403,0.48433599663331395,-0.21522804895401082,0.17104701810857031,-0.11849153133870648,0.45483586637635176,0.12576898965901684,-0.14524938271868465,0.5577430112312529,0.06902110833055546,2.8822325260750152,0.7982009771287607,0.9575854850937996,0.0511195582340765,0.999999873896792,0.2806854799336002,0.4094074775355565,-1.2119863910282451,7.122826806080442e-23,0.1257278203246966
complex|Anaphase-promoting complex (mouse),complex,6,-0.15850195184103064,0.3160702208772748,-0.27195414606699103,0.08145925146597265,-0.1806164546826142,0.2523550865821487,0.11502937142679745,0.5226669500749386,0.30060302067764577,0.10401091523641906,2.937332273543307,0.6722916385123335,0.7976321521711213,0.0780075143103015,0.999999873896792,0.2254272043745728,0.3674787276836194,-1.3288512603529858,3.880598206107459e-24,0.1209007680092525
complex|p300-MDM2-p53 protein complex (human),complex,3,0.05768460259415189,0.7167099105681265,-0.1643401215899856,0.298341752831904,-0.009002436672550596,0.9548774950961911,0.11959969983474798,-0.5262322153574445,0.7006365633534894,0.09748436427825895,0.7653529915686959,0.892369924342111,0.9575854850937996,0.7478984374127623,0.999999873896792,0.0403508771929824,0.247996077335859,0.4441322605482672,1.1497293596314487e-06,0.1090785357881179
complex|hNURF complex (human),complex,3,-0.10874680368202652,0.4930104856803046,-0.09733187476989072,0.5397406373404855,-0.15158156883781135,0.3379280993894908,0.15747373687031918,-0.5430630675240962,0.7064568099301844,0.08043603724269124,0.32262902696494017,0.8029553991045639,0.9575854850937996,0.3476291900456323,0.9384644166475082,0.2142173615857826,0.5215402313970209,-0.424497554132401,1.6633847872500954e-06,0.2260122739227847
complex|RNA polymerase II holoenzyme complex (human),complex,21,0.20721145765693835,0.1879388864988606,-0.14699988606697015,0.35290040505118336,0.18191410321199086,0.24890574944734883,0.13355902511508505,0.7552254628876033,0.22505685652832308,0.10952232175315635,0.5980013169146364,0.5759318937964197,0.7151227627011635,0.2589897017794762,0.999999873896792,0.1009344790547798,0.3052528579541718,-0.4315656136043046,1.3842351294753522e-06,0.0410596744710845
complex|RNA polymerase II core complex (human),complex,11,0.11092522523014403,0.48433599663331395,-0.06561405702929966,0.6797236198633106,0.15782650238543658,0.31816337771562814,0.1574301684393568,-0.4290333428845829,0.6660505200387752,0.08675345973223206,-0.2726614343161169,0.7982009771287607,0.9575854850937996,0.3476084350942397,0.999999873896792,0.1437531846144286,0.26942966216012,-0.6974446787332239,6.068339913323919e-13,0.0476361087906043
complex|Prefoldin complex (human),complex,4,0.3058503853556996,0.04886055556794971,-0.04714104230126309,0.7668834865780803,0.3561234182808078,0.02062615859253065,0.10582771880754904,2.2675839306587413,0.011677289011028645,0.12920218201885003,-1.001251187596136,0.5001451021129545,0.2182193383935978,0.0364250184554742,0.999999873896792,0.4884370015948963,0.4151551077560124,-0.9237174972229234,3.7619921430381465e-18,-0.0313411208883982
complex|SNAPc (small nuclear RNA-activating protein) complex (human),complex,4,0.28920724472808174,0.0632213157388141,-0.14813266527199126,0.3491616183676281,0.2470398387800821,0.1147398032985151,0.15282934212973262,1.5448171820310026,0.06119524502569972,0.10496070703139826,0.5017359771668376,0.5122798637865735,0.46641968519267424,0.6775833467933812,0.999999873896792,0.017634996582365,0.2047962327059917,-0.5586508621849006,8.353675354622686e-10,-0.0471569200463248
"complex|Polycomb repressive complex 1 (PRC1, hPRC-H) (human)",complex,9,-0.24825291962347237,0.1129121063158865,-0.16059323652722346,0.3096448034659154,-0.28799687048853295,0.06438430377092387,0.12697147835357767,1.263705511374238,0.10316787310818859,0.0938725413514801,1.0118769476385816,0.5144479402341297,0.541987380254381,0.8263886692447419,0.999999873896792,0.0240715424925951,0.4463427389163932,1.185013059616872,4.799464647006304e-22,-0.0233119673152387
complex|GPR56-CD81-Galphaq/11-Gbeta complex (human),complex,5,0.29887943640172354,0.05451647726959296,0.2232446402510833,0.15527722547985787,0.42108694778272693,0.005485947916821213,0.1605148133514912,1.0948012593333,0.13680185730520256,0.09138914078662612,1.8855756978027445,0.5001451021129545,0.6001290697602116,0.2898589278814386,0.999999873896792,0.1884620642515378,0.3507738669224967,1.017333963617867,2.120104422315416e-19,-0.0303052090726214
complex|Lymphotoxin beta receptor complex (human),complex,3,0.30463046928875376,0.049814592226312925,0.2467715929707525,0.11514696356640368,0.2660179485222158,0.08860551973484579,0.12038828843516654,1.7904936562837745,0.03668729308082435,0.12252314155232172,1.2077993102562856,0.5001451021129545,0.39707980148434985,0.7439766840206877,0.999999873896792,0.0211437685121895,0.4312629575802553,-0.5643346985763539,3.959801334561013e-09,0.1191309218430366
complex|Telosome complex (human),complex,5,0.13741483125525308,0.3855029994349636,-0.09541486380754731,0.5477922226220863,0.12668293768039668,0.42402880553823646,0.11098622103349132,0.34708582157883827,0.36426342246011423,0.11521235883683931,-0.20072633141243842,0.722990840338153,0.8623014078164335,0.1964297963329302,0.999999873896792,0.11850991114149,0.2100444579960124,0.6286107998661637,2.1358380823590283e-11,0.2013873104523168
"complex|CD147-gamma-secretase complex (APH-1a, PS-1, PEN-2, NCT variant) (human)",complex,5,0.13331939874479215,0.39995556888589834,-0.004792527405858541,0.9759697974005268,0.21978921966317216,0.1619389844300342,0.17732787085986226,-0.48789098205622355,0.6871864687984371,0.10176714104185798,-1.5118211251564482,0.7387633566778201,0.9575854850937996,0.0028528622309,0.8354573015661355,0.4266438824333561,0.5661881842245294,0.6886431425299435,1.2328273383317208e-12,0.0139549577339784
complex|APP-FE65-LRP complex (human),complex,3,0.2604520802929305,0.09573859654440552,0.12268870158997863,0.438901628642392,0.13592868345220538,0.39071166956986436,0.1607021576046293,0.9755236620179384,0.16465028515071772,0.11390094906487258,0.1062265357869365,0.5136929078981881,0.6397135788705899,0.9511695044890316,0.99436056496628,-0.1505809979494189,0.4781633066761502,,,
complex|Gamma-BAR-AP1 complex (human),complex,6,0.253306857615105,0.10553427954259227,0.0031369270292892263,0.9842698323970726,0.24444454172132876,0.11872510621816028,0.09355884864855118,2.0425061161490223,0.020550676679972932,0.11334327314855448,-1.4189607129121025,0.5144479402341297,0.30204164203779854,0.7802197875230611,0.999999873896792,0.0151196172248803,0.3564458977752733,,,
complex|PBAF complex (Polybromo- and BAF containing complex) (human),complex,11,-0.00034854744769880294,0.9982520960174078,-0.032589186359838075,0.8376638558584298,0.05028388051334567,0.7518185159699563,0.1364388984016964,-1.2842158637038328,0.9004667819780381,0.09626009136821691,-0.6852814011783729,0.9996849937628873,0.9575854850937996,0.3818428029672328,0.999999873896792,0.0606425153793574,0.3879630121378465,-0.8776784853730403,4.6264411207352404e-17,0.0343165558235207
complex|Retrotranslocation complex (human),complex,3,0.024224047615066805,0.8789706221093214,-0.10935676171549942,0.49057358814105434,0.0664233840974679,0.6759882230965848,0.1373059101778472,-1.2077764795266352,0.886433374529443,0.08604329430754575,0.29749436689352543,0.9534469210214795,0.9575854850937996,0.805365015226486,0.999999873896792,-0.0776030986557302,0.1455250872924176,-0.2789298761437708,0.0016253517149933,-0.0910221233669945
complex|SWAP complex (mouse),complex,3,0.10543560292888789,0.5063474380056168,-0.012112023807533403,0.9393166788877423,0.10656938547505838,0.501760307515833,0.2156332353619607,-0.785236696396568,0.7838425981798064,0.0873416335502238,-0.79072983989047,0.8114741100656631,0.9575854850937996,0.3208159076020586,0.999999873896792,0.1805878332194121,0.4948050810898787,-1.3493305281256631,5.242319684908773e-24,0.3523611607191175
complex|Conserved oligomeric Golgi (COG) complex (human),complex,7,0.022045626066949285,0.8897843917740833,-0.12347293334730094,0.43595896076645385,-0.08094082701986932,0.6103572769835864,0.14079574149793145,-1.239580954404174,0.8924347856367012,0.07460222433683253,0.7464346343183607,0.9579828868226113,0.9575854850937996,4.715684818314001e-05,0.999999873896792,0.2891221560394492,0.290207422897569,-0.5335463126495691,5.142655094502994e-09,0.0036767263972835
complex|Cohesin-SA1 complex (human),complex,4,-0.07615761732218844,0.6316824830219964,0.02919084874477475,0.854399308822891,-0.07948097242432056,0.6168332336508336,0.1290801904121554,-0.5039769683066235,0.692861219066641,0.10994929237658738,-1.2191554948655543,0.8617611705348897,0.9575854850937996,0.0396569205856127,0.9679703265045758,0.4026771474139894,0.468272227589571,0.6945091675944806,1.731504586060609e-13,0.008974764858049
complex|Cohesin-SA2 complex (human),complex,4,-0.008016591297072469,0.9598145345900408,0.03807880866109422,0.8107813240685299,-0.008434715440948305,0.9577204086716424,0.12608268236194575,-1.204438218315375,0.8857898761141815,0.11087729995608546,-1.013924202885492,0.9891146336272553,0.9575854850937996,0.0616348850631999,0.999999873896792,0.4358395989974936,0.3004960080245089,0.4806211346845915,8.07315329293515e-08,0.0502907931147695
"complex|Protein-sorting complex (Stam2, Hgs, Eps15) (mouse)",complex,3,0.06543978330545025,0.6805289632508782,-0.08600408271967963,0.5881253491838762,0.09910790643114258,0.5323324072067245,0.17328907730965235,-0.8918859527223096,0.8137729676458011,0.07838832098746078,0.09512260579880291,0.8770401152061406,0.9575854850937996,0.8400715698549963,0.999999873896792,0.0143540669856459,0.2920942377054304,1.2224918688365445,1.5914343169618116e-24,-0.0153956193424322
complex|MRN complex (MRE11-RAD50-NBN complex) (human),complex,3,-0.027622385230130136,0.8621451320218558,-0.17331521836822977,0.2723588300464781,-0.08775348179909678,0.5805286538596488,0.1403557003452117,-1.0382543555633532,0.8504241735845883,0.08745926831382214,0.9827381803834395,0.9437603354193222,0.9575854850937996,0.0473002548434588,0.999999873896792,0.4534745955798587,0.2388674120520829,-0.2869681570061863,0.0016525774241618,0.126882849339582
complex|OGT-TRAK1-TRAK2 complex (human),complex,3,-0.2246388300418785,0.15264680279468457,-0.27944791619251524,0.07308960676954727,-0.2144364194794934,0.17266463210431954,0.15921211726571693,0.6769175850571166,0.2492291230633572,0.1250588242343305,2.4145906215180784,0.5461363388876492,0.746261165338493,0.6093955283600136,0.999999873896792,0.0803599908863067,0.4531830696537943,-1.0804270963207805,2.852902355227793e-21,-0.0718197659945232
complex|26S proteasome (human),complex,19,0.22855998882849002,0.1454237837276777,0.011937750083684001,0.9401882335691251,0.27907553684906844,0.07348885650403188,0.1240523934791002,0.8907986008008252,0.18651861296895594,0.07442359376988691,-0.8974961015712487,0.5391429338815698,0.6754039047474478,1.995426937555372e-26,0.9545790103479016,0.3399839311196652,0.428375591489512,0.5996462576568564,1.0843910225013744e-10,0.1061702794587534
complex|Wave-2 complex (human),complex,3,0.24825291962347237,0.1129121063158865,-0.02858089071130184,0.8574100107131998,0.27737237315426155,0.07533682971947778,0.1441897222698985,1.086127326872131,0.13871133191610835,0.1075835265753318,-1.049375021448199,0.5144479402341297,0.6001290697602116,0.8752681863819519,0.999999873896792,-0.1432444748234222,0.2342801804369284,-0.569975816956354,3.224655514375986e-10,0.0013179945377075
complex|Wave-2 complex (Rac-activated) (mouse),complex,4,0.17375090267785326,0.2711366831486665,0.06108294020921522,0.7007744196271838,0.23763188694210127,0.1296825675946648,0.1437845358619487,0.3160944685810237,0.3759654025510967,0.10237709907533091,-0.5976951662584932,0.6396397098678184,0.8690325308920791,0.3394038247925273,0.999999873896792,0.0754613807245385,0.3746865692923552,0.029513553319305,0.8051901967717046,0.0416538136831509
complex|Wave-2 complex (mouse),complex,3,0.24825291962347237,0.1129121063158865,-0.02858089071130184,0.8574100107131998,0.27737237315426155,0.07533682971947778,0.11359161320503988,0.9569679666701539,0.16929171184608827,0.09619038187867714,-0.7216819437097716,0.5144479402341297,0.6450666535918703,0.9077879194130148,0.999999873896792,-0.1432444748234222,0.2342801804369284,-0.8758046434292478,1.9431816670107147e-17,-0.0490424752771735
complex|BAF complex (human),complex,12,-0.017253098661090743,0.9136415378247482,-0.004356843096235036,0.9781538097992344,0.03300893446601885,0.8356015030510391,0.12733745317366146,-1.0468540532370865,0.8524165520792912,0.05561945896653647,-0.9490201360748253,0.9681989864542899,0.9575854850937996,0.1915039447274038,0.9779872690312136,0.1079340914269144,0.4769370599552044,-0.8931620302914145,5.670697409888508e-18,0.0039534547343749
complex|20S proteasome (human),complex,13,0.19666789736404955,0.2119125816159108,-0.03790453493724482,0.8116316182471837,0.2630982393311183,0.0922941266700177,0.10754431498746564,0.8548001732282148,0.1963308911490318,0.06526986642469709,-0.6653770717679722,0.5976702966310692,0.6885417247480365,6.5622768500439275e-24,0.8701167802264647,0.3882520987784145,0.4880597607225627,0.5978622371197797,7.141313467847056e-11,0.1362990734195721
complex|PA28-20S proteasome (human),complex,15,0.20982556351467938,0.18230549921048117,-0.009323644225942979,0.9532692625972516,0.27704796102191737,0.07569292554371139,0.12615674869458174,0.961478219009687,0.16815588596912917,0.07192276583264798,-1.007766262521219,0.5729210358071127,0.6450666535918703,1.112987500653764e-41,0.9679703265045758,0.3816105198060084,0.3937807037624195,0.487752936375402,2.2122153900815407e-08,0.1455185479826678
complex|PA700-20S-PA28 complex (human),complex,33,0.22167617673643866,0.15827584218223795,0.03136927029289227,0.8436637277627114,0.28304958547028447,0.06931554175576224,0.13679615953558769,1.0532591091045322,0.14611112718428992,0.06779683542051342,-0.5555235387173952,0.5492304129645571,0.6166702330985854,6.76166713617906e-24,0.999999873896792,0.3059116023529898,0.4128982361922653,0.5458068056929541,2.134571418263655e-09,0.0806896606843221
complex|PA28gamma-20S proteasome (human),complex,14,0.20172183535568222,0.2001687342500967,-0.014116171631801518,0.9292990767829646,0.2706408214081201,0.08300017878307703,0.14569718998119588,0.6599938551547401,0.2546288863337579,0.07235845014227149,-1.0876612841008702,0.5859484766230104,0.7508332731586802,3.2716399003132414e-19,0.8616866529991295,0.3884326200115672,0.4994266424942554,0.4450608240747807,3.38480758567242e-07,0.1299878595678511
"complex|Ubiquitin E3 ligase (ASB2, TCEB1, TCEB2, CUL5, RNF7) (human)",complex,4,-0.01890869903766006,0.9053904424158552,0.025705374267786716,0.8716295234750776,0.0301703283080074,0.8495689610855578,0.16298950023015274,-1.4207654854517924,0.9223075261482612,0.12487147998119237,-0.934199490192645,0.9657836589486162,0.9580097529669035,0.7843260919059858,0.999999873896792,0.0084757347915242,0.3516067428591348,-0.4242415626252413,5.777824123042493e-07,0.0274399923513473
"complex|Ubiquitin E3 ligase (ASB1, TCEB1, TCEB2, CUL5, RNF7) (human)",complex,5,-0.05446053870293796,0.7319388022288491,0.018473014728036558,0.9075608665360033,-0.04176806203931131,0.7928330332920421,0.13096234662972897,-0.706110028555548,0.7599401421826397,0.08487566035775476,-1.0667345798473533,0.8956631577924263,0.9575854850937996,0.8097233455300737,0.999999873896792,0.0158373205741626,0.3957477764744102,-0.570244405186497,5.826400710776895e-10,-0.0434743373272288
"complex|Ubiquitin E3 ligase (ASB6, TCEB1, TCEB2, CUL5, RNF7) (human)",complex,5,0.08190865020921868,0.6060800589351882,0.04139000941423285,0.7946675865664808,0.113625349353544,0.4736955869616765,0.135467322391236,-0.5101146293146133,0.6950144216466606,0.09874349193307087,-0.722688975748949,0.8498945208746413,0.9575854850937996,0.875916863367937,0.999999873896792,-0.0300888585099111,0.1967126515488295,-0.1193103442018352,0.0739682109843767,0.0122727051336169
"complex|Ubiquitin E3 ligase (ASB7, TCEB1, TCEB2, CUL5, RNF7) (human)",complex,5,0.06787961543934187,0.6692864165911578,0.06814102602511597,0.6680860231074081,0.09562047600844281,0.5469259095604119,0.11332584577616955,-0.46326490932356595,0.6784127524710201,0.1286924313765905,-0.6343345922217665,0.8770401152061406,0.9575854850937996,0.7537230389861084,0.999999873896792,0.0250034176349965,0.4181664785357195,-0.0798838009382637,0.176297928056625,-0.006008296262623
"complex|Ubiquitin E3 ligase (ASB12, TCEB1, TCEB2, CUL5, RNF7) (human)",complex,4,-0.01890869903766006,0.9053904424158552,0.025705374267786716,0.8716295234750776,0.0301703283080074,0.8495689610855578,0.1296857916025321,-1.2735827576899166,0.898594336946338,0.10545738714436906,-1.1775203238589775,0.9657836589486162,0.9575854850937996,0.8524376938600671,0.999999873896792,0.0084757347915242,0.3516067428591348,-0.4242415626252413,5.777824123042493e-07,0.0274399923513473
"complex|Ubiquitin E3 ligase (WSB1, TCEB1, TCEB2, CUL5, RBX1) (human)",complex,5,0.18316168376572095,0.2456195335477139,0.009323644225942979,0.9532692625972516,0.2553934511879444,0.1025978518460952,0.13480943908370452,0.49041794410066536,0.3119190907693993,0.1120275065334915,-1.411410420551588,0.620122658281502,0.8059280942935761,0.8097233455300737,0.999999873896792,-0.0171428571428571,0.3580578481181221,-0.3126928276560111,0.0002201475337555,-0.027907886049507
complex|CAND1-CUL1-RBX1 complex (human),complex,3,0.1664314062761784,0.2921498571137754,-0.1276555027196866,0.4204508191277393,0.15409576286347865,0.3298814939454496,0.1668191653117433,-0.004013350032091771,0.5016010907157284,0.09344992757114531,0.508476890848454,0.6525823382488067,0.9575854850937996,0.5590712640607197,0.999999873896792,0.1009797220323536,0.1536332452991226,0.0457298941234134,0.4190996528887696,0.0945397820133995
complex|CAND1-CUL2-RBX1 complex (human),complex,3,-0.06761820485356777,0.6704876235092297,-0.1643401215899856,0.298341752831904,-0.045498801561269224,0.774789690268977,0.1510343227740838,-0.7777598643553938,0.781644703458487,0.10209390427407561,0.6848527845036502,0.8770401152061406,0.9575854850937996,0.1833150432983541,0.999999873896792,0.1920938710412394,0.3413015652175254,-0.6583395600290606,1.678394502708412e-12,0.1636004408798836
complex|CAND1-CUL3-RBX1 complex (human),complex,3,-0.046356810543940793,0.7706561386129059,-0.12599990234311728,0.4265518404774659,-0.036009746690202384,0.8208900269639093,0.10261236860252758,-0.8961965270149114,0.8149260948778627,0.10551838294771636,0.3084623168490586,0.9056615935523931,0.9575854850937996,0.285019258670111,0.999999873896792,0.1980177717019822,0.2849409918678251,,,
complex|CAND1-CUL4A-RBX1 complex (human),complex,3,0.06657256251047136,0.6753005331706103,-0.13628205205023194,0.3894694674002625,0.08945664549390367,0.5731755073384869,0.11959534299165175,-0.5790771821439201,0.7187314521872835,0.07279849129499123,1.2988912047253125,0.8770401152061406,0.9575854850937996,0.4173223304875616,0.999999873896792,0.1735930735930735,0.2415439035896794,-0.9963065274655188,4.702821505255615e-20,-0.0572264434125978
complex|CAND1-CUL4B-RBX1 complex (human),complex,3,0.04348129410042567,0.7845332902368944,-0.12382148079499973,0.43465462935960947,0.07818332389494391,0.6226138290457554,0.13128475301885034,-0.7639645277391051,0.7775558091420998,0.12674927935566968,-0.03784047877349273,0.912221283066118,0.9575854850937996,0.2676601876980843,0.999999873896792,0.2518569150148096,0.3165135060700718,-0.2216877863967458,0.0241782599140263,0.1446181626637515
"complex|Ubiquitin E3 ligase (SKP1A, BTRC, CUL1) (human)",complex,3,-0.1774106508786907,0.2610134390021407,-0.16120319456069637,0.307786473110288,-0.23341452922162714,0.13683411326926292,0.16693680007534167,0.09540903017295158,0.4619949718797906,0.11173995488913999,0.5688253514083184,0.6299532284548125,0.9408711154089859,0.8183550081010971,0.999999873896792,-0.0401230348598768,0.369415787375324,,,
complex|NAT complex (human),complex,6,-0.38741048811721945,0.011251533902836435,-0.18046044104605521,0.25277194079982185,-0.33949729649816923,0.027836438341207626,0.1080104971987628,4.056639543266073,2.4891911746104917e-05,0.07258500598327569,1.568274728386797,0.4644200585751626,0.0065123464105747,0.0003626355266633,0.9695108724736686,0.3241695146958305,0.5216716626194382,0.2466330901410869,0.0025785331579543,0.0432339188882034
complex|Mediator complex (human),complex,27,-0.08948955719666767,0.5730338357037312,-0.257402290125566,0.0998303100881124,-0.01792377031201515,0.9102979511050451,0.1515353597301508,-0.7743230832925527,0.7806301217859487,0.09084453539959675,2.093651249944081,0.8340471614241373,0.9575854850937996,0.5478853243506157,0.99054418665301,0.0628015259594206,0.4596758203358595,0.9928481066512146,2.599681219541243e-20,0.056391146232148
complex|ARC complex (human),complex,17,-0.3003607630544434,0.053272642075036125,-0.28981720276155465,0.062641598792105,-0.22481760771450673,0.15231187621158754,0.12328994593725906,1.7291244784346795,0.04189340950433499,0.09555428278662684,3.2488459373547447,0.5001451021129545,0.4097332060400614,0.0202610625289205,0.8354573015661355,0.1133584294962003,0.4876147588209045,1.3149442359589774,4.08368651468859e-24,0.0613396574522049
complex|HuCHRAC complex (human),complex,4,-0.08138582903767048,0.6083890246276338,-0.10804970878662892,0.49580313128787973,-0.03244121323441656,0.8383911503778296,0.16093742713182602,-0.6600711221774594,0.74539590532544,0.07702027225524298,0.3651875159192372,0.8498945208746413,0.9575854850937996,0.7205519374383907,0.999999873896792,0.005023923444976,0.4189394763614671,-0.1004963667995689,0.4082984777785489,-0.1176002893499727
complex|SWI-SNF chromatin remodeling-related-BRCA1 complex (human),complex,9,-0.1579791306694824,0.3176896342893629,-0.08330284000001391,0.5999413447785381,-0.11476079181674857,0.46925835979532193,0.13342831982219802,0.24996158160672757,0.40130852955618906,0.07210575324268986,0.23810054527197694,0.6728921865143916,0.8964127559883711,0.0469087650561886,0.7561258166152436,0.152610693400167,0.5910832952886144,-0.8934228477375931,1.8290978584908694e-18,-0.0100271010043065
complex|BLM complex III (human),complex,3,0.001655600376569314,0.9916975938226862,-0.15013681309625937,0.34260638099385626,0.07858883906037412,0.620804965986527,0.13618184465901853,-1.874366839724073,0.9695600596376636,0.07602255518620515,1.139164102083459,0.997895703784078,0.9736645238814334,0.0054594754162352,0.8701167802264647,0.4137161084529504,0.5788520629350753,0.885474573873891,1.726638340650546e-17,-0.0499615763440162
complex|RalBP1-CCNB1-AP2A-NUMB-EPN1 complex (human),complex,4,-0.0719750479498028,0.6505753584279239,-0.019257246485358863,0.9036545916848394,0.02627738271987741,0.8687975970744573,0.1330928429037879,-0.7629760199536895,0.7772611513845777,0.12440094092679901,-1.257280666052284,0.8733865199523382,0.9575854850937996,0.0273426485687392,0.7578964618368247,0.3073593073593073,0.6012254104805342,0.8166411315080273,1.0842270348241345e-15,0.0671859272007013
complex|Caspase-2-TRAF2-RIP1 complex (mouse),complex,3,0.02605392171548552,0.8699037276419098,0.02718670092050663,0.8642990464316583,0.037064086120320916,0.8157352138586191,0.1188895344100617,-1.0446750510616334,0.8519134102639714,0.09844286975943065,-0.8562950085263596,0.9492503430669835,0.9575854850937996,0.7189401961164023,0.999999873896792,-0.0401913875598086,0.0186571753853129,,,
complex|RAD17-RFC complex (human),complex,5,-0.08521985096235732,0.591545128402769,-0.1795019355648835,0.2553431050292568,-0.05847528685503584,0.7129913340695527,0.14829822530964817,-0.504609723529072,0.6930835104853555,0.09457399308997395,1.2383332701605203,0.8457564309856219,0.9575854850937996,0.0185633547084538,0.999999873896792,0.2677785372522214,0.4335090746250237,-0.3259285831771089,4.220820261286717e-05,0.0251030944572522
complex|RAD17-RFC-9-1-1 checkpoint supercomplex (human),complex,8,-0.1991077294979412,0.206184728107274,-0.21278821682011917,0.17606781195355722,-0.14752641718350928,0.3511595467344248,0.21024382045191797,-0.07489183521379394,0.5298496135650757,0.10536153659625189,1.385728346673619,0.5925498694174556,0.9575854850937996,0.0037618946254644,0.9502775597998688,0.1730910067376233,0.5081488023246608,-0.2873799889886104,0.0005139183182785,0.0036087891987005
complex|SNF2h-cohesin-NuRD complex (human),complex,16,0.012024886945608703,0.9397524475515464,-0.023178405271970397,0.8841586440383851,-0.001054339430118538,0.9947127068508107,0.13048745073223939,-1.0993208763323048,0.8641859352202949,0.09734930214227566,-1.067975631905344,0.9829216088408934,0.9575854850937996,0.0078300655558608,0.8741293923296176,0.1588249031670084,0.4790648703512907,0.599614139902146,5.213925995125589e-11,0.0479308500467217
complex|CRSP complex (human),complex,11,-0.3502030480753723,0.02298920046413322,-0.29844375209210006,0.05488671190268433,-0.27023530624268993,0.08348053227212263,0.14106150892680178,2.1576321875475726,0.015478220046296447,0.08383437485775458,3.523972154189439,0.4857625830347534,0.2677348310487476,0.2672726352970809,0.99054418665301,0.0915926179084073,0.4760749917776312,1.1425484692471148,1.4106327388658113e-21,0.0618073970648896
complex|PCNA-MLH1-PMS1 complex (human),complex,3,0.04078005138075995,0.7976297936763159,-0.11990032200838822,0.4494528578272575,0.08605031810428992,0.5879240064446676,0.1599092121611146,-1.1316219962536207,0.8711033058052216,0.10170178839541447,0.21762390228493625,0.9186999221693646,0.9575854850937996,0.0057424172646187,0.8056476993003061,0.5589200273410799,0.6177698539562427,,,
complex|PCNA-MSH2-MSH6 complex (human),complex,3,-0.03433192359833209,0.829108419396748,-0.08696258820085134,0.5839576010409455,-0.04322791663486006,0.7857593156514253,0.1235687838954181,-0.8873616137564138,0.8125578783936578,0.11599659059416159,-0.38279031983837497,0.9318478027347904,0.9575854850937996,0.0045341151611491,0.8746409997509387,0.5164046479835953,0.5892654623018739,-0.5038951690980089,3.1123222852136954e-08,0.3648362214212784
complex|ARC-L complex (human),complex,13,-0.36135656640173397,0.018710350095264398,-0.2933898141004674,0.05933050863482715,-0.2925386403413513,0.060106408300870245,0.12614803500838925,2.6156218316262025,0.00445325703477219,0.08113748898118509,3.1165726452091373,0.4857625830347534,0.1259549591051107,0.0679161330784435,0.8056476993003061,0.1526158052473842,0.5393189143428064,1.2178789348496857,6.569389352137757e-23,0.0613855622825652
complex|DNA polymerase delta complex (mouse),complex,3,0.4289747712553017,0.004587521343047977,-0.048883779539757116,0.7585189376570319,0.4439580031129906,0.003228034434917135,0.13570694876152894,3.2638767083982994,0.0005494948890603918,0.10302191185357368,-0.49657350943192485,0.4644200585751626,0.03594040008760625,0.4783129272401918,0.999999873896792,0.0877876509455456,0.193754031242476,-0.5538541145122832,1.9590914707531982e-09,0.2318569990583499
complex|PCNA-DNA ligase complex (mouse),complex,3,0.018385877866111854,0.9079950315505864,0.0015684635146446131,0.9921345485744013,-0.0051094910844206075,0.9743810196144672,0.17202559281174418,-1.262878711740502,0.8966836142047985,0.11954306087449693,-1.3722787935931287,0.9661292498743849,0.9575854850937996,0.8931859960728922,0.999999873896792,-0.1508999772157667,0.4613726877275303,-0.706908133282591,1.126396692002459e-13,0.04575842524344
complex|PCNA-DNA polymerase delta complex (human),complex,4,0.3685889259414841,0.016310773694193786,-0.09811610652721303,0.5364633169803157,0.40884038978673465,0.007183066197243042,0.10799742666947412,3.8238407621820905,6.569439459830263e-05,0.11631464014018678,-0.21056475906132402,0.4644200585751626,0.010576797530326724,0.294318295196604,0.999999873896792,0.1476076555023923,0.2562110406250549,-1.139995441473774,3.1841206589470826e-22,-0.0191717808011602
complex|VEGF transcriptional complex (human),complex,5,0.1542322456067203,0.3294481289519273,0.2027674776987786,0.197797204649685,0.10137879135755173,0.5229327635965988,0.16083721974061263,-0.06106495920366262,0.524346262223021,0.09924017204604167,1.4582947951030063,0.6833844736336807,0.9575854850937996,0.9219044914982394,0.999999873896792,-0.0384688995215311,0.4550395800362538,1.0420737320233502,9.543573828753487e-21,-0.0800000811767379
complex|IRF3-CBP complex (human),complex,3,0.14159740062763868,0.37106456285834527,0.11310364677826155,0.47574177767344883,0.06901868115622123,0.6640618279717994,0.15011938572387443,-0.08269515605688374,0.5329530317058991,0.09723602422177355,0.22334770709177051,0.7156243068590794,0.9575854850937996,0.5962782237971584,0.7320177139227485,0.0542720437457278,0.6365179030580964,0.067101915333308,0.4702211655102036,-0.1030813787778751
complex|PC2 complex (human),complex,11,-0.154319382468645,0.32917163445123254,-0.20128615104605868,0.2011627410740688,-0.0985401851995403,0.5346951053216866,0.14521793724061,0.10720145328188478,0.45731458126159663,0.08693644714227391,1.6609284354938885,0.6833844736336807,0.9408711154089859,0.6161455773115657,0.999999873896792,0.0706319517802771,0.4582706761096596,0.3753308885777635,7.052335191251614e-05,0.1010412570247944
complex|SMCC complex (human),complex,15,-0.1912654119247181,0.22498683887490586,-0.2366637169874872,0.13129910660000574,-0.1271695558789129,0.422236440847282,0.14842021691634275,0.446267644653428,0.3277019625489308,0.09392918031173117,2.308246008118903,0.5998693678537299,0.8213765905808774,0.0419744435469418,0.972663855239328,0.1187885297659733,0.4687906930825034,0.7643009984897096,8.661559783966681e-15,0.0427108284772992
complex|INO80 chromatin remodeling complex (human),complex,10,-0.01995434138075647,0.9001842266811858,-0.22132762928873986,0.15894789025826928,-0.01686943088189661,0.9155549518258017,0.17829944687032268,-1.023945848746165,0.8470695735855832,0.08438769393097642,2.54480173459205,0.9632055766006079,0.9575854850937996,0.2204488407194277,0.999999873896792,0.1474474063947748,0.5136219670215437,-0.5594011550488026,1.7408701553253946e-09,0.097606805691197
complex|SRCAP-associated chromatin remodeling complex (human),complex,7,0.12957251368203002,0.41344846968797694,-0.15065963426780757,0.3409088496470957,0.17072188464611715,0.27970839487974225,0.17335442995609587,-0.47345134837375774,0.6820543983868113,0.1262525992426989,0.26907030238696134,0.7530528638823202,0.9575854850937996,0.0221270697809177,0.9758361533758168,0.2835107248641083,0.4990070627996194,-0.092043424084658,0.2878185776777275,0.021700315927838
complex|Cell cycle kinase complex CDK2 (human),complex,3,0.10238581276152338,0.5187909071406986,0.10639410841005958,0.5024680692079799,0.20364971607904994,0.19581171326610386,0.13088392345399671,-0.302370951647334,0.6188153518970929,0.09785033909834269,0.12473195182491287,0.8167234399366559,0.9575854850937996,0.8524376938600671,0.999999873896792,-0.0526771474139895,0.2543939047620851,1.2710650435177655,1.0964740576245845e-23,-0.2077862923156296
complex|Cell cycle kinase complex CDK4 (human),complex,3,0.24659731924690312,0.1154120722385641,0.21470522778246262,0.17211412068968607,0.32497985357576786,0.0357354677248556,0.1321081963640388,1.2430285916012596,0.10692864883104314,0.10392813521759056,1.338165881211248,0.5144479402341297,0.5471923276366095,0.7376944625314323,0.999999873896792,-0.0298245614035087,0.3378425888818805,-1.3641245173631642,9.66758601789279e-25,-0.1481885861898525
complex|Cell cycle kinase complex CDK5 (human),complex,4,0.41790838979086475,0.00588901460488991,0.34567193125528783,0.024946897710602538,0.47534487691728866,0.0014663927531693428,0.11631464014018678,3.091297199114577,0.000996420303406326,0.12150799711089895,2.5474529730139603,0.4644200585751626,0.05586125061464304,0.5047397568270066,0.9977895230553804,0.0593529277739803,0.480417411222006,0.5919424325032892,5.156069193428315e-11,-0.1095362823940283
"complex|28S ribosomal subunit, mitochondrial (human)",complex,18,0.2639375547699185,0.09122184124467404,-0.11711194242679779,0.46014096706550256,0.22660187444239965,0.14899861895922417,0.11222356447282208,2.428170868612026,0.0075875959519746666,0.08982503411507775,0.3823716308995946,0.5136929078981881,0.17261780790742365,0.0091414716286002,0.999999873896792,0.1874253369609406,0.1511203620969024,-2.489200425712359,2.3291734339045008e-26,0.1291797840188693
"complex|55S ribosome, mitochondrial (human)",complex,59,0.24546454004188195,0.1171465439317841,-0.06535264644352555,0.6809317664643949,0.22911606846806695,0.14442019003445797,0.12223994675106642,1.3172939005076068,0.09387006448005564,0.08645719440168809,-0.3515594145711254,0.5144479402341297,0.5299852515627526,3.3739502394778807e-10,0.999999873896792,0.1636838230212372,0.2479753272776786,-2.517159103702509,2.3291734339045008e-26,0.1090173275004589
"complex|39S ribosomal subunit, mitochondrial (human)",complex,41,0.24319898163183978,0.12067444049276514,-0.018211604142262455,0.9088634407802091,0.24176814162948937,0.12294336733026896,0.12615674869458174,1.4509094450783548,0.07340253875616089,0.10554888084939,-1.880249344195301,0.5144479402341297,0.49655196254806766,3.6106381989585407e-06,0.999999873896792,0.149314972575563,0.3067903482760129,-2.433366740928215,2.3291734339045008e-26,0.0925979571979432
complex|p54(nrb)-PSF-matrin3 complex (human),complex,3,-0.5080079050210052,0.0005937327533203759,-0.18795421117157948,0.23326854305121095,-0.5298461151511085,0.00030786629576176605,0.1547419962489798,3.3405802953097665,0.000418017508400777,0.09468291416737981,1.3759735058389453,0.4644200585751626,0.031425497839350176,0.1203001212797494,0.999999873896792,0.4616769195716564,0.3958026818217252,-0.6318524251396643,1.1304173001449932e-11,0.3076079740811694
complex|DNA ligase IV-XRCC4-AHNK complex (human),complex,3,0.1274812289958372,0.4210907003550424,0.027360974644356034,0.8634373633699001,0.20713714650174975,0.18810081239881538,0.14610673323224194,-0.22328617817098229,0.588343608022331,0.10831547621549924,-1.143790894148638,0.7558686413748746,0.9575854850937996,0.0047075900752263,0.7320177139227485,0.2347687400318978,0.6057486015274165,,,
complex|DNA ligase IV-XRCC4-PNK complex (human),complex,3,0.13941897907952117,0.3785438443269072,0.05524477046026027,0.7282248603103564,0.21078678299062156,0.18026467855333736,0.12610010973433067,0.16222304592515818,0.43556510607255255,0.10337917298746495,-0.6891206230703961,0.7189584992524652,0.9190580571563062,0.5007203728072298,0.9031719472625972,0.0821143768512189,0.6171438334974745,,,
complex|Spliceosome (human),complex,109,-0.05001655874477822,0.7530964575752198,-0.11641484753140019,0.46283420115162643,-0.04541769852818318,0.7751807327317378,0.11629285592470559,-1.009145828096839,0.8435476488979162,0.06595389079080598,1.048880458279626,0.8996283704204391,0.9575854850937996,9.83686659804099e-08,0.3744210519465297,0.1098621240340216,0.5200736839209958,-0.4483269520350444,6.097361486370028e-07,0.031758446583113
complex|DNA ligase IV-Xrcc4-DNA-protein kinase complex (mouse),complex,3,-0.07580906987448964,0.6332482944494315,-0.05123647481172403,0.7472699452878108,-0.029115988877888858,0.8547687019860163,0.1741648027719956,-0.8842004566193509,0.8117059940436995,0.11886775019458051,-0.8234423968155278,0.8617611705348897,0.9575854850937996,0.0067924513588276,0.9057514908104052,0.4833219412166779,0.5475060765414175,,,
complex|DNA ligase IV-XRCC4-XLF complex (human),complex,3,0.13584636774060843,0.39100136738905766,0.060037297866118805,0.7056645441540551,0.20665052830323347,0.18916361336042997,0.16596522406488126,-0.2893785479161553,0.6138541453152713,0.0934847823159152,-0.4238984250414573,0.7297210411943275,0.9575854850937996,0.0606304302926863,0.8368005560473967,0.4832535885167464,0.5881735260546058,,,
complex|DNA ligase III-XRCC1-PNK-DNA-pol III multiprotein complex (human),complex,4,0.08129869217574578,0.6087742184247296,-0.2100869741004535,0.1817488590913805,0.07769670569642766,0.6247873600146908,0.10780136873014352,-0.2883805703870953,0.613472280565013,0.1264747982406069,1.1660641728121348,0.8498945208746413,0.9575854850937996,0.3390451324152868,0.999999873896792,0.1253246753246752,0.3225965985572847,-0.9371913104235848,2.0016675586027687e-18,0.2058763840633828
complex|ERCC1-ERCC4-MSH2 complex (human),complex,3,0.17505795560672377,0.26749195624184646,-0.11249368874478864,0.47814001788297006,0.07988648758975077,0.615031450624786,0.15227166621341456,0.19942667662174865,0.4209644973210171,0.16748140546237106,-0.6050140340817997,0.6340437875585331,0.9113923453904847,0.3599515378228873,0.999999873896792,0.1220095693779903,0.3207659622363002,,,
complex|MSH2-MSH6-PMS1-MLH1 complex (human),complex,4,-0.040344367071136436,0.7997473761073016,-0.12347293334730094,0.43595896076645385,-0.048742922884710875,0.7591940071208508,0.13551089082219836,-1.087904674748323,0.8616814039041267,0.12931545993935215,-0.06761539922878189,0.9186999221693646,0.9575854850937996,2.2373342595345903e-10,0.9057514908104052,0.5637388926862611,0.564956703522804,0.2003479145276056,0.0153292677604324,-0.0449195989508357
complex|PCNA-MutS-alpha-MutL-alpha-DNA complex (human),complex,5,-0.05106220108787463,0.7481014626593382,-0.11258082560671334,0.47779702343711883,-0.02100568556928472,0.8949537837458663,0.1448171076757564,-1.0110203484431006,0.8439966546225981,0.12471027678663167,-0.1069284864205213,0.8996283704204391,0.9575854850937996,6.485957449664709e-12,0.6351946385555751,0.5736910457963088,0.5976926039426387,-0.3777730159738654,1.414549345984597e-05,0.0436173436806615
"complex|Respiratory chain complex I, mitochondrial (mouse)",complex,27,0.2132239011297427,0.17516357794572537,-0.07397919577407092,0.6414946259652021,0.2579887482466977,0.09903325613737647,0.13744968600002294,0.6451260491788209,0.25942275210090027,0.07786549981591259,-0.08236988068918943,0.5675191465021722,0.7541275279822003,3.0996793501997147e-17,0.9977895230553804,0.2686747949905844,0.4049233994494042,-2.0548423463441594,2.7402866424540235e-26,0.1825414713604114
complex|MCM complex (human),complex,4,0.008103728158997169,0.9593780973330901,-0.01986720451883177,0.900617923271567,-0.0019464727940649938,0.990239008915279,0.1388003073598558,-1.4245568911562807,0.9228573356068844,0.0949661089686351,-1.1231434686138548,0.9891146336272553,0.9581053588418695,0.0741911653655246,0.999999873896792,0.2434609250398724,0.384067940225363,-1.7603941559275238,5.560354227566765e-26,0.0884561266790056
"complex|Ubiquitin E3 ligase (SKP1A, FBXW2, CUL1) (human)",complex,3,-0.011937750083684001,0.9401882335691251,-0.0027012427196657224,0.9864543596946368,-0.07137066911571643,0.6533236788057843,0.15863701397701394,-1.2721843808105726,0.8983461920839878,0.09085324908578923,-1.1437308425195891,0.9829216088408934,0.9575854850937996,0.2241037884706795,0.999999873896792,0.2811802232854863,0.4598122187416502,1.6221568517384537,1.9975947578259355e-25,-0.0149243432801896
"complex|Ubiquitin E3 ligase (DDB1, CUL4A, RBX1) (human)",complex,3,0.24738155100422538,0.11422271025285419,-0.04548544192469378,0.7748541006693097,0.2978914405250301,0.05535894904369457,0.16623099149375156,0.6236519509044942,0.2664280924219542,0.12505446739123427,-0.9051328589130042,0.5144479402341297,0.7647912085731086,0.6271202790772962,0.999999873896792,0.0529505582137161,0.3186784239299634,-1.7246695761435138,2.961140323248813e-26,-0.2532430106828587
"complex|(ER)-localized multiprotein complex, Ig heavy chains associated (mouse)",complex,9,0.2708213668619699,0.08278700768465444,0.09428208460252618,0.5525766665411777,0.2587186755444721,0.0980480482030287,0.1309536329435365,1.3524174278731957,0.08812090866003819,0.09893083618620899,-0.06888957657829888,0.5136929078981881,0.5179517503482982,3.8928289514910726e-10,0.999999873896792,0.3235266195792511,0.0449685452376691,0.1156772106348364,0.1412553218760562,0.1007452604381689
complex|18S U11/U12 snRNP (human),complex,18,0.1535351507113227,0.33166529267510964,-0.15065963426780757,0.3409088496470957,0.18004873345101188,0.25387420081483275,0.12869678821968675,0.27469965766703897,0.39177349709458004,0.08197400285566223,0.9762644218060271,0.6871977103571326,0.8893513334261995,0.2075226639552298,0.8064813661308967,0.0695781342840166,0.5029717142637836,-1.2194214978317557,1.8118055376607185e-22,0.0142213100045629
complex|BASC complex (BRCA1-associated genome surveillance complex) (human),complex,11,-0.08060159728034819,0.6118595199251063,-0.11737335301257189,0.45913318349954235,-0.10332526415161673,0.5149417193051141,0.17341106891634692,-0.7574179546255475,0.7756002486361847,0.10657709582010148,0.13691072807944418,0.8514773771298189,0.9575854850937996,1.2580031787852638e-14,0.999999873896792,0.3488187410675449,0.3959774305242254,-0.6374199395530383,2.978821327320656e-11,0.0237194533574863
complex|GCN5-TRRAP histone acetyltransferase complex (human),complex,8,-0.13593350460253312,0.3906947061424954,-0.10412855000001738,0.5116617964599063,-0.12554749521719208,0.42822759243342584,0.14204615546655092,-0.05679174366072911,0.5226444545355602,0.08596487113181353,0.243428342368807,0.7297210411943275,0.9575854850937996,0.0610358306013374,0.7558882512503801,0.1005541451030172,0.5857471240303337,-0.994611993840924,1.0575342389533301e-19,-0.037144190331189
"complex|Succinate dehydrogenase complex II (EC 1.3.5.1), mitochondrial (mouse)",complex,4,0.45825275686200123,0.0022742561289536105,0.194489475815932,0.2171193986739716,0.5046230718613495,0.0006548069227919552,0.1653639797176008,2.5521131985184495,0.005353586246181269,0.10682979271968311,1.588940398316757,0.4644200585751626,0.14183615206654934,0.4950381635823159,0.999999873896792,0.15954659375712,0.1973466604995894,-1.671003189823021,8.463366091528467e-26,-0.0304234629635642
complex|TFTC-type histone acetyl transferase complex (human),complex,10,-0.36946029456073115,0.01604005977773853,-0.2611491751883281,0.09482174167690216,-0.3229522777486168,0.036972283269386404,0.11144804640169226,3.615648327456272,0.0001497984347392402,0.11298601201466321,2.387724199219158,0.4644200585751626,0.016501480205748934,0.0250194627398424,0.972663855239328,0.1776152502468292,0.4988781687379123,0.467180977240903,3.4015864038673626e-08,0.0855281719359389
complex|BP-SMAD complex (human),complex,6,0.2868545494561148,0.06549742013999257,0.08931528347281825,0.5737841956039466,0.27696685798883136,0.0757821555892377,0.1687536036464717,1.0218586697448422,0.15342389817391044,0.10050365654394981,-0.14724827310382066,0.5122798637865735,0.6259575416725041,0.4685379572570726,0.999999873896792,0.0814900888585099,0.3499089138672193,0.1537364397950707,0.1294664721598442,-0.0279002644557731
"complex|Gamma-secretase complex (APH1A, PSEN1, PSENEN, NCSTN) (human)",complex,4,0.09907461200838474,0.5324708288579764,-0.03825308238494362,0.8099312445954779,0.19643154613439226,0.21247326700594904,0.1508731195795231,-0.4624005467554627,0.678102946347122,0.09351528021758883,-0.8370864411378437,0.821597399541051,0.9575854850937996,0.0014465867508259,0.7561258166152436,0.5214855320118478,0.6535689203545935,0.8352676645179994,3.283500829801664e-16,-0.0022952722667792
"complex|Gamma-secretase complex (APH1B, PSEN2, PSENEN, NCSTN) (human)",complex,3,0.02962653305439825,0.8522500528693677,-0.054286264979088554,0.7327649470614125,0.1245742588201596,0.43184499950809196,0.18822433544354605,-1.3861767987579412,0.9171535378943783,0.09574162703976494,-0.5756165145280636,0.9407578791146713,0.9575854850937996,0.3057339154474461,0.8368005560473967,0.2383002961950331,0.6320243481466983,0.6566169525703338,6.396655953155617e-12,0.2625104627795637
"complex|Gamma-secretase complex (APH1A, PSEN2, PSENEN, NCSTN) (human)",complex,3,0.07406633263599563,0.6411009670915815,-0.09036092581591466,0.5692887707438091,0.17526365449893547,0.26692132818191294,0.12767293009207153,-0.5254533977390665,0.7003659792372745,0.07925097592051533,0.20989503912260263,0.8662246788033342,0.9575854850937996,0.0002825540901438,0.7358648398228462,0.5935064935064935,0.6303375241519951,-0.1924778546359729,0.0094480353937182,0.2578646729659815
complex|TFIID-beta complex (human),complex,10,-0.04513689447699498,0.7765350671261253,-0.23840645422598122,0.12840002281049764,0.018815903675961605,0.9058526594370705,0.17401231326362737,-1.1175551799612364,0.8681214899208878,0.11159182222386801,1.660342147790727,0.9089172821744461,0.9575854850937996,0.5332551905695968,0.8818086116253029,0.0664266727424622,0.5317393659069085,0.2624361714216343,0.0006431681522348,0.0325809725661984
complex|TFTC complex (TATA-binding protein-free TAF-II-containing complex) (human),complex,14,-0.17009115447701584,0.2815153144278201,-0.18281313631802215,0.2465346713347474,-0.12570970128336417,0.42762634493614554,0.12772956905232258,0.4020674045917803,0.34381721027509426,0.12275405423642216,0.6662230557610838,0.6483643446116633,0.8357832997744161,0.2043762058876103,0.901468107947962,0.0989792162724493,0.5278635446854582,0.0029788899783574,0.7124799034511606,0.0129977036002785
complex|STAGA complex (SPT3-TAF9-GCN5 acetyltransferase complex) (human),complex,12,-0.240497738912174,0.12498461136045211,-0.2504313411715899,0.10968548595802516,-0.22051914696094652,0.16051474938810195,0.16342954138287247,0.7577991531397967,0.22428561471801423,0.08883167388913615,2.0926635020927487,0.5145896426775005,0.7151227627011635,0.2940569784290149,0.8187764039585149,0.103929244599101,0.536015153909414,-0.6005993002191634,3.085167750913845e-10,0.0005136382932921
complex|PCAF complex (human),complex,9,-0.03424478673640739,0.8295357370884334,-0.22054339753141755,0.16046758844319256,0.007704788143173933,0.9613763386619015,0.16546418710881422,-1.2022997780999882,0.8853762985608841,0.08781652944771341,2.1230900125134,0.9318478027347904,0.9575854850937996,0.4325584967606403,0.8028422954355551,0.0725563909774436,0.5787338799758602,0.1945804966271723,0.0201184945890265,-0.0407116373768969
complex|TIF-IB complex (mouse),complex,3,-0.24555167690380666,0.11701242826709957,-0.34776321594148063,0.024026755171488445,-0.2778589913527778,0.07480515376206084,0.16096792503349971,0.6539353557334258,0.25657672717900215,0.09513166900629202,3.992339669105949,0.5144479402341297,0.7510428192775431,0.0720398303993898,0.999999873896792,0.2701070858965596,0.3531724446048327,-0.1408338261003643,0.0603678053559904,0.0620726946708374
complex|cRET-Shc-Grb2-Gab2-P85PI3K-Shp2 complex (mouse),complex,4,0.02500827937238911,0.8750828715260762,0.1919625068201157,0.22326939957917283,0.07502030560458829,0.6367975641991104,0.1473005082406104,-1.5952354667610695,0.9446702047878757,0.0999416237845355,1.1897043606881281,0.9519482588898532,0.9630758590457983,0.5258585596419288,0.999999873896792,0.1259398496240602,0.3445470498205825,0.4492038981748957,4.249477009097468e-07,-0.0075884014676753
"complex|TFIID complex, B-cell specific (human)",complex,8,0.06073439276151641,0.702403147765361,-0.19753926598329657,0.20985436098933088,0.1549878962274251,0.3270551834577736,0.1501934520565104,-0.9681867646404887,0.8335244481423857,0.08438333708788018,1.711155745257108,0.8866886539643549,0.9575854850937996,0.6496375131135574,0.999999873896792,0.0297920124987794,0.4917095813987042,0.1041622179963111,0.1004078340601375,0.0089773053892935
complex|WIP-WASp-actin-myosin-IIa complex (human),complex,6,0.346804710460309,0.024444911309001807,0.05114933794979934,0.7476856686735855,0.4444446213115068,0.003190553904104796,0.18507869472806435,1.4463520614621603,0.07403924020162943,0.12331173015274025,-0.8766970211464751,0.4857625830347534,0.498111673808852,0.5962782237971584,0.999999873896792,0.0480656185919343,0.4130984786616082,1.5650047288169624,1.1633542494140736e-24,-0.0044817677046464
complex|DA complex (human),complex,12,-0.004095432510460934,0.9794642938679716,-0.20825710000003475,0.18567088902368525,0.05685322619331501,0.7206268404956793,0.18703056043517768,-1.7191738231641682,0.9572086371237599,0.09188582089959693,1.99382938784689,0.9941895087612341,0.9673232072070561,0.4137758966896502,0.9057514908104052,0.0931678369477412,0.5015251742643619,0.1833740762377299,0.0116709459198772,0.0280243954830765
complex|DAB complex (human),complex,13,-0.02945225933054885,0.8531096295077144,-0.18220317828454924,0.24814168624761096,0.0386050437489557,0.8082150915846347,0.14087852151675992,-0.9178530165474561,0.82065208905893,0.07293791027407076,2.8600296243043393,0.9407578791146713,0.9575854850937996,0.3642675260503951,0.9231729977511434,0.0946877683719788,0.5129912953805139,0.272818214611599,0.0002069378716051,0.0424778542127634
"complex|Cytochrome bc1-complex (EC 1.10.2.2), mitochondrial (mouse)",complex,8,0.29922798384942234,0.05422173442620766,0.0938464002929027,0.5544220733590758,0.3629360730600353,0.018162403884378918,0.14368432847073526,1.2157238284405425,0.11204507192161806,0.1042548984498082,-0.13370081629400093,0.5001451021129545,0.5601368740200492,0.001754924000959,0.999999873896792,0.2932282003710575,0.3640102195393125,-2.3001996687616275,2.5031599189173892e-26,0.0279688137011902
complex|TFIID complex (mouse),complex,8,-0.025356826820087913,0.8733559073656916,-0.1815932202510763,0.249755736260457,-0.019951346139166184,0.9001991340882554,0.14942664767157304,-1.0879570134204026,0.8616929575405794,0.07936861068411367,1.767431512686754,0.951553312918476,0.9575854850937996,0.4386460208620091,0.9695108724736686,0.1156552094522019,0.516104461617149,0.4469439756583737,9.882807205045796e-08,0.0621693497511353
complex|Ryk-Wny1-Fzd8 complex (mouse),complex,3,-0.18438159983266678,0.2424346112741789,0.10778829820085482,0.4968524630870687,-0.1845094002707442,0.24210257793940174,0.15708162099165804,0.2566086329846585,0.3987404549808099,0.0907530416945758,0.2744104576198806,0.61504926229922,0.8916279618320888,0.8170674941513316,0.999999873896792,-0.1083390293916609,0.2257498310083247,,,
complex|TFIID complex (human),complex,9,0.16660568000002782,0.2916376423393584,-0.17584218736404608,0.2653207441773452,0.2446878508205869,0.11834710926546399,0.1141275049058768,0.5800694371609412,0.2809338965520102,0.07479392543306689,1.5169967395340864,0.6521341724532875,0.7800374844249699,0.5891484099098403,0.9603675615881248,0.0462785752259436,0.4845512650731864,-0.0558248657917385,0.7571256305659371,0.0080404821012672
complex|KCNQ1 macromolecular complex (human),complex,9,0.17993761987450702,0.2541722345388145,0.1418588112134128,0.37017301792660434,0.2480941782102006,0.11315001221525531,0.16202663790588478,0.17492050071170975,0.4305710506906963,0.07967794654394636,0.9137910718247175,0.6215860181637165,0.9187974908873431,0.627059664048709,0.999999873896792,0.0391622996886154,0.2627064599844527,-0.5717248602791356,2.4329773769039736e-10,0.020074234194116
complex|Polycystin-1-E-cadherin-beta-catenin-Flotillin-2 complex (human),complex,3,-0.2553981423012978,0.10259132130981494,0.052282117154820444,0.7422868110349337,-0.2254664319791951,0.15110087178349593,0.14912166865483661,1.2437233043537705,0.10680070797970975,0.10654659791842783,-0.5908296264055408,0.5136929078981881,0.5471923276366095,0.9486599492241392,0.972663855239328,-0.1695830485304169,0.5188880492074893,1.2660011468906684,7.356996809858519e-23,-0.1196085116515677
complex|TIP60 histone acetylase complex (human),complex,4,0.16442725845191028,0.29808208668958097,-0.19527370757325438,0.21523484495445072,0.13682081681615185,0.38757999353278755,0.15825796862764147,0.06158868426464258,0.47544519424212267,0.10582771880754904,0.9876849399498717,0.6559131183583772,0.9549969208721332,0.3356906010927321,0.999999873896792,0.1500683526999316,0.2423146777153569,-0.6188178716000905,2.9122878335461416e-11,0.0025176965288827
complex|NuA4/Tip60 HAT complex (human),complex,12,-0.057248918284528376,0.7187616981871534,-0.21766788108790244,0.16613018516184241,-0.0748580995384162,0.6375284549488447,0.13676566163391404,-0.7899964795956482,0.7852350878635572,0.06716509317155933,2.293115974474297,0.89325040903291,0.9575854850937996,0.0414147012070757,0.999999873896792,0.1712152281530271,0.4770475600596384,-0.0584165856903995,0.5646860622134998,0.0353081958611718
complex|XPA-ERCC1-ERCC4 complex (human),complex,3,0.1643401215899856,0.298341752831904,-0.1409874425941658,0.37314981338632397,0.09821577306719613,0.5360474994076958,0.14434221177826675,0.20941371657707258,0.4170626429331805,0.0902171499937389,0.7819863840189402,0.6559131183583772,0.9096121064732466,0.8267629011974861,0.9057514908104052,-0.0698108908635225,0.4893877472113683,,,
complex|IMP3-IMP4-MPP10 complex (human),complex,3,0.12312438589960213,0.4372654600660475,0.19483802326363084,0.21628041464906073,0.06763992959375853,0.6703877652994803,0.1427650345774297,-0.1772687352089678,0.5703513462330997,0.10198498319666975,1.364762425996249,0.7667279880087634,0.9575854850937996,0.6912164014818221,0.8028422954355551,0.0430849851902483,0.6130052194496001,-2.403776014211565,2.3291734339045008e-26,0.3384055265123227
complex|TRAP complex (human),complex,15,-0.3178752723013083,0.04022362700016257,-0.2364023064017131,0.13173814531298858,-0.25223043289758873,0.10707397271831368,0.1127463856443703,2.3233197476679397,0.010080990865292655,0.07109932248745957,2.708837319295007,0.48662407764568755,0.2072633874971188,0.14933772088047,0.8379104691817861,0.1314409400123685,0.5547011545667804,0.5796747329935149,8.535976870526992e-10,0.0314794172069231
complex|Mediator complex (mouse),complex,12,-0.25147698351468634,0.10816183201763876,-0.2716055986192922,0.0818660093374537,-0.20932692839507283,0.1833706483025965,0.181771850818022,0.6783156312487294,0.24878579490819835,0.07353915462135119,3.5328310731218404,0.5144479402341297,0.746261165338493,0.5924813391255689,0.8818086116253029,0.0918743138838832,0.4898895404511986,1.0293727394696768,2.3675922992891726e-20,0.0181600767554756
complex|DRIP complex (human),complex,14,-0.21470522778246262,0.17211412068968607,-0.2675101661088312,0.08676499722626216,-0.15336583556570427,0.3322052095321821,0.169093437407978,0.4105674838041434,0.34069485534262933,0.09998083537240163,2.0230876763057712,0.5649163693239746,0.8330837689177409,0.3852966930097756,0.9679703265045758,0.0779618877363238,0.4582066929377844,1.273458064192633,7.634934330138591e-24,0.0824718786533248
complex|Decapping complex (human),complex,5,-0.08173437648536928,0.6068492951070913,-0.11275509933056276,0.47711142303208637,-0.16553129052861046,0.294804672536184,0.11681567709625382,-0.35302315277159674,0.637964458394437,0.06152733820503119,0.8546412496438796,0.8498945208746413,0.9575854850937996,0.8712664293910035,0.999999873896792,-0.0295420369104579,0.3820126091940393,1.4101131432973433,7.5655874458296445e-25,0.1310418042161395
complex|LSm1-7 complex (human),complex,6,0.27125705117159343,0.08227435007666262,0.03929872472804003,0.8048353286573581,0.3005678406168694,0.05310059505592239,0.13019989908788782,1.481675152587616,0.06921337579799243,0.09049163110880172,-0.7955209555857604,0.5136929078981881,0.4883983857688208,0.268294508761695,0.999999873896792,0.1832718159033948,0.259881256597064,-1.5687430554720154,3.9530497694267757e-25,0.0588029472052266
complex|LSm2-8 complex (human),complex,6,0.2629790492887468,0.09244718667121815,0.10813684564855361,0.49545360704491553,0.2614761786693975,0.09439398851300823,0.15146129339751482,1.2841677450765128,0.09954163420610718,0.07787421350210506,0.443355292742299,0.5136929078981881,0.5327388759111704,0.2150819617929924,0.999999873896792,0.1950011392116655,0.2730385080892406,-2.1219493901615207,2.429123844324463e-26,0.0164781562417696
"complex|F1F0-ATP synthase (EC 3.6.3.14), mitochondrial (human)",complex,13,0.20729859451886307,0.18774913911956728,-0.013593350460253315,0.9319113878863019,0.27210067600366883,0.08128872145107637,0.14912166865483661,0.49538789881505263,0.31016316754754936,0.08926300135566342,-0.986302869686342,0.5759318937964197,0.8034300862339367,8.06694267530913e-05,0.9679703265045758,0.2722917433443749,0.5079693402763331,-2.3135618524494546,2.3291734339045008e-26,0.1391082197126617
complex|p300-CBP-p270-SWI/SNF complex (human),complex,7,-0.24389607652723733,0.11958052187809703,-0.03293773380753688,0.8359512578279136,-0.1785077758223771,0.25802832438860246,0.1548160625816158,0.9514899369207,0.17067786224841996,0.11041111774478829,-1.2285857869237744,0.5144479402341297,0.6480646001434156,0.0113102990061465,0.7946084737027482,0.281255085766364,0.581769484067056,0.3379586694666164,3.091998477142052e-05,0.0380123605113052
complex|p300-CBP-p270 complex (human),complex,3,-0.17645214539751897,0.26364011919004254,-0.11423642598328268,0.4713047906610225,-0.11151667049330692,0.4819946765506772,0.1508731195795231,0.21609607489982455,0.41445642960647755,0.11715551085776015,-0.03506550259372161,0.6306271651025818,0.9073821204669011,6.471512758780707e-06,0.7095474595990942,0.5390066074276603,0.6713653258226172,1.877212170726,2.5902704615129864e-26,0.1569313208718021
complex|PYR complex (mouse),complex,9,-0.013941897907952116,0.930169767074316,-0.06639828878662196,0.6761039342597949,0.05109491084420608,0.7479453721108518,0.153151748518854,-1.3118886102309582,0.9052211394688943,0.06038148847072137,0.12218473398119635,0.9797568224940401,0.9575854850937996,0.3060193364523668,0.9634175832374848,0.0818086883876357,0.442530565669427,-0.8018494885088485,1.6713003812880396e-15,0.0029114638390704
complex|ABIN2-NFKB1-MAP3K8 complex (human),complex,3,-0.08975096778244175,0.5719091363208503,-0.10282149707114686,0.5170040139388545,-0.21070567995753556,0.18043623976790166,0.1785565006130005,-0.6038346722735735,0.7270232174045325,0.10919991536403498,-0.09911015652650186,0.8335695141500973,0.9575854850937996,0.750143334250245,0.99054418665301,-0.0028480291638187,0.5147288803513855,2.721616167647353,2.3291734339045008e-26,-0.1280175197439866
complex|Ikaros complex (mouse),complex,9,-0.07188791108787809,0.650971319219134,-0.19344383347283564,0.21964985243795246,-0.0768045723324812,0.6287803213546708,0.12424409457533454,-0.4901889726479832,0.6879999083473052,0.08988167307532882,1.6491916248392078,0.8733865199523382,0.9575854850937996,0.7813367078363798,0.9815952958789088,0.0296726665147717,0.4199819832749266,0.024912692410871,0.3830436590018458,-0.0066828599226235
complex|Ikaros-NuRD complex (mouse),complex,5,-0.1408131688703164,0.3737468787299119,-0.20625295217576664,0.19003509657105352,-0.17072188464611715,0.27970839487974225,0.18764487531174678,-0.45244754380370267,0.6745266986048053,0.10156236941633494,1.3838348440888928,0.7158545771385049,0.9575854850937996,0.0880896470381582,0.8368005560473967,0.1434586466165413,0.5757737861359211,0.8425415322019373,2.5768818644560554e-16,-0.033820393761297
complex|Mi2/NuRD-BCL6-MTA3 complex (human),complex,5,0.031282133430967564,0.8440926283561575,0.07798749142260716,0.6234881561993731,-0.0687753720569631,0.6651765135542296,0.12894512827617216,-0.9992824153247722,0.8411710492860573,0.09679162622595758,-0.25706671448171675,0.9357446351427107,0.9575854850937996,0.9422071248724238,0.999999873896792,-0.1030690362269309,0.1983471979764431,0.4299070439592672,1.201614226443122e-06,0.0586888874457469
complex|NuRD.1 complex (human),complex,8,-0.06352277234310684,0.6894107050419056,-0.10944389857742413,0.4902259691434631,-0.09764805183559384,0.5384181678167088,0.14550113204186527,-0.8199952076810946,0.7938905804263734,0.07479392543306689,0.6109736924078198,0.8798393936906759,0.9575854850937996,0.0567693380892124,0.8984993889969343,0.1175739673859974,0.5100862835965283,-0.6047515297711789,1.1222726781202297e-10,-0.0318671848061886
"complex|TIM (TIMM17ab, TIMM23, TIMM44) complex, mitochondrial (human)",complex,3,0.048883779539757116,0.7585189376570319,0.08896673602511945,0.5752862573626024,0.14371457462846535,0.3638807747182767,0.15576149753349877,-1.063459954353107,0.8562132918329916,0.1041198363138249,-0.20378094683218995,0.8998877638529564,0.9575854850937996,0.8303815813506924,0.999999873896792,-0.0412394622920939,0.3048229289998205,-2.273439148866164,2.3291734339045008e-26,0.0579689850743037
complex|CTF18-CTF8-DCC1-RFC3 complex (human),complex,3,0.25592096347284604,0.10186548878177691,0.05358917008369095,0.7360724971864561,0.20729935256792179,0.18774748900499738,0.10930883644144085,2.1801460520373066,0.01462331852411677,0.11902459654604496,-0.8837739674342701,0.5136929078981881,0.25505504725813666,0.9461526628798304,0.999999873896792,-0.2742538163590795,0.1551952744817019,-0.0372920596545799,0.6712175178930225,-0.0069243757508848
complex|NRD complex (Nucleosome remodeling and deacetylation complex) (human),complex,7,-0.15057249740588285,0.3411914111265118,-0.09680905359834252,0.5419308601975378,-0.17364159383721461,0.27144296740020823,0.1715376263849659,-0.14774718079659752,0.55872885233877,0.10907792375734038,-0.16967950282414856,0.6939879722913403,0.9575854850937996,0.0794763348649492,0.8818086116253029,0.2318718875109852,0.5181398924203041,0.2249184782516568,0.0017724035542368,-0.0346120473494893
"complex|Ubiquitin E3 ligase (SKP1A, SKP2, CUL1) (human)",complex,3,0.053676306945615655,0.7356587946000652,-0.08269288196654101,0.6026237029326879,-0.040308207443762574,0.799923188789674,0.17422144173224666,-0.9730906261764924,0.8347458687742357,0.12949844734939403,-0.6760543663603297,0.8956631577924263,0.9575854850937996,0.8950117238735464,0.999999873896792,-0.0736842105263158,0.1960692254491821,0.5772779610410116,6.356328295607843e-10,0.0819028188171286
complex|CoREST-HDAC complex (human),complex,7,0.1887384429289018,0.2312885552732632,-0.030672175397494658,0.8470961710290035,0.18215741231124896,0.24826254640247736,0.11951256297282331,0.9791022076106882,0.16376474048745154,0.11627978539541688,-1.1561161031784914,0.6058660152527408,0.6397135788705899,0.4782917129645759,0.901468107947962,0.0939621781727044,0.5153382214760858,1.0912267727725142,3.1000011034631794e-20,0.0046828154257449
complex|AKAP250-PKA-PDE4D complex (human),complex,3,-0.1298339242678041,0.4124987787886173,0.0233526789958198,0.8832936358627085,-0.15555561745902738,0.3252645225159697,0.1410353678682244,-0.09546034795402203,0.5380254079337462,0.10459908905441077,-1.281619785859837,0.7526325977805972,0.9575854850937996,0.9631486436679598,0.999999873896792,-0.2283435862383231,0.2393106092974796,,,
"complex|Ubiquitin E3 ligase (VHL, TCEB1, TCEB2, CUL2) (human)",complex,4,0.05812028690377539,0.7146600880600583,-0.0233526789958198,0.8832936358627085,0.1111111553278767,0.48359932741824196,0.152576645230151,-1.1340716103889328,0.8716177444999276,0.08725885353139531,-0.9735880539541297,0.8918793073380831,0.9575854850937996,0.7844510660763033,0.999999873896792,0.0239234449760765,0.4576719326295304,-0.9726363035907588,1.972499500208045e-18,0.0449818344499645
complex|LSD1 complex (human),complex,12,0.24276329732221624,0.12136195462102523,0.022481310376572788,0.8876199955154742,0.20940803142815886,0.18319710041358497,0.16304178234730754,0.7334277875753986,0.23164877814638307,0.1224490752196857,-1.1607068097054989,0.5144479402341297,0.7227195356353232,0.9126090711118704,0.999999873896792,0.0054878932869363,0.3073811976553079,0.8708634853632227,1.1517008419146344e-16,0.0428055763007219
complex|MRN-TRRAP complex (MRE11A-RAD50-NBN-TRRAP complex) (human),complex,4,-0.15745630949793424,0.31931426889093384,-0.25426536309627673,0.10417752753636036,-0.18394167903914188,0.24357990693757037,0.16593908300630383,-0.08742725863526345,0.5348340484641285,0.0757655014435273,2.93844951402713,0.6743943136112256,0.9575854850937996,0.0460426035331485,0.999999873896792,0.3019822282980178,0.3462715915232293,0.1690337297539344,0.0208620074993815,0.1506816140100226
complex|BLM-TRF2 complex (human),complex,3,-0.004095432510460934,0.9794642938679716,0.034506197322181485,0.8282539300275007,0.03892945588129987,0.8066340533586903,0.13887437369249175,-1.3782584948817669,0.9159382535718035,0.09191631880127057,-0.9371958501432546,0.9941895087612341,0.9575854850937996,0.0059976110241658,0.8741293923296176,0.4813852813852814,0.5697435363668938,0.5372491894649657,5.594908230254039e-09,0.0863544609323419
complex|Anti-HDAC2 complex (human),complex,17,-0.166257132552329,0.29266265285120185,-0.18638574765693489,0.2372631231868156,-0.18969999438825083,0.22887659203944904,0.16544240289333303,0.006594954694203336,0.4973690128069393,0.08527213307951213,2.086834211584363,0.6529905332813668,0.9575854850937996,0.134796890234987,0.999999873896792,0.109074323509308,0.4423850923328951,-0.0160198870210864,0.8473085495127504,0.0029877549400554
complex|anti-BHC110 complex (human),complex,10,-0.02875516443515124,0.8565496046137745,-0.08112441845189639,0.6095449191241843,-0.040308207443762574,0.799923188789674,0.15391855290379136,-1.1774830455791139,0.8804986196428359,0.06410658931800234,0.3643215509267355,0.9425426666675322,0.9575854850937996,0.5478853243506157,0.979958403975743,0.0880352396141869,0.4856851318800276,0.3435804113413813,1.7934479795754537e-05,0.0080663370289794
complex|XFIM complex (human),complex,5,-0.1318380720920722,0.4052592472529708,-0.13941897907952117,0.3785438443269072,-0.16382812683380363,0.29987042151385407,0.15417560664646923,-0.1797867497378744,0.5713400068532896,0.13140674462554497,0.07778606033752981,0.7460049292000597,0.9575854850937996,0.1213223153345398,0.8718293000101139,0.2333697881066301,0.5237818570319156,-0.2338421542277273,0.0072630570104289,-0.1656447417316982
complex|BHC complex (human),complex,6,0.24468030828455964,0.11835881344803319,-0.055157633598335566,0.7286372193195281,0.22270892885426968,0.15629670619033922,0.16192643051467137,0.8659186416688055,0.19326738971013807,0.10577107984729799,-0.7707696884646041,0.5144479402341297,0.6877248356440339,0.6558264952723701,0.9076141179337928,0.0626976532239689,0.5244255640514031,0.7967507509383315,5.9872870272998775e-15,0.0281369848434009
complex|RANBPM-Muskelin-TWA1-HSMpp8 complex (human),complex,3,-0.18072185163182933,0.25207373654913495,-0.10674265585775841,0.5010611479976157,-0.20494736460842658,0.1929169320626094,0.14694324710671908,0.34180191769637663,0.3662499831520992,0.10749638971340707,-0.009268998136466486,0.6215860181637165,0.8632446111907023,0.0867420157946489,0.9545790103479016,0.3614718614718614,0.5001621990104668,0.8535034693046516,1.221150671472941e-16,0.0249952195920958
complex|CtBP complex (human),complex,17,0.070755131882857,0.6561273980072259,0.014464719079500322,0.9275579414192803,0.10697490064048859,0.5001248015817651,0.09094038594771392,-0.2796506711100007,0.6101272362444317,0.11184887596654589,-1.1509475403355978,0.875728672318497,0.9575854850937996,0.2898589278814386,0.999999873896792,0.0805707450444292,0.3891699766179038,1.0092780648012802,1.1079750860373858e-19,0.0031270439142959
complex|HDAC1-associated protein complex (human),complex,9,0.09166797874478518,0.5636923481593549,-0.050887927364025226,0.7489332619949478,0.018897006709047644,0.9054486806291473,0.15231959148747315,-0.7120567424257978,0.7617851802069591,0.1023553148598497,-0.7578937866951656,0.8308507638714998,0.9575854850937996,0.7131873390740426,0.8818086116253029,0.0325377838535733,0.5042069716342297,0.3449332754818343,1.5571924364327097e-05,-0.0408376331234077
complex|HDAC1-associated core complex cI (human),complex,3,0.032066365188289876,0.8402341383368263,-0.022307036652723388,0.8884856581760586,-0.0043795637866462355,0.9780399107572866,0.1666797463326638,-1.1760206546363712,0.880206688766323,0.08963768986193964,-0.8139329896106983,0.9339405478167697,0.9575854850937996,0.6912164014818221,0.9076141179337928,0.0462519936204146,0.5784008290175695,,,
complex|HDAC1-associated core complex cII (human),complex,10,0.05646468652720607,0.7224598262121839,-0.04043150393306114,0.7993237457841139,0.0579886686565196,0.7152791221769738,0.15032415734939747,-0.990220859521731,0.8389669105242332,0.09551507119876071,-0.7444652812405066,0.8945624927844091,0.9575854850937996,0.7792716328550947,0.999999873896792,0.0197220323536113,0.4190634034530682,0.6609627623620414,6.897423745038889e-13,-0.0361765260324778
complex|HDAC2-asscociated core complex (human),complex,8,-0.07668043849373665,0.6293367448544982,-0.04522403133891968,0.776114730797582,-0.08969995459316178,0.572128537446,0.15806626753140715,-0.7660184294740615,0.7781673317717573,0.1176565478138272,-0.9216648017962616,0.8597923022065697,0.9575854850937996,0.7392668127670046,0.972663855239328,0.0318230641538911,0.471255771001437,0.0665616825723983,0.2489027402122522,-0.0139100206111603
complex|AP3-BLOC1 complex (human),complex,9,0.21670937560673076,0.1680494563767567,-0.013854761046027416,0.9306051424358106,0.28710473712458656,0.06525233299643016,0.12436172933893289,0.8704181583808853,0.19203596343937307,0.11525157042470542,-1.4390318322608324,0.5606597962433852,0.6873567533677156,0.9422071248724238,0.999999873896792,-0.0001727804359383,0.3550520140623365,0.0225823296192738,0.6304440304018355,0.0246623539679681
complex|BLOC1-BLOC2 complex (human),complex,7,0.28938151845193116,0.063055248906865,0.01760164610878955,0.9119036916851903,0.33390118721523243,0.030689882625134966,0.15307768218621803,1.170782637134278,0.12084307932440319,0.0850673614539891,-1.2110080380563424,0.5122798637865735,0.5722275226832033,0.3476291900456323,0.999999873896792,0.0762360446570972,0.3440213471309939,0.073211111792255,0.3176031899588443,0.0297967033826046
"complex|Retromer complex (SNX1, SNX2, VPS35, VPS29, VPS26A) (human)",complex,4,0.10735261389123131,0.49860387612032797,0.06674683623432076,0.6744974877750137,0.1122465977910813,0.4791133389133031,0.1279953364811929,-0.21068601501301734,0.5834338559653914,0.10926962485357472,-0.6286944509004996,0.8058516700539354,0.9575854850937996,0.0101774307169847,0.8379104691817861,0.342663476874003,0.5954419883179186,-0.5932880037462055,1.7980146427712208e-10,0.1611585995028375
complex|Presenilin-TMP21 complex (mouse),complex,4,0.09907461200838474,0.5324708288579764,-0.03825308238494362,0.8099312445954779,0.19643154613439226,0.21247326700594904,0.12972936003349445,-0.3802267803303738,0.6481114591961699,0.11316899942470508,-1.1741441091120255,0.821597399541051,0.9575854850937996,0.0006934930455383,0.5302479670784715,0.5214855320118478,0.6535689203545935,0.8352676645179994,3.283500829801664e-16,-0.0022952722667792
complex|Metallothionein-3 complex (mouse),complex,4,0.284763264769922,0.06757473677019032,0.29591678309628366,0.05707401622420957,0.25352808142696537,0.1052199496424603,0.17242642237659783,1.0318093289367838,0.15108072408262324,0.10847232256696374,2.050002845535284,0.5132456804789529,0.6224006207297486,0.5739302637108152,0.9679703265045758,0.0185919343814081,0.5417957070950191,-0.8231627209216552,2.083103641512562e-16,0.0657182066795827
complex|Tis7-Sin3-Hdac1-Ncor1-Sap30 complex (mouse),complex,4,0.10822398251047831,0.49510420941142885,0.034157649874482686,0.8299631032938961,0.09829687610028216,0.5357092456477207,0.15007146044981584,-0.33061518746397933,0.6295324135758469,0.08247068296863301,-0.7211187611777405,0.8038638756162855,0.9575854850937996,0.4271323543145303,0.8818086116253029,0.1268398268398268,0.5738283760949147,-0.5588129924495706,2.5053597529152703e-09,0.0140769483319083
complex|MeCP1 complex (human),complex,9,0.041738556861931654,0.7929761717546214,-0.049406600711305315,0.7560148171551876,0.04168695900622528,0.7932265045497522,0.13489221910253296,-0.9929596034268449,0.8396351793547445,0.09969764057114634,-0.8866081636668476,0.9164545154513654,0.9575854850937996,0.3739418710340871,0.7584976426989276,0.1104864433811802,0.5264382850656248,0.5547719374524768,4.770130209132473e-10,-0.0381749018964088
complex|Apg16L-Apg12-Apg5 complex (mouse),complex,3,-0.33608687644357077,0.029547924906968105,-0.14604138058579844,0.35608294296811865,-0.29456621616850237,0.058271324148963695,0.1382949135606925,2.210534886305258,0.013534031056457752,0.09529287220085272,0.6089937430553138,0.4857625830347534,0.24005700848445827,0.4738512212966922,0.99054418665301,0.1926634768740031,0.5105526677780261,0.5782421289003447,2.5747363086751366e-10,-0.2174594026113654
complex|BRMS1-SIN3-HDAC complex (human),complex,8,-0.06596260447699846,0.678113988004522,-0.21784215481175184,0.16578293737315963,-0.018815903675961605,0.9058526594370705,0.1568071398765952,-1.009998912679361,0.8437520945097496,0.09352835074687753,1.632686579659868,0.8770401152061406,0.9575854850937996,0.5317387373761921,0.8752984084131487,0.0664022068157406,0.5294562797265415,0.1500374720203704,0.1170106041620288,-0.0421713153878624
complex|BRG1-SIN3A complex (human),complex,13,-0.010892107740587591,0.9454189738225772,-0.1896969484100735,0.22888420529591866,0.03576643759094426,0.8220806650670158,0.151557143945632,-1.4594055077863382,0.9277732345129307,0.08401300542470022,1.984414534950523,0.9829216088408934,0.95847488499609,0.4849538607852523,0.9779872690312136,0.0800541563699458,0.4616753658540814,-1.084513333760612,7.602779285263686e-21,0.0228465982070229
complex|BRM-SIN3A complex (human),complex,14,-0.047402452887037205,0.7656271114533864,-0.18377164179919384,0.2440235623060067,-0.008759127573292471,0.956095821046174,0.13592914775943693,-1.087246317569965,0.8615360169483386,0.1158702421443708,0.8580549440215829,0.9033018851589276,0.9575854850937996,0.1420121275669461,0.9679703265045758,0.076301142466556,0.4790123195549673,-0.7801978412438076,3.3610008061205026e-15,0.0149268558935084
complex|PU.1-SIN3A-HDAC complex (human),complex,3,0.03990868276151294,0.8018663757387209,-0.0360746608368261,0.8205724352051732,0.131224707533215,0.40746709180575624,0.16958576067785258,-1.2256732261186367,0.8898391652499691,0.07108189511507462,-0.5737580177794901,0.9190643933194154,0.9575854850937996,0.9084426956487468,0.9679703265045758,-0.1381635907951697,0.5065350208106083,2.3450532264176767,2.338629179230473e-26,-0.0716150202220273
complex|P2X7 receptor signalling complex (human),complex,8,0.21670937560673076,0.1680494563767567,-0.12957251368203002,0.41344846968797694,0.2668289788530762,0.0876014655034343,0.12369948918830516,1.3009872055491758,0.09663141709909606,0.06787090175314939,0.9976304387655739,0.5606597962433852,0.5299852515627526,0.3707799624687868,0.999999873896792,0.1094424372619861,0.4089421412634413,-0.0741241215538771,0.6953654324957915,0.0243064951011341
complex|DDB2 complex (human),complex,13,0.05585472849373317,0.7253404715368845,-0.07607048046026374,0.6320737872440542,0.15490679319433906,0.3273114938694816,0.11490302297700664,-0.542802558954779,0.7063671244216461,0.0865878996945751,-0.18627960293070983,0.8945624927844091,0.9575854850937996,0.0073303218323635,0.972663855239328,0.1549555707450444,0.4837778054615909,-2.160351042169983,2.3291734339045008e-26,-0.017981410665763
complex|CSA complex (human),complex,12,0.06674683623432076,0.6744974877750137,-0.07432774322176973,0.6399205732254971,0.1673155572565034,0.289557216684304,0.11748227408997777,-0.5594094390370563,0.7120588395253789,0.08810408109206493,-0.2241840547848094,0.8770401152061406,0.9575854850937996,0.0003307011495642,0.9679703265045758,0.1884111104206797,0.5079302938807368,-2.2954689069374856,2.3291734339045008e-26,0.002667141515893
complex|CSA-POLIIa complex (human),complex,13,0.04853523209205831,0.7601897077817087,-0.09175511560670987,0.563320162056983,0.15093274457312303,0.3400241604629399,0.13269201333893427,-0.8436570152650739,0.800569452981098,0.09903540042051862,-0.08041355377767992,0.8998877638529564,0.9575854850937996,0.0263225291385442,0.972663855239328,0.1630755209702578,0.4917848593641136,-2.1314032067547664,2.3291734339045008e-26,-0.0112287499817129
"complex|Ubiquitin E3 ligase (FBXO31, SKP1A, CUL1, RBX1) (human)",complex,4,0.06892525778243828,0.6644897493106454,-0.1439500958996056,0.36308683275166526,0.04249798933708569,0.7892940861196366,0.1396324643912367,-0.7005681984811188,0.7582137346988622,0.08607814905231563,0.5967619862695244,0.8770401152061406,0.9575854850937996,0.9237980394058656,0.999999873896792,-0.0949077238550922,0.2646345520495621,-0.0198689712806278,0.9201701544615236,-0.0430455437578696
"complex|SNARE complex (STX4, SNAP23, VAMP1) (human)",complex,3,0.0704937212970829,0.6573195146738456,-0.15649780401676253,0.32230632148206456,0.0961881972400451,0.5445373031882199,0.11362211110671352,-0.49459400806478315,0.689556633671673,0.09191631880127057,0.7598621565103579,0.875728672318497,0.9575854850937996,0.7887116990696791,0.999999873896792,0.054066985645933,0.4557688610242633,0.3331212381729538,6.900228617617208e-05,-0.1504155347021535
"complex|SNARE complex (STX4, SNAP23, VAMP2) (human)",complex,3,0.08948955719666767,0.5730338357037312,-0.11998745887031291,0.44912105213781134,0.17980542435175378,0.254527120128454,0.16410920890588515,-0.7852485170305334,0.7838460628073527,0.08376030852511857,0.46169446886221693,0.8340471614241373,0.9575854850937996,0.5962782237971584,0.7057216983958824,0.0670767828662565,0.6132296846989184,0.6033444320072011,1.000557221767061e-10,-0.1073891576740881
complex|SIN3 complex (human),complex,7,-0.05001655874477822,0.7530964575752198,-0.18037330418413056,0.25300496329662286,-0.004217357720474152,0.9788530606495455,0.14810216737031762,-0.9416115776613798,0.8268042299812717,0.07502919496026357,1.7400679620295922,0.8996283704204391,0.9575854850937996,0.3302896185112736,0.7561258166152436,0.1230999576864238,0.6679739537296439,-0.2985320631842717,0.0003823324081125,0.0042109466444628
"complex|SNARE complex (STX4, VAMP1, VAMP7) (human)",complex,3,0.27456825192473205,0.07845863805428843,0.0007842317573223066,0.9960672283318945,0.284103924900403,0.06824037219074607,0.13213869426571243,1.3174027678235625,0.09385182683246862,0.06703438787867229,-1.483775727505427,0.5136929078981881,0.5299852515627526,0.8449550073078604,0.999999873896792,-0.0636363636363637,0.3922926978694652,0.6555276858144532,1.218075279089822e-12,-0.1311676281600299
"complex|SNARE complex (Vti1b, Stx6, Stx7) (mouse)",complex,3,0.19527370757325438,0.21523484495445072,0.03328628125523568,0.8342394075726818,0.23917284457073604,0.12714037442394854,0.1352974055104828,0.514358480545203,0.3035006909670237,0.12489762103976979,-1.047416274999999,0.5986220157578992,0.7976321521711213,0.0662550561096187,0.999999873896792,0.4600364547732969,0.4194256452242465,0.0568010519787679,0.4546095423070871,0.1185676454777342
complex|SIN3-ING1b complex I (human),complex,9,-0.0697966264016853,0.6605025885163626,-0.1301824717155029,0.41123446111586937,-0.01046229126809934,0.9475697646288503,0.13226939955859948,-0.6253070620741924,0.7341152270688344,0.09220387044562209,0.61271196144732,0.8766213809541832,0.9575854850937996,0.1790647301451641,0.6546990428633584,0.0866446419077998,0.6266246425811367,0.0647200177330022,0.2929564420129559,0.0093866240578988
complex|SIN3-ING1b complex II (human),complex,16,-0.10970530916319822,0.4891838772455327,-0.16817414351467244,0.28705384959039465,-0.025871867554447207,0.8708050757316513,0.14577125631383184,-0.3290539379523314,0.6289425403127307,0.08402171911089269,1.18068728679327,0.8017712255872357,0.9575854850937996,0.0972212788649804,0.7095474595990942,0.0866074276600592,0.5150115986472008,-0.703201002387758,4.1080883125044594e-14,0.0064731571076547
complex|NCOR-HDAC3 complex (human),complex,5,0.06665969937239608,0.6748989659622525,0.1282654607531595,0.4182155654752717,0.1060016642434561,0.5040545822458425,0.1374366154707342,-0.799875742894175,0.7881086033935933,0.0844966150083823,0.8238350515603369,0.8770401152061406,0.9575854850937996,0.9013040446919198,0.9779872690312136,-0.0365345181134654,0.496064023338626,0.300857785028306,0.0002261267886289,0.1614348259029559
complex|SIN3-SAP25 complex (human),complex,10,-0.17427372384940146,0.269674884802963,-0.17052683878663935,0.2802663516497467,-0.1159773373130392,0.46452883556241986,0.11954306087449695,0.7259496680435681,0.2339348132438907,0.10543124608579164,0.8697162880793704,0.6384949478423094,0.724298171774354,0.1413096318448234,0.1557968809964979,0.1070919723551302,0.710212554421808,0.2939730129285733,9.593076848773392e-05,-0.0078716256032634
complex|NCOR-SIN3-RPD3 complex (human),complex,4,-0.20329029887032685,0.19661888437328975,-0.3227549365690915,0.03709451010360256,-0.1445256049593258,0.36115118469935287,0.1730799488410331,0.33585321107040467,0.3684907808655722,0.09443021726779821,3.563708113064509,0.5828942280358292,0.8634595059541619,0.7990679732603162,0.7706089444907792,0.0385737069947595,0.6436976032498519,-0.2618200828584258,0.0012854669056634,0.0166139468851583
complex|NCOR-SIN3-HDAC1 complex (human),complex,3,-0.15858908870295535,0.3158008263505607,-0.2005019192887364,0.20296067113096594,-0.07907545725889036,0.6186372388407282,0.19129590982639177,-0.33493714005447,0.6311637475607768,0.09574598388286115,1.6643750912647293,0.6722916385123335,0.9575854850937996,0.7400835513417561,0.9330119844198264,0.037138300296195,0.5261361025516808,0.6290547447908459,3.7140610332741095e-11,-0.0420053540568525
complex|MeCP2-SIN3A-HDAC complex (human),complex,4,-0.12356007020922564,0.4356326745690372,-0.21034838468622757,0.18119343294921955,-0.08313060891319242,0.6006982234427652,0.12962915264228103,-0.051197391130222196,0.5204158846516063,0.1025252317406029,1.3222355555784626,0.7667279880087634,0.9575854850937996,0.4986865515761114,0.999999873896792,0.1340054682159945,0.4583116779920086,1.125473498725439,2.7147404550949908e-21,-0.0662059435803631
"complex|Apoptosis- and splicing-associated protein complex (ASAP-S), SAP18-RNPS1-Acinus-S (human)",complex,3,0.004095432510460934,0.9794642938679716,-0.09236507364018279,0.5607180561036453,0.08459046350874118,0.594296020943421,0.156210252372411,-1.3299211233408836,0.9082278695497562,0.10117896722386625,-0.11356463730272452,0.9941895087612341,0.9575854850937996,0.7650088558092184,0.999999873896792,-0.0137388926862611,0.2999612738338087,-0.970911520175436,1.4759314883583997e-19,0.1082158074559932
complex|TREX complex (human),complex,5,0.10020739121340586,0.5277711655502826,-0.10160158100420107,0.5220150299230296,0.06634228106438186,0.6763622050055498,0.11945592401257224,-0.18820242168536735,0.5746410129095623,0.1030741939707285,-0.020674008056319484,0.821597399541051,0.9575854850937996,0.641116552502222,0.999999873896792,0.0501025290498974,0.333176934599887,-2.0948579630034576,2.3592109826872102e-26,-0.0294837294758147
complex|THO complex (human),complex,5,0.10020739121340586,0.5277711655502826,-0.10160158100420107,0.5220150299230296,0.06634228106438186,0.6763622050055498,0.16834841723852184,-0.5475433186240778,0.7079972408369934,0.1312542551171767,-0.3606393560399704,0.821597399541051,0.9575854850937996,0.6760626236808717,0.999999873896792,0.0501025290498974,0.333176934599887,-1.9236966629135088,2.7402866424540235e-26,-0.0947248649760257
complex|LARC complex (LCR-associated remodeling complex) (human),complex,17,0.1310538403347499,0.4080833651900842,-0.020651436276154074,0.8967156962954381,0.16180055100665258,0.3059734315484842,0.1586675118786876,-0.27626563482194455,0.6088279757068227,0.10550095557533143,-1.3491635299362383,0.7492267397744266,0.9575854850937996,0.2013016851463096,0.999999873896792,0.0873758594346829,0.3209599594777527,-0.0481454690479413,0.6953654324957915,0.0211252175077684
complex|URI complex (Unconventional prefoldin RPB5 Interactor) (human),complex,7,0.47341457083689914,0.0015426464964932074,-0.02587964799163612,0.8707665515648814,0.44103829392189303,0.0034611236529628543,0.133929356778265,4.287775959774479,9.023548997939423e-06,0.10118332406696248,-0.7823755718332109,0.4644200585751626,0.0031477146754478685,0.778019081555419,0.999999873896792,0.0353513654265533,0.2083036649948202,-0.6583540568403605,6.244513255114284e-12,0.036683139746141
complex|SMG-1-Upf1-eRF1-eRF3 complex (SURF) (human),complex,5,-0.13549782029290966,0.39222941774659265,-0.2279500307950171,0.14653051229044703,-0.12830499834211748,0.4180709086181756,0.17927973656697554,-0.5385214931433888,0.7048914646197166,0.08024869298955313,2.003995546107053,0.7297210411943275,0.9575854850937996,0.8721065095439853,0.999999873896792,-0.0517156527682843,0.2791785136065162,-0.6499869366434281,3.6277120725582603e-12,0.0577902609561538
complex|MR-UBC9-SRC1 complex (human),complex,3,-0.10674265585775841,0.5010611479976157,-0.01812446728033775,0.9092976847476272,-0.04047041350993466,0.799134598753801,0.17316708570295777,-0.614829936794069,0.7306664816592257,0.12675799304186217,-1.174521894962506,0.8059806602401358,0.9575854850937996,0.6976454416798392,0.999999873896792,0.036887673729779,0.1541759779050545,0.8227420998647094,1.7527865216345614e-16,0.0738518903356387
complex|NuA4/Tip60-HAT complex B (human),complex,5,0.13837333673642477,0.38216537675931966,-0.10412855000001738,0.5116617964599063,0.10673159154123049,0.5011057785323307,0.15385320025734786,-0.18597856684682,0.5737692153641808,0.10344452563390849,0.01080918071685831,0.7219062577231553,0.9575854850937996,0.2550253217307137,0.999999873896792,0.1566507177033493,0.3546509049409572,-0.1561548266307652,0.0909051573296069,0.0233544830948798
complex|Exosome (human),complex,11,-0.012547708117156905,0.9371381002529939,-0.1665185431381031,0.29189367710717395,-0.06261154154242396,0.6936471153207019,0.164366262648563,-1.992908617879669,0.976864272757505,0.1127115308996004,0.7330999576102872,0.9826449284471723,0.979203507127135,0.589104750547754,0.9977895230553804,0.0737873609643944,0.4723634013851587,-1.6003353166114205,1.1950796175718398e-25,0.0201622108017211
"complex|SNARE complex (STX11, VAMP2, SNAP23) (human)",complex,3,0.04051864079498584,0.7989001722642625,-0.04626967368201609,0.7710756462963998,0.18394167903914188,0.24357990693757037,0.15849759499793442,-0.9422800075835231,0.8269753494720781,0.09574162703976494,-0.8127260742460813,0.9186999221693646,0.9575854850937996,0.9265857006626,0.9758361533758168,-0.0977899293688767,0.5365807139595598,1.7164333276142691,3.752424240311921e-26,0.0455054244100255
complex|NuA4/Tip60-HAT complex A (human),complex,11,-0.106568382133909,0.5017643575216899,-0.24372180280338795,0.11985329839586309,-0.1412814836358841,0.3721437116505449,0.10947439647909776,-0.026618424718929112,0.510617961167279,0.11006257029708948,1.3944313819520777,0.8059806602401358,0.9575854850937996,0.3752034897973405,0.999999873896792,0.0973665568880879,0.4153132372137009,-0.2501683133665488,0.0023231327512666,0.009390795640268
complex|DMAP1-associated complex (human),complex,8,-0.042871336066952766,0.7874855786637102,-0.23910354912137882,0.12725388745602778,-0.06309815974094021,0.6913836189847117,0.16409178153350018,-1.0462491101342826,0.8522769828465306,0.10601070621759093,1.6377981132104922,0.913640419148085,0.9575854850937996,0.0006828391811865,0.999999873896792,0.2395054193926374,0.3747897682240039,-0.0237133923191254,0.995105849088652,0.0898970438438568
complex|BRM-SIN3A-HDAC complex (human),complex,11,-0.1919625068201157,0.22326939957917283,-0.2358794852301649,0.13261950428945157,-0.15125715670546722,0.3389751299450344,0.15329988118412602,0.4083248065069991,0.34151761479174214,0.09849950871968172,2.0710027039902403,0.5991031748931795,0.8330837689177409,0.2023235300365748,0.7561258166152436,0.1267818306095818,0.5780174282802476,-0.9437259799641948,2.7244602361943924e-18,0.028536206301086
complex|eRF1-eRF3-GTP-Mg(2+) complex (human),complex,3,-0.12103310121340932,0.4451498275765211,-0.13340653560671684,0.399644843401406,-0.09862128823262635,0.5343572657152355,0.15364407178872858,-0.3174040271278525,0.6245314740619314,0.14179345856696926,-0.09801656835085774,0.769362996794103,0.9575854850937996,0.3685799086958404,0.999999873896792,0.1817498291182503,0.3198807685386866,-1.4775610028357888,7.335108817465041e-25,0.1407090517474646
complex|FCP1-associated protein complex (human),complex,7,0.3607466083682611,0.01892564041598893,-0.02274272096234689,0.8863217435855345,0.25320366929462124,0.1056811413927266,0.18073056531802184,1.5438698860901499,0.061309928345719536,0.10100469350001687,-1.2220773561508014,0.4857625830347534,0.46641968519267424,0.777037646181649,0.999999873896792,0.0379552778049018,0.0703249449005211,-0.9393849636302912,2.129172895704031e-18,0.085459197479037
"complex|Upf complex (UPF1, UPF2, UPF3a) (human)",complex,3,0.06413273037657975,0.6865801590031051,-0.062302856276161035,0.6950843253388294,0.08475266957491326,0.5935865215137651,0.15319531694981636,-0.8241334695058977,0.7950681377140221,0.12504575370504178,-0.6653264353723785,0.8794238940262892,0.9575854850937996,0.9063816108448932,0.999999873896792,-0.0789245841877421,0.4528529874588392,-0.2911012102536075,0.0013906985581123,0.0226054666219292
complex|Postsplicing complex (human),complex,6,-0.06352277234310684,0.6894107050419056,-0.08687545133892663,0.5843359400506013,0.004298460753560194,0.9784464830103171,0.09653457248327971,-0.42813020060141804,0.6657218348631289,0.08173873332846553,0.068256046824175,0.8798393936906759,0.9575854850937996,0.8250756618527733,0.972663855239328,0.0081385281385281,0.5275959312488081,-0.3284382778231283,0.0001827201155427,0.147502552557428
complex|MRIP-MBS-RHOA complex (human),complex,3,0.1302696085774276,0.4109187278014641,0.13262230384939452,0.4024463986423528,0.11184108262565107,0.4807129642224209,0.15124345124270305,-0.17711772378277266,0.5702920397723863,0.1142277122970902,0.2995557456305309,0.7524522285988314,0.9575854850937996,0.754576470417931,0.999999873896792,-0.035064935064935,0.5113138733448519,1.041480181671666,4.722386206435102e-19,-0.0476069999603135
complex|20S methylosome-SmD complex (human),complex,3,0.2930412666527686,0.05964725989562069,-0.2104355215481523,0.1810085605013185,0.28499605826434943,0.0673409515602056,0.1677820276360113,1.5099917504576075,0.06552276459643123,0.13155052044772067,0.9180660373243481,0.5122798637865735,0.484590622969366,0.2031086037967964,0.8675681080583595,0.2496012759170653,0.5545305407567128,-2.307362269940012,2.3291734339045008e-26,0.0830068224538466
"complex|mRNA decay complex (UPF1, UPF2, UPF3B, DCP2, XRN1, XRN2, EXOSC2, EXOSC4, EXOSC10, PARN) (human)",complex,9,0.11109949895399344,0.4836454936684211,-0.10926962485357472,0.4909213345591211,0.07599354200162078,0.6324193760719287,0.11985239673432964,-0.07948112154817291,0.5316750265371698,0.10311776240169086,0.07356058016285343,0.7982009771287607,0.9575854850937996,0.2123050749627181,0.999999873896792,0.117027417027417,0.2679016098485063,-0.0184502263698614,0.9450338866766338,0.0410110592782606
complex|JBP1-pICln complex (human),complex,3,0.22829857824271593,0.14589733964058366,-0.1564106671548378,0.3225791958971746,0.23373894135397127,0.13627382012528225,0.21620833865066363,0.09566684279615577,0.46189258784708787,0.10239888329081208,0.6554879936957964,0.5391429338815698,0.9408711154089859,0.0741911653655246,0.972663855239328,0.28796992481203,0.5430893351369641,-1.701927962265973,3.409340999297573e-26,0.2221581827955825
complex|Anti-Sm protein complex (human),complex,5,0.10412855000001738,0.5116617964599063,-0.0721493216736522,0.6497837214795716,0.07396596617446975,0.6415544019108611,0.1673855549142539,-0.5423358370025232,0.7062064139421557,0.09971506794353127,-0.31286041415658294,0.8137599847952764,0.9575854850937996,0.3718708394699743,0.999999873896792,0.1114490772385509,0.29900455874691,-2.5835999007661337,2.3291734339045008e-26,0.0736268503786444
complex|20S methylosome and RG-containing Sm protein complex (human),complex,5,0.3521200590377157,0.022200475562473,-0.11432356284520737,0.47096439589503636,0.35450135761908697,0.021252365305533597,0.10638539472386713,2.4026829815928137,0.008137644914713492,0.11375717324269682,0.0070441350631067195,0.4857625830347534,0.18009978424636816,0.0298229955658278,0.999999873896792,0.1980587833219412,0.4155643728654071,-2.0057565561110526,2.892352328111004e-26,0.1718093483131473
complex|6S methyltransferase and RG-containing Sm proteins complex (human),complex,5,0.2506056148954393,0.10943041690680924,-0.002178421548117518,0.9890759200277591,0.260584045305451,0.09556450765613125,0.14206358283893583,1.314214847934696,0.09438695660217006,0.11622750327826208,-1.2090201413524926,0.5144479402341297,0.5299852515627526,0.1780006461551271,0.999999873896792,0.1871496924128503,0.4243820528252061,-1.6477340121789077,1.1288135326506208e-25,0.3078261140154343
"complex|RICH1/AMOT polarity complex, Flag-Rich1 precipitated (human)",complex,6,0.13567209401675906,0.3916151115520737,-0.032676323221762775,0.837235636662788,0.15823201755086677,0.3169056773096011,0.13544553817575483,0.0025545060909577034,0.49898090062312983,0.09159826925524542,-0.6884315188245251,0.7297210411943275,0.9575854850937996,0.0853965134961295,0.999999873896792,0.1648393711551606,0.4183957021157477,0.6095926373771792,1.9890090202148132e-11,0.0167444900322696
"complex|SNARE complex (Stx4, Stx6, Stx7, Vamp3, Vamp7, Vamp8, Vti1b) (mouse)",complex,5,0.2252487880753514,0.15150630623336322,0.04095432510460934,0.7967831607448094,0.3026765194771065,0.0513739328231419,0.1741038069686483,0.5136023975600463,0.3037650014918376,0.07101654246863111,-0.4879837662950137,0.5456674429982589,0.7976321521711213,4.857580648758018e-05,0.8741293923296176,0.3696240601503758,0.5008126431654594,-0.6132004192405015,8.144569045338782e-12,-0.0774113550021105
complex|DNMT1-G9a-PCNA complex (human),complex,3,0.18194176769877513,0.2488325602033905,-0.061344350794989316,0.6995537407883171,0.1879157276603579,0.2333660008807009,0.12446629357324254,0.4625230097882297,0.3218531527349565,0.06648542564854668,-0.10010147116070346,0.620505526074065,0.8163195610828626,0.1555865054689779,0.999999873896792,0.2017088174982912,0.087019591382833,-0.8535623917734723,5.912000419896218e-17,-0.0835123731387977
complex|TRAP-SMCC mediator complex (human),complex,7,0.17000401761509115,0.2817655422207066,-0.09855179083683653,0.5346467549808464,0.22814283207103442,0.14618001933357394,0.13594657513182185,0.37301137577530297,0.3545699886836464,0.08431798444143668,0.24665647687699244,0.6483643446116633,0.8481314129312822,0.4063523614267484,0.999999873896792,0.1224066660156885,0.3667683979334311,0.882811529546542,3.82081624294945e-17,0.0562480006470086
complex|BRAF53-BRCA2 complex (human),complex,6,0.24468030828455964,0.11835881344803319,-0.055157633598335566,0.7286372193195281,0.22270892885426968,0.15629670619033922,0.1313283214498127,1.058677704863973,0.14487329245623498,0.10664244846654498,-0.7436687629966635,0.5144479402341297,0.6155618650409154,0.7471816968090901,0.8555661469772295,0.0626976532239689,0.5244255640514031,,,
"complex|SNARE complex (VAMP3, VAMP4, VAMP8, STX6) (human)",complex,4,0.2374479487448095,0.12998853712763112,-0.003049790167364526,0.9847067292845207,0.2733172214999595,0.07988365803041404,0.1469868155376814,0.8467753449867971,0.1985601765499811,0.09865199822804994,-1.2565231025847716,0.5155891746975836,0.691145218997652,0.1393399367057875,0.9779872690312136,0.2400888585099111,0.4890109337635067,0.341614426435647,4.763692099727619e-05,-0.0666282881088706
"complex|SNARE complex (VAMP3, STX6, VTI1A) (human)",complex,3,0.13785051556487657,0.38398377990569693,0.058817381799172994,0.7113844920082733,0.16382812683380363,0.29987042151385407,0.16709800326990237,-0.26303963361927507,0.6037399844035579,0.09947108473014213,-0.5976817842272913,0.7227320605599133,0.9575854850937996,0.2596540867686823,0.8638789390565192,0.2852130325814535,0.5832155168580757,,,
"complex|SNARE complex (VAMP4, STX6, STX16, VTI1a, VTI1b) (human)",complex,4,0.107439750753156,0.4982533411191888,0.0473153160251125,0.76604583744436,0.1342255197573985,0.39673122074603023,0.16841812672806158,-0.6422775266481796,0.7396534983340086,0.10275614442470335,-0.8664026131389165,0.8058516700539354,0.9575854850937996,0.3922203381583169,0.999999873896792,0.1840282524493051,0.4005301835075968,0.7039533606332712,4.632151054007337e-13,-0.0827587824210871
complex|PRKAC-AKAP5-ADRB1 complex (human),complex,3,0.12138164866110812,0.44383037889180266,0.2571408795397919,0.10018717422207586,0.17469593326733315,0.2684981980379008,0.19562225502095315,-0.5068440216681729,0.6938678671946054,0.09007773101465939,2.2203854653462067,0.7683515161460239,0.9575854850937996,0.989739359903874,0.999999873896792,-0.2774891774891774,0.2339350793633827,,,
complex|MTA1 complex (human),complex,6,0.020041478242681172,0.8997505587568326,-0.10003311748955644,0.5284928643926867,0.009245745771808719,0.9536592705566264,0.18522247055024013,-1.7309026395831886,0.9582654346116737,0.07740367444771165,0.44797243213755145,0.9632055766006079,0.9673232072070561,0.6670917211613866,0.9462987983827524,0.0450626566416039,0.5067049777593271,-0.4645742698701686,1.9220327583964122e-07,-0.033315203861848
complex|MTA2 complex (human),complex,9,-0.011327792050211095,0.943239211087332,-0.06665969937239608,0.6748989659622525,-0.04006489834450445,0.8011064416187842,0.17315401517366907,-1.941641100054727,0.973909718161597,0.09951029631800824,-0.5202229176526149,0.9829216088408934,0.9767096502693927,0.373866891443999,0.99054418665301,0.0992310321257689,0.4530473010081996,0.008277480574384,0.6963531175670792,-0.0389458929982357
complex|MTA1-HDAC core complex (human),complex,5,-0.043568430962350364,0.7841117770655703,-0.13427790422596383,0.396545278037291,-0.021816715900145136,0.890921891418153,0.14136648794353826,-1.0475903067334742,0.8525862973330256,0.09041756477616572,0.6942919371186341,0.912221283066118,0.9575854850937996,0.1538059937681012,0.8818086116253029,0.1873615857826383,0.6171653847595695,-0.1669024003016262,0.0465798072956452,-0.0695748233053003
complex|ARC92-Mediator complex (human),complex,12,-0.3589167342678424,0.019584049956965353,-0.25644378464439427,0.10114359462242802,-0.2798054641468428,0.07270786677744759,0.130443882301277,2.2256127339569085,0.013020066253595006,0.10237274223223466,2.2168459820950783,0.4857625830347534,0.23696520581542913,0.2738904892563801,0.999999873896792,0.0912912446405269,0.4846745615775878,1.61023313281668,1.3660008699502167e-25,0.0634478409119608
complex|CRSP-Mediator 2 complex (human),complex,9,-0.2889458341423076,0.06347106761017889,-0.20564299414229373,0.19137764263125032,-0.26042183923927886,0.09577852505976107,0.11864990803976876,1.5835293763031164,0.05665042825272946,0.08690594924060027,1.964831075053647,0.5122798637865735,0.4559842262554719,0.6634750863763185,0.999999873896792,0.0612288296498822,0.4438266543665949,0.5232298028759399,1.2013473533860609e-08,0.0956667481440592
complex|CEN complex (human),complex,24,-0.07781321769875776,0.6242666601492457,-0.1192903639749153,0.4517792380960907,-0.039253868013644035,0.8050537748562703,0.13663059949793074,-0.5528860738440776,0.7098292880005556,0.0775692344853686,0.7519476351436087,0.8590046918776008,0.9575854850937996,6.397366770529068e-05,0.8231742914916742,0.1673165126254371,0.5455584474801461,-1.167352426778451,1.9631448388276327e-23,0.0167325791832555
complex|FACT-NEK9 complex (human),complex,3,-0.044788347029296176,0.7782170408668134,-0.12338579648537625,0.43628538245728343,-0.02506083722358679,0.8748224238646827,0.13700964484730319,-0.9028711216405693,0.8167028505305514,0.09506195951675225,0.4020305842350849,0.9089172821744461,0.9575854850937996,0.0678350352285467,0.999999873896792,0.2812941444520391,0.5087795150923733,,,
"complex|FACT complex, UV-activated (human)",complex,4,-0.16826128037659716,0.2868005738719406,-0.12373434393307503,0.4349805088234736,-0.029683710109491154,0.8519680731212667,0.1468168986569283,0.21383999240622728,0.4153359183936739,0.0900298057406008,0.6545925246877505,0.6490066418837603,0.9083574474377841,0.1767247384204068,0.9231729977511434,0.182490316700843,0.552778137803223,-0.5825803886786233,2.2529535075257275e-10,0.0874530527865268
"complex|Class C Vps complex (VPS11, VPS18, STX7) (human)",complex,3,0.23213260016740278,0.13906486794789455,0.2688172190377018,0.08517737376168352,0.24363351139046835,0.11999167254425436,0.15848016762554945,0.7128093758711567,0.2379818615227145,0.11350011950001895,2.000367666814373,0.5346461789460715,0.7293447480693617,0.6730253736201102,0.999999873896792,0.0694007746639325,0.4050003971997055,-0.4463362384052491,4.5682716681551764e-07,-0.193694010599878
complex|Kif13a-AP1 complex (mouse),complex,5,0.18734425313810657,0.2348165040079091,-0.009323644225942979,0.9532692625972516,0.17785895155768877,0.25979091565879187,0.11954741771759317,0.7157489313620272,0.23707319552161715,0.06780554910670587,-0.9891977141456196,0.606754250479696,0.7293447480693617,0.7465954987477298,0.999999873896792,0.0294668489405331,0.4344999874722532,0.2510051543768714,0.0045278134700805,0.004102401749088
complex|LLGL2-PAR-6B-PRKCI complex (human),complex,3,-0.18351023121341975,0.24470669001366924,0.020041478242681172,0.8997505587568326,-0.09124091222179657,0.5655181160072714,0.14066939304814066,0.404868650632082,0.34278703155587525,0.1272546731548329,-1.1413034740107393,0.6193120945569646,0.8342479733098219,0.8908165786140614,0.999999873896792,-0.0988152198678515,0.376964385482513,,,
complex|LLGL1-PAR-6B-PRKCI complex (human),complex,3,-0.059775887280344706,0.7068889137583906,0.049493737573230015,0.7555977025327586,-0.04841851075236672,0.7607494552354523,0.16622663465065535,-0.819902414050944,0.7938641297577362,0.10021610489959834,-0.6299419732186528,0.8880462136186066,0.9575854850937996,0.9539260861922116,0.999999873896792,-0.2352244246981089,0.2734476248210986,,,
complex|BRCA1-RAD50-MRE11-NBS1 complex (human),complex,3,-0.027622385230130136,0.8621451320218558,-0.17331521836822977,0.2723588300464781,-0.08775348179909678,0.5805286538596488,0.19531727600421672,-1.2614807217676782,0.8964321492973859,0.11889824809625416,0.6104165176253663,0.9437603354193222,0.9575854850937996,0.0059674109272124,0.999999873896792,0.4534745955798587,0.2388674120520829,-0.5462696356925488,2.1564646221745446e-09,0.0620778809624313
complex|EED-EZH2 complex (human),complex,5,-0.09245221050210749,0.5603467842608338,-0.10142730728035165,0.5227328449144834,-0.09067319099019429,0.5679494243701166,0.13459595377198894,-0.4603959692380309,0.677383986319473,0.07261550388494936,0.5008982938941793,0.8270844989125001,0.9575854850937996,2.984969902363284e-07,0.9238861944759748,0.3234996582365003,0.5223968989479079,0.6113508140282088,3.189810070925272e-11,-0.0035683941076511
complex|Agap11-AP3 complex (mouse),complex,4,-0.2633275967364456,0.09200014416136541,-0.19239819112973924,0.2222005931696912,-0.19188977628157394,0.22344816373702256,0.1404297666778477,1.1580228152983114,0.12342736294810042,0.10707377593307228,0.9100405008527228,0.5136929078981881,0.5779272274057587,0.6461919945598965,0.999999873896792,0.0992367281840966,0.4941787805993929,0.7251098268937488,1.0482168099788692e-14,0.1847808047681411
complex|GAA1-GPI8-PIGT-PIG-PIGS complex (human),complex,4,0.2161865544351825,0.16910305578807197,-0.004182569372385636,0.9790274597531509,0.22960268666658315,0.14354615490228248,0.16657953894145036,0.4811489924851336,0.315205305030271,0.11457190290169277,-1.245573549308757,0.5617979297848168,0.8091024751490322,0.4174709445318503,0.999999873896792,0.1612212349054454,0.2360769217033899,-1.3896432109791983,3.0561355582592126e-24,0.0706935740494203
complex|Polycomb repressive complex 2 (PRC2) (human),complex,5,-0.12364720707115033,0.4353065239073146,-0.1735766289540039,0.2716251074804406,-0.08661803933589221,0.5854542359175411,0.14006379185776396,-0.18242844303732686,0.572376747001658,0.1121364276108974,0.7176880089258049,0.7667279880087634,0.9575854850937996,0.0061754145620942,0.7633812121549604,0.2871018455228981,0.5512674751392131,0.4657611175400191,6.029182396999549e-08,0.0339709766102759
complex|KIN17-PCNA-RPA70 complex (human),complex,3,0.007580906987448965,0.9619968921505931,-0.038950177280341225,0.8065330923672073,0.04403894696572047,0.7818367729296094,0.13109740876571227,-1.1597572623482106,0.8769261755507716,0.09820760023223395,-0.7301980403844789,0.9894149853912488,0.9575854850937996,0.1894509002452313,0.5302479670784715,0.2504898610161768,0.638690657299196,,,
complex|DNA synthesome complex (mouse),complex,9,-0.06866384719666419,0.6656876868680335,-0.12739409213391248,0.42141084700072323,-0.11824822223944836,0.45576907786644605,0.15616668394144867,-0.783142339567087,0.7832282347987246,0.1060847725502269,0.29257580512930403,0.8770401152061406,0.9575854850937996,0.3602339469977522,0.999999873896792,0.1148458266879319,0.3329436855081035,-1.0033419382850937,1.8372377735230857e-19,0.0651139278619228
complex|RC complex (Replication competent complex) (human),complex,8,-0.1527509189540004,0.3341706634144143,-0.17279239719668157,0.27383018585665414,-0.13860508354404474,0.38136097518865597,0.15124780808579935,0.017515375336219604,0.49301273349179564,0.07647131002511737,1.4129590629805566,0.6890829542131716,0.9575854850937996,4.970561918032572e-05,0.999999873896792,0.3161385606874328,0.3810453825278473,-0.3685971316948028,1.3298779973952574e-05,0.0887092144874964
complex|RC complex during S-phase of cell cycle (human),complex,10,-0.07981736552302587,0.6153384159744024,-0.1419459480753375,0.36987612096731265,-0.0738848631413837,0.6419209025411031,0.17001708814437982,-0.7716242700222103,0.7798315022811224,0.08871403912553781,0.6746361998247487,0.8557194029875554,0.9575854850937996,0.0158583944412973,0.999999873896792,0.1763955342902711,0.4036596835552744,-0.3844687844958529,1.2170607445849111e-05,0.0308355784031174
complex|RC complex during G2/M-phase of cell cycle (human),complex,8,-0.05402485439331446,0.7340047226713818,-0.0943692214644509,0.5522079333795619,-0.03755070431883716,0.8133586402155797,0.17605131583266537,-1.069390074215989,0.8575530309927841,0.1059584241004361,-0.11650372898408441,0.8956631577924263,0.9575854850937996,0.0217448554395697,0.999999873896792,0.1909359437554925,0.3992719724343289,-0.7000315334244988,5.473671263391573e-13,0.0303721863240647
complex|TFIIH transcription factor complex (human),complex,7,0.048883779539757116,0.7585189376570319,-0.15545216167366613,0.3255903764900142,0.037226292186493,0.8149428403464795,0.10807149300211008,-0.7324200971498988,0.7680439020292592,0.09676548516738018,0.8761890073125446,0.8998877638529564,0.9575854850937996,0.2465935951355803,0.999999873896792,0.1104123946229209,0.4425212241182134,-0.1718487374451255,0.0240789322247172,0.0334616527102808
complex|CAK-ERCC2 complex (human),complex,3,-0.05376344380754035,0.7352451657481738,-0.10395427627616798,0.512372487115371,0.0016220606617208277,0.9918657811241596,0.15858037501676286,-0.9429801890383258,0.8271544818790226,0.11032398088286362,-0.0630125195114297,0.8956631577924263,0.9575854850937996,0.9051067138629088,0.999999873896792,-0.1835042150831624,0.3777628506472753,0.2133194342062858,0.0181204217010118,0.4027696601039786
complex|OAP-1-OSP/claudin-11-ITGB1 complex (mouse),complex,3,0.038950177280341225,0.8065330923672073,-0.054111991255239154,0.7335913898290816,0.046553140991387756,0.7697111710270155,0.1471393050460497,-1.2384688459811812,0.8922288665897736,0.10524825867574976,-0.6170167308907263,0.9204328038847137,0.9575854850937996,0.7802197875230611,0.6546990428633584,-0.0685577580314422,0.6979269624653995,,,
complex|TFIIH transcription factor core complex (human),complex,3,0.06317422489540803,0.6910300422492709,-0.12756836585776188,0.42077069105138093,0.011435527665131836,0.9427002638039437,0.1327181543975117,-0.9097334251045075,0.8185184439701751,0.10513498075524767,0.3455273867179498,0.8808318382629258,0.9575854850937996,0.1560602395594697,0.999999873896792,0.3050125313283208,0.3912109527907759,-0.1087213548786763,0.1412553218760562,-0.0836408578757671
complex|Snurportin-CRM1-RanGTP complex (human),complex,3,-0.042871336066952766,0.7874855786637102,-0.08495844037658322,0.5926870043349849,-0.028467164613200528,0.8579715753258775,0.12515031793935144,-0.97997522773012,0.8364508265667838,0.1061326978242855,-0.3727120765947529,0.913640419148085,0.9575854850937996,0.0167718519181268,0.3563583461637533,0.4545910230120756,0.6510549198609955,-1.1920223579212526,3.707058382317338e-22,-0.089289901974579
"complex|Ubiquitin E3 ligase (SKP1A, SKP2, CUL1, RBX1) (human)",complex,4,0.25095416234313817,0.10892163220922549,-0.05480908615063676,0.7302874097849168,0.24298468712578,0.12101223202424582,0.1452048667113213,0.9502432774910632,0.1709943266009038,0.11065510095817746,-0.7704914374520456,0.5144479402341297,0.6480646001434156,0.9373769915143808,0.999999873896792,-0.0360332649806334,0.1711281508358111,0.2455993461283722,0.0042148401783281,0.017591450105169
"complex|Ubiquitin E3 ligase (FBXW11, SKP1A, CUL1, RBX1) (human)",complex,4,0.09907461200838474,0.5324708288579764,0.037643124351470714,0.8129074600500757,0.08507708170725742,0.5921686428621632,0.13212562373642373,-0.3349110730005173,0.6311539155191653,0.08246632612553678,-0.7837027410945514,0.821597399541051,0.9575854850937996,0.6730253736201102,0.999999873896792,0.0273182957393484,0.1779447228377755,1.4470662123304283,8.033304591369214e-25,-0.0300040498172621
complex|ESR1-RELA-BCL3-NCOA3 complex (human),complex,3,0.0,1.0,0.0243111844769915,0.8785385094677421,0.09635040330621716,0.5438557613068046,0.16276294438914854,-1.7097378399211818,0.9563428189486183,0.0627211132133996,-0.6658672167682264,1.0,0.9669688502702696,0.8664675038248114,0.999999873896792,-0.1318523581681476,0.4587458866183822,2.8783031120813125,2.3291734339045008e-26,-0.1223247755012212
"complex|Retromer complex (SNX1, SNX2, VPS35, VPS29, VPS26B) (human)",complex,4,0.15458079305441913,0.3283430191445394,0.14647706489542195,0.3546341831724536,0.16682893905798715,0.29098230167282374,0.14930901290797471,0.05405245497390889,0.47844668613292035,0.09709224839959782,0.5836161466810509,0.6831231998702991,0.957350778275528,0.5836585300066381,0.8818086116253029,0.1122237411711095,0.5462634953653425,-0.7848363181323487,5.009041567847622e-15,0.0032479714835139
complex|BAR-BCL2-CASP8 complex (human),complex,3,0.013854761046027416,0.9306051424358106,-0.06988376326361,0.6601043795682326,0.013138691359938705,0.9341836972740447,0.17394696061718382,-1.8657308619660127,0.9689604852255972,0.08715428929708567,-0.24236846211497054,0.9797568224940401,0.9736122398354176,0.8370860156232404,0.7358648398228462,-0.0340396445659603,0.6275434871719177,-0.4774753837656888,3.324081803537303e-07,0.0054275668986517
complex|12S U11 snRNP (human),complex,9,0.12408289138077384,0.43367780510742854,-0.0006099580334729052,0.9969411728845213,0.1334144894265381,0.3996164874547277,0.1624928201171819,-0.28633492437637703,0.6126891942034903,0.1172992866799359,-1.6613653494170846,0.7653352833809848,0.9575854850937996,0.4417029580261513,0.999999873896792,0.1079953672058935,0.4328102887477857,-2.061235239276318,2.5267562411462552e-26,-0.0200779345882764
"complex|SNX complex (SNX1a, SNX2, SNX4) (human)",complex,3,0.2102612478243029,0.18137844017207952,0.1565849408786872,0.322033591980904,0.1634226116683734,0.3010847319063333,0.16893659105651354,0.30325104745960024,0.3808492745593937,0.10946568279290532,0.5825911404788173,0.5714474850517829,0.8749918020338211,0.007080015945088,0.9815952958789088,0.5783777625882888,0.4715566017369152,-1.284385340511124,5.3024193978502526e-24,-0.0577757393396904
complex|DNA repair complex NEIL2-PNK-Pol(beta)-LigIII(alpha)-XRCC1 (human),complex,4,0.11998745887031291,0.44912105213781134,-0.07807462828453186,0.6230990558397401,0.14525553225710014,0.35870514596468367,0.13782873134939538,-0.17535542593412617,0.5695998186064173,0.08691466292679276,-0.12925108083800313,0.7728421733613853,0.9575854850937996,0.2183857253445963,0.999999873896792,0.2266119845067213,0.463514161414108,-1.2770991579158952,1.2077740796691683e-23,0.0907265047461332
complex|DNA repair complex NEIL1-PNK-Pol(beta)-LigIII(alpha)-XRCC1 (human),complex,4,0.11998745887031291,0.44912105213781134,-0.07807462828453186,0.6230990558397401,0.14525553225710014,0.35870514596468367,0.201199014184134,-0.7747085848252862,0.7807440614726847,0.138155494581613,-0.5681180862802124,0.7728421733613853,0.9575854850937996,0.1994038899255195,0.999999873896792,0.2266119845067213,0.463514161414108,-1.1047904506668025,4.573948595923151e-21,0.1409809938197443
complex|BIRC5-AURKB-INCENP-EVI5 complex (human),complex,3,-0.05149788539749814,0.7460231998189379,0.13758910497910246,0.38489488820419376,-0.07769670569642766,0.6247873600146908,0.12386069238286587,-0.8427388884581589,0.8003127536252268,0.125272309546046,0.13281117030183673,0.899439261072026,0.9575854850937996,0.6979638348302685,0.999999873896792,0.0523581681476417,0.385486346257289,,,
"complex|SNX complex (SNX1a, SNX2, SNX4, LEPR) (human)",complex,3,0.2102612478243029,0.18137844017207952,0.1565849408786872,0.322033591980904,0.1634226116683734,0.3010847319063333,0.13421690842261652,0.7588852066739207,0.22396061451432958,0.09531029957323767,1.1177143491120272,0.5714474850517829,0.7151227627011635,0.006564003591351,0.972663855239328,0.5783777625882888,0.4715566017369152,-0.6824033922180404,9.610590084307762e-13,-0.0031940791491234
complex|PCNA-KU antigen complex (human),complex,3,0.16921978585776884,0.28402412210156786,-0.03947299845188943,0.8039867781500448,0.16017849034493176,0.31091245430574815,0.15451979725107182,0.14036806164876728,0.444184595548451,0.12396961346027176,-1.0368835648748942,0.6490066418837603,0.929693095587901,0.1445703673745698,0.999999873896792,0.3087263613579403,0.4528599725543382,-0.5861215232311748,1.6786757614825706e-10,-0.2500658433541506
"complex|SNX complex (SNX1a, SNX2, SNX4, INSR) (human)",complex,4,0.21148116389124866,0.17880058996133705,0.1328837144351686,0.4015112909067376,0.17826446672311896,0.2586883589615035,0.16704572115274757,0.3373370815471136,0.3679314045844738,0.09695282942051828,0.6734964861809092,0.5707717415639754,0.8634595059541619,0.0004329532733109,0.9977895230553804,0.3983481430849851,0.4800269821177104,-1.284385340511124,5.3024193978502526e-24,-0.0577757393396904
"complex|SNX complex (SNX1a, SNX2, SNX4, EGFR) (human)",complex,3,0.2102612478243029,0.18137844017207952,0.1565849408786872,0.322033591980904,0.1634226116683734,0.3010847319063333,0.17268783296237192,0.3380279526521983,0.3676710615875678,0.09561527858997412,1.0712025565445105,0.5714474850517829,0.8634595059541619,0.0015811845780522,0.999999873896792,0.5783777625882888,0.4715566017369152,-1.284385340511124,5.3024193978502526e-24,-0.0577757393396904
"complex|SNX complex (SNX1,1a,2,4, PDGF receptor) (human)",complex,3,0.2102612478243029,0.18137844017207952,0.1565849408786872,0.322033591980904,0.1634226116683734,0.3010847319063333,0.15112145963600848,0.6528507277111102,0.25692625829083654,0.07920740748955296,1.7077508115250801,0.5714474850517829,0.7510428192775431,6.520063726651939e-06,0.999999873896792,0.5783777625882888,0.4715566017369152,-1.284385340511124,5.3024193978502526e-24,-0.0577757393396904
"complex|eIF3 complex (EIF3S6, EIF3S5, EIF3S4, EIF3S3, EIF3S6IP, EIF3S2, EIF3S9, EIF3S12,  EIF3S10, EIF3S8,  EIF3S1, EIF3S7, PCID1) (human)",complex,12,0.16782559606697361,0.28806840435261033,0.13532354656906026,0.39284428573729807,0.10989460983158608,0.4884299627303088,0.14266918402931253,0.2892192936426794,0.38620678413623266,0.078392677830557,0.8597801714289911,0.6490066418837603,0.8821784593764135,0.0949726513332845,0.7174942186265415,0.1974388450465006,0.6100437859713869,-3.0206105515311723,2.3291734339045008e-26,0.1008672659036331
complex|DNA polymerase alpha-primase complex (human),complex,3,-0.08635263016737843,0.5866082745318107,-0.15527788794981673,0.32613974679353436,-0.11459858575057648,0.4698908923459799,0.1417934585669693,-0.5133303281643083,0.6961398637135319,0.12678413410043957,0.36240411854910576,0.8444092975206877,0.9575854850937996,0.0007745526580219,0.999999873896792,0.4459557985873775,0.4884979704796952,-1.355234228399137,2.4459327382647293e-24,0.0164222795871171
"complex|SNX complex (SNX1a, SNX2, SNX4, TFRC) (human)",complex,4,0.07493770125524264,0.637169731989967,0.047751000334736005,0.7639528672581446,0.03974048621216028,0.8026847946649877,0.18202890456069984,-0.9558093929503657,0.8304157290285412,0.10403705629499645,-0.723882169996901,0.8647928948487299,0.9575854850937996,0.0046258137011041,0.999999873896792,0.3390179995443153,0.5103768901663316,-1.283470793885655,1.7956594976950954e-24,0.0122703149296648
complex|TFIIIC containing complex (human),complex,5,-0.07755180711298365,0.6254351728276003,-0.08975096778244175,0.5719091363208503,-0.07064074181794205,0.6566489501982284,0.14612416060462688,-0.5560427580275985,0.7109091874696715,0.10553145347700506,-0.2358344212260791,0.8593973116730259,0.9575854850937996,0.4730624860337651,0.999999873896792,0.1073410799726588,0.3112071510911784,-0.530655403558747,2.044998635710923e-09,0.1529024742669741
complex|TFIIIC containing-TOP1-SUB1 complex (human),complex,7,-0.004792527405858541,0.9759697974005268,-0.08565553527198083,0.5896441658228504,-0.021654509833973053,0.8917280561493899,0.14457748130546347,-1.4636689058966408,0.9283577823518758,0.09260905685357193,-0.0989770927393916,0.9930504550118145,0.95847488499609,0.4460493837949431,0.999999873896792,0.1014842300556586,0.3375428055944295,-0.2220025322059332,0.0029264986534892,0.0524759807051913
complex|DNA synthesome complex (17 subunits) (human),complex,14,0.01890869903766006,0.9053904424158552,-0.23126123154815575,0.14059648668065938,0.001054339430118538,0.9947127068508107,0.11317335626780134,-0.9600860130532931,0.8314940363376532,0.09653892932637594,1.9498708901754591,0.9657836589486162,0.9575854850937996,0.0011710269558386,0.999999873896792,0.1192371538236199,0.3760604983138277,-1.4803489918923654,8.90289293052424e-25,0.0218524794240844
complex|5S-DNA-TFIIIA-TFIIIC2 subcomplex (human),complex,6,-0.02919084874477475,0.854399308822891,-0.1297467874058794,0.41281520413383926,-0.04111923777462299,0.795982216175404,0.14851606746445994,-0.9390246177084366,0.8261409474274858,0.09575905441214988,0.4638829323971564,0.9411882912454267,0.9575854850937996,0.3338021327757432,0.999999873896792,0.1354750512645249,0.2847155453297799,-0.9678196324745274,1.2675282728440054e-18,0.1434374019114415
complex|5S-DNA-TFIIIA-TFIIIC2-TFIIIB subcomplex (human),complex,9,-0.15702062518831073,0.3206721184513559,-0.16163887887031986,0.30646345041778034,-0.20689383740249156,0.18863168189635898,0.14713059135985723,0.09343140858468782,0.4627804196004415,0.12637459084939348,0.35232524890790134,0.6765793789502902,0.9408711154089859,0.3904087251532605,0.999999873896792,0.1257651705020126,0.3236354634789599,-0.8352932662843281,9.678484102671241e-16,0.1553625159840863
complex|RFC2-RIalpha complex (human),complex,3,0.28668027573226545,0.06566857189690034,0.10517419234311379,0.5074080708565768,0.29594496773096507,0.05704924120453114,0.1937139577448022,0.8117838596946765,0.20845783252527678,0.07926404644980403,0.4649712645375464,0.5122798637865735,0.7007775547107988,0.0364250184554742,0.999999873896792,0.4406926406926407,0.2783687768809675,-0.0558564603443339,0.4732877734129698,-0.1101541275665378
complex|ATR-HDAC2-CHD4 complex (human),complex,3,-0.21069693213392635,0.18045475143464498,-0.18185463083685044,0.24906313874474395,-0.18507712150234648,0.24063132416190972,0.11773061414646316,0.8104991131553928,0.20882668726968517,0.09433872356277725,0.9781068560912922,0.5714474850517829,0.7007775547107988,0.0170838795663671,0.901468107947962,0.4896559580770105,0.5624448610568311,,,
complex|CF IIAm complex (Cleavage factor IIAm complex) (human),complex,14,-0.25862220619251175,0.09817782260228433,-0.2368379907113366,0.13100702089039729,-0.22181679549032318,0.1580052963519646,0.15665900721132323,0.9493246087978726,0.17122777060645428,0.07175720579499104,2.9770601838750106,0.5136929078981881,0.6480646001434156,0.0557194860199491,0.999999873896792,0.1085283137914716,0.4430772682292931,0.0568220497428208,0.2969256600789576,-0.0127431000466523
complex|Cleavage and polyadenylation factor (CPSF) (human),complex,5,-0.09044806267783936,0.5689148834155833,-0.20921560548120646,0.18360905277510023,-0.07802111782877182,0.6233379890855022,0.1177611120481368,-0.2939015156751143,0.6155834200550769,0.10529618394980837,1.494801856245978,0.8330576072469815,0.9575854850937996,0.4320273208643597,0.999999873896792,0.1302392344497607,0.3753249386089637,-0.3752876374187704,2.285821209728272e-05,0.0439938684503902
complex|Cleavage stimulation factor (human),complex,3,0.026925290334732527,0.8655918618475238,-0.0702323107113088,0.6585124705922211,0.005271697150592691,0.9735680005053757,0.17549799675944353,-1.3234411040791194,0.9071556349403564,0.10507398495190039,-0.36885689983441716,0.9460489644108968,0.9575854850937996,0.041216121349667,0.999999873896792,0.2893597630439735,0.3522096821859973,,,
"complex|Polyadenylation complex (CSTF1, CSTF2, CSTF3, SYMPK CPSF1, CPSF2, CPSF3) (human)",complex,7,0.055767591631808465,0.7257522987313844,-0.20250606711300453,0.19838822462068526,0.006488242646883311,0.9674712553472198,0.16721999487659694,-0.9982336849407718,0.8409169720756611,0.11465032607742501,1.034744262269664,0.8945624927844091,0.9575854850937996,0.1469084694228578,0.999999873896792,0.1271555512157015,0.26836212138901,-0.4771923166968115,7.76714297253887e-08,0.1032589754413309
complex|snRNP-free U1A (SF-A) complex (human),complex,4,-0.3246719475314349,0.03592107352512678,-0.08966383092051705,0.572283923949721,-0.36869438840914415,0.01627780499190606,0.14959220770923,1.6045957186532718,0.05429140212418342,0.0843354118138216,0.06903020305049018,0.48627586911918697,0.4495522427488712,0.6294251861324286,0.999999873896792,0.0728981544771019,0.4904692570827728,-0.7050790202913043,6.981847533412195e-13,-0.0013802300368361
complex|Histone H3.1 complex (human),complex,8,0.16695422744772662,0.29061495561331296,0.06099580334729051,0.7011814779707928,0.20527177674077077,0.1921979875097268,0.1578614959058841,0.09210597750165499,0.46330691964184556,0.08475366875106018,-0.31724368174843837,0.6511141892766261,0.9408711154089859,0.5408692935566568,0.999999873896792,0.0691558441558441,0.4201518913484448,-0.965684172257058,5.968038728056008e-19,-0.0035242300966235
complex|Histone H3.3 complex (human),complex,8,0.0932364422594298,0.5570105044381036,0.041651420000006954,0.7933989379546639,0.11695057371007168,0.4607636655247437,0.10922605642261238,-0.14336127930595666,0.5569975691604938,0.08997752362344598,-0.8261817114570897,0.826238827632141,0.9575854850937996,0.4685379572570726,0.999999873896792,0.0774387266868469,0.4411568872010075,-1.0656409261727608,3.699590925137523e-20,-0.0343894942354208
complex|Integrator complex (human),complex,12,0.054983359874486167,0.7294621638791101,-0.10491278175733969,0.5084698247992264,-0.0030819152572695734,0.9845456562690047,0.11499887352512381,-0.7336343917523325,0.7684142028042771,0.12128144126989471,-0.24057525492409454,0.8956631577924263,0.9575854850937996,0.4596252989924393,0.999999873896792,0.0648180368276061,0.1774346276357702,-0.6379809430109468,2.4008799083656855e-13,0.0034730319396845
complex|DSS1 complex (human),complex,12,-0.13488786225943675,0.39438391201476414,-0.20520730983267024,0.1923407044995659,-0.17072188464611715,0.27970839487974225,0.13601628462136162,-0.011892954883780893,0.5047444906964439,0.08412192650210609,1.431286540430475,0.7329999079207579,0.9575854850937996,0.7768258035983112,0.999999873896792,0.0302315706621926,0.2357314667880381,-0.6694831542879609,1.4831664172580065e-12,0.0239529430749354
complex|Integrator-RNAPII complex (human),complex,14,-0.006796675230126658,0.9659258155275046,-0.08007877610879997,0.6141778544042056,-0.034225479962309464,0.8296304237504111,0.14374532427408257,-1.3092208027615866,0.9047702162395843,0.0851196435711439,-0.07041624077959698,0.9899012951376905,0.9575854850937996,0.2987054204480542,0.999999873896792,0.0698804954444052,0.1706832350924314,-0.7180989395763542,3.6433043034915246e-14,0.014508602414892
complex|ING1-p300-PCNA complex (human),complex,3,0.014464719079500322,0.9275579414192803,-0.07188791108787809,0.650971319219134,0.10957019769924194,0.4897223446900564,0.19896395367576541,-1.3849534502213134,0.9169666491953836,0.09267440950001546,-0.24400855660823245,0.9784835041116634,0.9575854850937996,0.374326470721078,0.999999873896792,0.110207336523126,0.4511268684189112,0.2599151694220323,0.0006276452878706,0.1583523647685739
complex|Smrt-Sin3A-Hdac7 complex (mouse),complex,3,-0.24041060205024933,0.1251255458721792,-0.0051410748535573435,0.9742227114932022,-0.21119229815605178,0.17940862077412598,0.12487583682428863,1.2595949418596486,0.10390776057456502,0.06570119389122435,-1.4254277626005991,0.5145896426775005,0.541987380254381,0.4928500304140168,0.7558882512503801,0.1400546821599453,0.6450386623915472,0.368398072241265,2.3951514666569103e-05,0.1394481064172918
"complex|Ubiquitin E3 ligase (DDB1, DDB2, CUL4A, CUL4B, RBX1) (human)",complex,5,0.08861818857742064,0.5767901042514693,-0.027709522092054833,0.8617144669217199,0.1392539078087331,0.37911420575244686,0.12114202229081521,-0.4357032330588343,0.6684739701377633,0.11752148567784389,-1.0193547792488327,0.8371511840969951,0.9575854850937996,0.6920486737947705,0.999999873896792,0.0727341079972658,0.3229627982863401,-1.0346944131727749,3.529205119066885e-20,-0.089998214111764
complex|ActRIIA-ActRIB-Smad3-Arip1 complex (mouse),complex,3,-0.22211186104606218,0.1574386954290363,-0.18656002138078426,0.23681699971689416,-0.15977297517950154,0.3121550707026694,0.16106813242471307,0.711834833429587,0.23828352984011547,0.09280947163599876,0.9961361525221998,0.5491986492216216,0.7293447480693617,0.9178281549839432,0.999999873896792,-0.1677830940988836,0.4388368546272281,-0.0984542742024748,0.3588933348190415,-0.1163077752883578
complex|RNF20-RNF40-UbE2E1 complex (human),complex,3,0.4019623440586445,0.008321791508541588,0.07519911184101674,0.6359922678567209,0.3346311145130068,0.030304531966573997,0.13858246520504405,2.6442633658351324,0.004093446415544754,0.10204597900001704,-0.29332897201269864,0.4644200585751626,0.12223763404670995,0.548869633243229,0.999999873896792,0.1080200501253132,0.169680106955223,0.2428602333197737,0.0060306310753702,-0.069982916806471
complex|p400-associated complex (human),complex,5,0.1428173166945845,0.3669149859989436,-0.04391697841004918,0.7824263347182194,0.12408764062164335,0.4336600697130344,0.1790793217845487,-0.34142388735406287,0.6336077525988564,0.0862349954037801,-0.665214104976069,0.7147344340593939,0.9575854850937996,0.3332567850668791,0.999999873896792,0.0829801777170198,0.2818228507881434,-0.804917539184594,2.2653728392323013e-16,0.0942129103484105
complex|Paf complex (human),complex,5,0.006883812092051359,0.9654892275048165,-0.06369704606695624,0.6886015487999465,0.06991081452016767,0.6599807761757427,0.15559158065274561,-1.4150439788929134,0.9214721990652004,0.1055968061234486,-0.5235954659075419,0.9899012951376905,0.957617334976894,0.1213247380920883,0.999999873896792,0.2261722488038277,0.4296837208430045,-0.1909871759170374,0.0162463932016291,-0.0067070024858121
complex|SKI complex (human),complex,3,0.01795019355648835,0.9101662507684627,-0.11388787853558385,0.4726676740538722,0.036090849723288417,0.8204932356601908,0.17618637796864864,-1.839081326059257,0.967048387396071,0.10232481695817608,0.121456954117709,0.9669351357624012,0.9727058152387337,0.3360289545696827,0.972663855239328,0.1859876965140122,0.4766257481458341,-2.1110817361271645,2.5439940309726808e-26,-0.1573746360576246
"complex|SNARE complex (STX4, VAMP8, VAMP3, SNAP23) (human)",complex,4,0.2221989979079869,0.1572716540851609,0.055767591631808465,0.7257522987313844,0.2935118767383838,0.05921989907371302,0.165830161928898,0.553677931143267,0.28989964062533136,0.10113975563600015,-0.7104239132536201,0.5491986492216216,0.7859584816435473,0.2219232783276738,0.8741293923296176,0.1678286625655046,0.5317453727095427,-0.8184646483532377,4.8902196080514747e-17,-0.080066646101893
complex|cMYC-ATPase-helicase complex (human),complex,4,0.20947701606698055,0.18304957616911208,-0.11955177456068941,0.4507814169211411,0.10243313078767027,0.5185966909811149,0.2208701607636352,-0.09341658587473667,0.5372136927438517,0.11262003719457947,0.08589779332579821,0.5735370702424425,0.9575854850937996,0.589104750547754,0.999999873896792,0.0469469127363864,0.2417077667455516,-0.8282145210840948,1.5642706676650502e-16,0.0994268922297626
complex|PHAX-CBC complex (cap binding complex) (human),complex,3,-0.08643976702930312,0.5862292786588492,-0.12809118702931008,0.4188535215333183,-0.08175185735072972,0.6067721164438803,0.11682874762554252,-0.3525452439858701,0.6377853030988923,0.08783831366319458,0.7388401237518823,0.8444092975206877,0.9575854850937996,0.0001117270667707,0.9057514908104052,0.5360218728639781,0.5300980178293304,-0.7019767108804982,1.0829665559401201e-13,0.2307994465550396
complex|CRM1-RAN-PHAX-CBC complex (cap binding complex) (human),complex,5,-0.0699709001255347,0.6597062632067777,-0.1300953348535782,0.41155033290704374,-0.0603406566160148,0.7042446203798498,0.1503067299770125,-0.9848887679934775,0.8376606444393879,0.11989160832219574,0.19993117667154614,0.8766213809541832,0.9575854850937996,2.4248386872732287e-09,0.7633812121549604,0.5508407382091592,0.5736205071869084,-1.3162571858248997,2.6170270617938342e-24,0.0825992250327413
complex|Polycomb repressive complex 4 (PRC4) (human),complex,3,-0.277792315815946,0.07487782826388223,-0.15588784598328959,0.324219485137704,-0.20632611617088933,0.18987450857341728,0.13714906382638276,1.2495844128567262,0.10572569999583481,0.12041878633684015,0.4464521358763902,0.5136929078981881,0.5463799755340303,0.0610789472674142,0.7561258166152436,0.3671451355661881,0.6556374196601462,0.4767629544862394,7.331441074162272e-08,0.1790438643013569
complex|BCOR complex (human),complex,7,0.04522403133891968,0.776114730797582,-0.1535351507113227,0.33166529267510964,0.11784270707401813,0.4573267305354385,0.13299699235567075,-0.9580917584127023,0.830991754518995,0.10128788830127214,0.5850199263414607,0.9089172821744461,0.9575854850937996,0.1540224496797015,0.999999873896792,0.1226996061582527,0.3520308952500862,0.7182966120464995,1.171537398898568e-13,-0.0418690931037912
complex|C complex spliceosome (human),complex,62,-0.0019170109623434161,0.9903867444441607,-0.09184225246863456,0.5629480899746582,-0.00754258207700185,0.9621888762705486,0.12550322223014648,-1.4661214115581924,0.9286923932440576,0.08732856302093508,0.0904454955041843,0.997895703784078,0.95847488499609,5.234963510349364e-08,0.7558882512503801,0.1190857293225853,0.4640265661398259,-0.3833994405789588,8.289187868255854e-06,0.0318423998603886
complex|CDC5L core complex (human),complex,5,0.020738573138078774,0.8962822621387241,-0.11170945698746634,0.4812327854561433,0.02879157674554469,0.856369854219045,0.17076646515693225,-1.4596964768502343,0.9278132446909841,0.09044370583474313,0.32570979715897114,0.9615165426224241,0.95847488499609,0.1032163566176021,0.999999873896792,0.1683526999316472,0.4110143694052973,-1.4200430666071675,8.033304591369214e-25,-0.0103494929159766
complex|CDC5L complex (human),complex,21,-0.0018298741004187154,0.9908236916315069,-0.22734007276154422,0.14764342597789923,0.051013807811120034,0.7483324129885219,0.13076628869039839,-1.5229504072460616,0.9361144433784769,0.07329517140796203,3.224654183784972,0.997895703784078,0.9600291819869817,0.8504366730359066,0.999999873896792,0.0314874849461315,0.4006332930853813,-1.0790604614523682,3.45318316062036e-21,0.0197887645982833
complex|ESCRT-III complex (human),complex,7,0.36684618870299013,0.01686379572465951,0.1761907348117449,0.2643595199438338,0.4497974214951856,0.0028027630595465684,0.20909361387451192,1.4773605267683276,0.06978951065126779,0.111962153887048,0.658212720224141,0.4644200585751626,0.4883983857688208,0.0021224591960368,0.999999873896792,0.295703544575725,0.3301526164213099,0.7737858344288809,3.0085893445677776e-15,0.1000252249196951
complex|ESCRT-II complex (human),complex,3,0.3277217376987995,0.03411710449407967,-0.0005228211715482045,0.9973781465477015,0.3549879758176032,0.02106285312506528,0.12145571499374412,1.867843844584408,0.03089192004403197,0.09551507119876074,-1.3281857361600935,0.4857625830347534,0.367368117341812,0.6821085376230392,0.999999873896792,0.0414217361585782,0.4472848530604183,-1.4064759264203608,2.011166749452648e-24,-0.2605006620413964
complex|DNA double-strand break end-joining complex (human),complex,7,0.09253934736403217,0.5599756270368125,-0.05655182338913078,0.7220486131518682,0.08272509374776221,0.6024819182018999,0.19421935154396547,-0.7163908268222025,0.7631249712344048,0.12454471674897474,-0.8790625681896291,0.8270844989125001,0.9575854850937996,0.0002278085492475,0.999999873896792,0.3478664192949907,0.4085435354866406,-0.0481457364498988,0.7844691970598587,0.0545866660894098
complex|RNA pol II containing coactivator complex Tat-SF (human),complex,5,-0.1670413643096513,0.29035964700672,-0.05768460259415189,0.7167099105681265,-0.15012171424226264,0.34265548207304375,0.13317562292261637,0.2893221488809951,0.3861674321976919,0.10053851128871971,-0.45770150208235605,0.6511141892766261,0.8821784593764135,0.5370317593315754,0.8368005560473967,0.0797812713602186,0.5234573425210847,0.5806369832795857,7.64587763998339e-10,0.0106341526772089
complex|ESCRT-I complex (human),complex,3,0.3677175573222371,0.016585338156366664,-0.01063069715481349,0.9467270211818368,0.3991891288494957,0.008823041100906618,0.14498702455650953,1.535316300210732,0.06235307606389188,0.11205800443516514,-1.468381340185401,0.4644200585751626,0.46641968519267424,0.4385656977595178,0.99436056496628,0.0466393255866939,0.4799664451785305,1.2841188355468685,2.3751841960661176e-24,0.1875588531350457
complex|Rap1 complex (human),complex,10,0.09689619046026722,0.5415655270557628,-0.1395932528033706,0.3779422379599328,0.06309815974094021,0.6913836189847117,0.13039595702721843,-0.32350831049954437,0.6268448426196487,0.10030324176152301,0.5234130620135258,0.823616619570151,0.9575854850937996,0.0013021319366824,0.999999873896792,0.2019761525024683,0.2509283784200895,-0.0451957366071692,0.7844691970598587,0.1038543316508703
complex|E2F-6 complex (human),complex,11,0.1145849734309815,0.46994399502850337,-0.03781739807532012,0.8120568455600091,0.07331714190978142,0.64448875263511,0.190354831717605,-0.6632482240992765,0.7464142046478032,0.12348600387658966,-0.8877344551750853,0.7867542392791946,0.9575854850937996,0.204576230270279,0.999999873896792,0.1013707823277201,0.2639921250765366,-0.7885095481046485,4.435415507330284e-15,-0.0235641037667208
complex|TIN2 complex (human),complex,4,0.1916139593724169,0.22412698802740544,-0.05106220108787463,0.7481014626593382,0.19789140072994102,0.2090265620802006,0.12704554468621365,0.578932975235401,0.28131719953252454,0.12206131618412079,-0.9635902961251153,0.5991031748931795,0.7800374844249699,0.1557271146491023,0.999999873896792,0.1843244474823422,0.062657887301344,0.4426229861635577,7.915279867251694e-07,0.1516821173057982
complex|Oligosaccharyltransferase complex (Stt3A variant) (human),complex,6,0.37251008472809566,0.015122276360603268,0.04836095836820891,0.7610254971313499,0.36650460651582106,0.016974024407163963,0.17256584135567737,1.843903661592164,0.03259859069451718,0.0688904030376684,-0.3931195091946645,0.4644200585751626,0.376954974163671,0.002943062476722,0.999999873896792,0.2750831624515834,0.1722504524043371,-0.0007590988302445,0.6920807792751377,-0.0796282466185378
complex|Oligosaccharyltransferase complex (Stt3B variant) (human),complex,6,0.1823774520083986,0.24768182150609794,0.00357261133891273,0.9820854185509933,0.1710462967784613,0.27878197681966665,0.1331930502950013,0.5539955953122635,0.2897909300980954,0.10703892118830238,-1.1736194464437293,0.620505526074065,0.7859584816435473,0.0750551718497681,0.999999873896792,0.1737707906128958,0.2529906142784974,-0.1379413035119664,0.141668417155119,-0.0912054024021098
complex|TRF1-TIN2 complex (human),complex,3,0.23692512757326128,0.1308611599130062,-0.0825186082426916,0.6033910439639856,0.2319546746260784,0.13937660207509986,0.1574388821255493,0.7504855891204784,0.22648114994627339,0.10259494123014265,-0.24776726066050697,0.5155891746975836,0.7151227627011635,0.5370237183596112,0.999999873896792,0.0826611984506721,0.0780200793420946,0.6268276258434629,3.7560377895212336e-11,0.2393315727000827
"complex|TRF-Rap1 complex I, 2MD (human)",complex,5,-0.04260992548117866,0.7887517475698431,-0.12199160669458102,0.44152652175300955,-0.09278186985043135,0.5589432128107036,0.17060961880546782,-1.1347195795500287,0.8717535845231055,0.10922605642261236,0.17636085571532906,0.9140791486419817,0.9575854850937996,0.4911869832557552,0.999999873896792,0.0895693779904306,0.2431913049603572,0.6111617008000694,1.5812308332912253e-11,0.2239675220890924
"complex|Ubiquitin E3 ligase (AHR, ARNT, DDB1, TBL3, CUL4B, RBX1) (human)",complex,5,0.26602883945611133,0.08859197794260994,-0.06430700410042914,0.685772205503988,0.2600163240738487,0.09631518310598729,0.13346317456696785,1.4220098413471494,0.07751169699957543,0.06989247694980247,-0.09430612848275828,0.5136929078981881,0.5049619973017592,0.7280269461563916,0.999999873896792,0.03796992481203,0.1571850606264781,-0.2859713901156465,0.0009104024272942,-0.0722251987026153
"complex|Ubiquitin E3 ligase (DET1, DDB1, CUL4A, RBX1, COP1) (human)",complex,5,0.09611195870294491,0.5448577759229482,0.0017427372384940145,0.9912606414663679,0.13171132573173122,0.4057149141120172,0.17526708407534305,-0.7114516692335584,0.7615978048495017,0.09262648422595689,-1.4202793102314508,0.823616619570151,0.9575854850937996,0.306361144336059,0.999999873896792,0.1519822282980177,0.3559733805025299,-1.1399330789291933,1.934658538097872e-22,-0.0388269690770746
complex|TRF2-Ku complex (human),complex,3,0.14403723276153033,0.3627933589878511,0.019518657071132966,0.902352993825103,0.11873484043796462,0.45390369124190205,0.14973598353140574,-0.07146078923442152,0.5284844848000666,0.12407853453767761,-1.1137066556877493,0.7143240831247153,0.9575854850937996,0.3523770058876505,0.999999873896792,0.3082251082251082,0.3425727892767117,-0.186210652826873,0.0792265693129572,-0.0563398130409527
complex|TFIIA-TRF2 complex (human),complex,3,0.06770534171549247,0.6700871309828202,-0.0704937212970829,0.6573195146738456,0.10137879135755173,0.5229327635965988,0.13704014274897686,-0.6863709150907364,0.7537603797650707,0.10886879528872109,-0.46052938346300776,0.8770401152061406,0.9575854850937996,0.0228402916478448,0.999999873896792,0.4881521986785143,0.378863770181792,,,
"complex|H2AX complex, isolated from cells without IR exposure (human)",complex,9,0.07903313376570356,0.6188256500204474,-0.07615761732218844,0.6316824830219964,0.1516626718708974,0.3376666543230585,0.15458514989751534,-0.8275597194496818,0.7960400559131724,0.08924993082637475,-0.18444208451222055,0.8564983873300351,0.9575854850937996,0.1684262786307585,0.8675681080583595,0.1512892078681552,0.5070835868059637,-0.8247408525929905,1.0562470683635692e-16,0.0705126701855279
"complex|Ubiquitin E3 ligase (H2AFY, SPOP, CUL3) (human)",complex,3,0.07415346949792033,0.640707405282783,0.04226137803347986,0.7904408076099992,0.04314681360177402,0.7861518595850769,0.10721755175524801,-0.41573621460031734,0.6611984809040634,0.07020616965273138,-0.8875753896887163,0.8662246788033342,0.9575854850937996,0.3857484649663101,0.999999873896792,0.1152198678514467,0.3981827058343609,,,
complex|H2AX complex I (human),complex,5,0.229169946861963,0.14432322413450138,-0.08007877610879997,0.6141778544042056,0.2319546746260784,0.13937660207509986,0.15137415653559014,0.7260559410241535,0.23390223865499288,0.08970304250838318,-0.12978290073582507,0.5391429338815698,0.724298171774354,0.4503043054032816,0.999999873896792,0.1012166780587833,0.0739284760369463,-0.9018612467537076,9.900184307755329e-18,0.0710461516814408
complex|WINAC complex (human),complex,14,-0.11301650991633685,0.47608399444767197,-0.116763394979099,0.46148652843933574,-0.04420115303189256,0.7810529011307162,0.13486607804395556,-0.27223518344121195,0.6072794047036921,0.10999721765064599,0.1005272962985434,0.7919659796498719,0.9575854850937996,0.2127936620901963,0.9765660442921006,0.1074677202496751,0.5294342905957412,-0.6640252834588861,1.2467937460909665e-12,0.036317788671914
complex|FIB-associated protein complex (human),complex,6,0.32641468476992896,0.03488089640343863,0.11153518326361693,0.48192148681450186,0.29399849493690006,0.058780575095130475,0.16298078654396025,1.293817207903662,0.09786428368261979,0.09211237674060115,0.39455657513760023,0.48627586911918697,0.5320258331109694,0.0016250823765048,0.999999873896792,0.2952836637047163,0.3248497732249854,-2.2078383031379185,2.3707826903773183e-26,0.1451707056603637
complex|REST-CoREST-mSIN3A complex (human),complex,3,-0.32319062087871503,0.036825101087264334,-0.16495007962345848,0.29652714036384215,-0.2994323981536648,0.054049470985746445,0.1743782880837111,1.5331444833157815,0.06262012973680911,0.08785138419248328,1.027757053702029,0.48627586911918697,0.46641968519267424,0.8303815813506924,0.999999873896792,-0.0010480747322852,0.3303370218110458,,,
complex|EBAFb complex (human),complex,9,-0.0827800188284657,0.6022401909971778,-0.017863056694563652,0.9106005725741304,-0.04744527435533422,0.7654213620300694,0.1291237588431178,-0.6242247210794934,0.7337599930467695,0.0828192304163318,-1.1856390163830053,0.8498945208746413,0.9575854850937996,0.1284188564274685,0.9235531794902556,0.1593415356573251,0.5169288866912835,-1.423917582976692,6.63199454731317e-25,0.0285925731788965
"complex|Ubiquitin E3 ligase (SPOP, DAXX, CUL3) (human)",complex,3,0.03947299845188943,0.8039867781500448,-0.08922814661089355,0.5741595434152582,-0.01565288538560599,0.9216251256475297,0.11938621452303248,-1.052950724067364,0.853818211687577,0.09903975726361486,-0.13053907873760573,0.9194980037553768,0.9575854850937996,0.2479401668308511,0.999999873896792,0.2188197767145135,0.2295278354282887,,,
complex|EBAFa complex (human),complex,9,-0.12878828192470768,0.4163050028229196,-0.05559331790795908,0.7265761818886441,-0.07120846304954434,0.6540620587197792,0.14297416304604899,-0.13150503982104075,0.5523121000008208,0.12203081828244715,-0.8647623257286393,0.7548945960980918,0.9575854850937996,0.0541716751263757,0.9251396720017928,0.1773353839143313,0.5256888219753665,-1.0344460874626498,2.5208869026873794e-20,0.0306493297206678
"complex|Ubiquitin E3 ligase (FBXW7, CUL1, SKP1A, RBX1) (human)",complex,4,0.060821529623441103,0.7019958421419943,-0.08530698782428202,0.5911647192723569,0.12506087701867583,0.4300341713742746,0.1498405477657154,-0.8317627135194646,0.7972285529509381,0.0855771120962486,-0.003923099608516007,0.8866886539643549,0.9575854850937996,0.6580550180836358,0.999999873896792,0.0474481658692185,0.2569334824691748,1.1904527742000504,2.673234236448276e-23,-0.0818464460824106
complex|Menin-associated histone methyltransferase complex (human),complex,6,0.07607048046026374,0.6320737872440542,-0.12268870158997863,0.438901628642392,0.09902680339805653,0.5326696239298054,0.13604242567993904,-0.6902384668680339,0.7549778816889695,0.08987731623223258,0.5327320841707153,0.8617611705348897,0.9575854850937996,0.0867420157946489,0.999999873896792,0.2045522898154476,0.3204533627594366,-0.5167433538289987,6.8222881775251345e-09,0.131614615626857
"complex|Ubiquitin E3 ligase (SIAH1, SIP, SKP1A, TBL1X) (human)",complex,3,-0.07415346949792033,0.640707405282783,0.04696676857741369,0.7677213978383057,-0.06496352950191916,0.6827315848926718,0.16560360608789376,-1.0509131838981616,0.8533507676540459,0.10364058357323906,-0.6959827535872849,0.8662246788033342,0.9575854850937996,0.9339743945966792,0.999999873896792,-0.1976987924356345,0.0117394932156828,1.3012664934858102,1.2077740796691683e-23,-0.1588146211932619
complex|MLL-HCF complex (human),complex,5,-0.00357261133891273,0.9820854185509933,-0.19997909811718817,0.2041655274072357,-0.0001622060661720828,0.9991865646934645,0.12264077631592005,-1.4831172362815714,0.930978367346689,0.08393022540587175,1.5484494437548477,0.994920029538833,0.9596962467902251,0.1674765063865292,0.999999873896792,0.1716336295283663,0.4145791621710598,-0.4339692863204348,3.991644710475562e-07,0.0557214266901898
complex|ALL-1 supercomplex (human),complex,26,-0.06648542564854666,0.6757021893023825,-0.17183389171550986,0.2765412190073299,-0.08094082701986932,0.6103572769835864,0.11712065611299027,-0.5750687117707192,0.7173775862697191,0.11309928993516527,0.8852213604741095,0.8770401152061406,0.9575854850937996,0.171224341906769,0.8555661469772295,0.1013662127346338,0.4578160133917768,-0.4974028658978411,3.796255463405693e-09,0.0089473185635149
"complex|Ubiquitin E3 ligase (GLMN, FBXW8, SKP1A, RBX1) (human)",complex,3,0.05489622301256146,0.7298747492169224,-0.12321152276152685,0.4369386321495938,0.15133825973855325,0.3387131847833986,0.1316594415251266,-0.7302137394628974,0.7673702272410414,0.1171772950732413,0.06107331904850847,0.8956631577924263,0.9575854850937996,0.8712664293910035,0.999999873896792,-0.0830257461836409,0.368377838228085,-0.4794458695898379,3.8231562257562186e-08,0.0015592698423006
"complex|Neddylin ligase (FBXO11, SKP1, CUL1, RBX1) (human)",complex,4,0.03825308238494362,0.8099312445954779,-0.0587302449372483,0.7117936627537015,0.07185728731423267,0.651110499980803,0.13873059787031605,-1.010996344871391,0.8439909103966416,0.1127115308996004,-0.5697798624221928,0.9207457093724912,0.9575854850937996,0.6093955283600136,0.999999873896792,0.0535429482797903,0.332052985239854,0.8259618140427193,8.049815225941289e-16,-0.0063622268402766
complex|SRm160/300 complex (human),complex,4,-0.30323627949795856,0.05092325599763074,-0.354647028033532,0.02119548514981579,-0.2866992219591563,0.0656499479144391,0.1307924297489758,1.349441028952034,0.08859767490309856,0.07216239220294092,5.038010974680628,0.5001451021129545,0.5179517503482982,0.0107223106279382,0.999999873896792,0.2894281157439052,0.3130437137935567,-1.2470428991566949,7.38833820125375e-24,-0.051377659440133
complex|MKK4-ARRB2-ASK1 complex (human),complex,3,0.18734425313810657,0.2348165040079091,-0.10229867589959868,0.5191486536799713,0.25085168133512603,0.10907103953405534,0.14436399599374794,0.3503589790201829,0.3630346538770973,0.08877067808578888,0.2352043151112706,0.606754250479696,0.8608730016592475,0.7134403976048668,0.979958403975743,0.0282068808384598,0.5359776486749545,2.2057246850115035,2.370320386794983e-26,0.0132764554989122
complex|Large Drosha complex (human),complex,18,-0.19239819112973924,0.2222005931696912,-0.12068455376571051,0.4464714246080351,-0.2193026014646559,0.16289355769824737,0.14091337626152978,0.5352831409552421,0.296227041220379,0.06320907964017791,1.2536494134736635,0.5991031748931795,0.7918303924319966,0.0012531916471895,0.7057216983958824,0.1759617403580251,0.5480558904731918,-0.148899934998213,0.1185687429460814,0.0285144329391846
complex|Septin complex (human),complex,4,0.09898747514646003,0.5328331835308434,0.14926544447701234,0.34544712740758843,0.107785930971349,0.496861970614146,0.1882940449330858,-0.900876018247696,0.8161728782937693,0.11139140744144119,0.48340484767474606,0.821597399541051,0.9575854850937996,0.8496838420676972,0.999999873896792,-0.013237639553429,0.4327752611566158,,,
complex|Rb-tal-1-E2A-Lmo2-Ldb1 complex (human),complex,4,0.10212440217574927,0.519864514141446,-0.13366794619249092,0.3987135053600689,0.15369024769804845,0.33117119418567276,0.12834824077198795,-0.27380006701006726,0.6078808639404666,0.10602377674687961,0.35867957145062423,0.8167234399366559,0.9575854850937996,0.9206191371109648,0.979958403975743,-0.1428115743905217,0.4332806085710893,-0.4919479037320246,1.549938519503587e-08,-0.1574161263903771
complex|Ldb1-Lmo2-Gata-1-Tal1-E47 complex (mouse),complex,3,-0.004531116820084438,0.9772801850526471,-0.13358080933056624,0.39902381160685507,0.0150851641540037,0.9244593981377696,0.12813039861717618,-1.3438640000531255,0.9105038154149957,0.11910301972177724,0.1732287280260253,0.993861908152414,0.9575854850937996,0.5022016174586127,0.999999873896792,0.0576213260423786,0.4837472364747678,,,
complex|hASC-1 complex (human),complex,4,0.1315766615062981,0.40619936895614517,-0.13558495715483435,0.39192219441006787,0.13325228336036604,0.4001949940595704,0.1808046316506578,-0.40127261623192656,0.6558902887758558,0.10030324176152303,0.44085390794652646,0.7464225454128286,0.9575854850937996,0.300951849683077,0.999999873896792,0.1582365003417635,0.3778420701695582,0.3961127362257693,2.336656424562217e-07,-0.0931243753900993
complex|GALNS-lysosomal hydrolase 1.27 MDa complex (human),complex,4,0.29983794188289525,0.053709012695520184,0.14246876924688573,0.3680977299876094,0.39132213464014975,0.010388483923573853,0.1516965629247115,1.7609748267550744,0.039121331889291115,0.07272442496235525,1.4412468723388385,0.5001451021129545,0.40187785438000667,0.0068190616461861,0.8818086116253029,0.3989405331510594,0.5525920284711299,-0.0016740585128217,0.8102935825816256,0.1268314374055192
complex|Elongator holo complex (human),complex,4,-0.1639044372803621,0.299642262492603,-0.17976334615065762,0.2546401507256184,-0.18029204255027,0.2532224038554074,0.12757272270085812,0.32948301514312817,0.37089531494132294,0.10401091523641903,1.1414313467641133,0.6573912530367066,0.8634971014151156,4.778710073445301e-05,0.9050755073261092,0.4682159945317838,0.5144760165505323,-1.3234425618065544,7.510625869928594e-24,-0.016850712370974
complex|ASCOM complex (human),complex,5,0.04139000941423285,0.7946675865664808,0.01908297276150946,0.9045224621882926,0.12765617407742916,0.4204483551646317,0.11306879203349167,-0.7912696909381594,0.785606684407993,0.10212004533265304,-1.1708775766218653,0.9168730556052935,0.9575854850937996,0.1297726846315009,0.999999873896792,0.1402870813397128,0.4568413097746212,1.0083273024254662,2.9509950548475e-19,-0.0374741587384052
complex|NCOR1 complex (human),complex,10,-0.06517837271967615,0.6817376354375364,-0.06543978330545025,0.6805289632508782,-0.04501218336275297,0.7771367660198566,0.14518743933893635,-0.844999064877897,0.8009443194245687,0.050064484018836806,0.5614587056213819,0.8775380510275299,0.9575854850937996,0.0146928212375653,0.9057514908104052,0.2155251765778081,0.5079961093783973,-0.715486832007514,1.6874873335556645e-13,0.0976638236769093
complex|SMAD3/4-E2F4/5-p107-DP1 complex (human),complex,6,-0.00827800188284657,0.9585052580795076,-0.1906554538912452,0.22649702632655047,0.0622871294100798,0.6951575764484533,0.16704572115274754,-1.671634423855881,0.9527017838149762,0.11823600794562643,1.0820347980366678,0.9891146336272553,0.964711252333804,0.4483199848855271,0.7174942186265415,0.1524265208475735,0.6451778171211169,-0.8462671868817647,2.2968956715161237e-16,-0.0332035858471062
complex|NCOR2 complex (human),complex,7,0.04513689447699498,0.7765350671261253,-0.1430787272803586,0.3660294252590901,0.1060016642434561,0.5040545822458425,0.18188948558162032,-1.2123034798286827,0.887301883835854,0.13194263632638187,0.1137984441954596,0.9089172821744461,0.9575854850937996,0.6672730290262059,0.8181917462045442,0.0565765062005663,0.5751866942534092,-0.1312147041888671,0.1130717581135521,-0.0577578289165456
complex|Vigilin-DNA-PK-Ku antigen complex (human),complex,3,0.19265960171551333,0.22156100370200213,-0.05655182338913078,0.7220486131518682,0.13576647738603329,0.3912826494800887,0.1880064932887343,0.04354956776209572,0.48263172630951356,0.10991008078872126,-0.5246532284025169,0.5991031748931795,0.9575854850937996,0.1195402466346399,0.999999873896792,0.3066757803599909,0.330984268051938,,,
complex|SF3A1-SF3A2-SF3A3 complex (human),complex,3,0.02126139430962698,0.8936822867940926,-0.13933184221759648,0.3788448600482333,0.09505275477684051,0.5493194939353434,0.16174779994772576,-1.252451881550845,0.8947973742364481,0.08693209029917771,0.6650112111821083,0.9597111473884227,0.9575854850937996,0.5332551905695968,0.999999873896792,0.0870585554796081,0.3161778725902243,-1.0070016731827245,1.0575342389533301e-19,0.2550798598709109
complex|SF3b complex (human),complex,7,0.058207423765700095,0.7142503605198658,-0.19231105426781453,0.22241407198994184,0.09967562766274488,0.529974805368173,0.1372971964916547,-0.8010216317729135,0.7884404385486627,0.09022586367993138,1.4645250037677753,0.8918793073380831,0.9575854850937996,0.1984146741064233,0.8056476993003061,0.1699996745109527,0.6142333168568334,0.0250029797633574,0.899081241502929,0.2441501529988233
complex|SMN containing complex (human),complex,5,0.34689184732223355,0.024406648203841686,0.2150537752301614,0.17140218811497904,0.3847527889601804,0.011872233314075267,0.17446542494563583,1.605255511083659,0.054218792776690464,0.06857671033473949,2.752966624382045,0.4857625830347534,0.4495522427488712,0.0125713443289032,0.999999873896792,0.2188995215311004,0.3530383182650031,-2.6149022136288225,2.3291734339045008e-26,-0.0531781723740355
complex|SMN-PolII-RHA complex (human),complex,8,-0.11449783656905675,0.47028399802680804,-0.01437758221757562,0.9279931942960592,-0.16244937527134093,0.30401191206487044,0.12359928179709176,-0.0786009237509711,0.5313249736165417,0.10963124283056222,-1.3844753908655407,0.7867542392791946,0.9575854850937996,0.4073282635202417,0.999999873896792,0.0846279660189434,0.3253927341747116,-0.4946149670998652,1.0617472228649925e-08,0.0959836380768208
complex|PPP4C-PPP4R2-Gemin3-Gemin4 complex (human),complex,4,0.20625295217576664,0.19003509657105352,0.14456005393307855,0.36103551799424166,0.16374702380071754,0.30011303191282346,0.152058180901699,0.5403458870871509,0.29447925926165663,0.10232917380127231,0.43285615440846104,0.5759318937964197,0.7891742504925061,0.6838969989901961,0.999999873896792,0.0257803599908862,0.1373889765925109,,,
complex|ITGA4-PXN-GIT1 complex (human),complex,3,-0.1876928005858054,0.2339311004078925,-0.13924470535567177,0.3791460174276094,-0.11370645238663002,0.4733779081018212,0.1634818235000273,0.21710684498455654,0.4140625398322003,0.1274507310941635,0.14072515817871037,0.606754250479696,0.9073821204669011,0.7727837349648646,0.8028422954355551,0.0187514240145819,0.6447264461247648,0.6330485041463493,8.982591637889726e-12,-0.1171993664606581
complex|PML-SMAD2/3-SARA complex (human),complex,3,-0.17549363991634728,0.2662842813046735,-0.055157633598335566,0.7286372193195281,-0.08864561516304324,0.5766717045928808,0.12304160588077366,0.6557965122953622,0.2559775303922934,0.06333542808996873,-0.14933883240056153,0.63261407578965,0.7508332731586802,0.9238139281555616,0.901468107947962,-0.1743221690590111,0.5675036292764093,0.2123001164901285,0.0227486723071968,0.0074042204688047
complex|TGF-beta receptor I-Axin-SMAD3 complex (human),complex,3,-0.036946029456073115,0.8163120324263405,-0.08853105171549594,0.5771663443153195,0.05539337159776628,0.7275218076195608,0.16160838096864621,-0.9463473158393259,0.8280142663062071,0.09121922390587298,-0.034897547752993446,0.9240351994961227,0.9575854850937996,0.5705548597195818,0.8718293000101139,0.0681476418318523,0.5896772029568914,,,
complex|PIAS3-SMAD3-P300 complex (human),complex,3,-0.225074514351502,0.15183152339730574,-0.229169946861963,0.14432322413450138,-0.13552316828677516,0.3921400324115202,0.13666109739960444,0.6983987375655232,0.2424639328286713,0.13703142906278437,1.0802131798632673,0.5456674429982589,0.7354739295803029,0.613957865134176,0.7946084737027482,0.1256094782410571,0.6158048216346667,1.0161403307892072,4.3416449417233055e-20,0.2649369707727665
"complex|SNARE complex (SNAP25, VAMP3, VAMP2, NAPB, STX13) (human)",complex,4,-0.10944389857742413,0.4902259691434631,-0.07973022866110117,0.6157254758238215,0.02692620698456574,0.86558732791638,0.14551855941425024,-0.3102512200934563,0.6218150386020026,0.09260034316737947,-0.17470726197626302,0.8028505112811176,0.9575854850937996,0.5962782237971584,0.3919256339942007,0.0541353383458646,0.6945404101955358,0.6077686844698862,1.1871760633384765e-10,0.0616609482164568
complex|RICTOR-mTOR complex (human),complex,3,-0.19178823309626633,0.22369791109923778,-0.010456423430964088,0.9475991297158424,-0.18564484273394877,0.23916614051543778,0.12332480068202897,0.6010411293798062,0.27390629622569634,0.13124554143098427,-1.430544622204501,0.5991031748931795,0.7747106459464628,0.8348024790096971,0.99054418665301,-0.0189109136477558,0.5184298983845944,,,
complex|ITGAM-ITGB2-CD11 complex (human),complex,3,0.4313274665272686,0.004345671309676001,0.19788781343099535,0.20903498361870249,0.4967560776520035,0.0008189642396106495,0.19990503178455218,2.057724810089682,0.019808278681337582,0.08751155043097696,1.6036853741250832,0.4644200585751626,0.29613376628599686,0.0002531744664713,0.9147670877492068,0.6789017999544313,0.6145737161769869,0.5618821662704474,1.1955349829959662e-09,0.0026134399815277
"complex|Ubiquitin E3 ligase (CDC34, CUL1, RBX1) (human)",complex,3,0.3011449948117657,0.05262343118488993,-0.06448127782427855,0.6849645974403646,0.3850772010925246,0.01179493670903757,0.17122393368203692,0.8110282791868972,0.2086747154937338,0.10894721846445336,-0.5497088698904229,0.5001451021129545,0.7007775547107988,0.8884881789462635,0.999999873896792,-0.1645705172020961,0.1956642845111926,0.7716949450047557,3.553673425857794e-15,-0.0783030814689741
"complex|Ubiquitin E3 ligase (CDT1, DDB1, CUL4A, RBX1) (human)",complex,3,0.24738155100422538,0.11422271025285419,-0.04548544192469378,0.7748541006693097,0.2978914405250301,0.05535894904369457,0.15523431951885436,0.622652486081983,0.26675645619430166,0.1093175501276333,-0.7544839376710946,0.5144479402341297,0.7647912085731086,0.4460493837949431,0.999999873896792,0.0529505582137161,0.3186784239299634,-1.7246695761435138,2.961140323248813e-26,-0.2532430106828587
complex|COP9 signalosome complex (human),complex,9,0.0008713686192470073,0.9956302576946009,-0.04975514815900412,0.7543467702283185,0.10892137343455359,0.49231240994983244,0.18926126410045,-1.6083062814939453,0.9461159421942176,0.11613165273014492,-0.7083769368451875,0.9989712988278042,0.963492075615466,0.0027462643620767,0.901468107947962,0.210421888053467,0.548667710643408,-1.8493380225986775,3.560474221829795e-26,0.0117935519212429
complex|Kaiso-NCOR complex (human),complex,8,-0.1289625556485571,0.4156692514308709,-0.09088374698746286,0.5670471415422818,-0.05944852325206834,0.7084232186629772,0.14011171713182255,-0.10935674396933442,0.5435402293838716,0.07924226223432285,0.2439286813147535,0.7545496472201325,0.9575854850937996,0.627059664048709,0.999999873896792,0.0471780099599648,0.4342217000541259,-0.2724357274111179,0.0016525774241618,0.0683239960756846
"complex|Ubiquitin E3 ligase (NFKBIA, FBXW11, BTRC, CUL1, SKP1A) (human)",complex,5,-0.16216170004186806,0.30488061550936457,0.020738573138078774,0.8962822621387241,-0.20356861304596388,0.195993648222166,0.1362384836192696,0.33171013369767965,0.37005407398035506,0.08471010032009782,-0.8587468029151363,0.6640115798762748,0.8634595059541619,0.8281043154995646,0.999999873896792,-0.0183800410116199,0.19487914849107,2.5553709243890883,2.3291734339045008e-26,0.077994835355536
"complex|Ubiquitin E3 ligase (CDC34, NEDD8, BTRC, CUL1, SKP1A, RBX1) (human)",complex,4,-0.0009585054811717081,0.9951932883180874,-0.13732769439332837,0.38580726667786797,0.026439588786049493,0.8679948326423323,0.13693557851466723,-1.1466274111283885,0.874232178696613,0.08035761406695904,0.8349232966387847,0.9989712988278042,0.9575854850937996,0.8602607772426946,0.999999873896792,-0.0433356117566643,0.267484842621885,0.9585006206044216,8.89106732532589e-19,-0.0367351798335335
"complex|Ubiquitin E3 ligase (SMAD3, BTRC, CUL1, SKP1A, RBX1) (human)",complex,5,-0.061431487656914016,0.6991470135789658,-0.1631202055230398,0.301992331331045,-0.04111923777462299,0.795982216175404,0.14558391206069377,-0.9107738699204875,0.8187927334970748,0.12759015007324304,0.4116154354679733,0.885206908220496,0.9575854850937996,0.942886883503059,0.999999873896792,-0.0499111414900888,0.3610658676420431,0.1672152708598853,0.0401822838462897,0.000308471604377
"complex|Ubiquitin E3 ligase (FBXO18, SKP1A, CUL1, RBX1) (human)",complex,4,0.1281783238912348,0.4185344746825872,-0.04836095836820891,0.7610254971313499,0.1506894354738649,0.3408122454168394,0.15398390555023495,-0.22580104925912442,0.5893219195192674,0.10254701595608406,-0.9383866817913604,0.7558686413748746,0.9575854850937996,0.843545806964336,0.999999873896792,-0.0220893141945773,0.2086202963478182,1.3566033318373354,3.106815229599915e-24,-0.1329233006100882
"complex|Ubiquitin E3 ligase (NIPA, SKP1A, CUL1, RBX1) (human)",complex,4,0.10256008648537276,0.5180757817679023,-0.107439750753156,0.4982533411191888,0.11654505854464148,0.4623304881916385,0.14019885399374724,-0.33554150177150444,0.6313916782618493,0.11267667615483053,-0.057627213776014756,0.8167234399366559,0.9575854850937996,0.6670917211613866,0.999999873896792,0.0371269081795397,0.3079054128797138,0.175456238889987,0.021538910986649,-0.0817562497068617
"complex|Ubiquitin E3 ligase (Fbxo32, Skp1a, Cul1, Rbx1) (mouse)",complex,3,0.2117425744770228,0.17825162132109323,-0.0853941246862067,0.5907844183678672,0.16082731460962008,0.30893080756723457,0.18485649573015642,0.2595877806205151,0.3975908814729997,0.11426692388495632,-0.27465230792737344,0.5707717415639754,0.8915943931084829,0.969791180678316,0.999999873896792,-0.1542492595124174,0.2568583142824008,-0.37708087035925,1.0362829577429571e-05,-0.059126881045412
"complex|Ubiquitin E3 ligase (Fbxo2, Skp1a, Cul1, Rbx1) (mouse)",complex,3,0.19422806523015795,0.21775011262181782,-0.07946881807532707,0.6168872721394385,0.20227096451658724,0.19892082514296022,0.12420488298746846,0.7116120807641992,0.23835251203031216,0.09254806105022466,-0.13024633518227588,0.5991031748931795,0.7293447480693617,0.9247367951143668,0.999999873896792,-0.1812713602187286,0.397493795324565,,,
complex|LIG1-9-1-1 complex (human),complex,4,-0.4070162820502771,0.007471114396545296,-0.194489475815932,0.2171193986739716,-0.3780212372140389,0.013576398763572263,0.13132396460671647,3.3073307824403027,0.0004709479940041347,0.09612502923223362,1.9198268728292927,0.4644200585751626,0.0328564717150218,0.8908165786140614,0.999999873896792,-0.0172818409660515,0.4477223346745643,-0.3194295262647102,0.0001139663943259,0.0546968860603305
complex|FEN1-9-1-1 complex (human),complex,4,-0.2583607956067377,0.09853014579431965,-0.3004478999163681,0.053200191339868134,-0.18158969107964668,0.24976509551353382,0.19254632379501124,0.48698508800342716,0.313134449279428,0.13740176072596438,1.979797536056961,0.5136929078981881,0.8071310373668015,0.7374943770930267,0.8818086116253029,-0.0663590795169742,0.5366696129500527,-0.3253651349829851,0.0002814719546545,0.0455002381184314
complex|RAD9-RAD1-HUS1-POLB complex (human),complex,4,-0.20764714196656187,0.18699150968363248,-0.23195832644355333,0.1393701987183988,-0.14898627177905804,0.34636030336993073,0.11779596679290669,1.0536225756361244,0.14602787454069094,0.10360137198537293,1.8410358392932447,0.5759318937964197,0.6166702330985854,0.7802197875230611,0.999999873896792,0.0183526999316472,0.3966747127763832,-0.6616635815624556,7.933133046921244e-13,0.0130169154282704
complex|BRD4-RFC complex (human),complex,6,-0.153448013849398,0.3319430889493842,-0.20172183535568222,0.2001687342500967,-0.08872671819612929,0.5763216500070234,0.15580942280755739,-0.0208005308761283,0.5082976128732215,0.11507729670085602,0.8562377884331007,0.6871977103571326,0.9575854850937996,0.1375579097003962,0.99054418665301,0.1781408065618593,0.4517858499805922,-0.0159459589621617,0.9108112775513908,0.0554279276841539
complex|BARD1-BRCA1-CSTF complex (human),complex,3,0.026925290334732527,0.8655918618475238,-0.0702323107113088,0.6585124705922211,0.005271697150592691,0.9735680005053757,0.16942020064019564,-1.3796609422867907,0.9161544680184575,0.13552831819458327,-0.8181776617859919,0.9460489644108968,0.9575854850937996,0.1174462553262519,0.999999873896792,0.2893597630439735,0.3522096821859973,-0.7029553721459794,2.628834842274752e-13,0.2179148943078871
complex|MDC1-MRN-ATM-FANCD2 complex (human),complex,5,-0.2028546145607033,0.1976004736309713,-0.24110769694564693,0.124001400834394,-0.26009742710693473,0.09620766679230575,0.16829613512136704,0.28843658926688304,0.3865062815328099,0.11025427139332385,1.5963381628143913,0.5833255166567319,0.8821784593764135,0.0034613305256971,0.999999873896792,0.3238550922761448,0.313033066792277,-0.1947414455652223,0.0339030336846432,0.1059557568738658
complex|MDC1-MRE11-RAD50-NBS1 complex (human),complex,4,-0.16364302669458797,0.3004243114371785,-0.2587964799163612,0.09794347872622744,-0.1847527093700023,0.24147129699538653,0.15539116587031881,0.06696279349233697,0.4733056615900843,0.10152751467156507,2.4905650737443543,0.6577281211694713,0.9538928232817381,0.1183578879092138,0.999999873896792,0.2808498519024835,0.3009499052779226,-0.0638814978221524,0.6659971570730875,0.0655533728032673
complex|RAD52-ERCC4-ERCC1 complex (human),complex,3,0.21679651246865544,0.1678743184196253,-0.20250606711300453,0.19838822462068526,0.12643962858113852,0.4249265904123639,0.14806295578245146,0.6940928648387474,0.24381198646631763,0.12232272676989489,0.7189473238475486,0.5606597962433852,0.7374255602225473,0.4258307182430778,0.999999873896792,0.1251765778081566,0.3116867038193195,,,
complex|RPA-MSH4-BLM complex (mouse),complex,3,0.03180495460251576,0.841519896055726,-0.01063069715481349,0.9467270211818368,0.11768050100784606,0.45795059576317304,0.11367439322386834,-0.9461736177755291,0.8279699799980869,0.12832645655650682,-1.4625732931963464,0.9343379312986162,0.9575854850937996,0.2143801179083736,0.901468107947962,0.2408749145591251,0.5417401674322596,0.3173042169981945,0.0002613425926028,0.0468700955720795
complex|MSH2/6-BLM-p53-RAD51 complex (human),complex,4,-0.032414912635988676,0.8385204329121662,-0.07580906987448964,0.6332482944494315,-0.07039743271868393,0.6577588333123976,0.14553162994353894,-1.2996383721663822,0.9031375291938271,0.1025513727991803,-0.29858752546684186,0.9335230138750871,0.9575854850937996,0.0057219610310475,0.9679703265045758,0.3919229892914104,0.5062789688189291,-0.4814871380420328,8.212375421784584e-09,0.0081678680823889
complex|MutS-alpha-PK-zeta complex (human),complex,3,-0.01437758221757562,0.9279931942960592,-0.04043150393306114,0.7993237457841139,-0.11451748271749045,0.47020732848250885,0.12173890979499939,-1.2798483023440634,0.8997007538126691,0.1308272844937457,-1.1463197126524578,0.9784835041116634,0.9575854850937996,0.141029618869673,0.972663855239328,0.2039416723627249,0.5060246299540928,-0.3425839249706387,4.977354623502412e-05,-0.0894964516745859
complex|Replication-coupled CAF-1-MBD1-ETDB1 complex (human),complex,3,0.050887927364025226,0.7489332619949478,-0.01054356029288879,0.9471630678362641,0.052960280605185026,0.7390604734158744,0.15079905324688708,-0.7968766208760575,0.7872386549660637,0.0867970281631944,-0.9810947043936532,0.8996283704204391,0.9575854850937996,0.5652070355050208,0.999999873896792,0.101412622465254,0.3351085497131822,0.3222149879735375,0.0003418903176136,0.1410675823402713
complex|ASF1-interacting protein complex (human),complex,5,0.3108171864854075,0.045127433654288465,0.2030288882845527,0.19720742485774453,0.37493932195676943,0.014423426993632164,0.14235549132638356,1.3100565195294411,0.09508835805382032,0.10559244928035234,1.3124027200119561,0.5001451021129545,0.5299852515627526,0.2260003944549406,0.999999873896792,0.109794941900205,0.3909880826266523,,,
complex|MBD1-MCAF1-SETDB1 complex (human),complex,3,-0.07694184907951075,0.6281652215440026,-0.11711194242679779,0.46014096706550256,-0.12133013749671794,0.44402524230316526,0.14727436718203296,-0.5457150796148771,0.707369097665256,0.10948311016529025,0.1270234394537804,0.8597923022065697,0.9575854850937996,0.3820477444929967,0.999999873896792,0.1732285258601047,0.4622269480068692,0.7763820916698698,6.949770797407684e-15,0.1802245348572914
complex|Cofilin-actin-CAP1 complex (human),complex,3,0.29007861334732876,0.06239444653541019,0.1184189953556683,0.4551139695928618,0.40827266855513233,0.007271670685835288,0.13519719811926942,1.7750089415738475,0.03794820539875402,0.09663042303139688,0.26269609396845345,0.5122798637865735,0.3986950997158573,0.3316819349904783,0.9147670877492068,0.2262702210070631,0.5959050924789716,1.113448255781842,6.56821373047518e-21,0.0948459987083878
complex|ITGAV-ITGB5-PLAUR complex (human),complex,3,0.046879631715489,0.7681404514872137,0.10499991861926439,0.508115782355418,0.15409576286347865,0.3298814939454496,0.10346195300629339,-0.7211371201224785,0.7645874227441867,0.11236298345190161,-0.0932188761113924,0.9047216989356215,0.9575854850937996,0.7823959112532751,0.999999873896792,-0.0876053770790613,0.4613308111869911,1.5920135335156107,6.148140498158559e-26,-0.0406754084993848
complex|ITGAV-ITGB5-ADAM9 complex (human),complex,3,0.12695840782428897,0.42301363902290146,0.08565553527198083,0.5896441658228504,0.25320366929462124,0.1056811413927266,0.14220300181801535,-0.14234299436502282,0.5565954561705638,0.09199909882009903,-0.08242126723200012,0.7586697056340469,0.9575854850937996,0.3480940169142315,0.8056476993003061,0.103030303030303,0.5724115044332935,1.1463077438808302,7.999101424729263e-22,0.072758259282109
complex|ITGAV-ITGB3-CD47-FCER2 complex (human),complex,4,-0.053676306945615655,0.7356587946000652,0.04252278861925396,0.7891739233617109,-0.0023519879594952006,0.9882055993091589,0.14138391531592318,-0.8167977000912406,0.7929779766054081,0.09214287464227479,-0.7409601435597487,0.8956631577924263,0.9575854850937996,0.6800928774128507,0.8028422954355551,0.0457621326042378,0.6127976888874448,2.568933851910111,2.3291734339045008e-26,0.1084530239236867
complex|ITGB3-ITGAV-CD47 complex (human),complex,3,-0.24511599259418318,0.11768416759020664,-0.018821562175735357,0.9058244733671028,-0.19148426111614372,0.22444668340113128,0.16736812754186894,0.5419001267764281,0.2939436547161498,0.11607937061299008,-1.3006794841664893,0.5144479402341297,0.7891742504925061,0.3737067978345837,0.9057514908104052,0.0812257917521076,0.4823397380054797,,,
complex|ITGAV-ITGB3-ADAM15 complex (human),complex,3,-0.0023526952719669196,0.9882020526320278,0.0821700607949928,0.6049269923170446,0.06918088722239331,0.6633191010597649,0.1531125369309879,-1.1545692516325712,0.8758665678168891,0.1035447330251219,-0.2413364956392397,0.9977360811185886,0.9575854850937996,0.7222268966321509,0.8056476993003061,0.0526771474139895,0.6635046690688942,,,
complex|Itgav-Itgb3-Gsn complex (mouse),complex,3,0.17575505050212137,0.2655614115988094,0.21845211284522473,0.16457170632607995,0.22684518354165775,0.14855094408357072,0.17182082118622116,0.036373040112212984,0.48549245541187186,0.09348478231591519,1.9895326193494602,0.6321864249628011,0.9575854850937996,0.4633463285133106,0.5302479670784715,0.1111870585554796,0.7236440450018017,,,
complex|ITGAV-ITGB3-PXN-PTK2b complex (human),complex,4,0.011153518326361694,0.9441110680003594,0.010892107740587591,0.9454189738225772,0.07988648758975077,0.615031450624786,0.1585019518410306,-1.3013584811748398,0.903432110903834,0.1240393229498115,-1.2884955256735453,0.9829216088408934,0.9575854850937996,0.7184759197773157,0.8718293000101139,0.0488038277511961,0.6392582189127435,2.8890444155443014,2.3291734339045008e-26,0.0116799796516976
complex|ITGA2b-ITGB3-CD9 complex (human),complex,3,0.17226957602513335,0.2753067573560648,0.19954341380756468,0.20517339092458062,0.24063269916628485,0.12476656265975691,0.13994180025106934,0.3324901387775328,0.3697595923497499,0.11353497424478882,1.3425002925400067,0.644538079581928,0.8634595059541619,0.0705715488351351,0.1886012030874777,0.3593757120072909,0.778276090270861,,,
complex|ITGA2b-ITGB3-CD47-SRC complex (human),complex,4,-0.010107875983265286,0.9493435269788758,0.12774263958161128,0.4201310846220243,0.042173577204741526,0.7908664398751277,0.16830049196446323,-1.2661477053425039,0.8972698970568274,0.10333560455650259,0.30301603512888114,0.9841386834902364,0.9575854850937996,0.4667358483529802,0.5302479670784715,0.127511961722488,0.6711735483009879,,,
complex|ITGA2b-ITGB3-TLN1 complex (human),complex,3,0.2127010799581945,0.1762490597346345,0.22829857824271593,0.14589733964058366,0.24752645697859832,0.11400396605871747,0.15862830029082145,0.4582734511422291,0.32337799769306597,0.09357191917783989,1.3663098790907344,0.5681060208764621,0.8163195610828626,0.0014395857927308,0.4539488829059258,0.6581681476418318,0.7609819655577964,,,
complex|ITGA2B-ITGB3-CIB1 complex (human),complex,3,0.1860372002092361,0.2381570828120802,0.1894355378242994,0.22953823294591977,0.24290358409269397,0.12114025983403151,0.14537478359207448,0.3669631423676269,0.35682325553241434,0.14928287184939734,0.48048644020672104,0.6084527874891386,0.8496371715919718,0.1557271146491023,0.2031300504190272,0.2938482570061517,0.7181995995065131,,,
complex|ITGA5-ITGB1-ADAM15 complex (human),complex,3,0.03380910242678389,0.8316730508880021,-0.0934978528452039,0.5559004836465739,0.10170320348989591,0.5215966828249005,0.14820673160462722,-0.7300213072142933,0.7673114197171765,0.13787229978035773,-0.3583984456740322,0.9318478027347904,0.9575854850937996,0.5725502940566264,0.7414691400384221,0.0737753474595579,0.6500058509510417,1.1860002800672238,7.999101424729263e-22,0.0726603962146385
complex|CD98-LAT2-ITGB1 complex (human),complex,3,0.012547708117156905,0.9371381002529939,-0.08809536740587245,0.5790492107699724,0.022546643197919505,0.8872955036698313,0.1416714669602747,-0.9825770304758425,0.8370921730735494,0.0881999316401821,-0.001597019347651703,0.9826449284471723,0.9575854850937996,0.630874450827572,0.999999873896792,0.0547277284119388,0.3910354143367614,1.2772804046827546,4.400779539249805e-23,-0.0101520530499002
complex|ITGA6-ITGB1-CD151 complex (human),complex,3,-0.19300814916321213,0.22071019314025955,-0.23631516953978843,0.13188473445976082,-0.20884031019655658,0.18441439641244953,0.12176069401048058,0.7332649392875188,0.2316984273345924,0.12525052533056485,1.5091900804282414,0.5991031748931795,0.7227195356353232,0.9076781710543108,0.8942989776529788,-0.2154704944178628,0.5659644378910159,,,
complex|ITGA4-ITGB1-CD81 complex (human),complex,3,-0.18734425313810657,0.2348165040079091,-0.2358794852301649,0.13261950428945157,-0.10040555496051926,0.526951121467773,0.11932957556278141,0.6381322935228824,0.26169378323585124,0.08765096941005646,2.8911745247293514,0.606754250479696,0.7575727362553757,0.176829428242714,0.7561258166152436,0.1556163135110503,0.6571346524071602,0.5983578332503882,8.028444769494246e-11,0.0170335855223993
complex|ITGA4-ITGB1-CD53 complex (human),complex,3,-0.10456423430964089,0.5098872377589926,-0.20363884631802562,0.19583609002341268,-0.07510140863767432,0.6364322462152499,0.15222374093935595,-0.47356484328381615,0.6820948746010399,0.0921951567594296,1.4691408428700228,0.8134100523091247,0.9575854850937996,0.1534599810905712,0.999999873896792,0.2509455456823877,0.4070127020923989,1.4908474490305186,4.415166081578883e-25,0.1116852110414795
complex|ITGA4-ITGB1-CD47 complex (human),complex,3,-0.28580890711301843,0.06652965620534385,-0.2858960439749431,0.06644314737208948,-0.25896198464373016,0.09772132457742731,0.11697252344771827,1.8837482438448343,0.0297995186730792,0.12654886457324288,1.9853978520257218,0.5126022798419199,0.367368117341812,0.012507321212653,0.9977895230553804,0.4993620414673045,0.4803226300524154,1.2028731996601183,3.137790505411836e-22,0.4217041342410696
complex|ITGA4-ITGB1-THBS1 complex (human),complex,3,-0.3252819055649078,0.03555415586082017,-0.2969624254393801,0.056160616232188626,-0.2905110645142003,0.06198728668502007,0.16935920483684835,1.6059431931067532,0.054143196017567306,0.06441156833473878,3.697379475268015,0.48627586911918697,0.4495522427488712,0.3510662616637572,0.9634175832374848,0.1720437457279563,0.5583998825650779,1.463421388650383,7.442029983891623e-25,0.1973361402445403
"complex|LAT-PLC-gamma-1-p85-GRB2-CBL-VAV-SLP-76 signaling complex, C305 activated (human)",complex,7,0.10247294962344806,0.5184332831485174,-0.07746467025105895,0.6258248785013287,-0.009407951837980802,0.952847178552113,0.14279553247910334,-0.35685565485270193,0.6394000654808517,0.07774786505231424,-0.006924280820755408,0.8167234399366559,0.9575854850937996,0.9013040446919198,0.999999873896792,-0.0353774045503368,0.1020262884456358,1.22083494674307,7.356996809858519e-23,-0.025040768761748
"complex|Cbl-SLP-76-Grb2 complex, Fc receptor gamma-R1 stimulated (human)",complex,3,0.14142312690378928,0.3716596376281984,-0.01803733041841305,0.9097319547850001,0.14209251396674452,0.36937705568996626,0.1459498868807775,-0.04646730732742953,0.5185311045497495,0.10385842572805079,-1.3264538162534305,0.7156243068590794,0.9575854850937996,0.4949538211501627,0.999999873896792,0.0383458646616541,0.3111684783964047,1.3633281597770577,7.268038586483542e-24,-0.0290297034703956
"complex|SLP-76-Cbl-Grb2-Shc complex, Fc receptor gamma-R1 stimulated (human)",complex,4,0.11048954092052055,0.48606450071513146,-0.10857252995817711,0.4937078861412987,0.14606656258796055,0.35599910888220554,0.15902041616948262,-0.4786268709531226,0.6838979506757511,0.11559140418621176,-0.10699076426492406,0.7996132354221483,0.9575854850937996,0.6979638348302685,0.999999873896792,0.0589769879243563,0.4325500944791585,1.4894605467733213,3.5013110810351587e-25,-0.0511415704271339
complex|PLC-gamma-2-SLP-76-Lyn-Grb2 complex (human),complex,4,0.27639812602515074,0.07641019924768354,-0.021697078619250486,0.8915164786818861,0.29124099181197466,0.06130484760312638,0.20951187081175043,0.5693226552102957,0.2845685974638996,0.09850386556277793,-1.1910411073362797,0.5136929078981881,0.7836869401209762,0.4919974165220894,0.9057514908104052,0.0865686944634312,0.5478300460380809,1.6162448206071458,1.0298713594126268e-25,0.0586722913126459
"complex|PKC-alpha-PLD1-PLC-gamma-2 signaling complex, lacritin stimulated (human)",complex,3,-0.06604974133892316,0.6777118003879437,-0.09515345322177321,0.5488945742819814,-0.07429037830681393,0.6400892400908527,0.16919800164228765,-0.8545090091879731,0.8035884901172137,0.12098517593935076,-0.33458492008832685,0.8770401152061406,0.9575854850937996,0.8772467732496145,0.5387316464886753,-0.1156983367509683,0.7157051623058331,1.3351887200140002,8.153049797511145e-24,0.060837004325818
complex|PLC-gamma-1-SLP-76-SOS1-LAT complex (human),complex,4,-0.12608703920504197,0.42622950160342715,-0.22664297786614662,0.14892292154879197,-0.23446886865174565,0.13501939114185607,0.18409404818831526,-0.4776901181339867,0.6835646106348565,0.09896569093097886,1.6161871434603812,0.7590891618161962,0.9575854850937996,0.1684032269158085,0.999999873896792,0.2323991797676007,0.3179358430803526,0.6860976313128855,1.0869664787333698e-12,0.0107523099291778
complex|FGFR2-c-Cbl-Lyn-Fyn complex (human),complex,3,-0.006709538368201957,0.9663624133762386,-0.08112441845189639,0.6095449191241843,0.009164642738722677,0.9540653339666375,0.1448301782050451,-1.327167184422819,0.9077733075016278,0.12455778727826347,-0.6817402003651147,0.9899012951376905,0.9575854850937996,0.7015300733552391,0.999999873896792,-0.0079061289587605,0.498045445855177,2.754778695721788,2.3291734339045008e-26,0.1142666313096874
"complex|p21(ras)GAP-Fyn-Lyn-Yes complex, thrombin stimulated (human)",complex,4,-0.07267214284520042,0.6474110944127753,0.03912445100419063,0.8056841003719778,-0.09010546975859199,0.5703855328410788,0.11494223456487274,-0.4241414494297188,0.664268670866338,0.08685802396654169,-0.5848469315608851,0.8702835071329086,0.9575854850937996,0.2312237184280355,0.999999873896792,0.1347345636819321,0.3505521449024968,1.5092171703414916,1.8761772269814974e-24,0.0656196671392957
"complex|CD20-LCK-LYN-FYN-p75/80 complex, (Raji human B cell line) (human)",complex,4,0.1421202217991869,0.3692827542122838,-0.025356826820087913,0.8733559073656916,0.11524741001526481,0.46736348291683044,0.15901605932638638,-0.15424854904053653,0.5612931181956298,0.09065719114645863,-1.2172029663398591,0.7147344340593939,0.9575854850937996,0.8908165786140614,0.2270112184793382,-0.0694577352472089,0.6443725706478033,1.9631905223670016,3.043075942043809e-26,0.0955964325529542
complex|Slam-SAP-FynT complex (mouse),complex,3,-0.18150608338915164,0.24998688944893152,-0.20886705803350766,0.18435691531025597,-0.16901872095131026,0.28460508036305243,0.19272495436195686,-0.08968455764137157,0.5357310561488935,0.09982398902093717,1.220043092963745,0.620505526074065,0.9575854850937996,0.0343661867116013,0.8555661469772295,0.4537252221462748,0.594348499536318,,,
complex|Slam-SAP-SHIP complex (mouse),complex,3,-0.0587302449372483,0.7117936627537015,-0.21670937560673076,0.1680494563767567,-0.05052718961260379,0.7506559364751209,0.20421394960672865,-1.1947705469286027,0.8839116546269368,0.14030341822805686,0.6767381960138658,0.8918793073380831,0.9575854850937996,0.3547034479954534,0.999999873896792,0.0873091820460241,0.4700826072269937,,,
complex|Class C VPS/HOPS complex (human),complex,5,0.21453095405861322,0.17247088389776385,0.17279239719668157,0.27383018585665414,0.19124095201688562,0.22504726535964692,0.12683641621759442,0.7433327080140125,0.22864013691052149,0.06282567744770924,2.493534021483934,0.5649163693239746,0.7163829439426967,0.7319402243653241,0.999999873896792,0.0501503759398496,0.3123747675808587,0.2317094074804576,0.0137059713661101,0.0696168999144938
complex|CD19-Vav-PI 3-kinase (p85 subunit) complex (human),complex,3,0.1768878297071425,0.2624440073723539,-0.004269706234310336,0.9785906316882524,0.12968374990458018,0.41304420223345817,0.13243495959625642,0.3827388580764278,0.3509566998512178,0.12691048255023038,-1.4173880202930444,0.6303502694692337,0.8430889611756154,0.9265057829900958,0.9679703265045758,-0.1676236044657097,0.5338426124492197,0.374445194025811,3.822125086995312e-05,0.0514592871600048
complex|Sam68-p85 P13K-IRS-1-IR signaling complex (human),complex,3,-0.049058053263606516,0.7576839586493503,0.19919486635986589,0.20598218259845288,-0.05685322619331501,0.7206268404956793,0.1325700217322397,-1.0878589227089104,0.8616713037121542,0.09008208785775564,1.7618310632895977,0.8998877638529564,0.9575854850937996,0.822496993581617,0.999999873896792,-0.0497835497835497,0.2837553702126597,,,
complex|POLR2A-CCNT1-CDK9-NCL-LEM6-CPSF2 complex (human),complex,5,-0.25348113133895445,0.10528659972234523,-0.18716997941425717,0.23526006066189292,-0.25758323308126746,0.09958386779366711,0.17335442995609587,0.6595955001439638,0.25475672135669747,0.10478643330754889,1.1251867514387117,0.5144479402341297,0.7508332731586802,0.9084426956487468,0.999999873896792,-0.0620232399179767,0.3655507565143599,0.2966829926462789,0.0002246814334648,-0.0456225444036756
complex|BRD4 complex (human),complex,8,-0.3556926703766284,0.02079092319889328,-0.40788765066952415,0.007332295847837022,-0.29456621616850237,0.058271324148963695,0.17288824774479875,1.920796294911659,0.027378696885850404,0.09266133897072677,4.178651159749983,0.4857625830347534,0.35107266600042386,0.4464383589682635,0.972663855239328,0.0800800703056342,0.5006741383579378,1.2765495748946,3.779991162696772e-23,0.0483826887900336
complex|P-TEFb-BRD4-TRAP220 complex (human),complex,4,-0.2583607956067377,0.09853014579431965,-0.29330267723854264,0.05940957030755522,-0.22927827453423902,0.14412841018499872,0.18812848489542894,0.5870248632057258,0.2785935042165115,0.14611980376153066,1.6562844945222825,0.5136929078981881,0.7795403801138484,0.8785957857035306,0.999999873896792,-0.0477557530189109,0.4055327907521577,1.5582893139921712,2.746211476143045e-25,0.0274359335144476
complex|P-TEFb-SKP2 complex (human),complex,3,-0.0841742086192609,0.5961184498728377,-0.25478818426782496,0.10344311991616631,-0.09910790643114258,0.5323324072067245,0.140342629815923,-0.658990217564225,0.7450489747596248,0.11050261144980925,1.5922500655026415,0.8457564309856219,0.9575854850937996,0.96638264025291,0.999999873896792,-0.1424698108908635,0.2274300991960723,,,
complex|HES1 promoter corepressor complex (human),complex,6,-0.1390704316318224,0.37974875705843186,-0.13584636774060843,0.39100136738905766,-0.09643150633930321,0.5435151434987028,0.16470609641006934,-0.21725811165036277,0.5859964002651759,0.07875429580754453,0.9883090075481478,0.7192091863185075,0.9575854850937996,0.214060184715272,0.9434301709137022,0.1476281613123718,0.5018621215202368,2.0925361421505584,2.3291734339045008e-26,0.119528507466456
complex|HES1 promoter-Notch enhancer complex (human),complex,11,-0.0812115553138211,0.6091595166186238,-0.2614105857741022,0.09447967106284891,-0.0358475406240303,0.821683741762024,0.1069779253849551,-0.32340376096549717,0.6268052591921965,0.10431153741005925,2.093248709575891,0.8498945208746413,0.9575854850937996,0.7413765378026332,0.999999873896792,0.0406462437084446,0.2344925490428227,1.6312854585316927,1.814950768854265e-25,0.1007262612159193
complex|ESR1-CDK7-CCNH-MNAT1-MTA1-HDAC2 complex (human),complex,4,-0.1558007091213649,0.3244933737270919,-0.20773427882848655,0.18680244216811887,-0.10689379760740256,0.5004516849641923,0.13823391775734525,0.26439865981619964,0.3957363720533298,0.10861174154604322,1.3376956893225447,0.6805256825759552,0.8915782849382338,0.4275614154409259,0.972663855239328,0.1380724538619275,0.4803747975005485,0.5142932878716533,1.862680951882779e-08,-0.0964005332409721
complex|RNA polymerase II (RNAPII) (human),complex,16,0.2536554050628039,0.10503936382101192,-0.02195848920502459,0.8902173663776712,0.2530414632284491,0.10591231486890267,0.07399662314645586,2.2756226569976197,0.011434302036289146,0.0719009816171668,-0.8552884053578806,0.5144479402341297,0.21756358329048348,0.2240586715149597,0.999999873896792,0.0831208703577124,0.1695483062059016,-0.405871496598341,3.402456092852428e-06,0.0497466967434439
complex|BRCA1-core RNA polymerase II complex (human),complex,11,0.11092522523014403,0.48433599663331395,-0.06561405702929966,0.6797236198633106,0.15782650238543658,0.31816337771562814,0.16628763045400266,-0.6129529739366358,0.7300462827400461,0.10747896234102212,-0.5135398007789205,0.7982009771287607,0.9575854850937996,0.0018416030199105,0.999999873896792,0.1437531846144286,0.26942966216012,-0.8313978194028278,4.949011221616515e-16,0.0461421761304867
complex|SMAD3-SMAD4-cJun-cFos complex (human),complex,4,-0.27404543075318377,0.07905173185555818,-0.09959743317993294,0.5302992238456546,-0.18402278207222791,0.24336848779619896,0.14764034200211668,1.319606008160185,0.09348329792989696,0.09358934655022486,0.099898391442654,0.5136929078981881,0.5299852515627526,0.770281863836341,0.999999873896792,0.0071542492595124,0.2000648027462009,-0.0611536103471731,0.907039439136445,0.2265146677345918
complex|ETS2-FOS-JUN complex (human),complex,3,0.005402485439331445,0.972912474691245,0.02605392171548552,0.8699037276419098,0.040146001377590494,0.8007119750963332,0.1584453128807796,-1.510823652541424,0.9345833066004723,0.09225615256277689,-0.8512031670937273,0.9913854963625978,0.9600291819869817,0.0272006788024788,0.999999873896792,0.3054682159945319,0.0728310179195099,0.9222280873294444,1.2226976219216029e-17,0.1991797541607587
complex|SMAD3-SMAD4-CTCF protein-DNA complex (human),complex,3,-0.255659552887072,0.10222791198401579,-0.1756679136401967,0.2658022235868442,-0.22595305017771133,0.1501972603115354,0.15085133536404194,1.1420271314446013,0.12672137111953014,0.07681985747281618,2.4002547422108873,0.5136929078981881,0.5854918979098821,0.3193686089491895,0.6867352097478546,0.2202323991797675,0.6377571481578683,-0.240963841803585,0.0071899021304182,0.2114433043622575
complex|SMAD3-SMAD4-SP1 complex (human),complex,3,-0.30532756418415136,0.04926760605195826,-0.25548527916322256,0.1024700752041583,-0.18175189714581877,0.249335173579611,0.14664262493307886,1.5015084144840973,0.06661205597889439,0.10801049719876277,2.106992809944291,0.5001451021129545,0.4883983857688208,0.7415856233523247,0.4412140934053241,0.0234221918432444,0.6865949309474525,0.0928012777313555,0.2319774551701328,0.0057053717353422
complex|SMAD3-SMAD4-FOXO3-FOXG1 complex (human),complex,3,-0.09009951523014056,0.5704111092593745,-0.097244737907966,0.5401053782513453,-0.06626117803129582,0.6767362637252556,0.15786149590588408,-0.5262271007189623,0.700634786739394,0.10256880017156525,-0.07112809677581886,0.8330576072469815,0.9575854850937996,0.9029285704252132,0.8245614437015378,-0.1060606060606061,0.5953828215787448,0.4604369136269929,2.2297941502186946e-07,-0.0504423230256915
complex|SMAD3-SMAD4-cJUN complex (human),complex,3,-0.3165682193724378,0.04109737462542641,-0.14830693899584066,0.3485885759494334,-0.20267647968201744,0.1980028001843733,0.15830153705860384,1.410906664226076,0.0791360684473954,0.11163103381173411,0.4292528378956088,0.4910698601145319,0.5069382815465777,0.8595126557965715,0.9188249854715472,-0.0195716564137617,0.5467265153374754,-0.8646169123422531,5.753465065767096e-18,0.0559059684745628
"complex|Ubiquitin E3 ligase (CSN1, CSN8, HRT1, SKP1, SKP2, CUL1, CUL2, CUL3) (human)",complex,8,-0.08434848234311032,0.5953551541808977,-0.09611195870294491,0.5448577759229482,-0.07656126323322307,0.6298711323064791,0.14197644597701115,-0.7576876233230112,0.7756809949660587,0.09395532137030857,0.041481168603464756,0.8457564309856219,0.9575854850937996,0.5453292039121177,0.999999873896792,0.0508202323991797,0.3037148014980204,-0.8729131437400475,7.375004581493214e-17,-0.0160653274308824
complex|HCF-1 complex (human),complex,19,-0.11022813033474643,0.4871031415017865,-0.19152682251049222,0.22434173857956666,-0.07558802683619058,0.6342421263877928,0.15039386683893724,-0.3596573558806236,0.640448307048255,0.07796135036402975,1.5517956803295354,0.7996132354221483,0.9575854850937996,0.0780075143103015,0.7057216983958824,0.0863050768867943,0.5206138759831438,-1.2059123261400262,1.605456970700722e-22,0.0160703412882292
complex|PXN-ITGB5-PTK2 complex (human),complex,3,0.02509541623431381,0.8746510765118629,0.11641484753140019,0.46283420115162643,0.16285489043677112,0.3027900516137032,0.13972831493935386,-1.5236860046935508,0.9362064164047156,0.11522542936612805,0.017875444381265145,0.9519482588898532,0.9600291819869817,0.6481357239325638,0.7633812121549604,0.0404192298929141,0.6640101959411606,-0.3754609532244505,1.021263278767305e-05,-0.044252596753652
complex|SRC-3 complex (human),complex,6,-0.18220317828454924,0.24814168624761096,-0.1527509189540004,0.3341706634144143,-0.1324412530295056,0.40309478211492494,0.1324001048514865,0.41521988597988413,0.3389904712588121,0.08455325396863335,1.3389375892867637,0.620505526074065,0.8326375905516434,0.2186939820239916,0.999999873896792,0.1942173615857826,0.4096960621180607,1.8171143061355863,3.907623818559415e-26,0.0137889513047807
complex|SRC-1 complex (human),complex,4,-0.18141894652722693,0.2502181863385145,-0.13323226188286744,0.4002664340528657,-0.1083536522029513,0.4945844999853147,0.11654119598119102,0.7630986560060079,0.2227022807623964,0.11533870728663013,0.23566170882015894,0.620505526074065,0.7151227627011635,0.206791966888175,0.999999873896792,0.2180906812485759,0.2983250358904123,1.905153634676758,2.5720970737032262e-26,0.0042874847117143
complex|Set1B complex (human),complex,6,0.15789199380755772,0.3179600441771301,-0.003921158786611534,0.9803379797435222,0.21816715900145137,0.16513675632718325,0.11593123794771812,0.3988179434437161,0.3450136773519741,0.09357191917783989,-1.2061175147599599,0.6728921865143916,0.8367481190007899,0.3752034897973405,0.8187764039585149,0.121535657325131,0.545000647209164,-0.1150386487419617,0.1596647489574691,-0.0041224253444599
complex|Set1A complex (human),complex,6,0.1407260320083917,0.37404562452980356,-0.01986720451883177,0.900617923271567,0.20851589806421245,0.18511257423243302,0.15788763696446148,-0.15381297654117412,0.5611213990998933,0.08870532543934535,-1.1779254986607197,0.7158545771385049,0.9575854850937996,0.4141633806029041,0.9057514908104052,0.0716290726817042,0.5108161268214246,-0.7686405971464467,7.38675366680644e-16,0.0160311430045495
complex|BLM complex II (human),complex,4,0.08391279803348681,0.5972641969130241,-0.07284641656904982,0.6466209824614496,0.16909982398439632,0.28437064773588905,0.11507729670085602,-0.41929037337910646,0.6624980344271469,0.10503477336403426,-0.44616128377935427,0.8457564309856219,0.9575854850937996,0.255029413227505,0.999999873896792,0.1476987924356345,0.4710661987358729,0.5007126643050726,1.2760064261994304e-08,-0.0153374426802033
complex|Gata2-Tal1-Tcf3-Lmo2 complex (mouse),complex,3,0.3041947849791303,0.05015893842809151,0.08713686192470073,0.5832012523729181,0.40178442590824903,0.008353197525249274,0.16415277733684747,1.175039336424546,0.11998948932558107,0.08685366712344546,0.004991074795646464,0.5001451021129545,0.5720683397686587,0.5773845806535288,0.999999873896792,0.0614262930052404,0.464800080598804,,,
"complex|Ubiquitin ligase complex (TRAF6, TAB2, MALT1, UEV1A, BCL10) (human)",complex,4,-0.19466374953978144,0.21669962561949926,-0.10804970878662892,0.49580313128787973,-0.14111927756971201,0.3726985217490904,0.16472352378245428,0.2610410594655304,0.3970304218843693,0.08210035130545304,0.3454012804274372,0.5991031748931795,0.8915943931084829,0.1342617361434332,0.8741293923296176,0.3108908635224424,0.5369492507549961,0.8983765474190543,1.7211298284870713e-18,-0.1708080332499918
complex|Gata1-Fog1-MeCP1 complex (mouse),complex,11,-0.05463481242678736,0.7311129561855981,-0.057248918284528376,0.7187616981871534,-0.06691000229598415,0.6737459490848104,0.12410903243935127,-0.7626443076866013,0.7771622236411179,0.0890103044560818,-0.45007678305824084,0.8956631577924263,0.9575854850937996,0.616286136039705,0.7584976426989276,0.0366457465978996,0.5336486938152561,-0.4617609363323904,2.211504459738721e-07,-0.0027892819154955
complex|FYB-CARMA1-BCL-10-MALT1 complex (human),complex,3,-0.2327425582008757,0.13800011138099835,-0.20259320397492922,0.1981910801124127,-0.34647215734356884,0.02459140015227979,0.13974138546864256,0.8476659192012145,0.19831202578192209,0.1541930340188542,0.4314587927471321,0.532904489152084,0.691145218997652,0.1619824854527846,0.999999873896792,0.2024834814308499,0.4804501542681473,0.1544393706619148,0.0931763187539563,0.2450874544057322
complex|JUND-FOSB-SMAD3-SMAD4 complex (human),complex,4,-0.22542306179920082,0.15118159971979875,-0.16974260702931704,0.28251709617096843,-0.14906737481214408,0.34609486248319404,0.14577997000002435,0.9229384178672013,0.17801964921755414,0.07772172399373684,1.372163060836583,0.5456674429982589,0.6594603996678599,0.7205519374383907,0.972663855239328,0.0749373433583959,0.4679381032039615,0.2791543365045288,0.0015774448170272,0.0875152882856555
complex|17S U2 snRNP (human),complex,26,0.08095014472804699,0.610316036729377,-0.24014919146447522,0.12554906435388982,0.12003248896734127,0.4489496358675927,0.12157770660043869,-0.47259139600498207,0.681747638953312,0.10315261714646073,1.7231292353209442,0.8498945208746413,0.9575854850937996,0.3752034897973405,0.972663855239328,0.07866996161733,0.4381479215833961,-1.0422547991508666,7.567754700142717e-20,0.0906056960317451
complex|SMAD3-SMAD4-FOXO3 complex (human),complex,3,-0.09009951523014056,0.5704111092593745,-0.097244737907966,0.5401053782513453,-0.06626117803129582,0.6767362637252556,0.1680477950648816,-0.8016043651111916,0.7886090741002689,0.08143375431172907,0.2037925821939443,0.8330576072469815,0.9575854850937996,0.8919458438397355,0.8245614437015378,-0.1060606060606061,0.5953828215787448,0.4604369136269929,2.2297941502186946e-07,-0.0504423230256915
complex|SMAD3-SMAD4-FOXO1 complex (human),complex,3,-0.2127010799581945,0.1762490597346345,-0.08591694585775493,0.5885048902341892,-0.2261152562438834,0.14989693907332458,0.1407391025376804,0.5648557083869546,0.2860859559283016,0.10659016634939016,-0.23744733981885488,0.5681060208764621,0.7846148462160154,0.6441409201393622,0.8406166535885258,0.0972203235361129,0.6003756202901365,-1.048509003767475,2.9569641488368104e-20,0.0657152752973774
complex|SMAD3-SMAD4-FOXO4 complex (human),complex,3,-0.10865966682010182,0.49335912243118446,-0.13192520895399693,0.4049461515635011,-0.038280631616611535,0.8097968835447683,0.0974407958472966,0.1312135619399194,0.4478031839190031,0.09628623242679432,0.5032148341724928,0.8029553991045639,0.9319026076987453,0.5782903156931569,0.6126691953754848,0.0515607199817726,0.7206228084926358,0.168842581774341,0.0427644091014763,-0.0916097527536953
complex|MBD1-Suv39h1-HP1 complex (human),complex,3,-0.05053937991632643,0.7505977030686413,-0.11998745887031291,0.44912105213781134,-0.11508520394909273,0.4679946547490186,0.16674945582220357,-0.9449113881467817,0.8276479414895651,0.11171817067365881,0.11737829946740963,0.8996283704204391,0.9575854850937996,0.1383742912541502,0.999999873896792,0.2841649578491683,0.2833650894071254,0.7866447066858991,4.377069497668021e-15,-0.0150763241729894
complex|TERF2-RAP1 complex (human),complex,7,0.0027012427196657224,0.9864543596946368,-0.05376344380754035,0.7352451657481738,-0.03852394071586966,0.808610469146232,0.1539054823745027,-1.7350936773845997,0.9586378929886156,0.14027727716947946,-1.1560633622005863,0.9974149636912438,0.9673232072070561,0.1528564269255463,0.999999873896792,0.1369137128535624,0.345182362639278,0.097285877558754,0.1371033146070573,0.1391179876827829
complex|RAD50-MRE11-NBN-p200-p350 complex (human),complex,3,-0.027622385230130136,0.8621451320218558,-0.17331521836822977,0.2723588300464781,-0.08775348179909678,0.5805286538596488,0.14343598841424987,-1.3781055833936067,0.9159146540170282,0.12267998790378616,0.575639660746216,0.9437603354193222,0.9575854850937996,0.0069947598548913,0.999999873896792,0.4534745955798587,0.2388674120520829,-0.2869681570061863,0.0016525774241618,0.126882849339582
"complex|Ubiquitin E3 ligase (CRY1, SKP1A, CUL1, FBXL3) (human)",complex,4,-0.180808988493754,0.2518412894960424,-0.1646015321757597,0.2975631901953733,-0.20032449172252226,0.20336899829743485,0.09565449017784024,1.190065967717254,0.11701023252324882,0.07150886573850565,1.5503172904487919,0.6215860181637165,0.564589720588639,0.0510265656957998,0.999999873896792,0.2261562998405103,0.466530623644797,1.5824683638508323,1.9332240331546e-25,0.0131612296291486
"complex|Ubiquitin E3 ligase (CRY2, SKP1A, CUL1, FBXL3) (human)",complex,4,-0.23143550527200515,0.1402891691793267,-0.1535351507113227,0.33166529267510964,-0.22781841993869026,0.14677012220723526,0.16765567918622046,0.6089708811232396,0.27127187001418646,0.09111465967156332,0.7160231807978835,0.5363991034841938,0.769819444280029,0.7813367078363798,0.999999873896792,0.0342105263157894,0.3625426749499265,1.593611645780363,1.3107128554501286e-25,-0.0659971389709676
complex|MDC1-H2AFX-TP53BP1 complex (human),complex,3,-0.18185463083685044,0.24906313874474395,-0.1795019355648835,0.2553431050292568,-0.09635040330621716,0.5438557613068046,0.1409220899477223,0.31892681832231773,0.37489100366838496,0.11486381138914052,0.6876303633630063,0.620505526074065,0.8690325308920791,0.5962782237971584,0.9057514908104052,0.0289131920710868,0.4876891893453115,1.016353499130204,5.694100602900938e-20,0.0193272793526065
complex|MDC1-p53BP1-SMC1 complex (human),complex,3,-0.2040745306276491,0.19486068997581651,-0.2277757570711677,0.14684785579052836,-0.1557989265582855,0.32449897819139517,0.14228142499374757,0.5516970376592951,0.2905779699515987,0.11311671730755027,1.606346970074149,0.5821355646696821,0.7867783843579509,0.1111650275974509,0.7558882512503801,0.3610161768056505,0.6745714653936228,0.6693393022285722,4.763000493333909e-12,0.1183331349013071
complex|Ecsit complex (Smad1-Smad4-Ecsit2) (mouse),complex,3,-0.019605793933057666,0.9019191838048018,-0.044788347029296176,0.7782170408668134,0.04079482564227883,0.7975580104669634,0.15239801466320532,-1.254403546480918,0.8951523179195928,0.10391070784520565,-0.7926580934000645,0.964104622933325,0.9575854850937996,0.5962782237971584,0.8056476993003061,0.0210070631123263,0.5841702134416559,,,
complex|PCNA-CHL12-RFC2-5 complex (human),complex,6,0.04975514815900412,0.7543467702283185,-0.0966347798744931,0.5426618811192635,0.10681269457431652,0.5007786772971481,0.13228247008788818,-0.9208297968737481,0.821430352178208,0.07071592029499088,0.39772865838757987,0.8996283704204391,0.9575854850937996,0.4693191960463653,0.999999873896792,0.091291866028708,0.4087837778443675,-0.3570712986537844,5.089029509164329e-05,0.0511611881388158
complex|RFC complex (human),complex,5,-0.11153518326361693,0.48192148681450186,-0.14456005393307855,0.36103551799424166,-0.0687753720569631,0.6651765135542296,0.10496942071759074,0.08316382838689072,0.46686063691903684,0.10682107903349065,0.46377073423826415,0.7973610054567213,0.9459238267875548,0.0803262215242072,0.999999873896792,0.275974025974026,0.4509037222214293,-0.2553334937264084,0.0041934944527115,0.146061710556223
complex|RAD9-RAD1-HUS1-APE1 complex (human),complex,4,-0.24302470790799036,0.12094909345921835,-0.24206620242681864,0.12246810053558496,-0.20364971607904994,0.19581171326610386,0.14003765079918656,0.9747090972210605,0.16485228954834397,0.10458601852512206,2.005092884219129,0.5144479402341297,0.6397135788705899,0.7745668282306367,0.9288729109720616,-0.0176919571656413,0.5083257911961713,-0.8539373059296032,5.26733314537045e-17,0.0200292326453153
complex|9-1-1 complex (human),complex,3,-0.3777382964435777,0.013652357753764803,-0.2714313248954428,0.08206998161155776,-0.3000001193852671,0.05357334590106695,0.13646939630337007,2.4743523971642865,0.006673898179620269,0.09514473953558072,2.2661640569295316,0.4644200585751626,0.16433492811700265,0.9374570806938856,0.999999873896792,-0.0825244930508088,0.4189909026673025,-0.0422189559422703,0.6441125111113305,-0.0125553354763991
complex|RPAP1-RPB2-RPB3 complex (human),complex,3,-0.06866384719666419,0.6656876868680335,-0.17331521836822977,0.2723588300464781,-0.1330089742611079,0.4010636612991029,0.16185236418203539,-0.8415320802128851,0.7999750395177259,0.11949077875734211,0.7609306685983884,0.8770401152061406,0.9575854850937996,0.8524376938600671,0.999999873896792,-0.0906812485759854,0.1931428548280987,-1.329594801063702,1.1329816389599969e-23,0.1104274225844508
complex|BRCA1-BARD1-BACH1-DNA damage complex II (human),complex,6,0.018473014728036558,0.9075608665360033,-0.032240638912139276,0.8393771940558156,0.03244121323441656,0.8383911503778296,0.14170632170504455,-1.365638679718242,0.9139738001128082,0.11746484671759283,-1.048520010807817,0.9661292498743849,0.9575854850937996,0.0011514198885564,0.999999873896792,0.3913009797220322,0.3663416914593911,-0.1538817183943733,0.0467526727085702,0.0497346680335283
complex|BRCA1-BARD1-BACH1-DNA damage complex I (human),complex,4,-0.06866384719666419,0.6656876868680335,-0.04025723020921174,0.8001710631185982,-0.010867806433529548,0.9455405668870532,0.16208327686613583,-0.8142641568092973,0.7922531806762441,0.11540405993307365,-0.9335912933194326,0.8770401152061406,0.9575854850937996,0.0048315607154207,0.8884356283358664,0.4145933014354065,0.5981431664666544,0.7616669156030734,1.5960703636337538e-14,0.0531686888694064
complex|BRCA1-RNA polymerase II complex (human),complex,22,0.15832767811718124,0.3166094451331915,-0.15484220364019322,0.32751570633615656,0.14014604117267954,0.3760377219374574,0.1466469817761751,0.09128040340841094,0.4636348943948831,0.08596051428871727,1.2618715629794568,0.6725363520309551,0.9408711154089859,0.2748734907650569,0.999999873896792,0.0929647021923166,0.3175222455061424,-0.5308908514243155,4.831035462357598e-09,0.0411841927243995
complex|RSmad complex (human),complex,10,-0.3631864405021526,0.018076802292747406,-0.08434848234311032,0.5953551541808977,-0.28880790081939345,0.06360316483782899,0.16500236174061333,1.6576844471782208,0.04869058731897521,0.08174309017156176,0.03677589072480786,0.4804985175689786,0.4299974652262241,0.2925098496056999,0.8718293000101139,0.145592769803296,0.5664568440384349,0.0640917714264019,0.2799395418308613,0.060064397205596
complex|TIF1gamma-SMAD2-SMAD3 complex (human),complex,3,-0.28040642167368696,0.07206978568502229,-0.17314094464438037,0.2728487025683885,-0.24282248105960796,0.12126838953651337,0.12364285022805414,1.4366503638692372,0.0754086826717277,0.10951360806696389,0.6517336536729161,0.5136929078981881,0.5026444994647328,0.5258822207688358,0.8518791884633626,0.1038733196627933,0.5243759291768914,-0.4132863861889823,4.679728993067647e-06,0.0248869839414372
complex|SMAD4-SMAD2-SMAD3 complex (human),complex,3,-0.1519666871966781,0.33668773854916983,-0.19727785539752243,0.21047035990401483,-0.10064886405977737,0.5259451126084659,0.1276947143075527,0.33233454953127967,0.3698183271253369,0.10839825623432772,1.1960522889661516,0.6895180399054917,0.8634595059541619,0.6216864638367049,0.5381077958181771,0.1566643882433355,0.7483476354075113,0.0459434589068079,0.4064748763407658,-0.0130184938648425
complex|Profilin 1 complex (human),complex,5,0.2823234326360304,0.07006379027586802,0.024746868786615007,0.8763784707593603,0.3516627514610755,0.022386541653927686,0.17525401354605435,0.9853873092724247,0.16221693046467878,0.09897876146026757,-1.0171346122543754,0.5136929078981881,0.6397135788705899,0.3448301822663804,0.999999873896792,0.1607040328092959,0.3730813121720045,0.6246586738298736,1.8553639864478317e-12,-0.0257109729302637
complex|AR coactivator complex (human),complex,3,0.20877992117158295,0.18454421935236773,-0.23988778087870116,0.12597365634966148,0.16861320578588004,0.2857791296847713,0.16870132152931686,0.32722684580497824,0.3717481587891705,0.092591629481187,1.9416886759858976,0.5747783498578953,0.8645209959397043,0.2553123946452245,0.999999873896792,0.2997038049669629,0.399552501646585,-3.1092435081903305,2.3291734339045008e-26,0.1619155725846313
complex|DAXX-Axin-p53-HIPK2 complex (human),complex,4,0.09689619046026722,0.5415655270557628,-0.050626516778251134,0.7501814877727925,0.14047045330502367,0.3749226867910014,0.15393598027617633,-0.4561137658030713,0.6758459141414754,0.11077273572177579,-0.7312235133779802,0.823616619570151,0.9575854850937996,0.2128018410890302,0.999999873896792,0.2334016860332649,0.3904808425617195,1.378643248642084,8.614271489359547e-25,0.018294756343511
complex|BAX-BAK-IRE1alpha complex (mouse),complex,3,0.17305380778245566,0.27309385609768166,0.10160158100420107,0.5220150299230296,0.23592872324729441,0.13253631321321474,0.14358412107952187,0.24066200720849953,0.4049085437114411,0.08155138907532741,0.4508830664392194,0.6415100345818717,0.8986994506766132,0.6118364749310163,0.9679703265045758,0.1197083618136249,0.4897366616318576,-0.3042285965276933,0.0001839112041066,0.0058708820844743
complex|ITGAV-ITGB3-THBS1 complex (human),complex,3,-0.18185463083685044,0.24906313874474395,-0.10221153903767397,0.5195065227017714,-0.11135446442713484,0.4826362024365753,0.14769262411927153,0.3097670931967322,0.3783690386790281,0.11842770904186077,-0.20031255201846723,0.620505526074065,0.8717941354527475,0.8117980311101903,0.8718293000101139,-0.0331054910002278,0.581998045353055,,,
complex|ING2 complex (human),complex,10,-0.1434272747280574,0.3648506750529423,-0.22594588297074902,0.15021054042320156,-0.08167075431764367,0.6071302249287575,0.1579268485523276,-0.14378120201571434,0.5571633763789665,0.10258187070085394,1.7023797243459997,0.7147344340593939,0.9575854850937996,0.3302896185112736,0.2659811712339674,0.0996050732892838,0.6805504783313195,0.9138894317056684,7.226952914196163e-18,0.0014291287718894
complex|ITGA5-ITGB1-CAL4A3 complex (human),complex,3,0.06125721393306462,0.6999605509340281,-0.12173019610880693,0.4425130814175571,0.08645583326972012,0.5861594115647532,0.14474304134312038,-0.9142004323986415,0.8196942315015412,0.10308726450001719,0.24583624522036024,0.885206908220496,0.9575854850937996,0.9265857006626,0.5302479670784715,-0.2203918888129414,0.6973812186544502,,,
complex|ITGA2b-ITGB3-CD9-GP1b-CD47 complex (human),complex,5,0.002875516443515124,0.985580536169556,0.11266796246863806,0.4774541584688723,0.06569345679969353,0.679356818822843,0.10628083048955747,-1.1191908874744578,0.8684706439234665,0.10438124689959902,0.10681023136461001,0.9974149636912438,0.9575854850937996,0.0118365708968729,0.7057216983958824,0.3150375939849624,0.7090505475379201,,,
complex|BRD4-P-TEFb complex (human),complex,3,-0.2583607956067377,0.09853014579431965,-0.2948711407531873,0.057999262874074545,-0.22952158363349714,0.14369155576693796,0.13500549702303508,1.1289686631355822,0.12945552664171533,0.12213102567366055,2.023186975962838,0.5136929078981881,0.5866326220965387,0.6730253736201102,0.999999873896792,0.0760082023239917,0.3590412785921481,,,
complex|P-TEFb-7SKRNA-HEXIM1 complex (human),complex,3,-0.2393649597071529,0.1268260664998613,-0.17253098661090746,0.27456781953955006,-0.17412821203573087,0.2700812097824795,0.14643785330755582,0.7671072609359928,0.22150887261432828,0.11983496936194471,0.6617623693664363,0.5145896426775005,0.7151227627011635,0.7439766840206877,0.999999873896792,0.0075187969924811,0.26334792542929,,,
"complex|SCF subcomplex (WEE1, SKP2, BTRC) (human)",complex,3,-0.017253098661090743,0.9136415378247482,-0.15702062518831073,0.3206721184513559,-0.01338200045919683,0.9329676141877022,0.11062460305650382,-0.9369139020133858,0.8255985762267743,0.09370262447072693,1.0670582633742647,0.9681989864542899,0.9575854850937996,0.0733654748938689,0.8818086116253029,0.3027568922305765,0.5425049942655453,,,
"complex|Ubiquitin E3 ligase (CUL1, RBX1, SKP1A) (human)",complex,3,0.07816176514645656,0.6227100566743929,-0.06909953150628768,0.6636915817964756,0.08945664549390367,0.5731755073384869,0.15240672834939784,-0.8307734781089887,0.796949195970782,0.10273436020922218,-0.4003753707106554,0.8574553609338844,0.9575854850937996,0.6994721108022134,0.999999873896792,-0.0336750968329916,0.2970740318573815,0.9585006206044216,8.89106732532589e-19,-0.0367351798335335
complex|ITGA2b-ITGB3-CD47-FAK complex (human),complex,4,-0.048883779539757116,0.7585189376570319,0.09297503167365567,0.5581215628016012,0.005758315349108938,0.9711291049366512,0.1483722916422842,-0.9189269677482516,0.8209331133772331,0.08653997442051654,0.08763911376379488,0.8998877638529564,0.9575854850937996,0.0002607339016331,0.6210431180401618,0.3678970152654364,0.6995461142386722,,,
"complex|PLC-gamma-1-Lab-Blnk complex, BCR stimulated (mouse)",complex,3,0.2872030969038136,0.06515617789851486,-0.049668011297079415,0.7547636789594087,0.1561233386906297,0.323480009221042,0.1404428372071364,1.2038095536870639,0.11433159812777627,0.08989038676152128,-0.6259976548276559,0.5122798637865735,0.561727781411821,0.8908165786140614,0.999999873896792,-0.1076099339257234,0.4370625207908652,0.1524200550051348,0.0528163635297521,0.0865064418251417
"complex|PLC-gamma-2-Lab-Blnk complex, BCR stimulated (mouse)",complex,3,0.4394311946862658,0.003595604605788002,-0.0040082956485362345,0.9799011339067514,0.38215749190142706,0.012506302764648005,0.11186630333893081,4.0038990324357,3.1153482772601706e-05,0.07183998581381952,-1.273384988164913,0.4644200585751626,0.006758723353704882,0.737260031388139,0.972663855239328,0.0184780132148553,0.5027413430045932,0.2827821328817557,0.0008993873109866,0.0745265592247441
"complex|Grb2-Lab-Blnk complex, BCR stimulated (mouse)",complex,3,0.43873409979086825,0.0036553437060652923,0.08661404075315253,0.5854716148236976,0.47112751919681445,0.0016375211867401484,0.10314390346026828,3.7227901164127495,9.851665253200849e-05,0.10085656083474485,-0.17788845080185753,0.4644200585751626,0.012887209609343362,0.2479401668308511,0.9057514908104052,0.1952836637047163,0.5569136033895051,1.0029574328911413,9.478030257003076e-20,-0.0922127155242394
complex|PLC-gamma-2-Syk-LAT-FcR-gamma complex (human),complex,3,0.1276555027196866,0.4204508191277393,-0.0013941897907952118,0.9930084647597722,0.1218978587283202,0.4418801857611485,0.14181524278245045,-0.16077666855541173,0.5638653490259162,0.1318642131506496,-2.128220216709407,0.7558686413748746,0.9575854850937996,0.9206191371109648,0.7057216983958824,-0.175393028024607,0.5830673504490242,1.132545996310422,2.9224163003255048e-21,-0.0113027333109645
complex|SMRT-SKIP-CBF1 complex (human),complex,3,0.05446053870293796,0.7319388022288491,-0.008713686192470073,0.956323371492711,0.12173565266214813,0.44249247608045034,0.1419023796443752,-0.8972398551030343,0.8152045287723022,0.09012129944562174,-0.9910868873066012,0.8956631577924263,0.9575854850937996,0.9076781710543108,0.999999873896792,-0.0701298701298702,0.4296428654864879,0.1852965668292419,0.0367594041877459,-0.0841270614381631
complex|Ku antigen-YY1-alphaMyHC promoter complex (human),complex,3,0.13384221991634035,0.39809331232496065,0.014813266527199125,0.9258171396641434,0.08361722711170867,0.598560825602374,0.18912184512137048,-0.4990185852079544,0.691116854421049,0.11202314969039526,-1.3100194256846525,0.736701417061134,0.9575854850937996,0.7627010866411453,0.999999873896792,0.0527910685805421,0.3603044303276969,-0.248867169420215,0.0060601956283087,-0.1027057108737142
complex|SHARP-CtBP complex (human),complex,3,0.1856886527615373,0.23905332706029278,-0.015946045732220235,0.9201619343108018,0.2618816938348277,0.0938656023773921,0.1378200176632029,0.4341066407607731,0.3321055016928788,0.09242171260043383,-1.1032764686931653,0.6086844446924486,0.8229187716013967,0.864154410508277,0.9815952958789088,0.0028935976304397,0.4775509782136514,0.6746886241583022,4.02185375692081e-13,-0.0413915677212427
"complex|LAT-PLC-gamma-1-p85-GRB2-SOS signaling complex, C305 activated (human)",complex,5,-0.14421150648537973,0.36220684017727234,-0.061431487656914016,0.6991470135789658,-0.18799683069344397,0.23316064335385644,0.13719263225734507,0.07413943792597727,0.47044971733360075,0.11166153171340779,-0.6244053567824175,0.7143240831247153,0.9506063727733224,0.9796632035610952,0.999999873896792,-0.094982911825017,0.3323643443027897,0.2847225287808504,0.0033150603119797,-0.0017266292171315
complex|SHARP-CtBP1-CtIP complex (human),complex,3,0.1899583589958476,0.2282314548341792,-0.028058069539753636,0.8599922031583497,0.2737227366653897,0.07941954618711196,0.1318511426213609,0.5967579535587281,0.2753344969180306,0.0977283474916481,-0.7375841742680779,0.6016227140654119,0.7756057901069151,0.8535477797802433,0.999999873896792,-0.1075871496924128,0.4079523215042866,0.0788809963055199,0.3270418557407224,0.1000764865264653
complex|SHARP-CtIP-RBP-Jkappa complex (human),complex,3,0.06936094209206178,0.6624950187266639,0.09515345322177321,0.5488945742819814,0.13722633198158204,0.3861613846107481,0.19933864218204161,-1.303907726997819,0.9038674773111767,0.12447065041633879,-0.4744117353231922,0.8770401152061406,0.9575854850937996,0.2305458565821371,0.999999873896792,0.1601048074732285,0.4261890362603232,0.5436446484246005,5.142655094502994e-09,0.0593627445674722
complex|SHARP-CtBP1-CtIP-RBP-Jkappa corepressor complex (human),complex,4,0.26724875552305716,0.08708526157648341,0.00583816974895495,0.9707289046229697,0.3319547144211674,0.03173730901682649,0.15194925982429314,1.0134919806264022,0.15541261233166553,0.08328976947072521,-1.1290953006618474,0.5136929078981881,0.6291655659771296,0.8081173297714154,0.999999873896792,0.0026657552973342,0.3287072046470547,0.2803211508356528,0.0013408991956492,0.073742076248408
complex|Notch1-p56lck-PI3K complex (human),complex,3,-0.008190865020921869,0.958941671787703,0.08565553527198083,0.5896441658228504,-0.06788323869301664,0.6692697730995462,0.13395985467993868,-1.1805468929174268,0.8811086142862372,0.08345968635147837,0.024969348957347048,0.9891146336272553,0.9575854850937996,0.9542809859265842,0.972663855239328,-0.1551150603782182,0.5294826813282132,,,
complex|RBP-Jkappa-RING1-KyoT2 complex (human),complex,3,0.16921978585776884,0.28402412210156786,0.20999983723852877,0.18193427086203617,0.22465540164833464,0.152615734482918,0.1335285272134114,0.41164529485399326,0.34029971355655797,0.09341071598327919,1.738607901392142,0.6490066418837603,0.8330837689177409,0.9539260861922116,0.999999873896792,-0.1973798131692868,0.3976515306702844,-0.6560087676100669,1.2915563346126743e-11,-0.0837500405883689
complex|YY1-Notch1-RBP-Jkappa complex (human),complex,3,0.18716997941425717,0.23526006066189292,0.041738556861931654,0.7929761717546214,0.2167073044059026,0.1680536209257094,0.11513829250420331,0.5877832446850747,0.2783388959333136,0.09689183361717099,-0.8610815531681218,0.6071508100682391,0.7795403801138484,0.70041215135667,0.9815952958789088,0.0221007063112326,0.4954963096287474,-0.2909151053255446,0.0006041709262405,-0.228272144112161
complex|Smad1-Notch1-p300-Pcaf complex (mouse),complex,4,-0.09280075794980629,0.5588628438216431,-0.13523640970713555,0.39315193033227974,-0.02262774623100555,0.8868927103988855,0.13241317538077524,-0.46331153120075125,0.6784294592301803,0.13281836178872508,0.026186169340828493,0.8270844989125001,0.9575854850937996,0.2958306467038709,0.999999873896792,0.1479266347687401,0.4700013323530889,0.9164318572061078,2.3320480227814964e-18,0.0955544912383241
"complex|LCK-SLP76-PLC-gamma-1-LAT complex, pervanadate-activated (human)",complex,4,-0.08504557723850792,0.5923062710156205,-0.1178961741841201,0.4571211898568618,-0.19302521874477852,0.22066858394992586,0.15267249577826814,-0.6809899220127849,0.752061066324468,0.09070947326361348,0.36850708155669176,0.8457564309856219,0.9575854850937996,0.0101313470113083,0.9634175832374848,0.4306903622693096,0.5039569531020243,0.3993932781758841,1.2783639593943956e-06,0.0092126577985591
"complex|PLC-gamma-1-LAT-c-CBL complex, OKT3 stimulated (human)",complex,3,-0.18455587355651615,0.24198191384126166,-0.09262648422595689,0.559604584506039,-0.2905110645142003,0.06198728668502007,0.1627890854477259,0.301562094287036,0.3814929538996408,0.1065291705460429,-0.1660576554105667,0.6146458078516513,0.8755095970525747,0.7816443269019616,0.999999873896792,0.0280473912052859,0.3597135895209734,0.5699806864538872,2.0355789221498806e-10,-0.1349748171719468
"complex|SLP-76-PLC-gamma-1-ITK complex, alpha-TCR stimulated (human)",complex,3,-0.1071783401673819,0.4993053242992869,-0.1811575359414528,0.25091293936935444,-0.26618015458838784,0.08840399858117007,0.1752975819770167,-0.5024127356461515,0.6923113888513681,0.10002440380336397,1.0901834084752562,0.8059806602401358,0.9575854850937996,0.0724525442895438,0.8818086116253029,0.3784916837548415,0.5867018364089359,0.2695962567468464,0.0011245331413908,0.0484210222496419
"complex|SLP-76-PLC-gamma-1-VAV complex, alpha-TCR stimulated (human)",complex,3,0.0729335534309745,0.6462260701038668,-0.20886705803350766,0.18435691531025597,-0.08004869365592286,0.614311361575738,0.17922309760672445,-1.0272100745256534,0.8478392223790604,0.09156777135357178,1.942658677265293,0.8692488205188902,0.9575854850937996,0.1684682255002242,0.999999873896792,0.1481430849851902,0.206771083477403,1.0623709683388731,1.9427570613176283e-20,0.0574456206051815
"complex|mTORC2 complex (mTOR/FRAP1, LST8, mAVO3/RICTOR) (human)",complex,3,-0.19178823309626633,0.22369791109923778,-0.010456423430964088,0.9475991297158424,-0.18564484273394877,0.23916614051543778,0.1332584029414448,0.5307224729113776,0.2978055553241489,0.09013436997491045,-1.314375539492111,0.5991031748931795,0.7940590750923269,0.8303815813506924,0.9462987983827524,-0.0189109136477558,0.5184298983845944,,,
complex|SMAD3-E2F4/5-p107-DP1 complex (human),complex,5,0.017165961799166046,0.914076061745665,-0.1533608769874733,0.3322210298124173,0.07664236626630912,0.6295074422290472,0.15527353110672046,-1.05934392734501,0.8552784118367449,0.1096530270460434,0.4378079128340186,0.9681989864542899,0.9575854850937996,0.2925098496056999,0.8028422954355551,0.1250034176349966,0.6091364115899313,-1.0149250425886849,6.166304326426665e-20,-0.0351411843866465
complex|Axin-PP2A A-PP2A C-GSK3-beta-beta-catenin complex (human),complex,4,-0.09881320142261063,0.5335582526980545,-0.12643558665274077,0.42494151371531075,-0.019789140072994097,0.9010064889799116,0.1407173183221992,-0.3715649354910864,0.6448915998921506,0.09538872274896991,0.426464386879667,0.821597399541051,0.9575854850937996,0.178263315606854,0.999999873896792,0.2118933697881065,0.4590174583817286,0.3784864263720469,7.328394292515598e-06,0.0513873555505045
complex|APC-Axin-1-beta-catenin complex (human),complex,3,0.008713686192470073,0.956323371492711,0.003659748200837431,0.9816485507820313,0.025141940256672834,0.8744205476623351,0.13529740551048283,-1.3739706704427053,0.9152746060030379,0.09653892932637595,-1.718422718012921,0.9884369464366637,0.9575854850937996,0.6979638348302685,0.999999873896792,-0.0431761221234906,0.3616603712361369,,,
complex|60S APC containing complex (human),complex,7,0.268468671590003,0.08559851374849195,-0.03136927029289227,0.8436637277627114,0.2764802397903151,0.07631927071901888,0.14540963833684434,1.2575602273248012,0.10427542241712962,0.11519493146445436,-1.0561394110281435,0.5136929078981881,0.541987380254381,0.616286136039705,0.999999873896792,0.0447091755362431,0.443339307387587,0.1413939596042359,0.0668837462201199,0.0509949562186792
"complex|p27-cyclinE-Cdk2 - Ubiquitin E3 ligase (SKP1A, SKP2, CUL1, CKS1B, RBX1) complex (human)",complex,7,0.1779334720502389,0.2595880672844428,-0.08086300786612229,0.610701751658347,0.1865369760978952,0.2368759606118992,0.1887994387322491,-0.09272062947581952,0.5369372461706284,0.10182813684520527,-0.2785654030993865,0.6273877884830702,0.9575854850937996,0.3390451324152868,0.999999873896792,0.0884483937115516,0.1413074004707215,0.516365784088908,1.2130906735461221e-08,0.0332123993215171
complex|TGF-beta receptor II-TGF-beta receptor I-TGF-beta1 complex (human),complex,3,0.011066381464436992,0.9445470206726493,0.04600826309624199,0.7723345553880442,0.05052718961260379,0.7506559364751209,0.1330928429037879,-1.6175019107805033,0.9471150082218023,0.07852338312344406,-0.4759213722274661,0.9829216088408934,0.963492075615466,0.8448277895578111,0.999999873896792,-0.1043517885623149,0.3772972752467554,,,
complex|Drosha complex (mouse),complex,6,-0.28885869728038294,0.06355449223953347,-0.1823774520083986,0.24768182150609794,-0.2832928945695426,0.06906624583258743,0.14510465932010794,1.4055989273643175,0.07992162737395009,0.08884038757532862,1.140913485442513,0.5122798637865735,0.507227652697785,0.0078067320385465,0.9758361533758168,0.454563681932103,0.5031978411134046,0.5049716551629289,2.5722869404978108e-08,0.0635904419673942
"complex|RNA-induced silencing complex, RISC (human)",complex,3,0.11022813033474643,0.4871031415017865,0.026576742887033725,0.8673161535165279,-0.012895382260680583,0.9353999281209707,0.16369530881174277,-0.4883451052807442,0.6873472911627844,0.09795926017574856,-0.880519841674616,0.7996132354221483,0.9575854850937996,0.9325750072278504,0.999999873896792,-0.2107541581225792,0.4273161460913706,-0.6355228466431224,2.9017147706708457e-12,0.0721210218888564
"complex|Ubiquitin E3 ligase (SKP1A, SKP2, CUL1, CKS1B, RBX1) (human)",complex,5,0.2248131037657279,0.15232030741043306,-0.11022813033474643,0.4871031415017865,0.25515014208868625,0.10293700065156956,0.11429742178662997,1.2210964670754114,0.11102474859984701,0.061867171966537536,0.7604889657503296,0.5459013757021172,0.5585932663929803,0.5962782237971584,0.999999873896792,0.0466097060833902,0.1557482482818912,-0.4376037594846531,5.431011830307039e-07,0.0186445378878895
complex|Multisynthetase complex (human),complex,9,-0.032589186359838075,0.8376638558584298,-0.17819488263601302,0.2588773293454593,-0.0981346700341101,0.5363858565676893,0.14984054776571537,-1.226986451001914,0.890086158300458,0.07253708070921713,1.837854500469684,0.9335230138750871,0.9575854850937996,0.1369341543166881,0.9815952958789088,0.2219431153641679,0.4687173460994686,-2.7501188204386096,2.3291734339045008e-26,0.1052191531402168
complex|SKI-NCOR1-SIN3A-HDAC1 complex (human),complex,4,-0.14403723276153033,0.3627933589878511,0.055157633598335566,0.7286372193195281,-0.13130581056630103,0.4071747612266024,0.13722748700211496,0.06640358583522732,0.47352825771128804,0.09219951360252585,-0.6141091726780313,0.7143240831247153,0.9538928232817381,0.770281863836341,0.890635821232225,0.0052403736614262,0.5020326197775472,1.4262844291630328,5.643831355488308e-24,0.1069850779116291
complex|hs4 enhancer complex (faster migrating complex) (human),complex,5,-0.08992524150629115,0.5711598979452549,-0.1058712872385114,0.5045822124096812,-0.11686947067698564,0.46107680140078905,0.14467333185358064,-0.6682363018708228,0.7480086168270219,0.09464805942260994,0.16137872088734664,0.8330576072469815,0.9575854850937996,0.8803675313590817,0.9231729977511434,-0.0377580314422419,0.5039856012393408,1.363801694449038,1.2891075601063598e-24,0.1020411890768581
complex|MAD1-mSin3A-HDAC2 complex (human),complex,3,-0.1403774845606929,0.37524202802375806,-0.08007877610879997,0.6141778544042056,-0.07242500854583496,0.6485321927450792,0.1341254147175956,0.06188204547344436,0.47532838286414053,0.06505202426988535,0.2537169663058325,0.7158545771385049,0.9549969208721332,0.864154410508277,0.999999873896792,-0.0741398951925268,0.4912364720073777,1.4591022866629697,7.948746973937152e-25,0.0316950063678641
"complex|RNA polymerase II complex, chromatin structure modifying (human)",complex,23,-0.053502033221766256,0.7364862734000689,-0.1652114902092326,0.2957516282403942,-0.017274946047326815,0.9135325957203746,0.11895053021340896,-0.9525550620064908,0.8295922224385651,0.08282794410252428,1.0824613904848148,0.8956631577924263,0.9575854850937996,0.4414247274635153,0.983146729598639,0.0722220571190822,0.4722202823128295,-0.0063921621544369,0.5056814951025149,0.0276394844778128
"complex|RNA polymerase II complex, incomplete (CDK8 complex), chromatin structure modifying (human)",complex,7,-0.20738573138078778,0.18755952778370852,-0.059514476694570606,0.7081140132053907,-0.20227096451658724,0.19892082514296022,0.14029906138496068,0.6427179969003806,0.2602035505556172,0.09926195626152284,-0.5875720017619719,0.5759318937964197,0.7551984044815618,0.8279027771420754,0.999999873896792,0.0182989942388438,0.3987203381204887,-0.3157957411925232,0.0001030959717094,0.0489806907599225
complex|CTF18-cohesion-RFC-POLH complex (human),complex,7,0.194489475815932,0.2171193986739716,-0.1640787110042115,0.2991216228393209,0.20470405550916848,0.19345738632036824,0.16393493518203572,0.2313894860856735,0.4085061162232211,0.11414928912135795,0.6517615991442256,0.5991031748931795,0.9047653981536526,0.2241037884706795,0.999999873896792,0.1180516225629007,0.0853320103912933,-0.000491292228675,0.995105849088652,-0.0246171840330768
complex|CTLH complex (human),complex,5,-0.04870950581590771,0.7593541876622331,-0.0029626533054398253,0.9851436305840214,-0.04306571056868798,0.7865444558180276,0.13948868856906094,-0.8358213452573334,0.7983722918020528,0.08891445390796462,-1.4040087763470717,0.8998877638529564,0.9575854850937996,0.0045514541450902,0.979958403975743,0.2466302118933697,0.4618255275442605,1.2277430074245437,4.695676132023985e-23,0.015111590955829
complex|UTX-MLL2/3 complex (human),complex,8,-0.03293773380753688,0.8359512578279136,-0.16198742631801868,0.3054076462270724,0.04509328639583901,0.7767454502014519,0.17757621091634765,-1.2375643575739474,0.8920611813884827,0.09698768416528816,0.9473506538808797,0.9331445240713724,0.9575854850937996,0.3266663933656789,0.8773698159345004,0.1035226052143345,0.5744772543121116,1.019449092713343,2.6840086783777663e-20,0.0385583793034194
complex|DGCR8 multiprotein complex (human),complex,11,-0.2119168482008722,0.17788631315339204,-0.03886304041841653,0.806957670680264,-0.24298468712578,0.12101223202424582,0.14046462142261756,0.7135322921452193,0.23775821907772549,0.07949060229080825,-0.6113042454374258,0.5707717415639754,0.7293447480693617,0.0034168627220767,0.8056476993003061,0.2176014416205804,0.4935499135590379,-0.3882475477510368,5.91189316944314e-06,0.0166059071082287
complex|ITGA6-ITGB4-SHC1-GRB2 complex (human),complex,3,0.18760566372388068,0.23415223764590187,0.09079661012553815,0.567420463693603,0.20113552205338267,0.20150720305348202,0.2004278529561004,-0.09462606511382647,0.5376940771197615,0.11000593133683845,-0.22802265873809166,0.606754250479696,0.9575854850937996,0.9796632035610952,0.8718293000101139,-0.2554568238778765,0.5932940544556632,,,
complex|DHX9-ADAR-vigilin-DNA-PK-Ku antigen complex (human),complex,5,0.15928618359835295,0.31365089330472906,-0.014638992803349724,0.92668749834204,0.097972463967938,0.5370628808657578,0.13816856511090173,0.20453286238352306,0.4189685571353803,0.09774577486403305,-0.803715241812539,0.6711263871019296,0.9103859032768902,0.1557271146491023,0.999999873896792,0.178879015721121,0.1625252530838037,0.0620770337967003,0.2770570869972685,0.0460391614623357
complex|ITGAV-ITGB3-SLC3A2 complex (human),complex,3,0.11536920518830378,0.466889855418488,0.1992820032217906,0.2057797761554895,0.19172757021540188,0.22384720417831716,0.13209076899165384,-0.11557088162420712,0.5460036793351108,0.0975802148263761,1.052611409298346,0.7861628860747348,0.9575854850937996,0.8532722090852255,0.99054418665301,-0.0808156755525177,0.5276027363171172,,,
complex|ITGAV-P2RY2-GNA12 complex (human),complex,3,0.14055175828454228,0.37464354226609775,0.03293773380753688,0.8359512578279136,0.16171944797356652,0.30621918764851463,0.15947352785149108,-0.17798201518524734,0.5706314499847799,0.09699639785148062,-0.740884003906945,0.7158545771385049,0.9575854850937996,0.4663673883756195,0.9464598948014724,0.1241285030758715,0.5672182507596469,2.791791393854328,2.3291734339045008e-26,-0.0470734883989421
complex|OCT1-OBF1-DNA-TLE1 complex (human),complex,3,0.04853523209205831,0.7601897077817087,-0.13480072539751203,0.3946922581111773,0.031062461671953853,0.8451740825307169,0.14492167191006605,-0.821440957472903,0.7943024289850991,0.13062251286822263,0.05093286981799102,0.8998877638529564,0.9575854850937996,0.3316819349904783,0.5302479670784715,0.1781271360218728,0.6740285835578299,,,
complex|TLE-Histone H3 complex (human),complex,5,-0.058033150041850695,0.7150698947263686,-0.1895226746862241,0.22932008178215083,0.049635056248657335,0.7549213712228175,0.144050303290819,-0.7519527515575632,0.7739602634338054,0.12707604258788732,0.8025536682425868,0.8918793073380831,0.9575854850937996,0.7459781181879517,0.999999873896792,0.0379835953520164,0.3794229421531496,,,
"complex|Gamma-secretase complex (APH1B, PSEN1, PSENEN, NCSTN) (human)",complex,4,0.05794601317992598,0.71547978041461,-0.005228211715482044,0.9737859582895229,0.13998383510650747,0.3765959771185724,0.15888099719040308,-0.7639491616341252,0.777551230463025,0.12386504922596209,-1.178620442851808,0.8918793073380831,0.9575854850937996,0.0217331999553788,0.8056476993003061,0.3392686261107312,0.6314535937608956,1.7058361846822976,5.724192980395565e-26,0.0332637468295973
complex|STAT6-p100-RHA complex (human),complex,3,0.2809292428452352,0.07151826314548469,0.2743939782008826,0.07865594771424064,0.2540146996254816,0.10453104458969734,0.1687579604895679,0.9134406132759325,0.18050542689668475,0.07733832180126814,2.3902373924062226,0.5136929078981881,0.663457823159001,0.7205519374383907,0.999999873896792,0.0172476646160856,0.4432592062261965,-0.7929477940987838,1.5145450379859565e-15,0.0480115307046502
complex|NK-3-Groucho-HIPK2-SIN3A-RbpA48-HDAC1 complex (human),complex,8,-0.1520538240586028,0.3364074858048595,-0.1422073586611116,0.3689862844617668,-0.12238447692683645,0.4400461167954989,0.1255075790732427,0.2730424087132747,0.39241030811438143,0.11777853942052177,0.33368946540959715,0.6895180399054917,0.8898318254424705,0.7051788537457686,0.8741293923296176,0.0302411873840445,0.5498759207290936,,,
complex|CBF1-HDAC1-SMRT complex (human),complex,3,0.2603649434310058,0.09585368170442851,0.0593402029707212,0.7089311502644492,0.3424981087223528,0.026399277788096684,0.17528886829082424,0.6999648544435811,0.2419746266962987,0.13189471105232325,-0.8112672337328072,0.5136929078981881,0.7350549980774357,0.952953673148792,0.999999873896792,-0.1777170198222829,0.4029135338324955,0.4012173171600366,7.216126113128235e-06,-0.1879006973983757
complex|AXIN-APC-betaCatenin-GSK3B complex (human),complex,4,-0.05149788539749814,0.7460231998189379,-0.06543978330545025,0.6805289632508782,-0.0038118425550439454,0.9808860260838985,0.15634967135149053,-1.060110440262006,0.8554528206714405,0.08537669731382178,-0.28170689926598125,0.899439261072026,0.9575854850937996,0.228217687115493,0.999999873896792,0.0960469355206196,0.339886250135723,0.8402974797928379,7.822547139948226e-17,-0.0198689085877772
complex|NCOR-SIN3-HDAC-HESX1 complex (human),complex,5,-0.13349367246864152,0.3993342576311643,-0.2965267411297566,0.056539766454272035,-0.050932704778033994,0.748719514880428,0.1536092170439587,-0.17840377314607128,0.570797056850838,0.10741360969457858,2.570460358567046,0.7383450540830626,0.9575854850937996,0.7727837349648646,0.7946084737027482,0.033902939166097,0.5725412723039043,0.2079442068591783,0.0072979486598314,-0.0383993029624098
complex|Daxx-Axin-p53 complex (human),complex,3,0.19109113820086873,0.22541761317492998,-0.0694480789539865,0.6620963482728635,0.21208443151999826,0.17753553513852208,0.11577003475315742,0.8223898820520845,0.20542751799831183,0.13133267829290896,-0.5845258924480532,0.6002532625637766,0.6957278239004315,0.0872136726635421,0.999999873896792,0.2749145591250854,0.3229637696856042,0.5598101112060075,7.250434718300828e-10,0.1295237992156523
complex|NUMB-TP53-MDM2 complex (human),complex,3,0.16608285882847962,0.2931760295665397,0.024136910753142105,0.8794027694326934,0.12692624677965478,0.42313208873519975,0.1361121351694788,0.41426343483150785,0.33934059471598277,0.08517628253139498,-1.1326743326771336,0.6529905332813668,0.8326375905516434,0.7363574827063071,0.999999873896792,0.0671679197994987,0.3903555854466317,0.6379736464459345,1.0647103394035031e-11,0.1167064432682837
"complex|G protein complex (Hdac4, Gnb1, Gng2) (mouse)",complex,3,0.12538994430964437,0.42881203745722135,0.05053937991632643,0.7505977030686413,0.25498793602251413,0.10316357581445805,0.17303638041007074,-0.47497800684013,0.6825986753432192,0.08752897780336188,-0.4689149521150538,0.7605962664389527,0.9575854850937996,0.374326470721078,0.99054418665301,0.1618591934381408,0.4662422500900256,1.1611317481544234,1.921270483998145e-21,-0.1760930898752764
"complex|G protein complex (Hdac5, Gnb1, Gng2) (mouse)",complex,3,0.17871770380756122,0.25745974760301793,0.16155174200839517,0.3067277645249792,0.3112734409842269,0.04479643786314261,0.177101315018858,0.015577359634320147,0.4937857839434025,0.07721633019457355,1.3214597589402957,0.6242557835746009,0.9575854850937996,0.1195361952795795,0.999999873896792,0.2571656413761676,0.4309655167230285,,,
"complex|G protein complex (Btk, Gng2, Gnb1) (mouse)",complex,3,0.31874664092055527,0.03964959114136738,0.06892525778243828,0.6644897493106454,0.4548258095465201,0.0024768222221090404,0.11629721276780183,2.7371357484859553,0.003098835630824185,0.10147523255441024,-0.5586449810228855,0.48662407764568755,0.10632562254614786,0.2553123946452245,0.8483608047743966,0.1812485759854181,0.5537010185222871,0.5472994283398219,7.64587763998339e-10,-0.1341571870275964
complex|SMAD2-SKI-NCOR complex (human),complex,3,-0.12260156472805395,0.4392292678559519,0.07946881807532707,0.6168872721394385,-0.13057588326852665,0.4098100656981474,0.19021105589542922,-0.6314229791136942,0.7361180025268579,0.09702253891005802,-0.2332824288799078,0.7667279880087634,0.9575854850937996,0.9833617432675608,0.999999873896792,-0.1951013898382319,0.4753153035550231,1.3497199223170295,6.027253606556933e-24,0.0644723692423143
complex|SMAD3-SKI-NCOR complex (human),complex,3,-0.08652690389122783,0.5858503920627238,0.022219899790798688,0.8889185375505092,-0.10924578556689775,0.4910164947477828,0.15417560664646926,-0.6330841621529776,0.7366606578806053,0.09668706199164794,-0.7485852750657918,0.8444092975206877,0.9575854850937996,0.4005079488602116,0.1541162775275069,0.2249715197083618,0.7489243185566363,0.169163896010773,0.0951381777843256,0.0135948487045996
complex|SMAD4-SKI-NCOR complex (human),complex,3,-0.15458079305441913,0.3283430191445394,-0.01298339242678041,0.9349599742199766,-0.15474458712816697,0.3278244908979116,0.18245587518413087,-0.19203866849615528,0.5761440419925516,0.09715760104604132,-1.2267003330263178,0.6831231998702991,0.9575854850937996,0.8524376938600671,0.8563528017875982,-0.0839598997493734,0.6176519501162642,1.053775850979527,2.599681219541243e-20,-0.0336473069166188
"complex|PTF1 complex (Ptf1a, Tcf12, Rbpj) (mouse)",complex,3,0.016294593179919038,0.9184226393194568,0.0601244347280435,0.705256583620011,0.008272509374776221,0.9585327662441782,0.11532563675734142,-1.396042228618601,0.9186491104778738,0.10361444251466165,-0.8043915177987115,0.9718193043961694,0.9575854850937996,0.9355868142521544,0.999999873896792,-0.1732740943267259,0.4165182973897606,,,
complex|SCAMP1-SCAMP2-SCAMP3 complex (human),complex,3,0.30968440728038643,0.045957802778848235,-0.0934978528452039,0.5559004836465739,0.311516750083485,0.04462073285259851,0.14595424372387372,1.603421792041341,0.054420781501890475,0.11389659222177632,-0.28332287777834886,0.5001451021129545,0.4495522427488712,0.5350561606708516,0.999999873896792,0.087719298245614,0.0840644897351326,-0.9131636930833646,1.4181931009574142e-17,0.1316691200080816
complex|HERP1/HEY2-NCOR-SIN3A complex (human),complex,3,-0.15858908870295535,0.3158008263505607,-0.2005019192887364,0.20296067113096594,-0.07907545725889036,0.6186372388407282,0.14720901453558946,0.1269516276872824,0.4494893420934449,0.1318642131506496,0.9048310509737452,0.6722916385123335,0.9319026076987453,0.6730253736201102,0.9724192686585708,0.037138300296195,0.5261361025516808,0.6290547447908459,3.7140610332741095e-11,-0.0420053540568525
complex|RB1-HDAC1-BRG1 complex (human),complex,3,0.283891896150675,0.06845552367737276,0.029975080502097056,0.8505314068922432,0.2951339374001047,0.057765604565600134,0.17037434927827105,1.8788856425195037,0.03013005483663287,0.11663268968621195,-1.0814777365305193,0.5135391077302551,0.367368117341812,0.6323160558687042,0.999999873896792,-0.0033948507632718,0.206020496473078,0.4019039062286593,1.815619752973658e-06,0.1769210926028148
complex|Gamma-secretase-Delta1 complex (human),complex,4,0.09907461200838474,0.5324708288579764,-0.03825308238494362,0.8099312445954779,0.19643154613439226,0.21247326700594904,0.14377146533266,-0.41540494153630614,0.6610772550931354,0.09631673032846796,-1.0046346580473984,0.821597399541051,0.9575854850937996,0.0019617173947616,0.5359061006090121,0.5214855320118478,0.6535689203545935,0.8352676645179994,3.283500829801664e-16,-0.0022952722667792
"complex|SMN complex (GEMIN5,2,3,4, SMN) (human)",complex,3,0.03816594552301892,0.810356257435605,-0.05480908615063676,0.7302874097849168,-0.05912411111972418,0.7099448122507146,0.11280302460462135,-0.7175052276592044,0.7634687940240671,0.09417316352512031,-0.49545069313795576,0.9207457093724912,0.9575854850937996,0.6050985569899583,0.999999873896792,0.1333789017999544,0.2335729975821214,-1.209485799002086,6.886017752013794e-23,0.0923937847481535
"complex|SMN complex (GEMIN5,4,3), SMN-independent intermediate (human)",complex,3,0.03816594552301892,0.810356257435605,-0.05480908615063676,0.7302874097849168,-0.05912411111972418,0.7099448122507146,0.15051150160253557,-0.8795199127937234,0.8104402794278298,0.11166588855650401,-0.5915760505858052,0.9207457093724912,0.9575854850937996,0.362450258809992,0.999999873896792,0.1333789017999544,0.2335729975821214,,,
complex|Tetrameric COG subcomplex (human),complex,3,-0.053937717531389755,0.7344181296767014,-0.11075095150629462,0.4850270133457209,-0.11930256166956689,0.45173265199948254,0.15328245381174105,-0.8215275872831367,0.7943270915683556,0.12133808023014578,-0.11823387009509546,0.8956631577924263,0.9575854850937996,0.0025877641946042,0.999999873896792,0.4610161768056506,0.3722283048254603,-0.8485269449607832,1.1357508794198418e-16,-0.1208320254858878
complex|Limd1-p62-Traf6-Prkcz complex (mouse),complex,4,0.0941949477406015,0.5529455158671869,0.03363482870293448,0.8325283126914482,0.14703979898499303,0.35276825820359026,0.15856294764437792,-0.5698001541887252,0.7155933745204266,0.12199596353767728,-0.8594793402136611,0.8259113163989649,0.9575854850937996,0.8908165786140614,0.999999873896792,-0.0934951013898382,0.3660171153672528,0.3346479279236178,9.7291564075648e-05,0.0840954927067212
complex|COG2-COG3-COG4 subcomplex (human),complex,3,0.11345219422596037,0.474374209102749,-0.08086300786612229,0.610701751658347,0.01386861865771308,0.9305359021711079,0.13787665662345397,-0.193574023980575,0.576745280344276,0.10587564408160763,-0.28576452231135024,0.7904977863471765,0.9575854850937996,0.1685336281815667,0.999999873896792,0.2991341991341991,0.2209272732400042,-0.5359467460310615,4.589535914527586e-09,0.0440771648032095
complex|COG5-COG6-COG7 subcomplex (human),complex,3,-0.053937717531389755,0.7344181296767014,-0.11075095150629462,0.4850270133457209,-0.11930256166956689,0.45173265199948254,0.1671241443284798,-0.918967869234408,0.8209438107233746,0.09997647852930541,0.12804647719832435,0.8956631577924263,0.9575854850937996,0.0038905987739162,0.999999873896792,0.4610161768056506,0.3722283048254603,-0.8485269449607832,1.1357508794198418e-16,-0.1208320254858878
complex|COG1-COG8-COG2-COG3-COG4 subcomplex (human),complex,4,0.07598334359833905,0.6324651906158678,-0.10168871786612575,0.521656305338824,-0.020275758271510347,0.8985847230585211,0.15619718184312226,-0.9716242819862464,0.8343812510078699,0.10479950383683759,-0.04793580922613344,0.8617611705348897,0.9575854850937996,0.0948825016841052,0.999999873896792,0.2250056960583276,0.225250308450141,-0.142976654131144,0.0605814471860422,0.169799186789478
complex|COG1-COG8-COG5-COG6-COG7 subcomplex (human),complex,4,-0.07973022866110117,0.6157254758238215,-0.1290496925104818,0.4153515826796449,-0.16423364199923382,0.29865925713843916,0.12336836911299129,-0.5720298474358367,0.7163491230256105,0.10094369769666955,0.3412199637694971,0.8557194029875554,0.9575854850937996,0.0466322191436857,0.999999873896792,0.2623376623376623,0.3868516986293505,-0.3512559096729699,3.768099942604913e-05,-0.0771314305505947
"complex|Traf6-p62-aPKC complex, RANK-L stimulated (mouse)",complex,3,-0.05097506422594993,0.7485173271361255,0.05594186535565787,0.724928720739541,0.005433903216764774,0.9727550078147066,0.15607954707952396,-0.8951876646982412,0.8146566111932815,0.10390635100210939,-0.7225189343549542,0.8996283704204391,0.9575854850937996,0.7787990506103636,0.8555661469772295,0.0127136021872863,0.5737944014726296,0.590824571563719,7.480775985965078e-12,-0.129287935693592
complex|GammaH2AFX-NDHII-Ku70-DNA complex (human),complex,3,0.20904133175735706,0.1839827133887069,0.30741884887034415,0.04765567079582702,0.18532043060160458,0.24000264533348448,0.14960092139542241,0.48047288408067057,0.31544558992910193,0.10751381708579202,3.2337001681722035,0.5738834860246848,0.8091024751490322,0.7813367078363798,0.999999873896792,0.0161540214171792,0.2686890829624968,-0.081446541608288,0.6986524426658018,0.0481062368989764
complex|NR3C2-UBC9-SRC-1 complex (human),complex,3,-0.08487130351465852,0.593067845554122,0.0027012427196657224,0.9864543596946368,-0.0707218448510281,0.6562791509009409,0.13186421315064964,-0.5529410156042067,0.7098480996906512,0.1278036353849586,-1.5094131116917184,0.8457564309856219,0.9575854850937996,0.7900516834341085,0.999999873896792,-0.0604465709728867,0.2630046450894533,0.7703313173931269,1.1974012549521144e-14,0.2141568623206445
complex|Pericentrin-GCP complex (human),complex,3,-0.03842735610879302,0.8090813807589473,0.13297085129709332,0.40119986732947616,-0.01808597637818723,0.90948951132579,0.12762936166110916,-0.894775906038127,0.8145465537249645,0.14492602875316227,-0.1396220165772384,0.9207457093724912,0.9575854850937996,0.857408875756152,0.999999873896792,-0.012075643654591,0.4720937395670523,,,
complex|Pericentrin-GCP complex (mouse),complex,3,-0.03842735610879302,0.8090813807589473,0.13297085129709332,0.40119986732947616,-0.01808597637818723,0.90948951132579,0.12675363619876595,-0.8244059875150375,0.7951455430620085,0.09331050859206579,0.7760673792287084,0.9207457093724912,0.9575854850937996,0.7946402965909788,0.999999873896792,-0.012075643654591,0.4720937395670523,,,
complex|SKI-SMAD2-SMAD4  pentameric complex (human),complex,3,-0.16538576393308202,0.29523534645851524,-0.10465137117156559,0.5095326981654741,-0.109732403765414,0.4890759325140167,0.16421377314019475,0.009147358564689356,0.49635078280549344,0.11313414467993521,-0.11055737045598037,0.654584300993297,0.9575854850937996,0.8908257736109199,0.6546990428633584,-0.1071314650262018,0.6077945304339847,1.283169976811357,2.067990936351196e-23,-0.0331516778329779
complex|SKI-SMAD3-SMAD4  pentameric complex (human),complex,3,-0.15980900476990115,0.3120445383133694,-0.0932364422594298,0.5570105044381036,-0.1451744292240141,0.3589764321166837,0.13658267422387219,0.26164883404422024,0.3967960955075395,0.08991217097700246,0.053203780981940355,0.6698556089126997,0.8915943931084829,0.8712664293910035,0.7558882512503801,-0.0273182957393483,0.6694788116035827,0.0752572811892377,0.5056814951025149,-0.0731948097397654
complex|CREBBP-SMAD2-SMAD4 pentameric complex (human),complex,3,-0.3150868927197179,0.04210625204063171,-0.1894355378242994,0.22953823294591977,-0.23892953547147797,0.12753927396489848,0.1347048748493949,1.6420855434129797,0.050286138616797676,0.11912480393725837,0.8579992334458045,0.4910698601145319,0.4406293166936657,0.641116552502222,0.8818086116253029,0.0120072909546592,0.6234667508764067,1.3638021726163116,5.93879331414067e-24,0.0656480789975935
complex|CREBBP-SMAD3-SMAD4 pentameric complex (human),complex,3,-0.3219707048117692,0.03758351272875741,-0.16007041535567523,0.31124332022834283,-0.2648014030259252,0.09012829910046007,0.14582353843098667,1.9187372175858055,0.027508799438160304,0.07291612605858958,1.4655307330539946,0.48627586911918697,0.35107266600042386,0.8223645465932913,0.8064813661308967,0.0299840510366825,0.63975763325498,0.2156486072566296,0.0110042835128295,0.116057029364332
complex|SMAD3-cSKI-SIN3A-HDAC1 complex (human),complex,4,-0.18272599945609744,0.24676381438557424,-0.024659731924690304,0.8768104081609934,-0.14306575036377703,0.36607335588802525,0.1426517566569276,0.38724127963079624,0.3492887963554555,0.07762587344561966,-0.9208451952168285,0.620505526074065,0.8422366944377516,0.4007218886152985,0.9031719472625972,0.1136477557530189,0.5324719363712591,0.894698609617224,3.056831541385982e-17,-0.0024391354857796
"complex|mTORC2 complex (mTOR/FRAP1, LST8, mAVO3/RICTOR, SIN1) (human)",complex,4,-0.06125721393306462,0.6999605509340281,-0.0029626533054398253,0.9851436305840214,-0.06163830514539147,0.6981819878226729,0.11956048824688185,-0.7290232933041367,0.7670062929658678,0.10324411085148166,-1.3496900893848456,0.885206908220496,0.9575854850937996,0.8117980311101903,0.999999873896792,0.0522670312143995,0.2765600316842603,,,
complex|mTOR-RAPTOR complex (human),complex,3,-0.02256844723849749,0.8871872124747192,0.001045642343096409,0.9947563203284282,-0.017437152113498902,0.912723803341021,0.12729824158579534,-1.2079747364473625,0.8864715099488824,0.08502379302302675,-1.1852716207188085,0.9566629756360573,0.9575854850937996,0.279896623091289,0.740895389052314,0.2750740487582592,0.6394739098444054,,,
complex|Axin-Dvl-Gsk complex (mouse),complex,3,0.04304560979080216,0.7866417659236613,-0.06282567744770923,0.6926507404052953,0.13454993188974268,0.3955805087721296,0.15578328174897998,-0.7818616754601458,0.782852064937357,0.08305885678662475,-0.27522097842823756,0.913640419148085,0.9575854850937996,0.6808954441924524,0.999999873896792,0.0096149464570516,0.3003773722116453,0.5685759671405531,5.2134337794918e-10,0.0509190108704671
complex|Axin-Dvl-Gsk-Frat1 complex (mouse),complex,4,0.06273854058578454,0.6930561268389092,0.004095432510460934,0.9794642938679716,0.1872669033956696,0.23501330207387564,0.1416061143138312,-0.6763913055773451,0.7506038820415988,0.09372005184311188,-1.2733901279533197,0.8818033273397184,0.9575854850937996,0.1833150432983541,0.999999873896792,0.1293460925039872,0.2612823273335417,1.0451088324277025,6.462193469299794e-20,0.0010954349810407
complex|HSP90-FKBP38-CAM-Ca(2+) complex (human),complex,4,-0.029713669916322953,0.8518203277824125,0.024746868786615007,0.8763784707593603,-0.04087592867536486,0.797163987225196,0.17572890944354397,-1.4117216582716905,0.9209840332029711,0.09105366386821603,-0.9104941394820569,0.9407578791146713,0.9575854850937996,0.5294900599567531,0.999999873896792,0.1135794030530872,0.3542276293606776,-0.1357049708827976,0.1185687429460814,-0.0045089168136867
"complex|EIF3 core complex (EIF3A, EIF3B, EIF3G, EIF3I) (human)",complex,4,0.22280895594145977,0.15610598072651805,0.33364704430967906,0.030824998418381898,0.1494728899775743,0.34476952863075294,0.11235426976570914,0.978721855007621,0.16385871520739387,0.12288475952930919,2.3971793403915695,0.5484514903787492,0.6397135788705899,0.077279603034607,0.999999873896792,0.1920483025746183,0.4060025403923581,-2.005995916499068,2.5031599189173892e-26,-0.0283611228366399
"complex|EIF3 complex (EIF3A, EIF3B, EIF3G, EIF3I, EIF3C) (human)",complex,4,0.22280895594145977,0.15610598072651805,0.33364704430967906,0.030824998418381898,0.1494728899775743,0.34476952863075294,0.19922100741844329,0.19518872724412367,0.422622601846544,0.12220073516320029,2.5069582383507965,0.5484514903787492,0.9113923453904847,0.1342412602200084,0.999999873896792,0.1920483025746183,0.4060025403923581,-2.360948904313961,2.3291734339045008e-26,-0.0904567273868666
"complex|EIF3 complex (EIF3B, EIF3G, EIF3I) (human)",complex,3,0.3075931225941936,0.047523290771756876,0.25757656384941535,0.09959294292015401,0.2447689538536729,0.1182213122316453,0.16387393937868847,1.4705635635175311,0.07070459191970985,0.11710322874060533,2.4939807900534823,0.5001451021129545,0.4883983857688208,0.0023877938452117,0.999999873896792,0.5114376851218957,0.3630224882565258,-1.2613557891679243,4.857670130840056e-23,0.5160310528081741
"complex|EIF3 complex (EIF3B, EIF3J, EIF3I) (human)",complex,3,0.13758910497910246,0.38489488820419376,0.2030288882845527,0.19720742485774453,0.05174373510889441,0.7448512521374246,0.14849864009207503,-0.10545346767039933,0.5419920042683719,0.07893728321758639,2.0758442351351265,0.722990840338153,0.9575854850937996,0.9206191371109648,0.999999873896792,-0.151788562314878,0.4470698595158384,-2.0492047967591973,2.3707826903773183e-26,0.1653579172574528
"complex|EIF3 complex (EIF3A, EIF3B, EIF3G, EIF3I, EIF3J) (human)",complex,5,0.16442725845191028,0.29808208668958097,0.3082030806276665,0.04706230047345978,0.06780213565993061,0.669642358968723,0.11352190371550011,0.5561965107878573,0.28903826212546424,0.09146756396235838,3.685116808612267,0.6559131183583772,0.7859206431445838,0.7537230389861084,0.999999873896792,0.0239439507860561,0.4292476949682351,-2.415849221517532,2.3291734339045008e-26,-0.0174168750202941
complex|p32-CBF-DNA complex (human),complex,3,0.36031092405863757,0.01908069144892156,0.01054356029288879,0.9471630678362641,0.25385249355930956,0.10476029574759355,0.1219262540481375,2.316097822550925,0.010276464087009858,0.08404786016947009,-1.0626863281743442,0.4857625830347534,0.20826756031665733,0.4619662172652071,0.999999873896792,0.1742082478924584,0.3788921744336473,-0.545046339506142,2.4006551481721893e-09,0.0032434616647363
complex|beta(1)-AR receptosome (ADRB1-SAP97-AKAP79-PRKAR2A) (human),complex,3,0.10116589669457755,0.5238104809774329,0.04252278861925396,0.7891739233617109,0.111678876559479,0.48135359702783376,0.1582405412552565,-0.6074521092146333,0.7282245421601741,0.1402293518954209,-1.5333063684186876,0.8187717226928806,0.9575854850937996,0.8661939810362126,0.999999873896792,-0.1830485304169514,0.1818904478627716,,,
complex|SVIP-p97/VCP-DERL1 complex (human),complex,3,0.11475924715483088,0.46926438116266606,0.010369286569039387,0.9480352066952413,0.09886459733188446,0.5333443691746199,0.13917935270922824,-0.25571954260339924,0.6009162980164399,0.12633102241843114,-1.3390284096882705,0.7867542392791946,0.9575854850937996,0.6627675904173084,0.999999873896792,0.071747550694919,0.1603462563061502,,,
complex|gp78-p97/VCP-DERL1 complex (human),complex,3,0.12660986037659017,0.42429834088664303,0.016033182594144938,0.9197270758012986,0.1553934113928553,0.3257755127227706,0.18198533612973747,-0.4040972494746361,0.6569293962443029,0.09890469512763159,-1.0728267178056605,0.758875928503537,0.9575854850937996,0.3004103830849997,0.999999873896792,0.278263841421736,0.2570507255283854,0.4467645492224606,3.324081803537303e-07,-0.0767508018457786
complex|p97/VCP-VIMP-DERL1-DERL2-HRD1-SEL1L complex (human),complex,5,0.13575923087868375,0.3913081692019783,-0.01516181397489793,0.9240766794935504,0.21646399530664448,0.16854335960927205,0.1790836786276449,-0.31299078575253425,0.6228561686927939,0.08603022377825705,-1.0877770097388682,0.7297210411943275,0.9575854850937996,0.3739418710340871,0.999999873896792,0.1522351332877648,0.2224306524475971,0.9341274856938324,5.5891090792810094e-18,0.0074656442005534
complex|CyclinD3-CDK4-CDK6 complex (human),complex,3,0.3082030806276665,0.04706230047345978,0.21479236464438733,0.1719359383757109,0.26382816662889264,0.09136104392114829,0.1393841243347513,1.6191148759612375,0.05271127433223834,0.10384099835566588,1.612991943564723,0.5001451021129545,0.4495522427488712,0.5023561649700959,0.999999873896792,0.1913647755753018,0.4213347028953625,-1.4860068303112088,4.281715335673756e-25,0.1302616055676419
complex|CyclinD3-CDK4-CDK6-p21 complex (human),complex,4,0.2845018541841479,0.06783802599259657,0.32963874866114284,0.033021791280862425,0.2812653187423916,0.0711654977146631,0.14797146207743056,1.724091586429295,0.0423456553589822,0.09890469512763156,3.12437324381705,0.5132456804789529,0.41032155864050807,0.6672730290262059,0.999999873896792,0.0647983595352015,0.4447365425544975,-0.3569809185291653,4.763692099727619e-05,0.1137773159723349
"complex|pRb2/p130-multimolecular complex (DNMT1, E2F4, SuV39H1, HDAC1, RBL2) (human)",complex,5,0.14011607397491876,0.3761408212753989,0.04025723020921174,0.8001710631185982,0.14379567766155138,0.36360725866794863,0.16914136268203656,-0.2520355083678144,0.5994931911009315,0.10439867427198395,-0.6784893788574015,0.7163446214098361,0.9575854850937996,0.121928554401743,0.999999873896792,0.2109227614490772,0.2899579486490061,0.3400764231110911,6.605270735295188e-05,0.1499437174616575
"complex|pRb2/p130-multimolecular complex (RB2, E2F4, HDAC1, SUV39H1, P300) (human)",complex,5,0.06683397309624546,0.6740960987065281,-0.03964727217573884,0.8031384497760204,0.10016224586126113,0.5279580741826342,0.1513872270648788,-0.8869249016315052,0.8124403330561586,0.08783831366319458,-0.8008306669561682,0.8770401152061406,0.9575854850937996,0.6346990300543648,0.999999873896792,0.016103896103896,0.1947441064457053,0.9658223580549394,5.028700948822914e-19,0.0287275005141193
"complex|DCS complex (Ptbp1, Ptbp2, Hnrph1, Hnrpf) (mouse)",complex,3,-0.3305972541423146,0.032485088180904544,-0.255049594853599,0.10307740369065481,-0.3884024254490523,0.011027080387616947,0.1459760279393549,1.8549557304758624,0.03180127428257124,0.11935135977826258,1.4780210737903585,0.4857625830347534,0.3739329610866382,0.3739418710340871,0.999999873896792,0.1521986785144679,0.3982782393029193,-0.4069148161546059,6.811411172758631e-06,-0.0896570012230628
complex|p19-Cdk4-cyclinD2 complex (mouse),complex,3,0.225074514351502,0.15183152339730574,0.022394173514648088,0.8880528107901463,0.2658557424560437,0.08880739679849138,0.1816280749958462,0.36786356802459275,0.3564874833993523,0.12277148160880706,-1.4964195236856315,0.5456674429982589,0.8496371715919718,0.5627328427523022,0.999999873896792,0.0374572795625426,0.3080012242761354,-1.261211259801071,5.61218615047259e-23,-0.1112360330912463
complex|SMARCA2/BRM-BAF57-MECP2 complex (human),complex,3,-0.07885886004185416,0.6196017168853798,0.06326136175733274,0.6906250801075365,-0.07729119053099745,0.6266010381488453,0.13452624428244922,-0.5527209997356092,0.7097727642956416,0.08712814823850826,-0.3365234332336288,0.8564983873300351,0.9575854850937996,0.6365087102337931,0.999999873896792,0.1147641831852358,0.4326023639278936,0.1713022945503152,0.023660823672493,-0.0746979323382868
complex|ELK1-SRF-ELK3 complex (human),complex,3,0.16808700665274773,0.28730727049417454,0.07406633263599563,0.6411009670915815,0.23187357159299235,0.1395188700542107,0.12577770334520927,0.45541819263591676,0.3244042047432033,0.08310678206068332,-0.1356181784314375,0.6490066418837603,0.8163195610828626,0.251330378366101,0.972663855239328,0.273524720893142,0.54089847045659,1.306102430376285,1.3387152080874766e-23,0.0594448232692217
complex|AP1G1-PACS1-FURIN complex (human),complex,3,-0.15754344635985895,0.31904313393331923,-0.1300081979916535,0.41186634313977716,-0.18150858804656064,0.24998024318792275,0.17771998673852338,-0.23861371723171615,0.5942974362361272,0.10700406644353251,0.28413941126273284,0.6743943136112256,0.9575854850937996,0.8785957857035306,0.999999873896792,-0.1044201412622465,0.3018114546893841,0.8518715634220874,2.3288520352241703e-16,0.1735946502725736
complex|Smarcb1/Ini1-Smarca2-Mecp2 complex (mouse),complex,3,-0.04069291451883524,0.7980531960952505,0.04400411527197388,0.7820051272828707,-0.04160585597313923,0.793620026450207,0.17084924517576075,-1.1374360676729711,0.8723219816487626,0.09087067645817418,-0.8397630361817505,0.9186999221693646,0.9575854850937996,0.4088247761624044,0.8741293923296176,0.1670312143996354,0.5433516265908948,-0.2337387442118739,0.0060306310753702,-0.0424319829131986
complex|SWI/SNF-related complex (mouse),complex,5,-0.19344383347283564,0.21964985243795246,-0.18168035711300107,0.24952472675743378,-0.16707224815724525,0.29026919304122706,0.12019223049583597,0.9603016677950256,0.16845170546566074,0.08206113971758693,1.433459345076998,0.5991031748931795,0.6450666535918703,0.7107774564782616,0.9679703265045758,0.0945181134654818,0.5154128266075488,0.2032660729414206,0.0184429446747771,0.0150067376692534
complex|MGC1-DNA-PKcs-Ku complex (human),complex,3,0.04252278861925396,0.7891739233617109,-0.21636082815903193,0.16875132777450147,0.0150851641540037,0.9244593981377696,0.17001273130128364,-1.1822922818592994,0.8814551265098614,0.09749743480754766,1.6826607542135288,0.9140791486419817,0.9575854850937996,0.393635427284655,0.999999873896792,0.1066757803599908,0.3846447181715438,0.1664652827453618,0.0186904973615387,-0.1154013017140919
"complex|Polycystin-1 multiprotein complex (ACTN1, CDH1, SRC, JUP, VCL, CTNNB1, PXN, BCAR1, PKD1, PTK2, TLN1) (human)",complex,9,-0.00583816974895495,0.9707289046229697,0.30219063715486216,0.05176772713897248,0.0805353118544391,0.6121532416460329,0.15031544366320498,-1.6580197654126045,0.951343261520218,0.0929750316736557,2.571837443553552,0.9906073122261704,0.9647100030822753,0.3740194159650543,0.7414691400384221,0.0412470570365307,0.5661243363579871,0.6717128347421835,6.639741269559033e-13,0.0098975489435598
complex|NCOA6-DNA-PK-Ku-PARP1 complex (human),complex,4,0.08713686192470073,0.5832012523729181,-0.17993761987450702,0.2541722345388145,0.11930256166956689,0.45173265199948254,0.13244803012554515,-0.4628957307062396,0.6782804460828213,0.0821352060502229,1.8836347484921605,0.8429479814722234,0.9575854850937996,0.1109982306830502,0.999999873896792,0.1505354294827978,0.3650342962098096,-0.2503452380151371,0.0181982341282319,-0.1106064623899153
complex|DNA-PK-Ku-eIF2-NF90-NF45 complex (human),complex,7,-0.0065352646443525555,0.9672356380487587,-0.01655600376569314,0.9171184140178725,-0.034874304226997804,0.8264496920793756,0.17097559362555154,-1.7392447014702828,0.9590041351909419,0.08540283837239918,-0.7401133565540975,0.9899012951376905,0.9673232072070561,0.3014648917890965,0.8056476993003061,0.1364384988445138,0.5540920704164115,-1.003719084720021,6.66970827719075e-20,0.0128103979412548
complex|SWI/SNF chromatin-remodeling complex (human),complex,5,-0.1177219004602707,0.4577913245444016,-0.030672175397494658,0.8470961710290035,-0.10024334889434716,0.5276223184943206,0.13431711581382996,-0.1891158113628083,0.5749989752911755,0.10529618394980837,-1.1116221519646228,0.7794971108370805,0.9575854850937996,0.1671691056134423,0.999999873896792,0.1788516746411483,0.4372503250253555,1.0919513138287822,9.09791356787126e-21,-0.0719127133595263
"complex|SWI/SNF chromatin-remodeling complex (Mecp2, Smarc) (mouse)",complex,5,-0.19344383347283564,0.21964985243795246,-0.18168035711300107,0.24952472675743378,-0.16707224815724525,0.29026919304122706,0.1183754269247059,0.7744438038352904,0.21933419412452154,0.08006134873641504,1.3586494704314847,0.5991031748931795,0.7127549274092146,0.6452900221395081,0.999999873896792,0.0945181134654818,0.5154128266075488,0.2032660729414206,0.0184429446747771,0.0150067376692534
complex|YWHAQ-CALM1-CABIN1 complex (human),complex,3,-0.17209530230128395,0.2758001071863756,-0.23108695782430638,0.14090430183657196,-0.09489054871066845,0.5500042867432363,0.16734198648329152,0.031960081225978744,0.48725194259455307,0.1081237751192649,1.5583825598512486,0.6446860858216283,0.9575854850937996,0.5912534605251996,0.8844798500864341,0.0776030986557302,0.5716196290754026,0.3128534030705074,0.0003332713371298,0.0803721863240647
"complex|TNF-alpha/NF-kappa B signaling complex (CHUK, KPNA3, NFKB2, NFKBIB, REL, IKBKG,  NFKB1, NFKBIE, RELB,  NFKBIA, RELA, TNIP2) (human)",complex,11,-0.06387131979080564,0.6877927352001778,-0.037294576903771914,0.8146093252227016,-0.02092458253619868,0.8953571182846064,0.14097001522178085,-0.776524437458352,0.7812803012101981,0.07398790946026339,-0.5324914835047185,0.8798393936906759,0.9575854850937996,0.627059664048709,0.999999873896792,0.0636363636363636,0.265274691473684,4.119958860389223,2.3291734339045008e-26,0.0077594506942332
"complex|TNF-alpha/NF-kappa B signaling complex (SEC16A, CHUK, IKBKB, NFKB2, REL, IKBKG, MAP3K14, RELA, FBXW7, USP2) (human)",complex,8,-0.08687545133892663,0.5843359400506013,-0.05629041280335667,0.7232824836353445,0.006326036580711229,0.9682840565286476,0.11497273246654638,-0.36780121408695643,0.6434892681624245,0.09407731297700316,-0.5349969836437041,0.8434587051902818,0.9575854850937996,0.2139388743878694,0.695606124798343,0.1695098134947758,0.5919211638057338,1.8465348123976917,2.478035319491932e-26,0.040028024013883
complex|PTIP-HMT complex (human),complex,7,0.0076680438493736645,0.9615603982205807,-0.14403723276153033,0.3627933589878511,0.1091646825338117,0.4913403081817773,0.16420941629709856,-1.8527664764088472,0.9680420814198983,0.10533539553767449,0.6053336734596187,0.9894149853912488,0.9731566169125108,0.3523023819210823,0.8929673603664071,0.1462292093871041,0.5449604789506876,0.2615743022630254,0.0003009762553819,0.0609730129437812
"complex|TNF-alpha/NF-kappa B signaling complex (CHUK, BTRC, NFKB2, PPP6C, REL, CUL1, IKBKE, SAPS2, SAPS1, ANKRD28, RELA, SKP1) (human)",complex,10,-0.20607867845191727,0.19041799833116219,-0.21453095405861322,0.17247088389776385,-0.17818336369003296,0.25890862036597456,0.1869564941025417,0.18782664964812296,0.42550627207845176,0.1301824717155029,1.2426571647813252,0.5759318937964197,0.9143579337373712,0.5390396922528713,0.8028422954355551,0.0579463811042758,0.5243764931906992,3.963660591105581,2.3291734339045008e-26,0.0062829592588984
complex|PTIP-DNA damage response complex (human),complex,6,-0.09680905359834252,0.5419308601975378,-0.17131107054396166,0.27802735681857244,-0.07193839034731872,0.6507419236030029,0.17560256099375315,-0.8254390328491948,0.7954388088232209,0.112389124510479,0.8066189901796019,0.823616619570151,0.9575854850937996,0.0118938910993262,0.999999873896792,0.3455456823877876,0.3799248974555549,0.1946125768176634,0.0125044922725296,0.0864108336670599
complex|Kinase maturation complex 1 (human),complex,15,0.2985308889540247,0.05481250411981066,-0.023091268410045697,0.8845911980090019,0.3263586051382306,0.0349139787964734,0.13530176235357907,1.4180187769826424,0.07809264139923518,0.059331489284528735,-0.5418063540799295,0.5001451021129545,0.5055304229101872,0.0068735691136813,0.999999873896792,0.1153689418351072,0.396203682778358,-0.1821825801421686,0.04640746629103,-0.0149031245828417
complex|TBP-TAF complex (human),complex,3,-0.24555167690380666,0.11701242826709957,-0.34776321594148063,0.024026755171488445,-0.2778589913527778,0.07480515376206084,0.13172915101466637,0.978260788458996,0.1639726790494055,0.10619369362763278,3.771122351067711,0.5144479402341297,0.6397135788705899,0.0533914967397899,0.999999873896792,0.2701070858965596,0.3531724446048327,-0.1408338261003643,0.0603678053559904,0.0620726946708374
complex|Ubiquilin-proteasome complex (human),complex,5,0.01777591983263895,0.911034920078096,-0.005053937991632643,0.9746594721320481,0.03665857095489071,0.8177169391447381,0.18062164424061594,-1.2983280570614528,0.9029126854373277,0.10606298833474574,-1.266838331477724,0.9669351357624012,0.9575854850937996,0.8303815813506924,0.999999873896792,-0.0006561859193437,0.3038698111417676,0.5438187701592168,6.01778225578551e-10,0.2970041273861451
complex|TANK-TRAF2-TRAF3 complex (human),complex,3,0.07511197497909203,0.6363846577737416,-0.17113679682011224,0.2785238960418972,0.04387674089954839,0.7826208579518635,0.09207752199583127,-0.18930054881389918,0.5750713673950915,0.10906485322805168,0.8164590770489515,0.8647928948487299,0.9575854850937996,0.8170674941513316,0.999999873896792,-0.1000911369332421,0.3186449935199341,,,
complex|RAF1-PPP2-PIN1 complex (human),complex,4,0.34305782539754676,0.02613816071489756,0.1659085851046302,0.29368998727336204,0.36512585495335836,0.017425148813712474,0.16954654908998645,2.027711877238553,0.02129483136548968,0.127106540489561,0.48070914362715744,0.4857625830347534,0.30737987619289586,0.4715437446930199,0.999999873896792,0.1365459102301206,0.2662522146556775,0.7257285714296785,5.57129119422315e-14,0.0710664458659393
complex|Kinase maturation complex 2 (human),complex,7,0.1856886527615373,0.23905332706029278,-0.0015684635146446131,0.9921345485744013,0.16796438152119172,0.2876641481729854,0.15490755628663672,0.2800176458759582,0.3897319833918775,0.10926091116738224,-1.1270266270869949,0.6086844446924486,0.8856775692065142,0.508580027448612,0.999999873896792,0.0800995996484718,0.2992718717244718,1.4613571427398089,2.011166749452648e-24,0.0236481367232738
complex|Pex26-Pex6-Pex1 complex (human),complex,3,0.029713669916322953,0.8518203277824125,-0.06299995117155864,0.691840221610431,0.03341444963144905,0.8336101130498598,0.15503826157952377,-1.2853981222939146,0.9006734014800878,0.10604556096236081,-0.562302789413191,0.9407578791146713,0.9575854850937996,0.7990679732603162,0.999999873896792,-0.0320118478013214,0.3088095465413633,0.077429759052472,0.2617079692294167,-0.0417676866072813
complex|CHUK-IQGAP2-AKAP8L-RELA-TNIP2 complex (human),complex,5,-0.056900370836829584,0.7204045343753235,0.19518657071132967,0.2154436781159159,0.10794813703752108,0.4962107166225646,0.14625486589751396,-1.134130104455737,0.8716300112752758,0.09724038106486979,1.3596548043792651,0.89325040903291,0.9575854850937996,0.8595126557965715,0.999999873896792,-0.0467874231032126,0.4263627228426289,1.118530829756213,5.674108178625212e-22,0.1318729638168219
complex|REL-MAP3K8-RELA-TNIP2-PAPOLA complex (human),complex,5,-0.060037297866118805,0.7056645441540551,-0.143253001004208,0.3654397647349569,-0.028548267646286575,0.8575710920573848,0.16314634658161714,-0.827088682353172,0.7959066007387603,0.07338666511298295,1.0230749221143505,0.8875936844437725,0.9575854850937996,0.5782231018565277,0.999999873896792,0.0434859876965139,0.2979981481500324,1.9939352674407216,2.4533581827990682e-26,-0.027063783268933
complex|CHUK-NFKB2-REL-IKBKG-SPAG9-NFKB1-NFKBIE-COPB2-TNIP1-NFKBIA-RELA-TNIP2 complex (human),complex,11,-0.054111991255239154,0.7335913898290816,-0.06814102602511597,0.6680860231074081,0.012652073161422459,0.9366163040087124,0.12408724822387007,-0.6039720598795066,0.72706889089261,0.09253934736403219,-0.31119655529381013,0.8956631577924263,0.9575854850937996,0.750143334250245,0.9679703265045758,0.0273448083017461,0.4814815091211181,3.901846137948255,2.3291734339045008e-26,0.007394749849372
complex|53BP1-containing complex (human),complex,4,0.056987507698754276,0.7199937085731,-0.08095014472804699,0.610316036729377,0.04825630468619463,0.7615275287321482,0.12723724578244802,-0.7889192033233339,0.7849203844121286,0.104455313232235,-0.24620102444367675,0.89325040903291,0.9575854850937996,0.0093704911155126,0.999999873896792,0.3084871269081795,0.4427013727996914,0.3185947431701904,0.0001267511278571,0.0145530949984306
"complex|TNF-alpha/Nf-kappa B signaling complex (RPL6, RPL30, RPS13, CHUK, DDX3X, NFKB2, NFKBIB, REL, IKBKG, NFKB1, MAP3K8, RELB, GLG1, NFKBIA, RELA, TNIP2,  GTF2I) (human)",complex,13,-0.19902059263601649,0.20638741271157435,-0.12390861765692446,0.43432888555772353,-0.1832117517413675,0.24548826475424823,0.1286401492594357,0.7514394115334649,0.22619412572237407,0.07627960892888304,0.838757754938586,0.5925498694174556,0.7151227627011635,0.8776838340131788,0.999999873896792,0.0005625952994373,0.2954146166010947,3.352100337162571,2.3291734339045008e-26,0.0163084453185761
complex|TNF-alpha/NF-kappa B signaling complex 5 (human),complex,20,-0.05454767556486267,0.7315258418052086,-0.09044806267783936,0.5689148834155833,-0.0622871294100798,0.6951575764484533,0.12498911474479077,-0.8573294146384147,0.8043685716628093,0.10290863393307156,-0.2202697297476504,0.8956631577924263,0.9575854850937996,0.4089928108710464,0.999999873896792,0.0637554412346655,0.3215248943079002,-0.2565252047734438,0.0020528904352356,0.0263207390845634
complex|IKBKB-CDC37-KIAA1967-HSP90AB1-HSP90AA1 complex (human),complex,4,0.2713441880335181,0.08217211629061322,-0.02108712058577758,0.8945488244985592,0.16447695109849195,0.29793406861789745,0.13711856592470908,1.558976894484349,0.05950092447613786,0.08048831935984607,-0.9972863092161574,0.5136929078981881,0.46468445868864383,0.750143334250245,0.999999873896792,-0.0180451127819549,0.3012664639649938,-0.5590255385906052,4.635639148586139e-09,0.0190029331861329
complex|WRN-Ku70-Ku80-PARP1 complex (human),complex,3,0.17697496656906722,0.2622052183224669,-0.0697966264016853,0.6605025885163626,0.1557989265582855,0.32449897819139517,0.14955735296446007,0.22773215168638403,0.4099272378387339,0.09054391322595653,-0.2875508524461717,0.6303502694692337,0.905513551016392,0.1156104228682908,0.999999873896792,0.342287537024379,0.2984710273266515,-0.8449443668136383,1.4127028589065332e-16,-0.1600972136535666
complex|XRCC1-LIG3-PNK-TDP1 complex (human),complex,4,-0.04679249485356429,0.7685595703332704,-0.12634844979081605,0.42526330546734203,-0.0673966204945004,0.671506460105255,0.17581168946237247,-1.299961018416743,0.9031928350260863,0.10745282128244471,0.2549444815165401,0.9047216989356215,0.9575854850937996,0.1433805067416244,0.972663855239328,0.2118933697881065,0.4764810750349735,-0.0247773537805931,0.4424505534520124,0.0259632521926739
complex|Dolichol-phosphate mannose (DPM) synthase (human),complex,3,-0.13549782029290966,0.39222941774659265,-0.13915756849374708,0.37944731643953844,-0.1328467681949358,0.40164337737906797,0.13693122167157096,-0.013226014158106895,0.5052762624212194,0.10637668103767466,0.5428317352031062,0.7297210411943275,0.9575854850937996,0.6558264952723701,0.8064813661308967,-0.008589655958077,0.567730477887345,-1.4989187872088654,8.033304591369214e-25,-0.0717322755102409
complex|MNK1-eIF4F complex (human),complex,4,-0.0819957870711434,0.6056955982926856,-0.26533174456071373,0.08946198617232158,-0.05109491084420608,0.7479453721108518,0.14702602712554758,-0.6467433231881435,0.7411009604121053,0.09106237755440849,2.2259111294705067,0.8498945208746413,0.9575854850937996,0.872069300446379,0.999999873896792,-0.0322169059011164,0.3056758617735081,-0.1281863615982936,0.1298537804507306,0.0082922037860829
complex|TCF4-CTNNB1-SUMO1-EP300-HADAC6 complex (human),complex,5,0.03032362794979586,0.8488134437194269,-0.004182569372385636,0.9790274597531509,0.1122465977910813,0.4791133389133031,0.1684704088452164,-0.9875901189263887,0.838323286264739,0.07724247125315098,-0.9658466229766672,0.9384926242497414,0.9575854850937996,0.8348024790096971,0.999999873896792,-0.0299111414900888,0.39378126713156,0.8180665439829169,1.793616068717297e-15,0.0966747302226407
complex|TCF4-CTNNB1-EP300 complex (human),complex,3,-0.11292937305441214,0.4764263409678601,-0.044439799581597376,0.7799000146783212,-0.0640713961379727,0.6868645937849233,0.12671442461089982,-0.13454565684889475,0.5535144448381314,0.09144577974687719,-0.7430833695435003,0.7919659796498719,0.9575854850937996,0.9109149128234484,0.999999873896792,-0.1102984734563681,0.378078925522965,0.9764049668788296,1.7846099803777506e-19,0.4500167765258521
complex|TCF4-CTNNB1-CREBBP complex (human),complex,3,-0.1904811801673958,0.22692978303810496,-0.02047716255230467,0.897582653442689,-0.11751829494167398,0.45857492004316414,0.12162998871759352,0.7637873336261924,0.22249699312156812,0.09726652212344719,-1.1286836424273514,0.6016227140654119,0.7151227627011635,0.9402093744321144,0.999999873896792,-0.1838004101161996,0.4083828492808151,1.0577065120381142,6.891056079481399e-21,0.082319977054042
complex|VHL-VDU1-TCEB1-TCEB2 complex (human),complex,4,0.10874680368202652,0.4930104856803046,0.013854761046027416,0.9306051424358106,0.17607468482979585,0.26467930581220367,0.12952023156487516,-0.22482869528259225,0.588943729053987,0.07941217911507603,-0.787800102632383,0.8029553991045639,0.9575854850937996,0.8715331903282839,0.999999873896792,0.0087719298245614,0.4342351495300436,-0.6358725217149251,3.508427704041042e-11,-0.0974657524362041
complex|TNF-alpha/NF-kappa B signaling complex 7 (human),complex,6,0.15536502481174144,0.32586498923892415,-0.03642320828452491,0.8188676556738598,0.10097327619212153,0.5246052381809081,0.14029906138496065,0.1977849102533572,0.42160667641246685,0.13414284208998056,-1.0728265099392644,0.6811424333602071,0.9113923453904847,0.0574317603397663,0.999999873896792,0.2107678286625654,0.4172190334368699,0.1685428340720384,0.0246167664168613,-0.0216069476464157
complex|TNF-alpha/NF-kappa B signaling complex 8 (human),complex,5,0.3149126189958685,0.04222625709835483,0.037730261213395413,0.8124821261998263,0.16950533914982652,0.2832003705896059,0.13690508061299356,1.7083248951722227,0.0437880372237151,0.08596051428871729,-0.660768696966697,0.4910698601145319,0.41392021010378954,0.3992272204242956,0.999999873896792,0.099336978810663,0.364207133467184,0.824505875747462,1.583207824791085e-16,-0.0113599629112503
complex|VHL-TCEB1-TCEB2 complex (human),complex,3,0.2787508212971177,0.07383840146529898,0.11998745887031291,0.44912105213781134,0.31167895614965707,0.04450390712371993,0.1289756261778458,1.318080804475921,0.09373829978418197,0.10596713778662856,0.17775470081157027,0.5136929078981881,0.5299852515627526,0.6161455773115657,0.999999873896792,0.034153565732513,0.3810803000810615,-0.8787280440750052,8.524360493120054e-17,0.0141089680452279
complex|Kif3-cadherin-catenin complex (mouse),complex,3,-0.2255101986611255,0.15101943784272576,0.011066381464436992,0.9445470206726493,-0.205677291906201,0.1913019740279653,0.15335652014437706,0.6661467294324858,0.25265865924118286,0.0883872758933202,-1.097636239974533,0.5456674429982589,0.750091594030916,0.2091790770778535,0.999999873896792,0.2705855547960811,0.4517483670552983,0.9499911330796432,5.516518314665846e-19,0.0278057386541978
complex|VHL-TBP1-HIF1A complex (human),complex,3,0.17035256506278995,0.28076550154584007,0.027970932677828936,0.8604227093618958,0.16569349659478255,0.2943251145656178,0.16679738109626213,0.030850761680909115,0.48769427884885763,0.09274411898955523,-0.6544938285110921,0.6483643446116633,0.9575854850937996,0.8695575935509924,0.999999873896792,-0.0975165185691501,0.3070462254675212,0.8907663824255195,1.4181931009574142e-17,-0.2624538645539067
complex|HIF1A-OS9-EGLN1 complex (human),complex,3,0.17192102857743455,0.27629403678069786,-0.0023526952719669196,0.9882020526320278,0.19797250376302705,0.20883622779611896,0.14865112960044322,0.2025506263038043,0.41974314221796416,0.08162981225105966,-1.3572949501170335,0.6446860858216283,0.9103859032768902,0.2344350748358136,0.999999873896792,0.1846434267486899,0.2497231930660471,2.183198094650324,2.5902704615129864e-26,-0.1341955204872046
complex|HIF1A-OS9-EGLN3 complex (human),complex,3,0.1786305669456365,0.25769565074460354,-0.01429044535565092,0.9284284678987256,0.1575020902530924,0.31917179946879387,0.12932853046864082,0.4388801928318038,0.33037417473263003,0.05703543297281286,-0.8012745066893857,0.6242557835746009,0.8229187716013967,0.750130566412851,0.999999873896792,-0.0104807473228526,0.3411347597611119,,,
complex|RAB9-TIP47-MPRI complex (human),complex,3,0.3434935097071703,0.025936395943544528,0.12234015414227982,0.4402129957162529,0.4174373112938551,0.005950882972352684,0.14096565837868463,1.7372140170710175,0.04117470083308668,0.09699204100838438,0.3904895949238059,0.4857625830347534,0.4097332060400614,0.0259188552787911,0.999999873896792,0.5000911369332423,0.3937048149035667,,,
complex|tRNA splicing endonuclease (human),complex,5,0.14900403389123826,0.34630215935945213,0.1314895246443734,0.40651302095699876,0.18175189714581877,0.249335173579611,0.13442168004813956,0.13144821134382492,0.44771037617677173,0.11648455702093992,0.19568181020218853,0.6989492956020572,0.9319026076987453,0.9402093744321144,0.999999873896792,-0.0896377306903622,0.2691989548323591,-1.3354700728371305,2.4145913352604652e-24,-0.0627335184162959
"complex|RNA endonuclease (SEN2deltaEx8, SEN54, CLP1) (human)",complex,3,-0.10848539309625241,0.4940567767525819,0.14203308493726222,0.3695793663883205,-0.07648016020013704,0.6302349087147432,0.15766979480964977,-0.390067742734099,0.6517567725693016,0.1300038411485573,0.11773868613963127,0.8034660712845019,0.9575854850937996,0.9076781710543108,0.999999873896792,-0.159216222374117,0.2138531866044787,-1.709900637187987,3.3566347739579114e-26,-0.0597230790877899
complex|TNF-alpha/NF-kappa B signaling complex 9 (human),complex,4,0.13924470535567177,0.3791460174276094,-0.06160576138076342,0.6983338083762957,0.18637477003172312,0.2372912439296881,0.12700633309834755,0.15291873854914798,0.4392311792409882,0.10662937793725628,-0.6217949860831389,0.7192091863185075,0.9225456875361858,0.9521808644927596,0.9779872690312136,-0.0761335156071998,0.4788307026753013,0.921788029437453,8.390832597593377e-18,0.0075452425019753
complex|TNF-alpha/NF-kappa B signaling complex 10 (human),complex,9,0.06404559351465504,0.6869842650420367,-0.084435619205035,0.5949736672825665,0.05117601387729212,0.7475583923352868,0.1225710668263803,-0.5861038625075147,0.7210971395840201,0.11106028736612732,-0.4126423238949958,0.8794238940262892,0.9575854850937996,0.8535477797802433,0.999999873896792,0.0369636211741475,0.3797073667623328,0.929604813810594,3.433113446053764e-18,0.0051880203579232
complex|Cd3e-Nck1-Mink1 complex (mouse),complex,3,-0.26463464966531614,0.0903385972992171,-0.23875500167368,0.12782599426587982,-0.14606656258796055,0.35599910888220554,0.1815017265460554,0.7492118883499975,0.22686475242557136,0.09604224921340514,1.7031191169275375,0.5136929078981881,0.7151227627011635,0.110238605038428,0.6546990428633584,0.2418318523581681,0.7199414128527197,,,
complex|Ets2-Ini1-Smarce1-Smarca4 complex (mouse),complex,3,0.11981318514646351,0.44978479719654446,0.04435266271967268,0.7803209135457596,0.10194651258915403,0.520595732150972,0.13610777832638257,-0.15593310316413622,0.5619571240471218,0.09013436997491045,-0.6743806835976149,0.7728421733613853,0.9575854850937996,0.4434548151761102,0.999999873896792,0.2071542492595123,0.4590241171895329,0.1514773693746726,0.0684221776929669,-0.0076757115592066
complex|ETS2-SMARCA4-INI1 complex (human),complex,3,0.11981318514646351,0.44978479719654446,0.04435266271967268,0.7803209135457596,0.10194651258915403,0.520595732150972,0.16756854232429574,-0.39954565559159333,0.6552544049318149,0.11037626300001843,-1.1091176034236772,0.7728421733613853,0.9575854850937996,0.5078293226531951,0.9977895230553804,0.2071542492595123,0.4590241171895329,0.1514773693746726,0.0684221776929669,-0.0076757115592066
complex|Cd3d-Cd3g-Cd3e-Cd247 complex (mouse),complex,4,-0.01873442531381066,0.9062585313784435,-0.01803733041841305,0.9097319547850001,-0.06909978418930726,0.6636904247833479,0.14511772984939658,-1.0554295349991865,0.8543855395299624,0.09051341532428289,-0.9459283523621861,0.9657836589486162,0.9575854850937996,0.0016645389850466,0.9057514908104052,0.4763043973570289,0.5494162349077748,,,
complex|Cd3g-Cd3e-Cd247-Canx complex (mouse),complex,4,-0.05655182338913078,0.7220486131518682,-0.0718007742259534,0.6513673747639411,-0.12351991939004105,0.4357830034982946,0.19831042721133016,-1.3673442225779266,0.9142412817346826,0.1089559321506458,-0.43227391370528295,0.8945624927844091,0.9575854850937996,0.3973526155501992,0.8773698159345004,0.2042834358623831,0.6112763712091837,,,
complex|LATS1-HTRA2-BIRC4 complex (human),complex,3,0.05637754966528138,0.7228711164084628,-0.11005385661089703,0.48779620873068985,0.09983783372891697,0.5293021435128922,0.12074554956905784,-0.6318359134979081,0.7362529482016021,0.13327583031382978,-0.2710944245564364,0.8945624927844091,0.9575854850937996,0.6577254678602913,0.999999873896792,0.0290043290043289,0.2861762792408324,,,
complex|YY1-MDM2-p53 complex (human),complex,3,0.07580906987448964,0.6332482944494315,-0.13366794619249092,0.3987135053600689,-0.014760752021659534,0.926079398918925,0.16596086722178502,-0.72261759049942,0.7650425709548021,0.11616215063181853,0.19368982980265742,0.8617611705348897,0.9575854850937996,0.8908165786140614,0.999999873896792,-0.097470950102529,0.3595454421656682,-0.3439121791059252,3.7413598264218346e-05,0.0870444632052905
complex|Lef1-Tle1-Ctnnb1 complex (mouse),complex,3,-0.12669699723851485,0.42397695988814743,-0.036684618870299016,0.817589610912467,-0.23771298997518733,0.1295478288209799,0.13368537356487584,-0.0760585008290955,0.5303137219984542,0.10581900512135656,-0.8684352971539784,0.758875928503537,0.9575854850937996,0.3326205341678799,0.7561258166152436,0.1234677603098655,0.6982412395186314,,,
"complex|Cell division cycle complex (CDC27, CDC16, ANAPC7) (human)",complex,3,-0.10865966682010182,0.49335912243118446,-0.18804134803350417,0.23304797531509486,-0.07396596617446975,0.6415544019108611,0.10311776240169086,0.07492144344532121,0.4701386075516033,0.10951796491006012,0.8865165149326473,0.8029553991045639,0.9506063727733224,0.0443729727997069,0.972663855239328,0.5357940305308727,0.4802683776013542,,,
"complex|Actin-ribonucleoprotein complex (POLR2A, GTF2F1, HNRNPU) (human)",complex,3,-0.06570119389122435,0.6793210798863977,0.10317004451884566,0.5155767106245132,-0.09083539705636635,0.5672542741093085,0.13027396542052383,-0.654571366876231,0.7436281178649361,0.09647793352302865,0.09969696042433991,0.8770401152061406,0.9575854850937996,0.9029285704252132,0.980110424927094,-0.176805650489861,0.3992235766468329,1.1864542028507723,2.149614924225917e-22,0.1328714376941476
"complex|TRBP containing complex (DICER, TRBP, AGO2, RPL7A, EIF6, MOV10) (human)",complex,4,0.2536554050628039,0.10503936382101192,0.0116763394979099,0.9414956944933945,0.20875920716347054,0.18458876483408343,0.1568681356799425,0.7938088871673287,0.21365334905177835,0.07665429743515924,-1.142797145225787,0.5144479402341297,0.7075576891857154,0.4792173867736626,0.972663855239328,0.1093073593073593,0.5371630492895559,0.4169879090616772,2.433104140029879e-06,0.1345708727040512
complex|GAIT complex (human),complex,3,0.11319078364018627,0.4753996906985865,-0.07589620673641434,0.6328566930476239,0.05328469273752919,0.7375186518598692,0.1514395091820336,-0.3152861146941419,0.6237277866695652,0.10116153985148128,-0.3218781832115826,0.7915764141862701,0.9575854850937996,0.4819986789647322,0.999999873896792,0.1282068808384597,0.3530543407101177,-1.8034053773631145,3.87210537375441e-26,-0.0617669289577268
complex|MLL1-WDR5 complex (human),complex,18,0.028232343263603035,0.8591313109506731,-0.17131107054396166,0.27802735681857244,0.05985403841749855,0.7065228004177699,0.09147627764855085,-0.940194830183616,0.8264411834351129,0.0813858290376705,1.3022245028968435,0.9434217386252669,0.9575854850937996,0.0407134026727193,0.999999873896792,0.1519091847265221,0.401947475748413,-0.3021342354799523,0.0004305564822238,0.0250112700371248
complex|Cdk5-Cdk5r1-Pctk1 complex (mouse),complex,3,0.13619491518830726,0.3897755660914058,-0.11327792050211095,0.4750577335763899,0.17923770312015147,0.25605496497228325,0.1842247534812023,-0.42223792271718785,0.6635743180607327,0.10340095720294613,0.1261020494323619,0.7290440212951853,0.9575854850937996,0.5080120082327783,0.901468107947962,0.1329915698336751,0.537925207016859,,,
complex|Splicing-associated factors complex (human),complex,4,0.04400411527197388,0.7820051272828707,-0.04348129410042567,0.7845332902368944,0.09594488814078697,0.5455603808175701,0.10352294880964072,-0.7254485052120387,0.7659115374241149,0.0958984733912294,-0.7769743294685834,0.9108162111313569,0.9575854850937996,0.9445352839739408,0.999999873896792,-0.0549897470950102,0.2700148379266903,-0.3327888446498755,0.0001409585079532,-0.059398372135814
complex|Axin2-Ctnnb1-Apc complex (mouse),complex,3,-0.16921978585776884,0.28402412210156786,-0.009672191673641781,0.9515243510803139,-0.20884031019655658,0.18441439641244953,0.1464727080523257,0.19871481510116595,0.4212429171816847,0.11641920437449642,-1.1982575313513615,0.6490066418837603,0.9113923453904847,0.7648894721601783,0.999999873896792,-0.0282524493050808,0.4643400173797621,,,
complex|p50-p65 NF(kappa)B-SRC1 complex (human),complex,3,-0.118506132217593,0.4547798976903343,-0.0074066332635995625,0.9628699127577137,-0.14752641718350928,0.3511595467344248,0.1259127654811926,-0.06899504964117253,0.5275032200374521,0.07274185233474019,-1.2913363398192446,0.7770239394823425,0.9575854850937996,0.9576390669280744,0.999999873896792,-0.1142857142857142,0.3645525759634459,2.5396144651628205,2.3291734339045008e-26,-0.0936351123666447
complex|I(kappa)B(alpha)-NF(kappa)Bp50-NF(kappa)Bp65 complex (human),complex,3,-0.15109531857743108,0.33949820547445253,-0.01646886690376844,0.9175531321134789,-0.1972425764652527,0.21055358894080412,0.1706967556673925,-0.18355195461428667,0.5728175213688396,0.08978582252721164,-1.1703973253039166,0.6918887478656565,0.9575854850937996,0.9124551191945832,0.999999873896792,-0.1255411255411255,0.4131504512468943,3.018045003256269,2.3291734339045008e-26,-0.114686946419745
complex|IKB(epsilon)-RELA-cREL complex (human),complex,3,0.017863056694563652,0.9106005725741304,0.10447709744771619,0.510241901484585,0.11159777352639295,0.48167408097169934,0.17936687342890023,-1.4333123593111876,0.9241157042446316,0.06874662721549266,0.5680545940225648,0.9669351357624012,0.95847488499609,0.8712664293910035,0.999999873896792,-0.022282980177717,0.2435759453247203,2.0424079689106853,2.7402866424540235e-26,-0.1048338943547892
complex|IKB(beta)-RELA-cREL complex (human),complex,3,-0.14699988606697015,0.35290040505118336,-0.08060159728034819,0.6118595199251063,-0.028710473712458655,0.856770231406756,0.1264878687698956,0.20256517182815026,0.4197374572246181,0.07783064507114269,0.037467064899737744,0.7041187300020274,0.9103859032768902,0.4845383691838814,0.9707755933458004,0.1527910685805422,0.4797462471721825,1.4512329048822366,2.48212915064249e-24,-0.1180657026478047
complex|IKB(alpha)-RELA-cREL complex (human),complex,3,-0.120248869456087,0.4481264376089729,-0.019605793933057666,0.9019191838048018,-0.031062461671953853,0.8451740825307169,0.15599241021759927,-0.3958175784306508,0.653880196005405,0.09249142208997359,-1.0318315217313405,0.7728421733613853,0.9575854850937996,0.70041215135667,0.999999873896792,0.0221918432444748,0.122874164602195,2.210427816319102,2.3291734339045008e-26,-0.0980655583336039
complex|MURR1-NF(kappa)Bp65-IKBA complex (human),complex,3,0.03337341811716038,0.8338115627394508,-0.049842285020928814,0.7539299303474146,0.13081919236778478,0.4089305489744995,0.13703142906278443,-1.2992735927409134,0.9030749732409318,0.12390426081382819,-0.7742649215665424,0.9322280192469957,0.9575854850937996,0.4911869832557552,0.999999873896792,0.1013442697653223,0.3746942936600835,0.9981957924616568,1.4074032503213652e-19,0.0290522525642829
"complex|TFIIH transcription factor complex (ERCC2, ERCC3, GTF2H1, CDK7, CCNH, GTF2H2) (human)",complex,5,0.10465137117156559,0.5095326981654741,-0.12687127096236428,0.42333460891748514,0.09497165174375446,0.5496618397744294,0.16718514013182706,-0.6020953086099655,0.7264446514142618,0.10725240650001791,0.3193275925981991,0.8134100523091247,0.9575854850937996,0.7392668127670046,0.999999873896792,0.004025974025974,0.3932186876659059,0.5690932276293531,2.4329773769039736e-10,-0.0261748077915237
complex|ILK-PARVB-ARHGEF6 complex (human),complex,3,0.24180479184104456,0.1228848528814544,0.1058712872385114,0.5045822124096812,0.282157452106338,0.07023571321636722,0.10245987909415936,2.0833424095218747,0.01861001182829124,0.07617068785147715,0.3919044155337095,0.5145896426775005,0.286759080635928,0.279896623091289,0.9765660442921006,0.2617680565048985,0.49022729561517,-0.7969966828311255,4.676574011091561e-15,0.0966936714615059
complex|EED-EZH-YY1 polycomb complex (human),complex,3,-0.26350187046029505,0.0917772502118765,-0.2913856662761993,0.06117029875335929,-0.19902684319314556,0.2063728689782497,0.16186107786822784,0.9153823342042361,0.179995474590182,0.08973789725315305,2.314281275238351,0.5136929078981881,0.663457823159001,0.8772467732496145,0.9462987983827524,-0.0968785600364547,0.4745976195383042,0.5211428437147416,8.381010662510971e-09,-0.0813111305935282
complex|Polycomb repressive complex (human),complex,3,-0.2579251112971142,0.09911950794050683,-0.10700406644353251,0.500007276317173,-0.23673975357815485,0.13117160832793517,0.14219428813182286,1.2989386630909658,0.0969824898941874,0.11470260819457982,-0.1134513443190611,0.5136929078981881,0.5299852515627526,0.1064442668470764,0.999999873896792,0.3581681476418318,0.3683444976117806,0.9460941688223492,5.2642256912348725e-19,0.0642157605538778
complex|CALM1-FKBP38-BCL2 complex (human),complex,3,0.001045642343096409,0.9947563203284282,0.04522403133891968,0.776114730797582,0.0015409576286347867,0.9922724795132585,0.16893223421341733,-1.38564034474819,0.9170716238032535,0.09703560943934673,-0.7770475939288894,0.9989712988278042,0.9575854850937996,0.750143334250245,0.9765660442921006,-0.0632262474367738,0.5017762265687102,0.137145545906608,0.0934778468998761,0.0379812427617408
complex|Tumor necrosis factor receptor 1 signaling complex (human),complex,4,0.17331521836822977,0.2723588300464781,0.021871352343099882,0.8906503724787267,0.07810222086185786,0.6229758652210481,0.16644011996237087,0.07160487072368421,0.4714581818756541,0.1516224965920755,-0.954904495369197,0.640502282345257,0.9515544596583838,0.956436663047172,0.999999873896792,-0.1726361357940305,0.1036675595342551,1.3750755852448735,6.228612237609641e-24,-0.0283509757443907
"complex|Ternary complex (TRAF2, FADD, TRADD) (human)",complex,3,0.3704188000419028,0.015746671403569584,0.1823774520083986,0.24768182150609794,0.3012166648815578,0.05256441913542775,0.15872415083893862,2.103992259214992,0.01768956112452737,0.11743434881591916,0.7798168361553545,0.4644200585751626,0.286759080635928,0.2701122504779672,0.999999873896792,0.1266575529733423,0.4697021696653782,,,
complex|LMO4-gp130 complex (human),complex,4,-0.24380893966531267,0.11971685160450649,0.053502033221766256,0.7364862734000689,-0.3185727139619706,0.03976363253533673,0.15229780727199196,0.8248456460004734,0.2047296140748711,0.08112441845189637,-0.3677093117204083,0.5144479402341297,0.6944879777288577,0.6350481141625192,0.979958403975743,0.0299498746867167,0.4323038571100729,1.7690454613848656,1.3781980135349775e-25,0.0440486627485361
complex|Vps29-Vps35-Vps26a complex (mouse),complex,3,-0.009759328535566483,0.9510881578157016,-0.002091284686192818,0.9895128585162344,0.015490679319433907,0.9224348216224559,0.13911400006278474,-1.083087571268298,0.8606152224484677,0.10258622754395019,-1.4601435924930393,0.9854591654991404,0.9575854850937996,0.2052388462110083,0.8818086116253029,0.3140123034859876,0.6252814553028723,0.2853610628595547,0.0007310803689689,0.3878962777759738
"complex|LINC complex, S-phase (human)",complex,5,-0.06744393112971837,0.6712888787388828,-0.1524023715063016,0.3352879189909487,-0.07558802683619058,0.6342421263877928,0.14156254588286882,-0.5255797741607774,0.7004098936490416,0.1301694011862142,0.23707884052074357,0.8770401152061406,0.9575854850937996,0.3623383096178339,0.9462987983827524,0.1529665071770335,0.5200947935012118,,,
complex|LINC core complex (human),complex,4,-0.030759312259419358,0.8466669616431942,-0.13645632577408134,0.3888576921792745,-0.03446878906156759,0.8284373317163971,0.11340862579499802,-1.0788848019465536,0.8596804576246536,0.08110699107951146,0.7866685518462736,0.9370889460696111,0.9575854850937996,0.7331478225610896,0.999999873896792,0.0087605377079061,0.4703489844838419,1.509459818942243,2.397712061380315e-25,0.0431776814480487
"complex|LINC complex, quiescent cells (human)",complex,6,0.022219899790798688,0.8889185375505092,-0.1323608932636204,0.40338276120182964,0.0150851641540037,0.9244593981377696,0.14584967948956412,-1.1156497458399786,0.8677139552052396,0.0860258669351608,0.645670107843221,0.9575432316485928,0.9575854850937996,0.778019081555419,0.999999873896792,0.0210982000455684,0.4425483401833126,1.519325335078639,3.9530497694267757e-25,-0.0487424821320979
complex|Emerin complex 1 (human),complex,6,0.3203151044351999,0.03863318353999527,0.22681725158999602,0.14860228702333025,0.3044607862049994,0.04994847509171173,0.1824123067531685,1.6214322374876198,0.05246248582288748,0.10719576753976685,1.5028870847227114,0.48662407764568755,0.4495522427488712,0.669300452600207,0.999999873896792,0.0049578491683754,0.3867338235337726,0.6485128099902767,6.706908017062835e-12,0.1528043857085647
complex|Emerin-actin-NMI-(alphaII)spectrin complex (human),complex,4,0.15937332046027763,0.3133828046499685,0.07763894397490836,0.6250455678187363,0.24687763271391,0.11498587937723814,0.13925341904186422,0.2244001724088485,0.4112229682730676,0.0889972339267931,-0.11930628908143669,0.6711263871019296,0.905513551016392,0.8117980311101903,0.9724192686585708,-0.033777625882889,0.4627922385011619,1.032466975323847,9.623017782085128e-20,-0.1429524610983032
complex|Emerin-actin-NMI complex (human),complex,3,0.28066783225946107,0.07179360712689806,0.1783691563598624,0.2584042252745785,0.399756850081098,0.008718367553863703,0.17316272885986156,0.842255280261951,0.1998225384365669,0.10014639541005858,1.2046559253550457,0.5136929078981881,0.6932700898573341,0.6636819706543965,0.9724192686585708,0.0326498063340168,0.5433366788739544,0.4090668348369147,3.608620534125388e-06,-0.2449873364288729
complex|Emerin architectural complex (human),complex,6,0.15153100288705457,0.3380911679001501,0.20686291020923955,0.1886992371540195,0.2300082018320134,0.14282077840748084,0.18635524975526124,-0.327801742158686,0.6284692150034394,0.10782750978872094,1.3622278612859609,0.6908400391995175,0.9575854850937996,0.6979638348302685,0.972663855239328,0.0098838004101161,0.4825751575994662,0.8099414364682161,1.1139397008253165e-15,-0.0463401016693545
complex|Emerin regulatory complex (human),complex,7,0.21871352343099884,0.16405457441829027,0.08025304983264937,0.6134046625354723,0.31670734420099167,0.041003642395084146,0.12058870321759334,1.0738365581995113,0.14144797079800558,0.08423956126570444,-0.053999553829374526,0.5565092775647998,0.6079067820949192,0.1358150654485683,0.8028422954355551,0.1210591413598932,0.5556212385455609,-0.1724104544017586,0.0358437860561724,0.1879846702240117
complex|Emerin complex 24 (human),complex,11,-0.02840661698745244,0.8582705798138066,0.029103711882850047,0.8548292852755041,0.048905128950882955,0.7584166339290204,0.1368963669268011,-1.159913664723446,0.8769580206764642,0.07858437892679135,-0.6457948650292283,0.9429712984515995,0.9575854850937996,0.7148014683195567,0.999999873896792,0.043590380910955,0.4016321078189857,-0.5102599868723927,9.191523444846824e-09,-0.0171972919440205
complex|Emerin complex 25 (human),complex,15,0.17592932422597077,0.2650802213118422,0.06360990920503153,0.689006084140659,0.18718580036258353,0.2352197700958341,0.1624710359017008,0.11697125762907286,0.45344141509228386,0.1100669271401857,-0.5934050145143946,0.6321864249628011,0.9369457928145323,0.4986865515761114,0.980110424927094,0.0553246753246753,0.4423920404680461,-0.3241803701731496,0.0003978905283458,0.0400127872690135
complex|Emerin complex 32 (human),complex,20,0.10186299158997515,0.520939222319845,-0.012721981841006307,0.9362667946525607,0.15912415091481322,0.31414979516999325,0.11913787446654707,-0.19460149313894254,0.5771475329747235,0.09683519465691995,-1.1232432216743897,0.8167234399366559,0.9575854850937996,0.0947994883189951,0.8741293923296176,0.0924743677375256,0.4565830198861055,-0.2063636040126102,0.0128018152624425,0.0428377206972667
complex|Emerin complex 52 (human),complex,18,0.01986720451883177,0.900617923271567,-0.0472281791631878,0.7664646291897044,0.08897002729538742,0.5752720653095352,0.18719176362973836,-1.768399416295165,0.9615029229526306,0.07480263911925934,-0.45278914171154366,0.9632055766006079,0.9684435119056092,0.3990596252235815,0.8368005560473967,0.0646393166517005,0.4774703426012766,-0.0759471511841338,0.3160305186270102,-0.0169594662551939
complex|Hsp110-Hsc70-Hsp25 complex (mouse),complex,3,0.09628623242679431,0.5441253395461798,-0.07633189104603784,0.6309001723860252,0.08459046350874118,0.594296020943421,0.15157457131801694,-0.49484168990796734,0.6896440632475327,0.1285878671422809,-0.6087309672781677,0.823616619570151,0.9575854850937996,0.2075226639552298,0.999999873896792,0.260833902939166,0.1964752267685148,-1.3674123001038212,4.1614076531807685e-25,0.3711012616669012
"complex|Membrane protein complex (VCP, UFD1L, SEC61B) (human)",complex,3,0.214879501506312,0.17175788886858362,0.3365225607531943,0.029324547701029834,0.31111123491805476,0.04491388602364023,0.13912271374897717,0.6705692903961568,0.25124747571438166,0.10733954336194262,3.1311663891058545,0.5649163693239746,0.7487286448016054,0.544779292977798,0.999999873896792,0.1065390749601276,0.1769375495748465,,,
complex|TIP5-DNMT-HDAC1 complex (human),complex,3,-0.0826057451046163,0.6030073206162408,-0.18281313631802215,0.2465346713347474,-0.022789952297177632,0.8860872082646167,0.19515171596655975,-0.9732362593123147,0.8347820531933392,0.10752253077198448,1.054954455179897,0.8498945208746413,0.9575854850937996,0.7413765378026332,0.999999873896792,0.0024379129642287,0.2284556701550874,0.3914104132528171,1.6330795571966434e-05,0.2493983901750892
complex|TGF-beta receptor-SMAD3 complex (human),complex,3,-0.10299577079499628,0.5162901162886595,0.014813266527199125,0.9258171396641434,-0.14874296267979992,0.3471573740405645,0.13311462711926908,-0.3078696458218491,0.6209092381011271,0.11021505980545772,-1.1278863295991117,0.8167234399366559,0.9575854850937996,0.8939519992292327,0.8056476993003061,-0.0957393483709273,0.6203459334962053,,,
complex|Pre-initiation complex (PIC) (human),complex,3,-0.06587546761507376,0.6785162638586412,-0.070755131882857,0.6561273980072259,-0.02676400091839366,0.8663896972807812,0.17186438961718348,-0.9158057580347551,0.8201156085440201,0.12850944396654865,-0.5878408464866098,0.8770401152061406,0.9575854850937996,0.9084426956487468,0.999999873896792,-0.1266575529733424,0.467059388929215,0.4265567873177464,1.395748979610727e-06,0.2034207877390654
complex|MRIT complex (human),complex,3,-0.17148534426781106,0.27753139760714063,-0.17043970192471464,0.2805158540656944,-0.06828875385844686,0.6674080198335041,0.1698645986360116,0.016732378874172484,0.4933250580835492,0.06483853895816982,2.072809375221158,0.6451344321743593,0.9575854850937996,0.2790350905502368,0.6546990428633584,0.1795625427204375,0.6382200591035281,0.321928861947985,0.0002491157549555,-0.0856446154567724
complex|SUMO1-SUA1-UBA2 complex (human),complex,3,0.1175476267364213,0.45846198922142667,0.11902895338914121,0.4527782594618784,0.06261154154242396,0.6936471153207019,0.15560900802513056,-0.45918447443440896,0.6769491506686243,0.08545512048955403,0.4439087360717071,0.7794971108370805,0.9575854850937996,0.3390451324152868,0.999999873896792,0.2178172704488493,0.3100192263355445,-0.6844381509776273,1.8762313903014204e-12,-0.058178466156516
"complex|Death induced signaling complex II (FADD, CASP8, CFLAR), cytosolic, CD95L induced (human)",complex,3,0.10412855000001738,0.5116617964599063,-0.05568045476988377,0.7261642022172533,0.11897814953722273,0.4529725534973866,0.14039491193307782,-0.34496721604269087,0.6349404913079277,0.10794078770922304,-0.670696757127461,0.8137599847952764,0.9575854850937996,0.7134403976048668,0.999999873896792,0.0278879015721121,0.4330592703129967,1.2349915937753204,2.1153913559694904e-22,0.0711825286012706
"complex|Death induced signaling complex DISC (FAS, FADD, CASP8, CFLAR), membrane-associated, CD95L induced (human)",complex,4,0.1877799374477301,0.2337101055766729,-0.049668011297079415,0.7547636789594087,0.24184924466257546,0.12281390913955782,0.1083590446464616,0.940482944231422,0.17348494712153018,0.08535055625524439,-0.564255026662832,0.606754250479696,0.6504091485674873,0.4928500304140168,0.999999873896792,0.120004556846662,0.4419573088266819,1.0247278939249058,6.072965256485171e-20,0.1030985160892294
"complex|Death-inducing signaling complex DISC (type I cells associated), stimulated (human)",complex,3,0.26829439786615356,0.08580968984648397,0.001045642343096409,0.9947563203284282,0.31103013188496875,0.044972703689360426,0.16912829215274788,0.9240676390913803,0.17772555033996074,0.1288754187866324,-1.6851611651718386,0.5136929078981881,0.6594603996678599,0.7608743200069324,0.999999873896792,-0.0243791296422875,0.4056643192660073,0.4289180279541124,6.202505444480064e-07,0.1720234294105126
complex|PGAM5-KEAP1-NRF2 complex (human),complex,3,0.3993482382009035,0.008793597008038435,0.2040745306276491,0.19486068997581651,0.3932686074342147,0.009980563011902142,0.15763058322178364,2.088257537428195,0.018387304800559702,0.11394887433893117,1.1664971831607873,0.4644200585751626,0.286759080635928,0.4726871150730589,0.999999873896792,0.1111187058555479,0.3715763231530409,0.3215099577878688,0.0001155008813795,0.0436311437261206
complex|Keap1-Nrf2-Cul3 complex (mouse),complex,3,0.16869696468622064,0.2855363729293817,0.02117425744770228,0.8941155404507932,0.12895382260680582,0.4157010964768386,0.14731793561299528,0.23604019355461495,0.40670074063271866,0.11496837562345015,-1.4219473545528185,0.6490066418837603,0.901721027695212,0.9872787099411848,0.999999873896792,-0.1885395306447937,0.226078485704846,,,
complex|Apoptosome-procaspase 9 complex (human),complex,3,0.11632771066947548,0.4631714488544034,-0.08983810464436645,0.571534460960331,0.18969999438825083,0.22887659203944904,0.12941566733056553,-0.18478344240551348,0.5733005523713239,0.08665760918411487,0.06911233015996042,0.7848265062571212,0.9575854850937996,0.9196973110299368,0.999999873896792,-0.0925039872408292,0.4117431303352201,0.9091184546238882,3.383417843263188e-18,-0.0038549930909576
complex|MAP2K1-BRAF-RAF1-YWHAE-KSR1 complex (human),complex,3,0.014116171631801518,0.9292990767829646,-0.12216588041843043,0.4408694890386012,0.12879161654063373,0.41629283295050845,0.13731462386403964,-0.9934394620748227,0.8397520807013716,0.11170510014437011,0.17042499969427646,0.9793670532259542,0.9575854850937996,0.0015595222685482,0.5934507995651634,0.4361357940305308,0.6715030365009609,1.4621025999253996,9.165753893752464e-25,0.1529266017974334
complex|PINK1-MIRO2-Milton complex (human),complex,3,0.2792736424686659,0.07327624283874803,0.036858892594148415,0.8167378399182376,0.31946484732591707,0.03918149738675195,0.12904969251048176,2.298057587415326,0.010779255873307482,0.1046165164267957,-0.8463418822167776,0.5136929078981881,0.21085030413862207,0.1741591741478244,0.999999873896792,0.2324219640009112,0.4207370680504569,-0.5812064347468312,2.0815494441082275e-10,0.1030687512852983
complex|HSP90-CDC37-LRRK2 complex (human),complex,3,0.3021035002929374,0.051838605371460386,0.13297085129709332,0.40119986732947616,0.22757511083943213,0.1472138480614604,0.16148638936195164,1.668465744255356,0.04761165332324613,0.12363413654186164,0.1287435790203536,0.5001451021129545,0.4240476187470389,0.8712664293910035,0.999999873896792,-0.1172476646160856,0.4231742973234585,0.5598441328764375,9.52032105825438e-10,-0.1967845894080591
complex|FAS-FADD-CASP8-CASP10 complex (human),complex,4,0.3158711244770402,0.041569659055938624,-0.02160994175732578,0.891949578538249,0.329116108263156,0.03331749893433673,0.11154389694980942,2.3745169794110104,0.008785964001458434,0.1225579962970916,-1.1497001974094545,0.4910698601145319,0.1876430883168623,0.7280269461563916,0.999999873896792,0.0710868079289131,0.1876673755719334,0.3626959035724155,2.198572106241564e-05,0.0935597983930613
complex|FAS-FADD-CASP10 complex (human),complex,3,0.45136894476994976,0.0026970712399160155,0.0472281791631878,0.7664646291897044,0.44525565164236725,0.0031289333906313454,0.14916088024270274,2.8384826201696907,0.0022664293913325535,0.1103370514121523,-0.7227950371517621,0.4644200585751626,0.0929751484862263,0.4108896824072203,0.999999873896792,0.0672134882661198,0.0637495917857099,0.4404983809365934,5.384565539607476e-07,0.0424116887287001
complex|FE65-TSHZ3-HDAC1 complex (human),complex,3,0.24032346518832462,0.12526659950689611,-0.04208710430963045,0.7912856933611233,0.19683706129982245,0.2115119136217921,0.12677106357115087,1.078460274805207,0.14041420035550733,0.1073874686360012,-0.8031873218142395,0.5145896426775005,0.6047055994734092,0.9570663333219012,0.999999873896792,-0.1894736842105263,0.3801490383068573,,,
"complex|Gamma-secretase complex (Aph1a, Psen1, Psenen, Ncstn) (mouse)",complex,4,0.09907461200838474,0.5324708288579764,-0.03825308238494362,0.8099312445954779,0.19643154613439226,0.21247326700594904,0.16285008125107323,-0.6963841834549502,0.7569058672401239,0.07614454679289974,-0.6062349876969302,0.821597399541051,0.9575854850937996,0.0049336588447675,0.8028422954355551,0.5214855320118478,0.6535689203545935,0.8352676645179994,3.283500829801664e-16,-0.0022952722667792
complex|BRAF-MAP2K1-MAP2K2-YWHAE complex (human),complex,3,0.10482564489541499,0.5088239916234943,-0.02500827937238911,0.8750828715260762,0.17664240606139817,0.2631173403232869,0.16845298147283144,-0.48148620386637936,0.6849145086804359,0.08808229687658373,-1.0381655610571003,0.8134100523091247,0.9575854850937996,0.3642675260503951,0.8942989776529788,0.1049441786283891,0.53469971018856,0.915961554735277,8.019496885404513e-18,-0.0314577899001706
complex|PPP2R1A-PPP2R1B-PPP2CA-PPME1-EIF4A1 complex (human),complex,5,-0.23884213853560474,0.12768278752969967,-0.15736917263600952,0.3195855488425867,-0.21094898905679368,0.17992190587380866,0.16556439450002763,0.7541521307583078,0.2253789388222855,0.09865635507114617,0.719406888524293,0.5145896426775005,0.7151227627011635,0.9084426956487468,0.999999873896792,-0.0322624743677375,0.2552171593595875,0.8984924081994206,1.0347120318488489e-17,-0.0107016646643071
"complex|Ksr1-PP2A holoenzyme complex (Ppp2r1a, Ppp2r2b, Ppp2ca), PDGF stimulated (mouse)",complex,4,0.00043568430962350363,0.9978151209673564,-0.20999983723852877,0.18193427086203617,0.1205191071658575,0.4470995041511344,0.17372476161927583,-1.5417652719527506,0.9384346779987116,0.07932504225315132,2.62639891270996,0.9996849937628873,0.9604017160313764,0.8525761890243797,0.999999873896792,-0.0351105035315561,0.3492334783003041,1.0247216767247838,4.2756891342811194e-20,-0.065319313208718
"complex|Ksr1-PP2A core enzyme complex (Ppp2r1a, Ppp2ca), untreated (mouse)",complex,3,0.14630279117157255,0.3552132569043864,-0.09576341125524611,0.5463240601715871,0.19772919466376893,0.20940759322581937,0.13360259354604742,0.11750133190366857,0.4532313943248611,0.09937523418202496,-0.042283540536895634,0.7057590905608639,0.9369457928145323,0.8630538787657172,0.999999873896792,-0.0578035999088631,0.2721534926405876,,,
"complex|Raf1-PP2A holoenzyme complex (Ppp2r1a, Ppp2r2b, Ppp2ca), PDGF stimulated (mouse)",complex,3,-0.052020706569046345,0.7435316297624992,-0.09585054811717082,0.5459573128499994,0.020032449172252224,0.8997954938374134,0.1835668701736708,-1.209997804926892,0.8868601324083973,0.09358063286403237,0.033902710307569014,0.899439261072026,0.9575854850937996,0.9029285704252132,0.999999873896792,-0.0943039416723627,0.4399352174844619,1.4531669788195951,1.3781980135349775e-25,-0.0381738120235376
"complex|Ksr1 complex (Ksr1, Mek, 14-3-3), unstimulated (mouse)",complex,7,0.2868545494561148,0.06549742013999257,0.030236491087871152,0.8492428700796792,0.35393363638748465,0.021475265983887944,0.12992106112972882,1.363873835487933,0.08630363843743333,0.09184225246863457,-0.7761693688673867,0.5122798637865735,0.5161006620102556,0.1329282530884564,0.8773698159345004,0.1812583406568368,0.5618461883334394,0.4759679637248388,6.651630575085898e-08,0.0063408953974594
"complex|Ksr1 complex (Ksr1, Mek, 14-3-3, Mapk), EGF stimulated (mouse)",complex,8,0.25112843606698754,0.10866791567558974,-0.0065352646443525555,0.9672356380487587,0.33438780541374863,0.030432535462413746,0.11109514211089719,2.040779280155928,0.02063638548084338,0.06861592192260559,-0.9791895334984944,0.5144479402341297,0.30204164203779854,0.1540224496797015,0.8056476993003061,0.1895054193926374,0.5931649385602245,0.8629113918918007,1.583207824791085e-16,0.0374990787084498
complex|BRAF-RAF1-14-3-3 complex (human),complex,6,0.17261812347283217,0.2743217967517383,0.0589045186610977,0.7109754012201911,0.2673155970515924,0.08700328421195927,0.16335547505023645,0.07392694412945808,0.47053425809515625,0.12687127096236428,-1.1494515125286155,0.6436721082975204,0.9506063727733224,0.2073937390386745,0.901468107947962,0.1597174755069492,0.558183450611046,0.1859490761478505,0.0088402473058491,0.057287648096006
complex|KSR1-RAF1-MEK complex (human),complex,3,0.05585472849373317,0.7253404715368845,-0.044439799581597376,0.7799000146783212,0.13041367720235456,0.41039701072561774,0.15578328174897998,-1.0092400425181012,0.8435702364630218,0.11184451912344964,-1.17384105068242,0.8945624927844091,0.9575854850937996,0.6779870953163103,0.999999873896792,0.0637047163362953,0.4775472679897408,1.5787374699144354,1.2687879709368823e-25,0.0795685366179244
complex|KSR1-BRAF-MEK complex (human),complex,3,0.05585472849373317,0.7253404715368845,-0.044439799581597376,0.7799000146783212,0.13041367720235456,0.41039701072561774,0.16542061867785188,-0.8428602349433826,0.8003466923227704,0.13047438020295066,-0.7499341235762753,0.8945624927844091,0.9575854850937996,0.6093955283600136,0.999999873896792,0.0637047163362953,0.4775472679897408,,,
"complex|RAF1-RAS complex, EGF induced (human)",complex,3,0.18403305238496795,0.24334172402685103,-0.03346055497908509,0.8333837652357771,0.1320357378640754,0.4045492049874124,0.16207020633684716,0.18100178929030994,0.4281830857812037,0.08931092662972202,-0.9598362290568868,0.6166031820680378,0.917284747738034,0.9063816108448932,0.999999873896792,-0.1574390521758943,0.2316326462775811,0.6256112116638045,3.1563355828562983e-11,0.0456093757328455
"complex|Ksr1-CK2-MEK-14-3-3 complex, PDGF treated (mouse)",complex,8,0.19649362364020018,0.21232590363439968,0.024921142510464407,0.8755147023199845,0.30162218004698793,0.05223152553413328,0.1336243777615286,0.7499946896608661,0.22662895152194334,0.09005594679917821,-1.214007506294513,0.5976702966310692,0.7151227627011635,0.279896623091289,0.7558882512503801,0.1600917879113368,0.5881921581792864,0.38458263238842,1.7520055170351565e-05,-0.0256742211285267
complex|B-Ksr1-MEK-MAPK-14-3-3 complex (mouse),complex,8,0.25112843606698754,0.10866791567558974,-0.0065352646443525555,0.9672356380487587,0.33438780541374863,0.030432535462413746,0.18425960822597218,0.582920734771134,0.2799733307897525,0.07993064344352799,-1.2282506022014297,0.5144479402341297,0.7800374844249699,0.0029785537208845,0.7561258166152436,0.1895054193926374,0.5931649385602245,0.8629113918918007,1.583207824791085e-16,0.0374990787084498
"complex|Ksr1-Mek-Braf complex, EGF induced (mouse)",complex,3,0.05585472849373317,0.7253404715368845,-0.044439799581597376,0.7799000146783212,0.13041367720235456,0.41039701072561774,0.12652272351466548,-0.6242678082478786,0.7337741392321422,0.10984908498537396,-0.9155285039688948,0.8945624927844091,0.9575854850937996,0.5250373832756087,0.972663855239328,0.0637047163362953,0.4775472679897408,,,
"complex|Ksr1-Mek-Braf-Erk complex, EGF induced (mouse)",complex,5,0.04565971564854319,0.7740139974228984,-0.011153518326361694,0.9441110680003594,0.1291160286729779,0.4151098381049401,0.12677977725734335,-0.8182946654721819,0.793405524285215,0.1038976373159169,-1.5124622127436247,0.9085708509990109,0.9575854850937996,0.3904087251532605,0.878356760271728,0.0976555023923444,0.5466686687834591,1.7748362197953915,9.101321925378302e-26,0.0445335584634867
pathway|ABC Transporter Disorders,pathway,45,0.27360974644356034,0.07954865098003047,0.02936512246862415,0.8535394808186823,0.3122466773812594,0.044096970176278755,0.16147767567575916,1.320695154000404,0.09330151527668012,0.05553667894770801,-0.6908971341943313,0.5136929078981881,0.5299852515627526,7.160510540886763e-25,0.9724192686585708,0.2296882702624329,0.3696352883127223,0.5754777295914343,3.443098239540607e-10,0.0569027293110315
pathway|ABC-family Proteins Mediated Transport,pathway,65,0.16695422744772662,0.29061495561331296,-0.03302487066946158,0.8355232248631813,0.22270892885426968,0.15629670619033922,0.15852809289960806,0.10157952307926311,0.4595452167886451,0.07732525127197945,-0.6973207047407248,0.6511141892766261,0.9408711154089859,1.2808814689934478e-10,0.999999873896792,0.1261508228613491,0.393965036605397,-0.0065586073343657,0.7534388697309417,0.0425906862546135
pathway|AKT Phosphorylates Targets in the Cytosol,pathway,14,-0.0352032922175791,0.824837936723725,-0.004356843096235036,0.9781538097992344,0.10056776102669134,0.5262803439326939,0.1527901305418665,-0.96712065964317,0.8332581406288723,0.0667773341359944,-1.5663238011517422,0.9315884827142438,0.9575854850937996,0.3986622475420938,0.999999873896792,0.063504916136495,0.3347294017386175,1.2189471255081066,2.449142202256894e-23,0.1377783501147789
pathway|AKT Phosphorylates Targets in the Nucleus,pathway,9,0.08826964112972184,0.5782957312748526,0.0831285662761645,0.6007072024097732,0.15896194484864112,0.3146497334469819,0.1307052928870511,-0.5402925157813784,0.7055023405241875,0.12073683588286532,-0.5868642806494792,0.8382084249018467,0.9575854850937996,0.4136875607660411,0.8268322112593721,0.1007974481658691,0.5366267694892067,0.2428283152726114,0.0053658335844115,-0.0167200629209915
pathway|ALK Mutants Bind TKIs,pathway,9,-0.0709294056067064,0.6553331210731426,-0.013070529288705111,0.934524404700445,-0.05214925027432462,0.7429194329193555,0.09356756233474364,-0.3342774121867251,0.6309148832367666,0.07451508747490783,-1.0387167564221684,0.875728672318497,0.9575854850937996,0.053340243976392,0.8056476993003061,0.1626870205817574,0.5607019807452123,1.370334963986432,8.033235103876599e-24,0.0767402037716516
pathway|AMPK Inhibits chREBP Transcriptional Activation Activity,pathway,5,-0.03485474476988029,0.8265455386528193,-0.09628623242679431,0.5441253395461798,0.060097347516756675,0.7053833927870319,0.15721668312764134,-0.9835599557947096,0.8373340388135797,0.09607710395817502,0.0028303075039043096,0.9315884827142438,0.9575854850937996,0.7073030078855206,0.8049119180574409,0.0341353383458646,0.6120785630034359,1.313970437703681,2.717108708515551e-23,0.1417535257763202
pathway|APC Truncation Mutants Have Impaired AXIN Binding,pathway,13,0.1419459480753375,0.36987612096731265,-0.14996253937240997,0.3431733778322119,0.1849149154361744,0.24105106275788832,0.14160175747073495,0.0036610161705987873,0.4985394691229077,0.09788955068620879,0.6460581910651971,0.7147344340593939,0.9575854850937996,0.1221059000342519,0.999999873896792,0.1358150621308516,0.2698589467035261,1.1067352306360732,2.9224163003255048e-21,0.076760415959445
pathway|APC-Cdc20 Mediated Degradation of Nek2A,pathway,18,0.1418588112134128,0.37017301792660434,-0.04304560979080216,0.7866417659236613,0.11938366470265294,0.4514229653588138,0.12750301321131835,0.17931347770222675,0.4288457823448174,0.07676321851256511,-0.622469200371712,0.7147344340593939,0.917765053627508,0.0743857050843638,0.999999873896792,0.0881664946680426,0.3285663280447218,-1.0990190918366491,3.807966436642142e-21,0.1035983956770681
pathway|APC C-mediated Degradation of Cell Cycle Proteins,pathway,58,0.16033182594144937,0.3104434085757527,-0.020912846861928177,0.8954154832750254,0.1936740430094669,0.21909100551166585,0.13139367409625624,0.3145026803258694,0.37656964053184283,0.07227567012344302,-1.0341414902838992,0.668475364350875,0.8690325308920791,9.696757480363984e-11,0.999999873896792,0.1452251731457004,0.3978459995798307,0.3913633741786799,1.3609470754046072e-05,0.0756576809288924
pathway|APC C Cdc20 Mediated Degradation of Cyclin B,pathway,17,0.1798504830125823,0.2544061206400626,-0.022307036652723388,0.8884856581760586,0.1320357378640754,0.4045492049874124,0.16212684529709823,0.24319374653661824,0.40392765550574533,0.09924017204604166,-1.08169010952366,0.6215860181637165,0.8986994506766132,0.4307159133670919,0.999999873896792,0.0762946805516464,0.3082680478220586,-1.12153059910498,1.5065439903097278e-21,0.0875610951592378
pathway|APC C Cdc20 Mediated Degradation of Securin,pathway,47,0.22263468221761037,0.15643838497664275,0.003224063891213927,0.9838329400476911,0.26382816662889264,0.09136104392114829,0.12264949000211249,1.3426162594916737,0.0896981313533678,0.07029766335775232,-1.1843389359245178,0.5484514903787492,0.521494969229441,5.7375762649374255e-16,0.999999873896792,0.1920844917777582,0.4136630730250302,0.2950572525235046,0.0008665986764018,0.0706217970920775
pathway|APC C Cdc20 Mediated Degradation of Mitotic Proteins,pathway,48,0.20390025690379973,0.19525043783952073,-0.02108712058577758,0.8945488244985592,0.2479319721440285,0.11339350280827694,0.12240986363181958,1.2103949733096397,0.11306368491098312,0.08354246637030684,-0.8929372575837745,0.5821355646696821,0.5610323348232203,1.4428352666669213e-15,0.980110424927094,0.1939986571845474,0.4200731633786808,0.2534400337111039,0.0037540665987947,0.0743596095717468
pathway|APC C Cdh1 Mediated Degradation of Cdc20 and Other APC C Cdh1 Targets in Late Mitosis Early G1,pathway,51,0.22263468221761037,0.15643838497664275,0.023701226443518603,0.8815640220008442,0.26212500293408575,0.09354966755596335,0.15166170817994168,0.8339914126154983,0.2021429114727551,0.07790471140377869,-1.0309799263128854,0.5484514903787492,0.6932700898573341,4.1257287899503104e-08,0.999999873896792,0.1685172825110905,0.4050569263857493,0.2707824747804668,0.0024628933308326,0.072763390903655
pathway|APC Cdc20 Mediated Degradation of Cell Cycle Proteins Prior to Satisfation of the Checkpoint,pathway,48,0.20390025690379973,0.19525043783952073,-0.02108712058577758,0.8945488244985592,0.2479319721440285,0.11339350280827694,0.11486381138914051,1.2750364825786067,0.1011481646687345,0.07786985665900882,-0.9638024452887475,0.5821355646696821,0.5359572370928134,6.703773515669336e-16,0.9679703265045758,0.1939986571845474,0.4200731633786808,0.265530544145917,0.0031135903791864,0.0751632288230516
pathway|APEX1-Independent Resolution of AP Sites via the Single Nucleotide Replacement Pathway,pathway,5,0.04060577765691055,0.7984766556629292,-0.19100400133894402,0.22563321262674718,0.07461479043915809,0.6386254269303007,0.1390050789853789,-0.9445425172731814,0.827553757179739,0.11811837318202807,1.0409159299444732,0.9186999221693646,0.9575854850937996,0.0414147012070757,0.999999873896792,0.2097470950102529,0.3443007458868769,-1.056944929451734,1.336124451289312e-20,0.0972260104699953
pathway|ARMS-mediated Activation,pathway,5,0.177323514016766,0.2612515061150393,0.06596260447699846,0.678113988004522,0.15328473253261823,0.33246402651301993,0.1521235335481425,0.25880684399248005,0.397892138504076,0.10280406969876192,-0.46055613428156267,0.6299532284548125,0.8915943931084829,0.4359123027014266,0.972663855239328,0.097265892002734,0.479262458575784,,,
pathway|ATF4 Activates Genes in Response to Endoplasmic Reticulum Stress,pathway,24,0.19579652874480255,0.21398479208922194,-0.10508705548118907,0.5077618643539412,0.15636664778988782,0.32271710032423373,0.1312019730000219,0.5435440081840697,0.2933776495516944,0.11164410434102283,-0.07266828331138712,0.5983214878938826,0.7891742504925061,0.9615050699277105,0.999999873896792,-0.0006810504522175,0.2290330055743653,-0.7996172221532754,4.4238793301503536e-16,0.0038437934763875
pathway|ATF6 (ATF6-alpha) Activates Chaperone Genes,pathway,9,0.3038462375314314,0.05043579481907409,-0.032589186359838075,0.8376638558584298,0.26504471212518327,0.08982213398668314,0.2028371871883184,0.8677150877338806,0.19277516207685097,0.08545076364645778,-0.8124337536474721,0.5001451021129545,0.6873567533677156,0.3122482317424816,0.999999873896792,0.1107598541809067,0.0528752350800277,0.453286876753307,1.2559507366288328e-07,0.0264371289170782
pathway|ATF6 (ATF6-alpha) Activates Chaperones,pathway,10,0.202070382803381,0.19937601621083706,-0.04452693644352208,0.7794791778637526,0.15766429631926446,0.3186673373466821,0.13385529044562902,0.7866359871572504,0.215747493200251,0.07393998418620482,-0.4661708475804824,0.5852650798447152,0.7106757645255876,0.4923552854681234,0.999999873896792,0.0596977291714133,0.024769777034039,0.4356753406857134,2.9495983974075455e-07,0.0240946087822407
pathway|AUF1 (hnRNP D0) Binds and Destabilizes mRNA,pathway,39,0.2738711570293344,0.07925020728879723,0.00026141058577410224,0.9986890715717771,0.3047040953042575,0.049756590142098364,0.10957460387031118,2.291819113144032,0.010958041646914423,0.058538543841013944,-1.3973336666677802,0.5136929078981881,0.21236278858325822,1.9357159887944463e-11,0.972663855239328,0.2254107849675716,0.4007097292713426,0.4720280503865457,1.6064926162238802e-07,0.0453475730531244
pathway|AURKA Activation by TPX2,pathway,49,0.1297467874058794,0.41281520413383926,-0.02596678485356082,0.8703351210442147,0.16715335119033134,0.29003174178338925,0.11399244276989348,0.20649438471727324,0.41820237528805726,0.08967690144980577,-1.1814221567508252,0.7526325977805972,0.9103176797891954,0.0090643282092157,0.999999873896792,0.1097928029721799,0.3473528248150071,0.5380399104075675,3.449060507980088e-09,0.0142189429590211
pathway|AXIN Missense Mutants Destabilize the Destruction Complex,pathway,13,0.1419459480753375,0.36987612096731265,-0.14996253937240997,0.3431733778322119,0.1849149154361744,0.24105106275788832,0.14523100776989872,-0.03519014232706855,0.5140359386761488,0.10501734599164932,0.6380200884398481,0.7147344340593939,0.9575854850937996,0.1957201470452589,0.999999873896792,0.1358150621308516,0.2698589467035261,1.1067352306360732,2.9224163003255048e-21,0.076760415959445
pathway|Aberrant Regulation of Mitotic G1 S Transition in Cancer Due to RB1 Defects,pathway,12,0.1978006765690707,0.20923961863449225,0.13715342066947894,0.38641622428110584,0.23690195964432692,0.13089992956744742,0.17489239556906686,0.2297757877693551,0.40913299996423924,0.13536275815692636,0.01751786090995702,0.5963203374668667,0.9051959502380049,0.3707799624687868,0.999999873896792,0.0731342819859566,0.2077465541025221,-0.3512524655445845,9.41899918402664e-06,0.0021143120714507
pathway|Aberrant Regulation of Mitotic Cell Cycle Due to RB1 Defects,pathway,27,0.19753926598329657,0.20985436098933088,-0.0711036793305558,0.6545392190271758,0.19683706129982245,0.2115119136217921,0.14726565349584048,0.5170078931918334,0.30257532441717777,0.08379080642679224,-0.299624172213859,0.5963203374668667,0.7976321521711213,0.2615169162566377,0.999999873896792,0.085232311548101,0.2281156179152112,-1.428472221874663,1.8455452562358874e-24,0.027920143736944
pathway|Aberrant Regulation of Mitotic Exit in Cancer Due to RB1 Defects,pathway,16,0.13244803012554512,0.4030705009781469,-0.0952405900836979,0.5485270067459611,0.11281431902268357,0.4768785681622361,0.12605218446027208,0.09987600330530043,0.46022138383184674,0.10998414712135726,-0.18644593276656501,0.7432833114953846,0.9408711154089859,0.2425377733853249,0.999999873896792,0.1151725905673274,0.3098716176002771,-1.3091625116093333,4.2273287370768564e-24,0.0778515965729818
pathway|Abortive Elongation of HIV-1 Transcript in the Absence of Tat,pathway,22,0.3305972541423146,0.032485088180904544,-0.0721493216736522,0.6497837214795716,0.3062450529328923,0.0485550830324886,0.12560778646445608,2.6691664434375566,0.0038019879149295906,0.047415523416325905,0.586290684181255,0.4857625830347534,0.11702295155805342,0.0719184375116565,0.999999873896792,0.1172799176216811,0.15810096225235,-0.406370428571104,4.564937077671501e-06,0.0388312407457727
pathway|Acetylcholine Regulates Insulin Secretion,pathway,7,0.06892525778243828,0.6644897493106454,0.007058085815900759,0.9646160814406157,0.14355236856229328,0.364428177984655,0.18334031433266657,-0.8482959111335431,0.8018634029122591,0.0736262914832759,-0.9513393483402994,0.8770401152061406,0.9575854850937996,0.2923344105229477,0.972663855239328,0.0904208573381505,0.4627951460631104,1.6489216409498308,1.3781980135349775e-25,-0.0411962281421969
pathway|Activated NOTCH1 Transmits Signal to the Nucleus,pathway,20,0.21801642853560124,0.16543621509648157,-0.014464719079500322,0.9275579414192803,0.2907543736134584,0.06175913845350745,0.11844949325734193,1.1821272270746292,0.11857761124394456,0.08691030608369651,-1.2336473061118933,0.5575813175474008,0.5666277176565662,0.1564255104895496,0.9219572355303276,0.0862456380184911,0.4881552417863755,1.0274042432110455,6.364417451614726e-20,0.0564529274955615
pathway|Activated NTRK2 Signals Through CDK5,pathway,4,0.3260661373222301,0.03508692870677962,0.12251442786612925,0.43955704213500035,0.3728306430965323,0.01502844614958013,0.14900403389123826,1.4275500628146718,0.07671070289802881,0.10200241056905471,0.1974849742132362,0.48627586911918697,0.5040412921614407,0.1833150432983541,0.901468107947962,0.1651401230348598,0.543361746823531,-0.3588423430909264,2.5277600433152348e-05,0.1420297521764385
pathway|Activated NTRK2 Signals Through FRS2 and FRS3,pathway,8,0.10151444414227635,0.5223738764700382,0.014726129665274425,0.9262523083908633,0.16942423611674046,0.28343417456600345,0.12172148242261446,-0.20834221333426,0.5825191133738198,0.08355553689959552,-1.101737212715712,0.8171364151358669,0.9575854850937996,0.7445088639104076,0.999999873896792,0.0482521238160335,0.3396696525523426,0.6456726561552909,2.524015817197674e-11,0.0504073397171751
pathway|Activated NTRK2 Signals Through RAS,pathway,6,0.24685872983267718,0.1150145821094802,0.04365556782427507,0.7836903248145912,0.2815897308747357,0.07082627795356317,0.1994824180042174,0.36965468318994255,0.3558199006129231,0.11346526475524903,-0.9741654228047762,0.5144479402341297,0.8496371715919718,0.8535477797802433,0.999999873896792,0.0189792663476873,0.4143294956754547,0.7576898618234168,4.154143745238233e-14,0.0235377363596021
pathway|Activated NTRK3 Signals Through RAS,pathway,6,0.24685872983267718,0.1150145821094802,0.04365556782427507,0.7836903248145912,0.2815897308747357,0.07082627795356317,0.14024677926780585,0.8857886869158119,0.1878657035931004,0.08425698863808936,-0.7640923759067606,0.5144479402341297,0.6791069388952662,0.7200173669935815,0.999999873896792,0.0189792663476873,0.4143294956754547,0.7576898618234168,4.154143745238233e-14,0.0235377363596021
pathway|Activation of APC C and APC C Cdc20 Mediated Degradation of Mitotic Proteins,pathway,48,0.20390025690379973,0.19525043783952073,-0.02108712058577758,0.8945488244985592,0.2479319721440285,0.11339350280827694,0.15563079224061177,0.6553016367009273,0.25613678362169223,0.04664436218829231,-1.0237893975977492,0.5821355646696821,0.7508332731586802,2.926998539687341e-17,0.972663855239328,0.1939986571845474,0.4200731633786808,0.2534400337111039,0.0037540665987947,0.0743596095717468
pathway|Activation of BAD and Translocation to Mitochondria,pathway,14,0.19823636087869417,0.2082178383031052,0.025269689958163213,0.8737875943098696,0.31727506543259393,0.040622957078838416,0.16127726089333236,0.2708458896974988,0.3932547818127774,0.07511197497909203,-0.7655274022253674,0.595355103235518,0.8907816648637913,0.8104437741459828,0.999999873896792,0.0297476959131094,0.4390305376330562,0.217818237758876,0.0055089713100492,0.0133700137393678
pathway|Activation of BH3-only Proteins,pathway,26,0.02126139430962698,0.8936822867940926,-0.041825693723856354,0.7925534640807853,0.16350371470145944,0.3008416181495145,0.1122148507866296,-1.1001378653434222,0.8643639710414628,0.08415242440377975,-0.5455459164071711,0.9597111473884227,0.9575854850937996,0.6730253736201102,0.999999873896792,0.0494421368105578,0.3389724801430961,0.0503801220980178,0.3640062598782963,0.0013455017584442
"pathway|Activation of IRF3, IRF7 Mediated by TBK1, IKKε (IKBKE)",pathway,17,0.29966366815904577,0.05385510573407855,-0.054983359874486167,0.7294621638791101,0.2692620698456574,0.08464221592492148,0.13976752652722,1.5853531186109155,0.05644306325287321,0.08284972831800547,-0.39184336444746515,0.5001451021129545,0.4559842262554719,0.7990679732603162,0.999999873896792,0.0212863375015077,0.3701759492714335,1.14473067359046,3.899604171754732e-22,0.1125827534060096
pathway|Activation of NF-kappaB in B Cells,pathway,51,0.21383385916321562,0.1739032569604061,-0.022045626066949285,0.8897843917740833,0.24890520854106107,0.11193849888680965,0.12330737330964406,1.0470866651405313,0.147529804468517,0.062054516219675636,-0.8647060884808382,0.566059457105395,0.620039921189972,1.5985356416641837e-07,0.999999873896792,0.1237535550105209,0.3607991106770896,1.3828623663430295,7.083372621398941e-25,0.0361367115769521
pathway|Activation of NOXA and Translocation to Mitochondria,pathway,4,-0.0076680438493736645,0.9615603982205807,-0.06683397309624546,0.6740960987065281,0.004298460753560194,0.9784464830103171,0.16173908626153324,-1.4439781016299498,0.9256274323547278,0.10950053753767516,-0.5543010740599699,0.9894149853912488,0.95847488499609,0.7966044655155313,0.999999873896792,-0.0253588516746411,0.1911229474291596,-0.6761019830639303,1.1001592529268829e-12,0.1036807336933972
pathway|Activation of PUMA and Translocation to Mitochondria,pathway,6,-0.132186619539771,0.4040076995967898,-0.1611160576987717,0.3080515132810831,-0.09537716690918469,0.5479511230358726,0.14465154763809945,-0.10783257540973121,0.5429357489484546,0.09527544482846778,0.9162150368670743,0.7443557352606346,0.9575854850937996,0.9402093744321144,0.999999873896792,-0.0616085668717247,0.300633918109097,,,
pathway|Activation of RAC1,pathway,8,8.713686192470073e-05,0.9995630236891528,0.04870950581590771,0.7593541876622331,0.07502030560458829,0.6367975641991104,0.13338475139123565,-1.7871291347011602,0.963041690215142,0.10214618639123044,-0.6380782179020488,1.0,0.96952681944218,0.5310842013215106,0.8818086116253029,0.0722195098134947,0.5370196782056412,1.2831883585398751,2.449142202256894e-23,-0.0100526867095039
pathway|Activation of RAC1 Downstream of NMDARs,pathway,6,0.16050609966529875,0.3099108599912537,0.05620327594143198,0.723693927787407,0.2442823356551567,0.11897760949480085,0.1499059004121589,0.1264198950894495,0.4496997772459306,0.07477649806068193,-0.39845915251085456,0.668475364350875,0.9319026076987453,0.630874450827572,0.941669659369174,0.0778127136021872,0.5118512553371356,0.6605595741184473,2.20425689332457e-12,0.1043097632164749
pathway|Activation of RAS in B Cells,pathway,5,0.06195430882846223,0.6967083976800913,-0.06918666836821238,0.663292635584021,0.04120034080770903,0.7955883923594778,0.13457852639960405,-0.6620176069634504,0.7460200310956495,0.0982250276046189,-0.35594150545770015,0.8837640462693522,0.9575854850937996,0.6098997164556126,0.999999873896792,0.0649350649350649,0.3832712939316503,0.1493026980763505,0.0982631061126793,0.032107654786
pathway|Activation of Caspases Through Apoptosome-Mediated Cleavage,pathway,6,0.10186299158997515,0.520939222319845,-0.02919084874477475,0.854399308822891,0.16901872095131026,0.28460508036305243,0.13392499993516882,-0.2858937024807623,0.6125202313865291,0.12462749676780324,-1.1259139436746004,0.8167234399366559,0.9575854850937996,0.0081262817222495,0.972663855239328,0.1815447710184551,0.4625610444780954,1.3868643893785817,5.551844845657559e-24,0.1125658884523384
pathway|Activation of Gene Expression by SREBF (SREBP),pathway,32,0.08556839841005612,0.5900241415619042,-0.10012025435148116,0.5281319545517487,0.1892944792228206,0.22989168063518145,0.15814469070713938,-0.6353889488879223,0.7374126130888445,0.09169847664645882,0.11215811930626664,0.8457564309856219,0.9575854850937996,0.0004811519306464,0.9235531794902556,0.1075159030273631,0.4757227691293259,0.5400001553368781,1.009128420254431e-08,0.0119689824821054
pathway|Activation of the AP-1 Family of Transcription Factors,pathway,8,-0.05550618104603437,0.7269882376396481,-0.11510779460252966,0.4679067233995226,0.03990269227833237,0.8018955209367837,0.12338143964228002,-0.7494497604953244,0.7732069157252488,0.11392709012344997,0.014996686592776268,0.8950508125763432,0.9575854850937996,0.8848111123255371,0.999999873896792,-0.0076628258959086,0.3517897989776853,1.4692856500840028,2.3448249530806785e-24,0.0914582550557645
"pathway|mRNA Activation Upon Binding of the Cap-Binding Complex and eIFs, and Subsequent Binding to 43S",pathway,50,0.2517383941004604,0.10778344825591457,0.0812115553138211,0.6091595166186238,0.17250615137401004,0.2746379660453615,0.20150399320087042,0.48442527234371324,0.3140420431723942,0.05053937991632642,0.7040708553271839,0.5144479402341297,0.8084747802703827,1.5449540105514382e-21,0.5387316464886753,0.2264127108122811,0.4980160987762108,-3.27566384845024,2.3291734339045008e-26,0.0428873752408319
pathway|Acyl Chain Remodeling of CL,pathway,4,-0.14090030573224108,0.3734482750074706,-0.07537338556486614,0.6352077828577383,-0.13211684089716144,0.40425807912087336,0.15770900639751587,-0.1634410403074826,0.564914404098331,0.10643331999792568,-0.535384147258319,0.7158545771385049,0.9575854850937996,0.8712664293910035,0.8984993889969343,-0.0502278423331054,0.5465439637731366,,,
pathway|Adipogenesis,pathway,79,-0.006796675230126658,0.9659258155275046,-0.17209530230128395,0.2758001071863756,0.06788323869301664,0.6692697730995462,0.13467437694772125,-1.238178080652544,0.8921749814101338,0.07700284488285804,2.4001458728512053,0.9899012951376905,0.9575854850937996,0.2112780633014394,0.972663855239328,0.0572155581482696,0.4338530340174094,0.7095570451779271,3.447964372979745e-13,0.017799529558519
pathway|Advanced Glycosylation Endproduct Receptor Signaling,pathway,10,0.35848104995821883,0.01974361861161452,0.072497869121351,0.6482015887279506,0.3972426560554308,0.009190159598770163,0.13924906219876804,2.2818788697286134,0.011248246340315828,0.09243478312972254,-0.37031505733701653,0.4857625830347534,0.21598696871817458,0.1847810518861282,0.9679703265045758,0.0978947368421052,0.5387671128093643,1.3239442745289354,1.4315013140519044e-23,-0.0021245674263825
pathway|Aerobic Respiration and Respiratory Electron Transport,pathway,167,0.21461809092053794,0.17229243585041792,-0.04504975761507028,0.7769554664099735,0.2627738271987741,0.09271118555067692,0.167629538127643,0.8536818277642657,0.19664065282573173,0.0724847985920623,-0.56243642232652,0.5649163693239746,0.6885417247480365,3.727939172588709e-18,0.9384644166475082,0.1291855722298577,0.4386674513022864,-2.3049968060360144,2.3291734339045008e-26,0.0656564580333022
pathway|Aggrephagy,pathway,28,0.2030288882845527,0.19720742485774453,0.07415346949792033,0.640707405282783,0.28994334328259797,0.06252224142376328,0.14310922518203228,0.5809404762815467,0.28064028567770527,0.08641362597072573,-0.23490772987236008,0.5833255166567319,0.7800374844249699,0.2556041257260015,0.9057514908104052,0.0669657549356797,0.414893532460909,0.8932221750585817,5.912000419896218e-17,0.0091511199722497
pathway|Alpha-oxidation of Phytanate,pathway,4,-0.0705808581590076,0.656922049075412,-0.15039822368203348,0.341756966621068,-0.08532039080651556,0.5911062161308872,0.1274725153096447,-0.5073179545596683,0.6940341286577056,0.1033835298305612,0.5871459836799529,0.875728672318497,0.9575854850937996,0.002590784475165,0.8028422954355551,0.2956937799043062,0.5356987059237213,-1.7315702541713085,7.031257019478694e-26,-0.0062836206989858
pathway|Alpha-protein Kinase 1 Signaling Pathway,pathway,10,0.11205800443516516,0.47985693038490795,-0.04853523209205831,0.7601897077817087,0.12611521644879436,0.42612529688571166,0.15071191638496237,-0.32950666455406624,0.6291136213105633,0.10402834260880396,-0.6556095752462889,0.7952023399015141,0.9575854850937996,0.2150449610436335,0.999999873896792,0.0741991341991341,0.2980691602986793,0.68491634023161,7.736834700803173e-13,0.1170480620406749
pathway|Alternative Complement Activation,pathway,3,0.43664281510467534,0.0038397989782124635,0.21575087012555902,0.1699846893571828,0.39667493482382843,0.00929967463213272,0.182495086771997,2.778921835132292,0.002726982362938237,0.08818686111089338,1.6105987974080784,0.4644200585751626,0.10187379009832229,0.1400948572373697,0.561300456889523,0.3103668261562998,0.6209677013241868,-0.0926506672581767,0.3588933348190415,0.0487802293152652
pathway|Amino Acids Regulate mTORC1,pathway,43,0.17148534426781106,0.27753139760714063,-0.03659748200837431,0.8180155741807027,0.2133820800493749,0.17483611422242878,0.1281173280878875,0.49911520905076107,0.30884911181418107,0.0867447460460396,-0.8284634232730027,0.6451344321743593,0.8030399029449343,0.0356707167972097,0.8638789390565192,0.0925785469411977,0.5041579576918422,-0.6693665700499806,3.32496493873288e-12,0.0533124915511998
pathway|Anchoring of the Basal Body to the Plasma Membrane,pathway,63,0.0950663163598485,0.5492622587050354,-0.04452693644352208,0.7794791778637526,0.13933501084181912,0.37883391150168516,0.08185201124896763,0.1883428206944569,0.4253039599453869,0.08623499540378007,-1.0780321148139163,0.8239361007102805,0.9143579337373712,1.5639281165820893e-08,0.999999873896792,0.1020947495116789,0.3258380135153212,,,
"pathway|Antigen Presentation Folding, Assembly and Peptide Loading of Class I MHC",pathway,22,0.061431487656914016,0.6991470135789658,-0.16207456317994337,0.30514405825144986,0.055879989796282524,0.7252210955707422,0.12020530102512465,-0.7486869705782305,0.7729770506739171,0.06882069354812863,1.6933839737108154,0.885206908220496,0.9575854850937996,0.0147018478206252,0.999999873896792,0.1468878808591727,0.1694079534673986,0.9678630911887708,1.3248771082849264e-18,0.020896009076676
pathway|Antigen processing-Cross Presentation,pathway,70,0.33233999138080866,0.03152767832231215,0.046095399958166694,0.7719148547959596,0.38215749190142706,0.012506302764648005,0.14147976586404037,2.084879252044516,0.018540131226359877,0.07160471628662282,-0.4850911634844953,0.4857625830347534,0.286759080635928,4.086777722115101e-25,0.8844798500864341,0.1768904474625298,0.4142053096202758,1.6913991131531594,5.893243659431094e-26,0.0290622625694483
pathway|Antiviral Mechanism by IFN-stimulated Genes,pathway,115,0.1178961741841201,0.4571211898568618,-0.016381730041843737,0.9179878739220904,0.09935121553040072,0.5313213812915845,0.1319252089539969,-0.1992044536295265,0.5789485921258581,0.08088479208160347,-1.384598069372469,0.7791161647967522,0.9575854850937996,0.0016790668270137,0.999999873896792,0.0815713717411898,0.2828723277430348,0.0582153561895031,0.3731528079696167,0.0339188263179964
pathway|Apoptosis,pathway,131,0.30471760615067844,0.04974595230459814,0.024224047615066805,0.8789706221093214,0.3601785699351098,0.019128004502408067,0.12681463200211324,2.5248676543604462,0.005787093392876659,0.08439205077407266,-1.071522904667086,0.5001451021129545,0.15140483089113557,0.0001933301594676,0.9724192686585708,0.0881614648910751,0.3801641544925641,1.0655294154197286,6.671456602086936e-21,0.0121579756016227
pathway|Apoptotic Cleavage of Cellular Proteins,pathway,25,0.09027378895398996,0.5696627708782535,0.056900370836829584,0.7204045343753235,0.11427417361823232,0.47115731583535675,0.17564177258161928,-0.7929308479106196,0.7860909432762411,0.0711646751339031,-0.21596070459471395,0.8330576072469815,0.9575854850937996,0.3155148392820997,0.999999873896792,0.0732756892230576,0.4332356634330957,1.0577775387423736,1.1415421097699391e-20,0.002204755925827
pathway|Apoptotic Execution Phase,pathway,32,0.09079661012553815,0.567420463693603,0.07476342753139323,0.6379551981110554,0.09099760312253845,0.5665595161862889,0.14536606990588202,-0.4954353816864706,0.6898535877447135,0.07077691609833817,0.09627965103048726,0.8330576072469815,0.9575854850937996,0.0189519180599592,0.999999873896792,0.0920539986329459,0.3956381494478216,,,
pathway|Apoptotic Factor-Mediated Response,pathway,16,0.3056761116318502,0.04899593627032456,-0.022307036652723388,0.8884856581760586,0.3716140976002417,0.015387174996083166,0.11623621696445456,2.1187502934835054,0.017055787759046485,0.1329185691799385,-1.3160356754163536,0.5001451021129545,0.286759080635928,0.0557194860199491,0.999999873896792,0.0954021417179311,0.4548573870945495,1.2770363653278138,5.7373401689325785e-24,0.0298027250644388
pathway|Aryl Hydrocarbon Receptor Signalling,pathway,5,0.17226957602513335,0.2753067573560648,-0.1145849734309815,0.46994399502850337,0.06618007499820977,0.6771103991767194,0.1377154534288933,0.4072542393271807,0.34191063425720947,0.08806051266110257,0.4123280282196561,0.644538079581928,0.8330837689177409,0.8695575935509924,0.999999873896792,-0.0088653451811346,0.3323257457377738,-0.0889928917562919,0.3647753051291835,-0.0990776969618253
pathway|Assembly Of The HIV Virion,pathway,16,0.3083773543515159,0.046931255550944614,0.21792929167367653,0.16560951056667575,0.311597853116571,0.04456228892463734,0.1737509026778533,1.3786998195163425,0.08399366259287794,0.08419599283474208,2.1037911192447063,0.5001451021129545,0.5110428366479463,0.077279603034607,0.999999873896792,0.1032467532467532,0.3770448137335158,,,
pathway|Assembly of the Pre-Replicative Complex,pathway,61,0.15675921460253664,0.3214885677512087,-0.012373434393307504,0.9380094782698079,0.17437152113498897,0.2694020239403728,0.1451046593201079,0.12912601389737516,0.4486289691033359,0.0743233863786735,-1.0970959056840748,0.6768299381820599,0.9319026076987453,1.3108510179748144e-05,0.999999873896792,0.1480390618872068,0.3588957474439196,,,
pathway|Association of TriC CCT With Target Proteins During Biosynthesis,pathway,27,0.19178823309626633,0.22369791109923778,-0.10674265585775841,0.5010611479976157,0.1906732307852833,0.22645291457395014,0.11096007997491393,0.7462718403507675,0.22775160924367543,0.08429184338285925,0.36268595507218715,0.5991031748931795,0.7157144070954096,9.85799856331636e-05,0.999999873896792,0.1256110361373519,0.376659266529894,0.0591198271739318,0.3605930504616952,0.026096971047138
pathway|Asymmetric Localization of PCP Proteins,pathway,41,0.2645475128033914,0.09044863944710141,0.026925290334732527,0.8655918618475238,0.3159774169032173,0.041497361294628825,0.152724777895423,1.3878634490429431,0.08258931484344662,0.07632317735984537,-0.816339244850112,0.5136929078981881,0.509909840611604,5.2429129724265425e-08,0.999999873896792,0.1689797109180934,0.3822662535598676,0.5209395106190269,1.4280185575909694e-08,0.0473918906624051
pathway|Attachment of GPI Anchor to uPAR,pathway,5,0.21357244857744148,0.17444259428236011,-0.028668027573226545,0.8569797872280523,0.22895386240189486,0.14471240509836047,0.1312281140585993,0.8746717281732277,0.19087627366975235,0.07080741400001181,-0.7535219770910466,0.566059457105395,0.6873567533677156,0.4619662172652071,0.999999873896792,0.097552973342447,0.2471061279947796,-0.9301171952179116,8.644910444033785e-18,0.095510926388934
pathway|Attenuation Phase,pathway,18,0.22167617673643866,0.15827584218223795,-0.10831111937240301,0.49475493844594,0.244931159919845,0.11797002083008783,0.16238825588287226,0.5765392952284147,0.2821253586763986,0.07190969530335929,0.6151066972731347,0.5492304129645571,0.7800374844249699,0.2508507496292608,0.999999873896792,0.0629885766108676,0.2664894164734319,0.3226344442911689,0.0001053179868673,0.0384315101892472
pathway|Autodegradation of Cdh1 by Cdh1 APC C,pathway,48,0.21984630263601995,0.16182727449262602,-0.0051410748535573435,0.9742227114932022,0.2510138874012981,0.10883463073229172,0.1126766761548305,1.129157650045128,0.1294156676741703,0.07016260122176904,-1.3402696954275073,0.5525358654373022,0.5866326220965387,5.294031337066682e-11,0.972663855239328,0.179466800463441,0.402395528474071,0.3079423614301349,0.00058216218981,0.0713827684765706
pathway|Autodegradation of the E3 Ubiquitin Ligase COP1,pathway,37,0.26803298728037944,0.08612721294966094,0.013419076736403914,0.9327823164102548,0.2960260707640511,0.05697799755004387,0.1381903493263829,1.6280290704472666,0.05175936091854042,0.08451404238076725,-0.8746194323699742,0.5136929078981881,0.44951179420126597,5.357771301128463e-28,0.9603675615881248,0.2045559229769756,0.3924235406290658,0.6648377130388639,1.7423948740014692e-12,0.0717752188642637
pathway|Autophagy,pathway,123,0.15850195184103064,0.3160702208772748,-0.025269689958163213,0.8737875943098696,0.2460666023830496,0.1162222530323812,0.12711089733265718,0.45515267768754153,0.3244997013000199,0.10203726531382455,-1.9814968484270443,0.6722916385123335,0.8163195610828626,0.0557194860199491,0.999999873896792,0.0614878587184401,0.3675768834734028,0.8726917578260452,3.1004910428629276e-17,0.0237030997846532
pathway|Azathioprine ADME,pathway,15,0.22951849430966176,0.14369709642896902,0.022219899790798688,0.8889185375505092,0.31435535624149646,0.04261185769116067,0.13671773635985546,0.8326922714074564,0.20250915220239135,0.08291943780754522,-1.0456981364959246,0.5391429338815698,0.6932700898573341,0.3904087251532605,0.999999873896792,0.0600833251961071,0.4153203283608888,-1.824919019094316,2.5439940309726808e-26,0.0858182268994879
pathway|BH3-only Proteins Associate With and Inactivate Anti-Apoptotic BCL-2 Members,pathway,9,0.19736499225944715,0.2102648872673424,0.42287519092057263,0.005269883914010191,0.23438776561865962,0.13515834675743957,0.184756288338943,0.0914202897361363,0.46357932018897685,0.09937087733892871,4.161869661374446,0.5963203374668667,0.9408711154089859,0.374326470721078,0.999999873896792,0.0627230956178324,0.1919755040343549,0.9573328735084776,8.769515876114961e-19,-0.0110057241626469
"pathway|BMAL1 CLOCK,NPAS2 Activates Circadian Gene Expression",pathway,21,-0.06700824682009486,0.6732935883160066,-0.06587546761507376,0.6785162638586412,0.012003248896734126,0.9398606614375431,0.09714453051675262,-0.36304528775432393,0.6417144729137905,0.0718879110878781,-0.12471748881673902,0.8770401152061406,0.9575854850937996,0.4400103743829571,0.999999873896792,0.0728916446961559,0.3951915088141031,0.6862821211881475,1.578423949983069e-12,0.0200492913907453
pathway|Beta Oxidation of butanoyl-CoA to acetyl-CoA,pathway,3,0.2594935748117588,0.09701039929642116,0.27796658953979536,0.07468799157050132,0.2608273544047091,0.095244172332581,0.13646939630337007,1.0334798255306101,0.1506897034662683,0.0945434951883003,2.4345776455791652,0.5136929078981881,0.6222152039431742,0.1300903013139958,0.999999873896792,0.2739348370927317,0.2859025427269734,-3.182625640924287,2.3291734339045008e-26,0.1352519455358206
pathway|Beta Oxidation of decanoyl-CoA to octanoyl-CoA-CoA,pathway,5,0.17584218736404608,0.2653207441773452,0.026402469163184325,0.8681785276462011,0.17542586056510753,0.26647192166074574,0.170409204023041,0.04159859913355308,0.4834093450031364,0.1326571585941644,-1.3153108385597418,0.6321864249628011,0.9575854850937996,0.0031316455201751,0.999999873896792,0.2905878332194122,0.3064522625539134,-4.354298896589119,2.3291734339045008e-26,0.0540485545128854
pathway|Beta Oxidation of hexanoyl-CoA to butanoyl-CoA,pathway,5,0.17392517640170269,0.2706488379725187,0.2242902825941797,0.15330132969760926,0.16666673299181506,0.29145833649513647,0.13304056078663307,0.44828606884284783,0.32697337673110394,0.11383559641842904,1.3084369725179925,0.6393544219824849,0.8205698770961637,0.0225589174372337,0.999999873896792,0.2676623376623376,0.4014728790916305,-3.370260799704897,2.3291734339045008e-26,0.185627117359916
pathway|Beta Oxidation of lauroyl-CoA to decanoyl-CoA-CoA,pathway,4,0.1178961741841201,0.4571211898568618,0.10247294962344806,0.5184332831485174,0.14257913216526077,0.36772298305442247,0.13833412514855864,-0.17602541988759152,0.569863013967435,0.06432443147281408,0.7922040886973503,0.7791161647967522,0.9575854850937996,0.0030297454054129,0.999999873896792,0.3119047619047618,0.3455312342047936,-3.358463441593224,2.3291734339045008e-26,0.2108035865686773
pathway|Beta Oxidation of octanoyl-CoA to hexanoyl-CoA,pathway,5,0.17584218736404608,0.2653207441773452,0.026402469163184325,0.8681785276462011,0.17542586056510753,0.26647192166074574,0.1559270575711557,0.15820295689915842,0.43714843691462013,0.13063558339751138,-1.1404913179298097,0.6321864249628011,0.9204745256159959,0.0021624844195359,0.999999873896792,0.2905878332194122,0.3064522625539134,-4.354298896589119,2.3291734339045008e-26,0.0540485545128854
pathway|Beta-catenin Independent WNT Signaling,pathway,97,0.17871770380756122,0.25745974760301793,-0.05524477046026027,0.7282248603103564,0.25993522104076267,0.0964227918647896,0.1370706406506505,0.5159032336083377,0.3029609977612413,0.06588853814436245,-0.24691985028139501,0.6242557835746009,0.7976321521711213,0.0584938319915788,0.8718293000101139,0.0620990004298468,0.3876585811275724,1.1231179406893257,1.9838375088355662e-22,0.015895854741499
pathway|Beta-catenin Phosphorylation Cascade,pathway,16,0.14090030573224108,0.3734482750074706,-0.07371778518829683,0.6426761840590732,0.20535287977385683,0.19201854781929903,0.09480054893097818,0.8385652003531686,0.20085667281502123,0.0963341577008529,-0.35133086840250977,0.7158545771385049,0.6932700898573341,0.0557194860199491,0.999999873896792,0.1232188425609478,0.3326124626179328,1.5781044439256504,5.1509060697659405e-25,0.0478232006725041
pathway|Beta-oxidation of pristanoyl-CoA,pathway,6,0.2596678485356082,0.09677820116080416,0.06726965740586896,0.6720904935577313,0.2955394525655348,0.05740652922764761,0.16398721729919058,1.0885869941077932,0.13816802734601796,0.07638417316319265,-0.16775075226593794,0.5136929078981881,0.6001290697602116,0.0555287601002914,0.8818086116253029,0.1422374117110958,0.5166844259554499,-0.4336684497501853,3.850469308926157e-07,0.0541198998459445
pathway|Binding of TCF LEF CTNNB1 to Target Gene Promoters,pathway,7,-0.25574668974899667,0.10210699475622292,-0.06726965740586896,0.6720904935577313,-0.33909178133273904,0.028035532934056393,0.17675712441425545,0.5617159331641932,0.28715478843835057,0.10657709582010147,-0.5790796857321632,0.5136929078981881,0.7846148462160154,0.6349254439957424,0.0312983174887456,0.0357484620642515,0.8077548361145754,1.185663998203111,2.5785193643201983e-22,0.0236005130369841
pathway|Biosynthesis of E-series 18(S)-resolvins,pathway,4,0.36763042046031247,0.016613008018702826,0.05751032887030248,0.7175303905339072,0.3030820346425367,0.051047123342142287,0.12110281070294908,3.003384807387023,0.001334973012676045,0.08154703223223118,-0.39746495345291205,0.4644200585751626,0.06074127207676004,0.3995042293830307,0.999999873896792,0.1092390066074277,0.5246313182448077,0.3885441968343147,2.940840626250047e-06,0.0419205694638367
pathway|Biosynthesis of EPA-derived SPMs,pathway,5,0.3777382964435777,0.013652357753764803,0.08975096778244175,0.5719091363208503,0.32473654447650974,0.03588206909027123,0.12096774856696577,3.5515724142163716,0.0001914683015674813,0.09302295694771427,-0.05463910274619548,0.4644200585751626,0.020037157759036917,0.5165717288074805,0.999999873896792,0.081038961038961,0.4640332556112596,1.2132778623690226,3.1841206589470826e-22,-6.403942663968376e-05
pathway|Biosynthesis of the N-glycan Precursor (Dolichol LLO) and Transfer to a Nascent Protein,pathway,54,0.12931110309625587,0.4143994046419033,-0.07868458631800476,0.6203781916829113,0.16901872095131026,0.28460508036305243,0.10435510584102162,0.3853013827355008,0.35000706859912223,0.1007955650313976,-0.34703794008825156,0.7535516541403158,0.842997462115032,6.467015616273506e-08,0.999999873896792,0.1210340029605173,0.3835113574932099,-1.780188407626229,1.1819412843553094e-25,0.0601085325870374
pathway|Biotin Transport and Metabolism,pathway,7,-0.08905387288704417,0.5749105743723083,-0.15614925656906373,0.32339868854773685,-0.030819152572695734,0.846372231996022,0.1707446809414511,-0.7129811422755331,0.7620712868283774,0.12396525661717553,0.3561457865783166,0.8355823293962018,0.9575854850937996,0.0003554401853197,0.9462987983827524,0.2483416333040392,0.5464665671606144,-2.1899716205246222,2.3592109826872102e-26,0.0843299732176895
pathway|Branched-chain Amino Acid Catabolism,pathway,18,0.032414912635988676,0.8385204329121662,0.02858089071130184,0.8574100107131998,0.03617195275637446,0.8200964885462497,0.11827521953349256,-0.9601887652782005,0.8315198899431915,0.10597149462972481,-0.9334445252110165,0.9335230138750871,0.9575854850937996,1.1599100450990757e-07,0.8819578876377953,0.2209119054320293,0.5504055930020558,-1.887073423547906,2.3291734339045008e-26,0.0519200434765519
pathway|Branched-chain Ketoacid Dehydrogenase Kinase Deficiency,pathway,5,0.051846432845196945,0.7443618675261334,0.016381730041843737,0.9179878739220904,0.08313060891319242,0.6006982234427652,0.14386731588077714,-1.0138809465898413,0.8446802179767636,0.08364267376152024,-1.2627801849424385,0.899439261072026,0.9575854850937996,0.284966910238297,0.901468107947962,0.1170608339029391,0.5390116308822097,-0.1172777460393409,0.0879681496081965,-0.0593742897035426
pathway|Budding and Maturation of HIV Virion,pathway,24,0.4132901361088556,0.0065202914572944195,0.12225301728035513,0.44054117493156997,0.42189797811358737,0.005387020903741577,0.15368328337659468,2.430343228439535,0.007542265145299495,0.10283456760043556,0.3182487559086742,0.4644200585751626,0.17261780790742365,0.0330373821455579,0.999999873896792,0.0831104440944257,0.2872181446090792,1.0535169859998263,1.8301448131341552e-21,0.0556157179640762
pathway|Butyrate Response Factor 1 (BRF1) Binds and Destabilizes mRNA,pathway,17,0.003659748200837431,0.9816485507820313,-0.12033600631801174,0.44779516709887995,0.032927831432932805,0.8359999031492484,0.15137851337868638,-1.6522087624126094,0.9507539996011444,0.05926177979498898,1.1981179260642831,0.994920029538833,0.9647100030822753,0.8695575935509924,0.999999873896792,0.0278562381890555,0.397339440868926,-0.2540413571479868,0.0018661823921298,-0.0132444722620678
pathway|C-type Lectin Receptors (CLRs),pathway,100,0.2381450436402071,0.12883180734018648,-0.020825710000003477,0.895848857757534,0.27226288206984095,0.081100272843323,0.16060195021341592,1.0185946588519472,0.15419772051597286,0.05131925483055251,-0.9822698084015175,0.5145896426775005,0.6278907179765199,0.0308233021351387,0.999999873896792,0.0717151970836181,0.3048128710126144,2.144030854209632,2.3291734339045008e-26,0.0220384405668849
pathway|CASP8 Activity Is Inhibited,pathway,11,0.16068037338914817,0.3093788921235378,0.0235269527196692,0.88242876152388,0.215490758909612,0.1705126173524391,0.14400237801676047,0.1610255910982443,0.4360366224348839,0.09879141720712946,-1.0419042990145782,0.6682456359283433,0.9190580571563062,0.641116552502222,0.999999873896792,0.0314546697321817,0.3205962169226705,1.2815313701646711,1.8455452562358874e-24,0.0854555788863513
pathway|CD163 Mediating an Anti-Inflammatory Response,pathway,6,0.27639812602515074,0.07641019924768354,0.02605392171548552,0.8699037276419098,0.30583953776746214,0.04886897345420152,0.1714330621506562,0.7994487518127279,0.21201512573576853,0.10591049882637751,-0.8739230023743858,0.5136929078981881,0.7043613621666087,0.1575927145304663,0.9679703265045758,0.1735110503531555,0.4746925592491681,2.757085614241632,2.3291734339045008e-26,0.1262769229738415
pathway|CD209 (DC-SIGN) Signaling,pathway,17,0.11563061577407788,0.46587416783490815,0.060472982175742304,0.7036255575598017,0.0905109849240222,0.5686449664774389,0.13572001929081765,-0.27039410213208914,0.6065714615038532,0.1083721151757503,-0.5615012586837597,0.7861628860747348,0.9575854850937996,0.7745668282306367,0.999999873896792,0.0305199831128623,0.229285720154189,1.8904074497927792,3.811779893284054e-26,0.0460303435798314
pathway|CD28 Co-Stimulation,pathway,28,0.03999581962343764,0.8014424631281789,0.027535248368205437,0.8625758365439078,0.10324416111853069,0.5152734566803439,0.09930552469248519,-1.0555241599347027,0.8544071670549702,0.09066154798955489,-0.9909919453605851,0.9190643933194154,0.9575854850937996,0.9013040446919198,0.999999873896792,0.0232988676597699,0.0781791441136043,1.6366828197102816,5.6499534026639e-26,0.003265840908306
pathway|CD28 Dependent PI3K Akt Signaling,pathway,18,-0.11031526719667113,0.4867567998423437,-0.06892525778243828,0.6644897493106454,-0.11873484043796462,0.45390369124190205,0.11824907847491513,-0.08032121061260772,0.532009105457912,0.06620223084729138,0.05395301153319229,0.7996132354221483,0.9575854850937996,0.8303815813506924,0.999999873896792,0.02224455970586,0.1883645999791781,,,
pathway|CD28 Dependent Vav1 Pathway,pathway,10,0.12756836585776188,0.42077069105138093,0.03825308238494362,0.8099312445954779,0.18029204255027,0.2532224038554074,0.16021419117785102,-0.30579273518365463,0.6201187699132963,0.10458601852512206,-0.9750434180951644,0.7558686413748746,0.9575854850937996,0.7392668127670046,0.8818086116253029,0.033471557682084,0.4760728653477502,2.480681335025894,2.3291734339045008e-26,-0.0116025235141951
pathway|CDC42 GTPase Cycle,pathway,96,0.11972604828453881,0.45011687019948815,-0.06578833075314905,0.6789186278520425,0.19188977628157394,0.22344816373702256,0.16094178397492226,-0.533106005284725,0.7030198988714811,0.07469371804185349,-0.16199125863684474,0.7728421733613853,0.9575854850937996,0.0052395129690373,0.9057514908104052,0.0664977935268794,0.4069708305453042,0.2882922110227821,0.0008510920463402,0.0186589468747839
pathway|CDC6 Association With the ORC Origin Complex,pathway,5,-0.0815601027615199,0.6076189505639685,-0.17279239719668157,0.27383018585665414,-0.13949721690799122,0.3782736911798949,0.18620276024689303,-1.0607260624107056,0.8555927939329624,0.1169638097615258,0.6112533543209009,0.8498945208746413,0.9575854850937996,0.0007641018307004,0.999999873896792,0.5703280929596719,0.4140603785160814,,,
pathway|CDK-mediated Phosphorylation and Removal of Cdc6,pathway,49,0.21731933364020364,0.1668262586072314,-0.007929454435147767,0.9602509834329174,0.2581509543128698,0.09881366701128565,0.1336723030355872,1.0500114931102298,0.14685641433105512,0.08528520360880085,-1.3670134556932123,0.5606597962433852,0.6184516603519081,1.1985829563722873e-13,0.999999873896792,0.176940437829267,0.382396211499658,0.3709100236441243,2.8412486224304917e-05,0.0710035883476569
pathway|CLEC7A (Dectin-1) Induces NFAT Activation,pathway,10,-0.1650372164853832,0.29626849106165176,-0.10674265585775841,0.5010611479976157,-0.11265211295651151,0.4775165132828678,0.12162127503140105,0.44196565960526557,0.3292570279490474,0.11563932946027033,-0.12544984777234483,0.6559131183583772,0.8213765905808774,0.348099168607396,0.999999873896792,0.0849381028328396,0.4416141147877004,0.4847632683826511,8.714999830576444e-08,0.066113341968133
pathway|CLEC7A (Dectin-1) Signaling,pathway,79,0.1900454958577723,0.2280141550616328,-0.05271780146444394,0.7402135548179404,0.23390114742014337,0.13599431314826133,0.153003615853582,0.4923789875706671,0.3112257253836871,0.06433314515900657,-0.22827783524507525,0.6016227140654119,0.8051859619629878,0.0784317422716633,0.999999873896792,0.0789339019852011,0.3257107427004442,1.6996009071058504,3.580019824849369e-26,0.0213225556359627
pathway|CLEC7A Inflammasome Pathway,pathway,6,-0.047838137196660704,0.763534471707271,-0.06430700410042914,0.685772205503988,-0.12538528915101999,0.4288293128452617,0.12115944966320014,-0.8586502368879194,0.8047332435153227,0.10346195300629342,-0.5639228446131024,0.9013410317446803,0.9575854850937996,0.9943843598928624,0.999999873896792,-0.1037730690362269,0.3287471017737824,1.959122794432128,2.3291734339045008e-26,-0.0720860256951434
pathway|COPI-independent Golgi-to-ER Retrograde Traffic,pathway,39,0.14874262330546414,0.34715848660052206,0.06962235267783588,0.6612992837922372,0.254744626923256,0.10350415340938027,0.1275465816422807,0.21964092321333814,0.41307540872226584,0.09343250019876037,-0.4414964274080719,0.6993288859046127,0.9072054884110203,0.0120168710902036,0.8844798500864341,0.0980615875352717,0.4591621187674373,1.8688524358268852,4.308219298282405e-26,-0.0057811817889909
pathway|COPI-mediated Anterograde Transport,pathway,76,0.24624877179920426,0.11594367413516764,0.005576759163180847,0.972039022344314,0.3010544588153857,0.05269805327739265,0.11770447308788574,1.7832009704335017,0.03727679728511813,0.065805758125534,-1.2089310759135854,0.5144479402341297,0.39866186023917016,4.9647943763631356e-11,0.999999873896792,0.114591934381408,0.3005466537868669,0.7342798871775474,4.2075751058876006e-14,0.0314574961300206
pathway|COPII-mediated Vesicle Transport,pathway,58,0.2459002243515055,0.11647712499092543,0.05149788539749814,0.7460231998189379,0.2955394525655348,0.05740652922764761,0.12503268317575306,1.2381016893005725,0.10783917879783489,0.09107109124060098,-0.5549258142186183,0.5144479402341297,0.5479462852771833,2.684047343227991e-06,0.999999873896792,0.1201754179211433,0.311804773656414,0.6822759060364203,1.0240960400019174e-12,0.0343698715211408
pathway|CREB Phosphorylation,pathway,6,0.08704972506277604,0.5835793717884623,-0.08007877610879997,0.6141778544042056,0.10145989439063778,0.5225985850037999,0.1454619204539992,-0.43875860367721153,0.6695817707450477,0.09024329105231631,-0.14094667390952442,0.8429479814722234,0.9575854850937996,0.702773731172945,0.999999873896792,0.0294053315105946,0.2764917287795074,1.1223432334767829,2.8981006329501617e-21,-0.0558783297280553
pathway|CREB1 Phosphorylation Through the Activation of Adenylate Cyclase,pathway,8,0.1283525976150842,0.41789679394862767,0.09053519953976408,0.5685411089700765,0.20129772811955474,0.20113628345459345,0.15534759743935647,-0.27642413229799895,0.6088888381865085,0.09653892932637594,-0.08070886744870544,0.7558686413748746,0.9575854850937996,0.1291184683218479,0.972663855239328,0.1167854701689288,0.4811776949498211,,,
pathway|CREB1 Phosphorylation Through the Activation of CaMKII CaMKK CaMKIV Cascasde,pathway,6,-0.05742319200837779,0.7179407481623347,-0.04557257878661849,0.7744340172872601,-0.07104625698337226,0.6548007644447407,0.19399279570296127,-1.374368946265826,0.915336414134307,0.08284537147490922,-0.527096282585423,0.8928401579939195,0.9575854850937996,0.9084426956487468,0.999999873896792,-0.0398496240601503,0.2059576376674563,0.0785018525722654,0.3490413759007292,-0.0360591579987949
pathway|CTLA4 Inhibitory Signaling,pathway,20,0.070755131882857,0.6561273980072259,-0.10970530916319822,0.4891838772455327,0.1522303931024997,0.3358400408094286,0.13904429057324497,-0.6989223276733753,0.7576997134616497,0.09146756396235836,0.275907685840885,0.875728672318497,0.9575854850937996,0.70041215135667,0.999999873896792,0.0530186710796129,0.1923646005131043,1.539404264511241,6.789580976754874e-26,0.0522591711674658
pathway|CTNNB1 S33 Mutants Aren'T Phosphorylated,pathway,14,0.0953277269456226,0.5481595561687627,-0.09759328535566483,0.5386471268199801,0.12903492563989186,0.41540540751347177,0.16213120214019439,-0.561531290775326,0.7127822973646143,0.10154929888704622,-0.07282084823220243,0.823616619570151,0.9575854850937996,0.02091812428638,0.999999873896792,0.127862363200709,0.3014461079832132,1.1950643648001271,4.140375383710632e-22,0.0624172621708907
pathway|CTNNB1 S37 Mutants Aren'T Phosphorylated,pathway,14,0.0953277269456226,0.5481595561687627,-0.09759328535566483,0.5386471268199801,0.12903492563989186,0.41540540751347177,0.1304308117719883,-0.3668692688251107,0.6431417322771265,0.08574702897700176,0.1480728068115264,0.823616619570151,0.9575854850937996,0.0063862241323685,0.999999873896792,0.127862363200709,0.3014461079832132,1.1950643648001271,4.140375383710632e-22,0.0624172621708907
pathway|CTNNB1 S45 Mutants Aren'T Phosphorylated,pathway,14,0.0953277269456226,0.5481595561687627,-0.09759328535566483,0.5386471268199801,0.12903492563989186,0.41540540751347177,0.19648926679710393,-1.1664159566523924,0.8782768449256624,0.08392151171967928,0.33221957768918425,0.823616619570151,0.9575854850937996,0.006564003591351,0.999999873896792,0.127862363200709,0.3014461079832132,1.1950643648001271,4.140375383710632e-22,0.0624172621708907
pathway|CTNNB1 T41 Mutants Aren'T Phosphorylated,pathway,14,0.0953277269456226,0.5481595561687627,-0.09759328535566483,0.5386471268199801,0.12903492563989186,0.41540540751347177,0.1145152639414417,-0.20854402215813703,0.582597893285096,0.08016591297072467,0.2448060814412194,0.823616619570151,0.9575854850937996,0.2292137474104774,0.999999873896792,0.127862363200709,0.3014461079832132,1.1950643648001271,4.140375383710632e-22,0.0624172621708907
pathway|Ca2+ Pathway,pathway,38,-0.07537338556486614,0.6352077828577383,-0.11048954092052055,0.48606450071513146,-0.02879157674554469,0.856369854219045,0.12316795433056449,-0.48375405192133747,0.6857197861300339,0.05612485276569974,1.4987321617991534,0.8638660750625382,0.9575854850937996,0.798848109352906,0.8056476993003061,0.0405816688365164,0.5040910634860836,,,
pathway|CaMK IV-mediated Phosphorylation of CREB,pathway,7,0.006883812092051359,0.9654892275048165,0.016294593179919038,0.9184226393194568,-0.038199528583525495,0.8101924486030894,0.11488995244771791,-1.113073552563772,0.8671615793536991,0.09357191917783989,-1.271027414314455,0.9899012951376905,0.9575854850937996,0.8950117238735464,0.999999873896792,-0.033802037561436,0.093036544268892,-0.3280120132907386,0.0002041695630876,-0.033514589392597
pathway|Calcineurin Activates NFAT,pathway,8,0.013244803012554512,0.9336533223479627,-0.09454349518830031,0.5514708158400371,0.0830495058801064,0.6010547787162771,0.1332017639811938,-1.171685104996045,0.879338247337836,0.07683292800210487,0.30810084749772754,0.9809225571905874,0.9575854850937996,0.7666072551135862,0.999999873896792,0.0425861732252709,0.4450405476689344,0.6152413183279423,3.1563355828562983e-11,0.024444490186892
pathway|Calnexin Calreticulin Cycle,pathway,21,0.2620205438075751,0.09368520619324744,0.07415346949792033,0.640707405282783,0.24274137802652188,0.12139662117445345,0.1760905274205315,0.7054292531078715,0.24027157229785645,0.06864206298118301,0.0922842897535508,0.5136929078981881,0.7320064058506748,0.0081772748852903,0.999999873896792,0.1272945350388959,0.2266413141538996,0.7149554686309152,3.317554432250709e-13,0.0382969171909653
pathway|Cap-dependent Translation Initiation,pathway,96,0.27299978841008743,0.08024843710830135,0.05315348577406745,0.7381421123791518,0.1970803703990806,0.2109365555492238,0.15693348832638604,1.8301496625859872,0.03361378123968843,0.047624651884945184,0.16212971069146126,0.5136929078981881,0.37815028205750584,2.185652131647736e-69,0.5302479670784715,0.2496426472880766,0.4695464287296082,-3.14908288668304,2.3291734339045008e-26,0.0402692742338769
pathway|Cargo Concentration in the ER,pathway,23,0.3401823089540317,0.027502783190852687,0.07188791108787809,0.650971319219134,0.37672358868466227,0.013927744632971821,0.1700867976339196,1.990843328909131,0.023249057079717295,0.07960823705440659,-0.11515473784571163,0.4857625830347534,0.3265790366969684,8.564170589324567e-05,0.999999873896792,0.1546494695236114,0.2515792165290956,1.39035815859987,4.297336328022021e-24,0.0176651758382263
pathway|Cargo Recognition for Clathrin-Mediated Endocytosis,pathway,74,0.21217825878664628,0.17733935652768765,-0.08992524150629115,0.5711598979452549,0.29083547664654447,0.06168323776753876,0.13377251042680055,0.9116425000891374,0.1809784709700316,0.07281591866737616,0.3485614501069202,0.5701555656105226,0.663457823159001,0.111311596733298,0.999999873896792,0.0617147442670153,0.2906954809784269,0.8968733020295664,3.9339348644325064e-18,0.0251088636859177
pathway|Caspase Activation via Death Receptors in the Presence of Ligand,pathway,15,0.27456825192473205,0.07845863805428843,0.021435668033476383,0.892815871145998,0.34533671488036427,0.025097082960190822,0.15787892327826902,1.2085428547189723,0.11341926106855937,0.10575365247491304,-1.0526144499970025,0.5136929078981881,0.5610323348232203,0.5823182161718051,0.999999873896792,0.0378706506526055,0.4033567843129052,1.0905385318991578,7.13777976174364e-22,0.0945257767959654
pathway|Caspase Activation via Dependence Receptors in the Absence of Ligand,pathway,7,0.27073423000004515,0.08288983735624521,0.06021157158996821,0.704848704590933,0.39318750440112865,0.009997281595607302,0.15089490379500428,1.0905741766285841,0.13773014876161405,0.12998641377617232,-0.9145595247289581,0.5136929078981881,0.6001290697602116,0.770281863836341,0.999999873896792,0.0241480324187091,0.2701388722990449,0.5582645663511958,3.443098239540607e-10,-0.0034257485397206
pathway|Caspase Activation via Extrinsic Apoptotic Signalling Pathway,pathway,22,0.31177569196657917,0.04443435328450417,0.04574685251046789,0.7735940411885488,0.4066506078934115,0.0075300419497782095,0.14941793398538056,1.907003695207031,0.028260054492314956,0.08533312888285942,-0.662052255843277,0.5001451021129545,0.358474509408577,0.3193686089491895,0.999999873896792,0.0507798421674019,0.4094436753900466,1.0692256184662956,1.1380573152701279e-21,0.0554322760988909
pathway|Caspase-mediated Cleavage of Cytoskeletal Proteins,pathway,9,0.20172183535568222,0.2001687342500967,0.15327374012554862,0.3324991152533362,0.25888088161064415,0.09783013934324195,0.172077874928899,0.26739184141933503,0.3945837402172657,0.1214295739351667,0.30876447581879973,0.5859484766230104,0.8908994264020897,0.4005079488602116,0.9724192686585708,0.0705570745044429,0.4768550498598091,0.9291023001763136,1.3068335681159117e-18,-0.0248012973846658
pathway|Cdc20 Phospho-APC C Mediated Degradation of Cyclin A,pathway,48,0.20390025690379973,0.19525043783952073,-0.02108712058577758,0.8945488244985592,0.2479319721440285,0.11339350280827694,0.11634949488495663,1.0698493744628759,0.14234355686139705,0.10755302867365812,-1.3092077106719802,0.5821355646696821,0.6105021813748034,3.234757710079804e-20,0.8404913673769939,0.1939986571845474,0.4200731633786808,0.265530544145917,0.0031135903791864,0.0751632288230516
pathway|Cell Cycle Checkpoints,pathway,161,0.060037297866118805,0.7056645441540551,-0.05594186535565787,0.724928720739541,0.06974860845399561,0.6607220664833673,0.1442812159749195,-1.694108945437598,0.9548777086000061,0.0752339665857866,-0.5016619236221007,0.8875936844437725,0.9659541054131525,8.234065276443891e-15,0.955850815720118,0.1157455645041457,0.3902593252913535,0.0866915041445251,0.540082876577393,0.0261029658664485
"pathway|Cell Death Signalling via NRAGE, NRIF and NADE",pathway,49,0.12016173259416231,0.44845784198271643,-0.03502901849372969,0.8256916385358553,0.14444450192623973,0.36142358645515954,0.13331939874479212,-0.14539091399513407,0.5577988809886315,0.07834910939959468,-0.8236200498202289,0.7728421733613853,0.9575854850937996,0.7342778101129879,0.999999873896792,0.0329964521693844,0.3266126993247789,0.8675544237950661,9.262117551428491e-17,0.049020473988212
pathway|Cell Recruitment (Pro-Inflammatory Response),pathway,21,0.3232777577406397,0.03677141209013778,0.009759328535566483,0.9510881578157016,0.3060828468667202,0.048680443231566096,0.13641711418621524,1.8591150991465355,0.031505412751097646,0.09296196114436697,-1.0830580881238125,0.48627586911918697,0.37254705586467446,0.0272989776219317,0.999999873896792,0.1114233636038147,0.4010853960175042,1.295961826798741,5.3634309615620286e-24,0.038960229943859
pathway|Cell-extracellular Matrix Interactions,pathway,13,0.30332341635988325,0.05085338725555342,0.15144386602512988,0.3383722868083439,0.3480131149722036,0.023918720373714848,0.16183929365274669,1.3027194903957675,0.09633527274430814,0.07359143673850602,0.9708666855837023,0.5001451021129545,0.5299852515627526,0.0021064651549443,0.539632769355259,0.160783952889216,0.5824508635024233,0.7448297552976093,3.84101952059607e-14,-0.0089996902795227
pathway|Cellular Senescence,pathway,105,0.06369704606695624,0.6886015487999465,-0.19353097033476033,0.21943820704612918,0.06431470523723083,0.6857365100910038,0.12304160588077369,-0.8836662286996523,0.8115617920643929,0.09363727182428341,1.7928267886524547,0.8798393936906759,0.9575854850937996,0.7035505994562358,0.999999873896792,0.0471774966887748,0.2561400564476845,,,
pathway|Cellular Response to Chemical Stress,pathway,151,0.266115976318036,0.08848368968781027,0.05419912811716386,0.7331781312567838,0.32441213234416555,0.0360783044799512,0.1478668978431209,1.4330486514008407,0.07592196712500335,0.06828915869038797,-0.42184771250489583,0.5136929078981881,0.5028629025083291,9.452821577386632e-11,0.999999873896792,0.1067837263236357,0.3276057861639901,0.1279793340811158,0.1668818533572693,0.0325622796516024
pathway|Cellular Response to Heat Stress,pathway,77,0.037120303179922515,0.8154605740379084,-0.14734843351466895,0.35174742361189726,0.03446878906156759,0.8284373317163971,0.1514961481422847,-1.5450682516231635,0.9388351223125638,0.08887959916319474,1.0212547518644808,0.9240351994961227,0.9604017160313764,8.738464072545754e-05,0.999999873896792,0.1040701860286707,0.3164524918388114,-0.7708808145127883,6.061594992792376e-15,0.0300496235408726
pathway|Cellular Response to Hypoxia,pathway,52,0.22246040849376097,0.15677130527450672,-0.06099580334729051,0.7011814779707928,0.2788322277498103,0.07375064771424668,0.12235322467156855,1.2152550011389884,0.11213442437381776,0.06405430720084751,-0.1111999860529149,0.5486995684607736,0.5601368740200492,2.688167285733453e-13,0.972663855239328,0.1530025186371935,0.4149037338148135,1.269480440771743,5.156942267601343e-24,0.030627535446645
pathway|Cellular Response to Mitochondrial Stress,pathway,8,0.034506197322181485,0.8282539300275007,-0.007842317573223068,0.9606874437360721,-0.028061649447770325,0.8599745172093877,0.13083164133684194,-0.9662033891311725,0.833028791332004,0.08419163599164585,-1.1463387696691738,0.9318478027347904,0.9575854850937996,0.1469084694228578,0.999999873896792,0.1343960550727468,0.4100259056154415,-1.995117403603646,2.3486446033475792e-26,0.0683288763438615
pathway|Cellular Response to Starvation,pathway,122,0.29190848744774744,0.06068602915161153,-0.016730277489542544,0.9162490494625776,0.2570155118496652,0.1003586663580425,0.1938272356653043,1.1853484690273643,0.11793984855222606,0.03952963741214048,-0.7312316792499111,0.5122798637865735,0.5648698009606616,1.3758788234760882e-27,0.8028422954355551,0.137465521522025,0.4133200991444485,-3.11199816257293,2.3291734339045008e-26,0.0272904124271551
pathway|Cellular Responses to Mechanical Stimuli,pathway,62,0.1900454958577723,0.2280141550616328,0.0842613454811856,0.5957367484050924,0.2716951608382387,0.0817613384996646,0.11370924796863821,1.0375230143818064,0.1497460878473637,0.08680574184938687,-0.040597451538952056,0.6016227140654119,0.6222152039431742,0.1874498738846629,0.999999873896792,0.0613106368151039,0.3427225609357124,1.6546804448397487,9.785393450536364e-26,0.0254267528763624
pathway|Centrosome Maturation,pathway,58,0.09558913753139672,0.5470579069066707,-0.0353775659414285,0.823984434159064,0.11686947067698564,0.46107680140078905,0.09355884864855117,0.023286813469582068,0.4907107450949214,0.09313623486821639,-1.0463881136262019,0.823616619570151,0.9575854850937996,0.0224652520439601,0.999999873896792,0.087910958720014,0.3419381241650069,0.3971321976146639,1.0362829577429571e-05,0.0150061216810651
pathway|Chaperone Mediated Autophagy,pathway,15,0.26524460769878905,0.08957120085310562,0.11624057380755078,0.4635088282674182,0.22976489273275524,0.14325567885425228,0.20636623009626875,0.5777721295170176,0.28170898706271996,0.07764765766110084,0.6498749601749505,0.5136929078981881,0.7800374844249699,0.0794763348649492,0.999999873896792,0.1010636982065553,0.3849837121205854,-0.940589135792682,6.14825213202911e-19,0.0210627106748577
pathway|Cholesterol Biosynthesis,pathway,19,0.14412436962345504,0.3625000281228973,-0.12356007020922564,0.4356326745690372,0.26131397260322536,0.09460598389157189,0.15921211726571696,-0.16010579627887253,0.5636011323456959,0.12336836911299132,0.0031909040042641073,0.7143240831247153,0.9575854850937996,0.000425090831227,0.8028422954355551,0.1581745432160944,0.5871119139064861,0.2809145388092561,0.0010910338560322,0.0143172694537916
pathway|Chromatin Modifying Enzymes,pathway,183,-0.12312438589960213,0.4372654600660475,-0.247207277280376,0.11448620754192586,-0.10145989439063778,0.5225985850037999,0.1525548610146698,-0.5225493196066795,0.6993560416828626,0.0665159235502203,5.409866553085438,0.7667279880087634,0.9575854850937996,1.585948071236898e-06,0.2270112184793382,0.0957913896777449,0.5264801687987564,0.2201943548490291,0.0075424086381884,0.0140384477725432
pathway|Chromatin Organization,pathway,183,-0.12312438589960213,0.4372654600660475,-0.247207277280376,0.11448620754192586,-0.10145989439063778,0.5225985850037999,0.14620258378035914,-0.4401103531800833,0.670071408105031,0.07060264237448877,4.158309465847084,0.7667279880087634,0.9575854850937996,5.222476882731338e-09,0.1520950376150711,0.0957913896777449,0.5264801687987564,0.2201943548490291,0.0075424086381884,0.0140384477725432
pathway|Chylomicron Clearance,pathway,3,0.3807009497490175,0.01287462721333114,0.17104965995818755,0.27877238317417774,0.33957839953125535,0.027796760441665715,0.12118559072177755,2.8263127126625407,0.002354363530707116,0.09118436916110309,0.9967343984448218,0.4644200585751626,0.0929751484862263,0.8504366730359066,0.8818086116253029,-0.0546821599453177,0.589334157685974,,,
pathway|Circadian Clock,pathway,57,-0.09837751711298713,0.5353730213939658,-0.12295011217575275,0.4379195218262869,-0.04476887426349485,0.7783110395042363,0.11357854267575118,-0.1749759348682358,0.5694507284785709,0.09694847257742205,0.39196552059797213,0.8221098560363685,0.9575854850937996,0.6416193446098537,0.999999873896792,0.043605382218362,0.3035117943536915,1.696843528408338,1.1950796175718398e-25,0.014748856665277
pathway|Citric Acid Cycle (TCA Cycle),pathway,28,0.2796221899163646,0.07290334497300748,0.013593350460253315,0.9319113878863019,0.27420935486390596,0.07886539840841711,0.12857043976989596,1.3301739076110928,0.09173048947308948,0.08830013903139551,-1.4791762540567672,0.5136929078981881,0.5289033456396041,0.0008389203138007,0.999999873896792,0.1363146321792938,0.3720324245817438,-2.996432672826231,2.3291734339045008e-26,0.0339854911176653
pathway|Class I Peroxisomal Membrane Protein Import,pathway,17,0.038340219246868326,0.8095062856644921,-0.18194176769877513,0.2488325602033905,0.059205214152810215,0.7095643092707321,0.17509716719458993,-1.6525601652301973,0.9507897945740336,0.09658685460043452,1.1062475579026303,0.9207457093724912,0.9647100030822753,0.017912688114819,0.7561258166152436,0.1384438703711149,0.5749603748875735,-0.595788035464516,5.399097642956685e-11,0.0631858854526646
pathway|Clathrin-mediated Endocytosis,pathway,106,0.24729441414230066,0.11435440144318444,-0.06665969937239608,0.6748989659622525,0.3197081564251752,0.039023947024139166,0.13470923169249108,1.7170200050887345,0.04298775842590311,0.06531343485565942,0.03355940948732286,0.5144479402341297,0.4108373442256403,0.0780075143103015,0.999999873896792,0.0575049974851365,0.3369517343322117,1.3726002537670805,3.0561355582592126e-24,0.0228920003349989
pathway|Cobalamin (Cbl) Metabolism,pathway,6,-0.27953505305444,0.07299642911709218,-0.11353933108788505,0.47403264185745353,-0.3012166648815578,0.05256441913542775,0.14127063739542106,1.0531384769935392,0.14613876522546504,0.14259511769667652,-0.3074292323797178,0.5136929078981881,0.6166702330985854,0.3607523823925491,0.999999873896792,0.0822601959444064,0.4092472387146199,-1.0155461662613765,1.4074032503213652e-19,0.1156381573962832
pathway|Coenzyme A Biosynthesis,pathway,5,0.11650198439332489,0.4624970852089787,0.2636761441841444,0.09155477384535293,0.1894566852889927,0.22948527624371007,0.15080341008998333,-0.2759660708387379,0.6087129369014578,0.13887873053558805,1.6919091948968683,0.7848265062571212,0.9575854850937996,0.6043071017045696,0.9758361533758168,0.0864388243335612,0.5179500439803887,-0.878484263113183,3.492888650920208e-17,0.0443413048890043
pathway|Cohesin Loading Onto Chromatin,pathway,10,-0.027970932677828936,0.8604227093618958,-0.032240638912139276,0.8393771940558156,-0.05020277748025963,0.752206163028925,0.13570694876152894,-1.2635818935618306,0.8968099320832765,0.06918231152511614,-0.6970459107689195,0.9437603354193222,0.9575854850937996,2.5679157498861875e-10,0.999999873896792,0.378029923293081,0.3114908781140424,0.6926567453375819,2.1351692394260882e-13,0.1858589735858626
pathway|Complex I Biogenesis,pathway,45,0.2237674614226315,0.15428696581230272,-0.11353933108788505,0.47403264185745353,0.2618816938348277,0.0938656023773921,0.12460571255232204,1.2992001967921214,0.09693761699960324,0.07862794735775372,0.5727065774041776,0.5479108177242943,0.5299852515627526,2.1373857530877358e-17,0.972663855239328,0.1903717972617493,0.4423858872979376,-2.095605206575003,2.7402866424540235e-26,0.1446793264826793
pathway|Complex III Assembly,pathway,17,0.26698734493728304,0.08740644285099312,-0.072497869121351,0.6482015887279506,0.2910787857458026,0.061455981208549115,0.14793225048956443,1.1524597837040558,0.12456609325818124,0.09234764626779786,-0.24576980136743629,0.5136929078981881,0.5780861046327569,7.521973560902596e-07,0.999999873896792,0.1857821358208355,0.3904815441890091,-2.2013289070800326,2.3592109826872102e-26,0.0523063551464247
pathway|Complex IV Assembly,pathway,31,0.20956415292890526,0.1828633543046939,-0.023701226443518603,0.8815640220008442,0.2582320573459558,0.09870401273589986,0.13186856999374588,0.8076374798111906,0.20964965207422198,0.10345323932010095,-1.1220242923683792,0.5735370702424425,0.7020747548661546,1.0903680531839444e-05,0.9603675615881248,0.1454642471280841,0.5019133881905622,,,
pathway|Constitutive Signaling by AKT1 E17K in Cancer,pathway,24,0.10465137117156559,0.5095326981654741,0.09262648422595689,0.559604584506039,0.1832117517413675,0.24548826475424823,0.1434359884142499,-0.46104950057464866,0.6776184543427837,0.10193705792261114,-0.11236463073001515,0.8134100523091247,0.9575854850937996,0.3752034897973405,0.999999873896792,0.0693113713136596,0.3162794074096231,0.9692707960093566,1.6434634592267032e-18,0.0496724494886055
pathway|Constitutive Signaling by EGFRvIII,pathway,13,0.2609749014644787,0.09505031846648956,0.024572595062765604,0.8772423808546519,0.19270080661243433,0.22146030416519033,0.10523954498955732,1.8127264952299822,0.034937007936709015,0.08247939665482548,-0.8988134845621509,0.5136929078981881,0.38594796750826166,0.9124551191945832,0.999999873896792,0.0071533729428466,0.1822408054929772,0.6602520322909027,1.2936126114397377e-12,-0.0092744013174574
pathway|Constitutive Signaling by Ligand-Responsive EGFR Cancer Variants,pathway,17,0.3311200753138628,0.03219538317784534,-0.012373434393307504,0.9380094782698079,0.2287916563357228,0.14500505568288163,0.10716962648118941,3.0218537621859336,0.001256159438262304,0.07126488252511648,-0.9101183230905893,0.4857625830347534,0.05975322055188642,0.8303815813506924,0.999999873896792,0.0278657874633106,0.2291737880024378,0.5237654240420055,7.5602027413605e-09,0.0046364770378067
pathway|Constitutive Signaling by NOTCH1 HD Domain Mutants,pathway,10,0.27029854569042167,0.08340547971901441,0.17043970192471464,0.2805158540656944,0.22927827453423902,0.14412841018499872,0.1429262377719904,1.0623251391523454,0.14404405283030253,0.10799306982637787,0.8341895822475395,0.5136929078981881,0.6152738828037208,0.5852896077737234,0.8028422954355551,0.0376410723779144,0.623773684957366,0.2277389533039794,0.0073252294823616,0.0675448267786807
pathway|Constitutive Signaling by NOTCH1 HD+PEST Domain Mutants,pathway,41,0.12181733297073163,0.4421840935089542,-0.07641902790796255,0.6305091661513578,0.16488246626392214,0.29672793792778507,0.1958705950774386,-0.7015227693989894,0.7585115849958166,0.07385284732428012,0.04844558129939746,0.7667699318262147,0.9575854850937996,0.6931851720708377,0.999999873896792,0.0480315255989196,0.31142933708127,1.2185619933944158,1.9838375088355662e-22,0.0123058454685723
pathway|Constitutive Signaling by NOTCH1 PEST Domain Mutants,pathway,41,0.12181733297073163,0.4421840935089542,-0.07641902790796255,0.6305091661513578,0.16488246626392214,0.29672793792778507,0.14694324710671908,-0.21462619033279634,0.584970613592444,0.09568934492261011,-0.37782385634296506,0.7667699318262147,0.9575854850937996,0.5725502940566264,0.999999873896792,0.0480315255989196,0.31142933708127,1.2185619933944158,1.9838375088355662e-22,0.0123058454685723
pathway|Constitutive Signaling by Overexpressed ERBB2,pathway,10,0.30532756418415136,0.04926760605195826,-0.02500827937238911,0.8750828715260762,0.3004867375837834,0.05316792492438093,0.14325735784730426,1.8468843600478877,0.03238195096030787,0.09077918275315325,-0.9432805266362357,0.5001451021129545,0.37653012977735756,0.5160825870146366,0.999999873896792,0.1145059618743828,0.3257195692351925,1.0558836368376026,1.1789026509162859e-20,-0.0058557741915699
pathway|Conversion From APC C Cdc20 to APC C Cdh1 in Late Anaphase,pathway,15,0.027622385230130136,0.8621451320218558,-0.11170945698746634,0.4812327854561433,0.010218982168841215,0.9487874411424219,0.166627464215509,-1.354908974235242,0.9122767199689923,0.06755720905022049,0.9599692115268151,0.9437603354193222,0.9575854850937996,0.120812377110052,0.999999873896792,0.0863496403346027,0.3795469117645432,-1.043532556456525,1.4978289796929622e-20,0.0705136199806947
pathway|Cooperation of Prefoldin and TriC CCT in Actin and Tubulin Folding,pathway,22,0.2957425093724343,0.05722739853915993,0.02596678485356082,0.8703351210442147,0.3563667273800659,0.02053357573141686,0.10831111937240301,1.8369443204933624,0.0331090577643658,0.08386487275942822,-0.8728748412355881,0.5095753496048412,0.3769753468936619,0.2288701332248027,0.8555661469772295,0.0882741091216826,0.4683610585991857,-1.119909639818619,6.688825634510437e-22,0.0247580851211074
pathway|Costimulation by the CD28 Family,pathway,57,0.11902895338914121,0.4527782594618784,-0.02840661698745244,0.8582705798138066,0.1054339430118538,0.5063541693209096,0.13629947942261691,-0.17365855079998796,0.5689330929256198,0.048352244682016446,-0.4157569901674796,0.7742360270046663,0.9575854850937996,0.914876922115199,0.999999873896792,0.0279061889172692,0.096957554178829,-0.2932661143040715,0.0004688234707112,0.0266385377304692
pathway|Cross-presentation of Particulate Exogenous Antigens (Phagosomes),pathway,7,0.25417822623435204,0.10430031513469257,0.07912027062762828,0.6184377697808159,0.3210058049545519,0.038192395042309646,0.12122480230964365,1.616850262597472,0.05295530339753991,0.08102421106068299,-0.03305129891688955,0.5144479402341297,0.4495522427488712,0.0048161809505722,0.7561258166152436,0.2439475311655762,0.6371330297657902,0.6827359675004745,1.429621073165358e-12,0.0097363766105851
pathway|Cross-presentation of Soluble Exogenous Antigens (Endosomes),pathway,30,0.22977990489543582,0.14322881725766776,0.006360990920503153,0.968108900516126,0.29026775541494215,0.06221610518911752,0.11851048906068921,1.2059312593786577,0.11392199823213983,0.09833830552512102,-1.598830965548064,0.5391429338815698,0.5610323348232203,1.2348952426860558e-23,0.9251396720017928,0.2964686009695084,0.4533443556326038,0.7952976046421373,1.1290961848873008e-15,0.077477841005437
pathway|Cyclin A Cdk2-associated Events at S Phase Entry,pathway,62,0.20294175142262802,0.19740388037775142,-0.05019083246862762,0.7522632615203882,0.2579887482466977,0.09903325613737647,0.14196773229081866,0.7742519924415755,0.21939089369851345,0.07180513106904966,-0.4446846004567004,0.5833255166567319,0.7127549274092146,8.572021152129583e-18,0.999999873896792,0.1282983069422992,0.3108141727599119,0.6671268037261777,1.2467937460909665e-12,0.0387614695041914
pathway|Cyclin D Associated Events in G1,pathway,36,0.2698628613807982,0.08392361751118507,-0.04914519012553121,0.7572665710453563,0.29132209484506066,0.06122939188604305,0.130666081299185,1.3496002924079789,0.08857211516846203,0.06784040385147574,-0.41801425235720435,0.5136929078981881,0.5179517503482982,0.4949538211501627,0.999999873896792,0.0539768251798326,0.1541886862520557,0.7173477394017194,1.2328505518128706e-13,0.0384309602402937
pathway|Cyclin E Associated Events During G1 S Transition,pathway,60,0.21836497598330004,0.1647443457424033,-0.04992942188285352,0.7535131594264737,0.2669100818861622,0.08750154763622968,0.10984037129918152,1.3321576879730288,0.09140418856720561,0.0751076181359958,-0.45673339741415775,0.5573119478539329,0.5289033456396041,1.8331146876032414e-16,0.999999873896792,0.1407577109182818,0.3238341953115518,0.7239939740450837,6.54141226994517e-14,0.0399035438431128
pathway|Cytochrome C-Mediated Apoptotic Response,pathway,12,0.13802478928872594,0.3833770803885924,-0.058817381799172994,0.7113844920082733,0.20348751001287785,0.1961757022943549,0.15671128932847805,-0.2224473508282683,0.5880171727971706,0.1330405607866331,-1.1100889713391209,0.7227320605599133,0.9575854850937996,0.0040986502603776,0.9251396720017928,0.1443754013132003,0.5143158187542338,2.056920819254082,2.3291734339045008e-26,0.0469993879765935
pathway|Cytoprotection by HMOX1,pathway,44,0.18107039907952815,0.2511448112184374,0.029016575020925348,0.8552593032013139,0.252717051096105,0.10637581883159235,0.14654241754186548,0.34442475013842616,0.3652634391472578,0.06120928865900603,-0.8722092613183933,0.6215860181637165,0.8623014078164335,0.0076427625572542,0.9679703265045758,0.0878345922465205,0.3943562434402899,-0.8479489557574742,4.008380822866689e-16,0.0219327799554958
pathway|Cytosolic Iron-Sulfur Cluster Assembly,pathway,8,0.2768338103347742,0.07592871419148077,0.1900454958577723,0.2280141550616328,0.15344693859879033,0.331946517800296,0.16663182105860522,0.902828108216712,0.1833085653452743,0.08889266969248345,2.074706526931687,0.5136929078981881,0.6695721243763684,0.3100708675129862,0.4430667701557792,0.0961673664681183,0.5911366577893739,-2.43974494136564,2.3291734339045008e-26,-0.0011933882448867
pathway|Cytosolic Sensors of Pathogen-Associated DNA,pathway,54,0.18629861079501017,0.23748639897794832,-0.11885467966529181,0.45344493985303996,0.17583137573053775,0.26535059748394324,0.13206027108998022,0.7032437882802189,0.24095191743225264,0.08779910207532846,0.4611795991205705,0.6084527874891386,0.7330121557931755,0.2768095358185625,0.999999873896792,0.0587938303926387,0.3469023788517709,0.4981699882655236,1.33011825634042e-07,0.0505964436278648
pathway|DAG and IP3 Signaling,pathway,26,0.08208292393306808,0.6053112427251667,-0.04260992548117866,0.7887517475698431,0.11378755541971607,0.47306034200550445,0.13027832226362007,-0.5344883860675479,0.7034981587116343,0.1084941067824449,-0.9299288218311116,0.8498945208746413,0.9575854850937996,0.8595126557965715,0.999999873896792,0.0249428466270571,0.3340173691843122,-0.2994071471028349,0.0003418903176136,0.028949230264131
pathway|DAP12 Interactions,pathway,31,0.33800388740591414,0.02857549138965299,0.059514476694570606,0.7081140132053907,0.3007300466830415,0.052966140856897846,0.10627647364646127,3.498953994783798,0.00023354358250554243,0.0756042982489666,-0.2810531489192513,0.4857625830347534,0.02221848719018638,0.7787990506103636,0.999999873896792,0.0278169029612153,0.27617780166917,1.4256959557162527,2.3448249530806785e-24,0.0165495917712042
pathway|DAP12 Signaling,pathway,25,0.2005019192887364,0.20296067113096594,-0.02744811150628073,0.8630065803669189,0.1982969158953712,0.20807609871019114,0.1494092202991881,0.5877191468611079,0.2783604108425678,0.07953852756486683,-0.7353250612611034,0.5895237002521901,0.7795403801138484,0.911763254811094,0.999999873896792,0.0182406015037593,0.2023035231704204,1.2951919560748986,1.766254828398066e-23,0.0097865723450725
pathway|DARPP-32 Events,pathway,20,0.13741483125525308,0.3855029994349636,0.0027012427196657224,0.9864543596946368,0.21208443151999826,0.17753553513852208,0.12815218283265736,0.12854006943568463,0.448860795195128,0.08098935631591309,-1.2120916577389835,0.722990840338153,0.9319026076987453,0.1540224496797015,0.999999873896792,0.0838410619851063,0.3650687730763951,1.6833129900141346,7.641549993371291e-26,0.0305970648770186
pathway|DCC Mediated Attractive Signaling,pathway,10,-0.25548527916322256,0.1024700752041583,0.16538576393308202,0.29523534645851524,-0.13211684089716144,0.40425807912087336,0.13219097638286725,1.1979944364659116,0.11545959145004586,0.07482878017783677,1.615850398402543,0.5136929078981881,0.5633028552562843,0.8712664293910035,0.999999873896792,-0.0114073061441482,0.3763293829446266,,,
pathway|DDX58 IFIH1-mediated Induction of Interferon-Alpha Beta,pathway,61,0.13968038966529528,0.37764164736481887,-0.05045224305440173,0.7510139882006882,0.17526365449893547,0.26692132818191294,0.1273723079184313,0.17051109546626286,0.43230410460870117,0.07032380441632971,-0.39647870224335635,0.7178964286417493,0.9187974908873431,0.7818114809888028,0.999999873896792,0.0400717516593271,0.3629568213275736,1.9433629425801957,2.3486446033475792e-26,0.0202972083701991
pathway|DEx H-box Helicases Activate Type I IFN and Inflammatory Cytokines Production,pathway,7,0.07885886004185416,0.6196017168853798,0.2563566477824696,0.10126363733810423,-0.01046229126809934,0.9475697646288503,0.1257515622866319,-0.5365337887818067,0.7042051548864701,0.056974437169465576,3.8489861649331747,0.8564983873300351,0.9575854850937996,0.8944504552546358,0.99054418665301,-0.0351983855743254,0.469867866098143,2.5300300802126903,2.3291734339045008e-26,0.0634344022376947
pathway|DNA Damage Bypass,pathway,41,0.09053519953976408,0.5685411089700765,-0.12242729100420455,0.4398849514362329,0.11711277977624376,0.46013773703726574,0.1345567421841229,-0.5547787445800944,0.7104769962696695,0.05379394170921401,1.8597181278800432,0.8330576072469815,0.9575854850937996,0.0248879137868477,0.999999873896792,0.0940323091542603,0.3361106523628455,-0.1820218906972553,0.0193980745286121,0.0159999368844471
pathway|DNA Damage Recognition in GG-NER,pathway,35,0.14804552841006655,0.349448355229239,-0.09079661012553815,0.567420463693603,0.20811038289878223,0.18598793875302627,0.16325962450211928,-0.12719474648884754,0.5506068683475598,0.07942089280126849,0.22447361845944103,0.7015286584827441,0.9575854850937996,0.000354922011122,0.999999873896792,0.1191649482759611,0.3838367816731178,-1.0548279662804618,2.5864037992888493e-21,0.0313442399765743
pathway|DNA Damage Reversal,pathway,7,0.08399993489541151,0.59688217420932,-0.19117827506279345,0.22520215526550058,0.05952962628515438,0.7080429948487122,0.17535422093726777,-0.711398744362191,0.7615814115621886,0.11895488705650523,0.7206497333969262,0.8457564309856219,0.9575854850937996,0.5661629410501524,0.999999873896792,0.0630439735702893,0.2060134136817944,-1.3425366728701948,3.1583353574774743e-24,0.0258855705642324
pathway|DNA Double-Strand Break Repair,pathway,97,0.03807880866109422,0.8107813240685299,-0.18525296845191377,0.24017684700084965,0.055068959465422104,0.7290569307375774,0.12483662523642251,-1.0921540479920366,0.8626173017982179,0.08564682158578836,2.0521420259063654,0.9207457093724912,0.9575854850937996,2.068327000984755e-11,0.999999873896792,0.1163948413677116,0.4196026911131539,-0.3813745370920581,1.4040019709879688e-05,0.0125896605378704
pathway|DNA Replication Initiation,pathway,6,-0.09227793677825807,0.5610894424907029,-0.24860146707117123,0.1123910684208973,-0.111678876559479,0.48135359702783376,0.1204841389832837,-0.3068990350374118,0.620539888208638,0.11301215307324064,1.8477651661232501,0.8275970423770551,0.9575854850937996,0.6216864638367049,0.999999873896792,0.0785190248348143,0.4071028460261889,-1.3250696348704525,5.538288552980557e-23,0.0655764534115103
pathway|DNA Strand Elongation,pathway,21,0.007232359539750161,0.9637429761896283,-0.1571077620502354,0.3204002585928797,0.025304146322844917,0.8736168888298428,0.12811297124479123,-1.1305946635181112,0.8708871326788971,0.07779143348327658,1.353072273630171,0.9899012951376905,0.9575854850937996,3.102505218116947e-08,0.999999873896792,0.2258457832893923,0.4073263097504921,-1.438843724550989,1.875326887238609e-25,0.0438201023576222
pathway|Deactivation of the Beta-Catenin Transactivating Complex,pathway,32,0.03328628125523568,0.8342394075726818,-0.17810774577408833,0.2591140977347313,0.02319546746260784,0.8840739499188008,0.17808160471551088,-1.359549013077229,0.9130136588563194,0.08673167551675087,1.243178879362257,0.9322280192469957,0.9575854850937996,0.8535477797802433,0.972663855239328,0.020673935572068,0.4435281874005153,,,
pathway|Deadenylation of mRNA,pathway,21,-0.05446053870293796,0.7319388022288491,-0.0952405900836979,0.5485270067459611,-0.08678024540206429,0.5847494395068602,0.11985675357742587,-0.9563106456225255,0.8305423434472723,0.058865307073231586,0.7842391992051163,0.8956631577924263,0.9575854850937996,2.323883902980547e-09,0.999999873896792,0.2071529473033232,0.3782561573560101,-0.4908129294098732,3.4685725627120416e-08,0.0499616565581841
pathway|Deadenylation-dependent mRNA Decay,pathway,48,-0.044788347029296176,0.7782170408668134,-0.11048954092052055,0.48606450071513146,-0.08231957858233202,0.6042679038779518,0.13917935270922827,-1.2018401993746937,0.8852872763768849,0.059937090474905384,1.3010814409496412,0.9089172821744461,0.9575854850937996,0.0134706223633675,0.9545790103479016,0.0956627545653301,0.4171248490756466,-1.0133319422554308,1.0913046369559566e-19,0.0252622728289137
pathway|Death Receptor Signaling,pathway,120,0.17131107054396166,0.27802735681857244,-0.09306216853558039,0.557751094850949,0.20940803142815886,0.18319710041358497,0.11913787446654708,0.7635637972543344,0.22256361515930323,0.09132814498327885,0.026248319321521083,0.6451344321743593,0.7151227627011635,0.6460298203293535,0.972663855239328,0.0420864230859808,0.3755047710623893,2.18647587179288,2.3291734339045008e-26,0.0325810443687185
pathway|Dectin-1 Mediated Noncanonical NF-kB Signaling,pathway,45,0.24807864589962297,0.11317331089115003,0.013419076736403914,0.9327823164102548,0.29472842223467444,0.058126473216688464,0.16362559932220302,0.7912480290992735,0.21439963463840744,0.06511737691632886,-1.1263075995110092,0.5144479402341297,0.7089074807238338,3.045440830705821e-09,0.980110424927094,0.1589403950647969,0.3766316432612036,1.1116282952285632,6.0634315194781775e-22,0.0588378522264128
pathway|Defective CFTR Causes Cystic Fibrosis,pathway,43,0.2789250950209671,0.07365063970838134,0.023788363305443302,0.8811317031010486,0.32116801102072395,0.03808947758968267,0.1697643912447982,1.2388867717740981,0.10769371659550697,0.06960056846235471,-0.812135157552089,0.5136929078981881,0.5479462852771833,5.551748360324635e-20,0.999999873896792,0.233867211066022,0.3771793738326245,0.5557728051035419,1.2349412008152624e-09,0.0634881480131904
pathway|Defective HLCS Causes Multiple Carboxylase Deficiency,pathway,5,-0.006448127782427854,0.9676722646209818,-0.050626516778251134,0.7501814877727925,0.002027575827151035,0.9898323217081507,0.11739513722805306,-1.3144004596138745,0.9056442620551911,0.08919329186612368,-0.6709900983875696,0.9899012951376905,0.9575854850937996,0.0056773820283879,0.9539724928433696,0.391913875598086,0.5333480742180932,-2.070218803275956,2.4533581827990682e-26,0.0721733357866748
pathway|Defective Intrinsic Pathway for Apoptosis,pathway,21,0.3866262563598971,0.011431738906350923,0.19710358167367306,0.2108817243141004,0.45515022167886426,0.002456988795590298,0.1759075400104896,1.7890262440706879,0.036805294547522155,0.09202088303558023,1.833640014908076,0.4644200585751626,0.39707980148434985,0.0197893946205606,0.999999873896792,0.1037626533867135,0.4149137637611901,-0.237310735800068,0.0083548568871794,0.0423733294986988
pathway|Defective LFNG Causes SCDO3,pathway,3,0.053850580669465055,0.734831610737999,-0.13933184221759648,0.3788448600482333,0.10048665799360527,0.5266156802369809,0.16587808720295655,-1.1014698054946637,0.8646538805570285,0.10188041896236011,0.38671699808936827,0.8956631577924263,0.9575854850937996,0.0343923701755606,0.9724192686585708,0.4189792663476872,0.5155405507695215,0.2233857424813934,0.0043322809532617,-0.0277004343857446
pathway|Defective TPR May Confer Susceptibility Towards Thyroid Papillary Carcinoma (TPC),pathway,26,-0.10892107740587592,0.4923135932880535,-0.19265960171551333,0.22156100370200213,-0.1553934113928553,0.3257755127227706,0.11699866450629567,-0.13024836189892172,0.5518150334137987,0.08570781738913566,1.4703033321071655,0.8029553991045639,0.9575854850937996,4.157685731567387e-33,0.999999873896792,0.3199331195120669,0.4003262520880039,-1.0749412131722984,3.087957814811373e-22,0.0927683682143532
"pathway|Defective Binding of RB1 Mutants to E2F1,(E2F2, E2F3)",pathway,12,0.1978006765690707,0.20923961863449225,0.13715342066947894,0.38641622428110584,0.23690195964432692,0.13089992956744742,0.1687100352155093,0.3154214661893027,0.37622083520420463,0.08902337498537052,0.6949535246953864,0.5963203374668667,0.8690325308920791,0.2120997165579967,0.999999873896792,0.0731342819859566,0.2077465541025221,-0.3512524655445845,9.41899918402664e-06,0.0021143120714507
pathway|Defects in Biotin (Btn) Metabolism,pathway,6,-0.04827382150628421,0.7614434924909631,-0.11894181652721653,0.45311153307410634,0.0007299272977743725,0.9963395528623057,0.12934160099792952,-0.8313369281257059,0.79710834064917,0.13435632740169606,-0.2094190916649555,0.8998877638529564,0.9575854850937996,0.0003281326109137,0.8741293923296176,0.3505992253360673,0.5809126935735,-1.9630218741514356,2.7402866424540235e-26,0.0755879128610239
pathway|Defects in Cobalamin (B12) Metabolism,pathway,11,-0.23282969506280038,0.13784849802844623,-0.05550618104603437,0.7269882376396481,-0.2690187607463993,0.08493459294133779,0.17727994558580365,0.4423169670885914,0.3291299273548746,0.13161587309416423,-0.9276465349763886,0.532904489152084,0.8213765905808774,0.8995947553286338,0.999999873896792,-0.0302964021624308,0.2902722540016987,,,
pathway|Defects in Vitamin and Cofactor Metabolism,pathway,17,-0.19170109623434164,0.2239123788752839,-0.10822398251047831,0.49510420941142885,-0.16918092701748236,0.2841363408462649,0.19293408283057611,-0.009753657097615425,0.5038910845090518,0.1117268843598513,-0.04749617619652416,0.5991031748931795,0.9575854850937996,0.1721978525171798,0.999999873896792,0.0544208113867556,0.4389425426132043,-2.5434485043836874,2.3291734339045008e-26,0.0019140186299325
pathway|Degradation of AXIN,pathway,40,0.2004147824268117,0.20316113379745515,-0.015946045732220235,0.9201619343108018,0.2574210270150954,0.09980476896015303,0.14325300100420799,0.5987630534003683,0.2746654516759937,0.08009620348118492,-1.2233673777200413,0.5895237002521901,0.7750309009137679,4.5280280236823814e-13,0.999999873896792,0.1814341798552324,0.3906942183914312,0.7032333456903764,1.4625913480665018e-13,0.0654530740273669
pathway|Degradation of DVL,pathway,40,0.24555167690380666,0.11701242826709957,-0.02021575196653057,0.898883309399675,0.3064072589990644,0.048429983686757126,0.16207020633684713,0.8181302095861188,0.20664142030780458,0.07421010845817139,-1.3159767532983222,0.5144479402341297,0.6987083888598304,2.6328170613974605e-10,0.999999873896792,0.190143014879857,0.3698098401122848,0.7233329024655257,9.013430284865915e-14,0.0523451578006404
pathway|Degradation of GLI1 by the Proteasome,pathway,43,0.2692529033473253,0.08465321680731261,-0.020041478242681172,0.8997505587568326,0.3089214530247317,0.04652401997739968,0.10263415281800876,2.628967973227338,0.004282221318027402,0.0684547187280449,-0.7953948997871729,0.5136929078981881,0.12399052138885881,2.0048169360808328e-15,0.972663855239328,0.1804826926876236,0.3967159639632482,0.819029643755749,2.17334782362683e-16,0.0496333463907514
pathway|Degradation of GLI2 by the Proteasome,pathway,43,0.2692529033473253,0.08465321680731261,-0.016730277489542544,0.9162490494625776,0.3094080712232479,0.04616223390699184,0.10796692876780045,2.112685024185883,0.017313867964791334,0.0859518006025248,-1.31190502036381,0.5136929078981881,0.286759080635928,1.806324063857161e-14,0.999999873896792,0.1817835134498887,0.3731685918268336,0.8109530036052358,1.9402474090801108e-16,0.0547443365821502
pathway|Degradation of Beta-Catenin by the Destruction Complex,pathway,66,0.22368032456070677,0.1544516877483677,-0.052456390878669844,0.7414572917582017,0.2737227366653897,0.07941954618711196,0.12210488461508313,1.3984055443190242,0.08099565959433586,0.05862132385984242,-0.16912002264691037,0.5479108177242943,0.507227652697785,9.710529617296533e-07,0.999999873896792,0.112170381452678,0.2947745218276648,1.2001504839543446,2.1783821170622486e-23,0.0432765374626624
pathway|Depolymerization of the Nuclear Lamina,pathway,12,-0.15031108682010877,0.34203996060851666,-0.030585038535569955,0.8475254240493262,-0.07615574806779286,0.631690876213886,0.12379098289332609,0.3916472629681664,0.34765943060824245,0.06655513513808642,-0.905266686595406,0.6949391325485188,0.8412152465468803,0.7339994942272182,0.9695108724736686,0.0334731456741025,0.5105229955885559,0.7534236655072742,2.0636135963210644e-14,-0.0178249985869234
pathway|Deregulated CDK5 Triggers Multiple Neurodegenerative Pathways in Alzheimer's Disease Models,pathway,19,0.3868876669456713,0.011371398794349235,0.19736499225944715,0.2102648872673424,0.48215753169651604,0.0012232633921572308,0.1541189676862182,2.080894046810717,0.018721802591763405,0.06563148440168459,1.8637398821944255,0.4644200585751626,0.286759080635928,0.065075108345632,0.999999873896792,0.0925335667717939,0.4103681457057231,0.0565247179704165,0.521920727879818,0.0540786848494964
pathway|Detoxification of Reactive Oxygen Species,pathway,25,0.4028337126778915,0.008169440759427075,0.145867106861949,0.3566634504410874,0.4323602693816867,0.0042430626886984435,0.13987209076152965,2.683376383412844,0.0036441456879548685,0.09399888980127093,0.8823337347298896,0.4644200585751626,0.11465994563627209,3.459253404604442e-05,0.972663855239328,0.1287325131009341,0.4647791250845443,-0.7150115966431141,1.444406770802305e-13,0.0836960769448782
pathway|Deubiquitination,pathway,185,0.02701242719665723,0.8651608847606366,-0.12321152276152685,0.4369386321495938,0.0848337726079993,0.5932319117259209,0.12439222724060653,-1.4102014426589689,0.9207598950159446,0.08760304413599788,0.812962432210834,0.9460489644108968,0.9575854850937996,0.0058661929533228,0.999999873896792,0.0769301284404259,0.3680128737531424,1.3431510699511593,3.880598206107459e-24,0.0226086222065538
pathway|Dimerization of Procaspase-8,pathway,11,0.16068037338914817,0.3093788921235378,0.0235269527196692,0.88242876152388,0.215490758909612,0.1705126173524391,0.13546296554813977,0.24196818366576686,0.40440240825918183,0.08366881482009766,-0.9477421471245705,0.6682456359283433,0.8986994506766132,0.7026238153131609,0.999999873896792,0.0314546697321817,0.3205962169226705,1.2815313701646711,1.8455452562358874e-24,0.0854555788863513
pathway|Disassembly of the Destruction Complex and Recruitment of AXIN to the Membrane,pathway,23,0.294958277615112,0.05792170400164626,0.04844809523013361,0.7606075688580493,0.35255488482502195,0.02202475802708272,0.12803454806905906,1.7565930508897185,0.0394935991502023,0.08989910044771376,-0.5711290529039245,0.5100523411573027,0.40187785438000667,0.4112928364046156,0.999999873896792,0.0598145561532289,0.3634164698190243,1.391088393147421,4.6048110843208985e-24,0.0144161116594908
pathway|Diseases Associated With N-glycosylation of Proteins,pathway,17,0.06988376326361,0.6601043795682326,-0.0718007742259534,0.6513673747639411,0.13081919236778478,0.4089305489744995,0.12384762185357716,-0.6699344504094313,0.7485502113569783,0.09092731541842522,-0.2277295031650337,0.8766213809541832,0.9575854850937996,0.1964297963329302,0.999999873896792,0.1157392143460254,0.3503074695500588,-1.2278287482112085,1.8411232308574932e-22,0.1084716961558178
pathway|Diseases Associated With Glycosylation Precursor Biosynthesis,pathway,14,0.005925306610879651,0.9702922154323744,-0.19239819112973924,0.2222005931696912,0.0015409576286347867,0.9922724795132585,0.1459760279393549,-1.4922611292637746,0.9321846486978154,0.13824698828663393,0.5856789056158961,0.9906073122261704,0.9596962467902251,0.6694454290403521,0.952050317933932,0.0369322406916391,0.5276346164681556,-2.9964488619832133,2.3291734339045008e-26,0.0348954711230257
pathway|Diseases Associated With the TLR Signaling Cascade,pathway,24,0.2579251112971142,0.09911950794050683,-0.026751016610883128,0.8664539312602016,0.2788322277498103,0.07375064771424668,0.17012600922178572,0.9844403395681526,0.16244952597699214,0.07642338475105878,-1.031234615514571,0.5136929078981881,0.6397135788705899,1.5678654794639036e-09,0.7558882512503801,0.2181961821549921,0.4958438584788293,2.2549733141071373,2.3291734339045008e-26,0.0341401838544417
pathway|Diseases of DNA Repair,pathway,31,-0.12599990234311728,0.4265518404774659,-0.23788363305443305,0.12926467608676132,-0.09172753042031283,0.5634379738339225,0.19238076375735427,-0.6432770593168308,0.7399778304228973,0.10039473546654396,1.971911627275093,0.7590891618161962,0.9575854850937996,9.349800812984773e-08,0.8245614437015378,0.2310300678382172,0.5571714709841914,-1.1173125776714157,6.796156055052856e-22,0.010800006875966
pathway|Diseases of Immune System,pathway,24,0.2579251112971142,0.09911950794050683,-0.026751016610883128,0.8664539312602016,0.2788322277498103,0.07375064771424668,0.12064534217784442,1.4337113630509866,0.07582732408486936,0.1053136113221933,-1.1206958999775123,0.5136929078981881,0.5028629025083291,1.269050839448497e-11,0.9188249854715472,0.2181961821549921,0.4958438584788293,2.2549733141071373,2.3291734339045008e-26,0.0341401838544417
pathway|Diseases of Mismatch Repair (MMR),pathway,5,-0.1183318584937436,0.4554481743774721,-0.17052683878663935,0.2802663516497467,-0.08686134843515032,0.5843971836766382,0.13244367328244888,-0.1703959594949787,0.5676506252332512,0.1079974266694741,1.0762711299120733,0.7775310187373973,0.9575854850937996,6.169307424805277e-07,0.6546990428633584,0.5655912508544085,0.6282011148292813,0.0653703801381115,0.46716460110363,-0.0234005476723923
pathway|Diseases of Branched-Chain Amino Acid Catabolism,pathway,12,-0.023788363305443302,0.8811317031010486,0.008103728158997169,0.9593780973330901,-0.020681273436940553,0.8965672776379972,0.11805302053558456,-0.9879383493601244,0.8384085787883165,0.09049598795189796,-1.0914466112464767,0.9534469210214795,0.9575854850937996,0.0120168710902036,0.8818086116253029,0.2437446923092856,0.5632977361645638,-1.839271063758196,2.5063585876869227e-26,0.0382069765370087
pathway|Diseases of Carbohydrate Metabolism,pathway,23,0.2939997721339403,0.058779425462519436,0.06779247857741717,0.6696867286445317,0.3485808362038059,0.023674791743999012,0.1400812192301489,1.4208068379903929,0.07768646112334757,0.09473519628453464,-0.3408898576978747,0.5122798637865735,0.5049619973017592,9.986024937006274e-07,0.8923843585303671,0.186282990984468,0.440039005496817,-1.3009415178830812,1.1516878431883704e-23,0.0626103913440342
pathway|Diseases of Mitotic Cell Cycle,pathway,29,0.20616581531384193,0.19022647920267272,-0.04679249485356429,0.7685595703332704,0.20575839493928702,0.19112312668537715,0.11541713046236235,1.1552472423095117,0.12399459686336256,0.09176818613599858,-0.7388417720259048,0.5759318937964197,0.5780861046327569,0.0567693380892124,0.999999873896792,0.0924360834913077,0.2180638192755044,-1.0868383936892394,5.4721713174579835e-21,0.0307959525192535
pathway|Disinhibition of SNARE Formation,pathway,4,0.06631115192469726,0.6765057679450048,-0.043307020376576265,0.7853764988864345,0.06966750542090956,0.6610928317961671,0.1450044519288945,-0.6090565040295824,0.7287565066031422,0.08772939258578873,-0.6312323192889524,0.8770401152061406,0.9575854850937996,0.9666029450656706,0.972663855239328,-0.0941558441558441,0.5114955240908298,0.9935130383798818,2.561468190435873e-19,0.0028276563734562
pathway|Disorders of Developmental Biology,pathway,12,-0.06831529974896537,0.6672862139808646,-0.029975080502097056,0.8505314068922432,-0.03365775873070718,0.832415770885685,0.1190158828598525,-0.6133261812889486,0.7301696573778315,0.06266883109624476,-0.5492532082226164,0.8770401152061406,0.9575854850937996,0.7200173669935815,0.9057514908104052,0.0515224010439321,0.4910727414252323,0.6804106273286876,1.061045942485904e-12,0.1125301952866326
pathway|Disorders of Nervous System Development,pathway,12,-0.06831529974896537,0.6672862139808646,-0.029975080502097056,0.8505314068922432,-0.03365775873070718,0.832415770885685,0.1621181316109057,-0.9820744521513884,0.8369684147038929,0.07741674497700038,-0.7529961774056053,0.8770401152061406,0.9575854850937996,0.7593543849641184,0.8741293923296176,0.0515224010439321,0.4910727414252323,0.6804106273286876,1.061045942485904e-12,0.1125301952866326
pathway|Downregulation of ERBB2 Signaling,pathway,20,0.19431520209208264,0.2175397340222444,-0.10796257192470421,0.49615278208171004,0.17112739981154734,0.27855068640099545,0.19305171759417444,0.009574208014663913,0.4961805019743548,0.09314059171131261,0.19755803858064655,0.5991031748931795,0.9575854850937996,0.2478160774751462,0.999999873896792,0.0698104111954527,0.3152399417989879,0.4518223690352203,4.867916024197603e-07,0.0170341691460058
pathway|Downregulation of ERBB2 ERBB3 Signaling,pathway,10,0.1862114739330855,0.23770981749947076,-0.010979244602512294,0.9449829893218065,0.15620444172371573,0.3232255807367976,0.1120013654749141,0.8605750477380116,0.19473606679530858,0.09852129293516287,-1.1836398634339067,0.6084527874891386,0.6885417247480365,0.3103166229075778,0.999999873896792,0.0657887142097668,0.3209649782055187,0.0863732577593461,0.4785714041285723,0.0464937350886063
pathway|Downregulation of ERBB4 Signaling,pathway,7,0.08548126154813142,0.5904042257706327,0.048012410920510104,0.7626978799803887,0.07185728731423267,0.651110499980803,0.15139158390797505,-0.597839831972722,0.7250265949952416,0.09696154310671075,-0.7197444046729832,0.8457564309856219,0.9575854850937996,0.7897664249097488,0.8379104691817861,0.0067994661979624,0.5184388808781281,0.1964173496549255,0.0200336499102957,0.0575912716451973
pathway|Downregulation of SMAD2 3 SMAD4 Transcriptional Activity,pathway,26,-0.021784215481175182,0.8910834099544177,-0.08034018669457409,0.6130182216130151,0.023600982628038048,0.8820614114349299,0.10465137117156556,-1.0611071662702685,0.8556793992638719,0.060747463290805125,0.347034316462494,0.9583954661020535,0.9575854850937996,0.5294900599567531,0.8064813661308967,0.052646932015353,0.4425019502879099,1.7596597627530266,1.083897423240846e-25,0.0353233165401558
pathway|Downregulation of TGF-beta Receptor Signaling,pathway,22,0.06909953150628768,0.6636915817964756,-0.030933585983268758,0.8458086742540464,0.12092462233128773,0.4455609198328678,0.16794758767366819,-0.7699995623622763,0.7793499238562751,0.07245430069038863,-0.693811083945297,0.8770401152061406,0.9575854850937996,0.5408692935566568,0.999999873896792,0.048849988016085,0.2976147214999112,0.4396752485658554,8.418696028379605e-07,0.0090047036121329
pathway|Downstream TCR Signaling,pathway,76,0.10526132920503849,0.5070544019250155,-0.032502049497913375,0.8380921213145476,0.10583945817728403,0.5047110657841345,0.14849428324897876,-0.5247392981350958,0.7001177827256272,0.03824872554184739,-0.2552202023589872,0.8119853582471749,0.9575854850937996,0.1272573573934143,0.99054418665301,0.0752332985573982,0.3491728336077524,0.6355912431503629,2.978821327320656e-11,0.0248024227522541
pathway|Downstream Signal Transduction,pathway,23,0.14961399192471117,0.344309100409191,0.09358498970712859,0.5555307076312835,0.15506899926051113,0.3267989984577736,0.13597271619039927,0.13024599278167961,0.4481859037442997,0.08191300705231493,0.1585879637411774,0.6969428889327242,0.9319026076987453,0.6207861036033888,0.999999873896792,0.0386619621277411,0.1062254885882001,1.1195475051861177,2.422587864456138e-21,0.0178394651824093
pathway|Downstream Signaling Events of B Cell Receptor (BCR),pathway,64,0.1877799374477301,0.2337101055766729,-0.04513689447699498,0.7765350671261253,0.22968378969966924,0.14340086261088658,0.14808038315483646,0.43555505682887136,0.3315797924267714,0.07291176921549333,-0.8125146479285565,0.606754250479696,0.8229187716013967,0.0001305069709299,0.999999873896792,0.0986597649426596,0.3570415587288534,1.3733675972400536,7.083372621398941e-25,0.0263824031321546
pathway|Drug-mediated Inhibition of CDK4 CDK6 Activity,pathway,4,0.19736499225944715,0.2102648872673424,0.1395932528033706,0.3779422379599328,0.1663423208594709,0.2924119159674115,0.15553494169249457,0.34536205032958667,0.36491110172180274,0.11129555689332402,0.2748275197031043,0.5963203374668667,0.8623014078164335,0.1358150654485683,0.999999873896792,0.2106174527227159,0.3648285413394151,-2.0339015856371176,3.090539871945943e-26,0.0227827024998827
pathway|Dual Incision in GG-NER,pathway,35,0.16974260702931704,0.28251709617096843,-0.19152682251049222,0.22434173857956666,0.17802115762386087,0.25934951805701384,0.12639637506487467,0.45326708632885765,0.32517821509426875,0.0862132111882989,1.8253692808010518,0.6483643446116633,0.8170444227998853,1.7382397233352011e-06,0.999999873896792,0.1426289941814046,0.3549443924036498,-1.5739470492411147,2.0641279377656617e-25,0.0200798321063367
pathway|Dual Incision in TC-NER,pathway,52,0.12547708117156908,0.4284887426471669,-0.16364302669458797,0.3004243114371785,0.13081919236778478,0.4089305489744995,0.16338161610881385,-0.3943439359855475,0.6533364351985708,0.10197191266738104,1.048476689288765,0.7605962664389527,0.9575854850937996,2.1305847846803566e-06,0.999999873896792,0.1075421998022617,0.3809588503316456,-1.0492067981210331,3.0527447331395564e-20,0.0412583178351546
pathway|E2F Mediated Regulation of DNA Replication,pathway,15,-0.035813250251052,0.8218515556353029,-0.12260156472805395,0.4392292678559519,-0.07396596617446975,0.6415544019108611,0.12640944559416334,-0.9254027186675735,0.8226217674066374,0.07665429743515924,0.7147383463739861,0.9293005434601237,0.9575854850937996,1.2941037465025646e-15,0.999999873896792,0.2414451713699834,0.3801672299622444,,,
pathway|E3 Ubiquitin Ligases Ubiquitinate Target Proteins,pathway,37,0.10221153903767397,0.5195065227017714,-0.061867171966537515,0.6971146251367278,0.12822389530903144,0.4183676722448047,0.10471672381800912,-0.031665781540297776,0.5126307082155337,0.10753995814436941,-0.5782098737379759,0.8167234399366559,0.9575854850937996,0.0015883034814105,0.999999873896792,0.1000267868688921,0.3295890696966307,0.9053564918796126,1.886655829186507e-17,0.0285042666321687
pathway|EGFR Transactivation by Gastrin,pathway,7,0.0235269527196692,0.88242876152388,-0.006709538368201957,0.9663624133762386,0.03779401341809529,0.8121709716141603,0.12346857650420473,-1.1370458697322612,0.872240444632137,0.08755076201884306,-1.0958882018518163,0.9534469210214795,0.9575854850937996,0.9268275500487576,0.999999873896792,-0.0401360544217687,0.2788498712934795,1.1214064219199409,6.376846646598064e-22,-0.0005446572563499
pathway|EGFR Downregulation,pathway,21,0.17200816543935926,0.27604699950942196,-0.1439500958996056,0.36308683275166526,0.20016228565635014,0.20374279818487256,0.14845942850420887,0.24228297784923675,0.40428045131036017,0.08951134141214882,0.6365666092562053,0.6446860858216283,0.8986994506766132,0.8944504552546358,0.999999873896792,0.0171073788367021,0.1820524890345592,2.199138379875945,2.3291734339045008e-26,0.0138519914505229
pathway|EPH-Ephrin Signaling,pathway,56,0.2350952534728426,0.13394976707824566,0.08765968309624894,0.580934846911827,0.3181671987965404,0.040030562850011414,0.1720168791255517,0.7632140118132066,0.22266788687010042,0.08149475011507636,0.12043077496133445,0.5230538479380004,0.7151227627011635,0.0083157609700041,0.3563583461637533,0.0778097398158915,0.5136837837913129,1.5513598648228109,7.083372621398941e-25,0.011020670990595
pathway|EPHB-mediated Forward Signaling,pathway,28,0.24084628635987285,0.12442206349922647,0.24546454004188195,0.1171465439317841,0.31070571975262457,0.045208599340460225,0.15929054044144916,0.8051147645892999,0.21037672822473202,0.06722608897490663,4.158061452587197,0.5145896426775005,0.7032640577730171,0.389359251594317,0.8379104691817861,0.0499998191727514,0.5010793161638929,1.23764127998073,1.0663520298918454e-22,0.0078601149138481
pathway|ER Quality Control Compartment (ERQC),pathway,17,0.2714313248954428,0.08206998161155776,0.15013681309625937,0.34260638099385626,0.27226288206984095,0.081100272843323,0.109404686989558,2.0986121965660636,0.017925550163141686,0.11957355877617057,0.4130661940115494,0.5136929078981881,0.286759080635928,0.2571245471668639,0.999999873896792,0.1028688030236017,0.2382649851352121,1.337580442155731,8.287972362700965e-24,0.0308109989864049
pathway|ER to Golgi Anterograde Transport,pathway,119,0.2502570674477405,0.10994100673507068,0.02195848920502459,0.8902173663776712,0.30729939236301085,0.047746583220039274,0.10571444088704693,2.306510869281958,0.010541051749628513,0.07056343078662265,-1.4777090990857533,0.5144479402341297,0.2096014529365724,0.0002090384583853,0.999999873896792,0.1084514934836151,0.2691588153811017,0.838231619559627,8.741607731636116e-17,0.0344042484974679
pathway|ER-Phagosome Pathway,pathway,62,0.3219707048117692,0.03758351272875741,0.024834005648539707,0.8759465687717135,0.3775346190155227,0.013707260709301356,0.12672313829709228,2.0895214670099285,0.018330403802763566,0.08515449831591379,-0.992700549147252,0.48627586911918697,0.286759080635928,6.462043063203251e-22,0.8942989776529788,0.1816913443649506,0.3757400829481001,1.4642292979486773,4.281715335673756e-25,0.0318955174477502
pathway|ERK MAPK Targets,pathway,19,0.3532528382427368,0.02174514129170933,0.02587964799163612,0.8707665515648814,0.3916465467724939,0.01031952267508695,0.1553475974393565,2.559369802546267,0.005243106354472663,0.07603562571549385,-0.7602595013687741,0.4857625830347534,0.1406900205116831,0.0097336692243454,0.999999873896792,0.1133571568474615,0.337720173595026,1.3287448622392168,6.331796864919339e-24,0.0153332675374509
pathway|ERKs Are Inactivated,pathway,12,0.29277985606699447,0.059885707591240254,0.03502901849372969,0.8256916385358553,0.3694243157069185,0.016051161903858722,0.15155278710253572,1.6139275784916316,0.053271567946849376,0.08960283511716975,-0.8624305525687836,0.5122798637865735,0.4495522427488712,0.0036023737693341,0.999999873896792,0.1553377244764804,0.3080142648151011,1.5954788330768777,1.3940259433255985e-25,0.0102946453199724
pathway|ESR-mediated Signaling,pathway,119,0.11589202635985196,0.4648596620207971,-0.15771772008370832,0.3185012990271558,0.1925386005462623,0.22185689758623947,0.12114202229081521,-0.08533512381091662,0.5340025157001038,0.06418501249373457,1.9356277101066879,0.7852714064645103,0.9575854850937996,0.6973015178337907,0.999999873896792,0.0474663403598403,0.249990118890195,,,
pathway|Effects of PIP2 Hydrolysis,pathway,17,-0.22132762928873986,0.15894789025826928,-0.1442986433473044,0.3619137951713533,-0.22692628657474384,0.14840193890291803,0.11319078364018624,1.164139384398232,0.12218376508116247,0.09127586286612402,0.8817518426352042,0.5492304129645571,0.5759736601796724,0.0068794049345229,0.7558882512503801,0.1230439065578384,0.5799249357651124,-0.154919525787658,0.0661251689377654,0.0539333737413095
pathway|Eicosanoid Ligand-Binding Receptors,pathway,9,0.13706628380755426,0.3867209145861186,0.0833899768619386,0.5995585754203941,0.20859700109729848,0.18493785371492533,0.2122784661778597,-0.6999489180896189,0.758020396964316,0.11324306575734107,-0.37605060443614835,0.7246256707508919,0.9575854850937996,0.2549529120808158,0.8277116123457321,0.0780378977747398,0.5384700198226868,,,
pathway|Endosomal Sorting Complex Required For Transport (ESCRT),pathway,28,0.3651034514644961,0.01743256184555596,0.0591659292468718,0.7097486096359027,0.3911599285739777,0.010423112166986465,0.12788205856069082,3.012905654073943,0.0012937967449733311,0.0558460148075407,0.06871303746633199,0.4738487265292029,0.060175924160648486,0.0048315607154207,0.999999873896792,0.1049394771199282,0.2716067925116541,0.7636059734105961,3.1365977622373288e-15,0.0866267277115736
pathway|Energy Dependent Regulation of mTOR by LKB1-AMPK,pathway,26,0.037381713765696614,0.8141837796971771,-0.08765968309624894,0.580934846911827,0.11987028290116918,0.4495672737775056,0.12552500644562764,-0.8586484819897892,0.8047327592716702,0.11207543180755011,-0.4619147443385218,0.9236242010331662,0.9575854850937996,0.2804111940729737,0.9251396720017928,0.0711944897208055,0.4973801081390915,0.041859109662206,0.5613505503998303,0.0226212638728468
pathway|Epigenetic Regulation by WDR5-containing Histone Modifying Complexes,pathway,87,-0.09619909556486962,0.5444914988631873,-0.17253098661090746,0.27456781953955006,-0.01784266727892911,0.9107022045506212,0.13479636855441582,-0.5328024978380979,0.7029148477090266,0.08017462665691714,1.969354733279511,0.823616619570151,0.9575854850937996,0.3360289545696827,0.6414920230155906,0.0668068984153903,0.5381425933683361,,,
pathway|Epigenetic Regulation of Gene Expression,pathway,200,-0.07729039652720956,0.6266045914892702,-0.2227218190795351,0.15627211836777136,-0.05831308078886377,0.7137536553420516,0.12974243056278317,-0.9483121602720016,0.8285147189547842,0.07710740911716768,3.9486722310381106,0.8593973116730259,0.9575854850937996,2.051704090183288e-06,0.4412140934053241,0.0845707038267207,0.5096416448849392,-0.0791343397737193,0.4794509012253073,0.0167426225641624
pathway|Erythropoietin Activates Phosphoinositide-3-kinase (PI3K),pathway,10,-0.0243111844769915,0.8785385094677421,0.009497917949792382,0.9523967793980006,-0.018004873345101192,0.9098937199968024,0.18114010856906787,-1.669658539997657,0.9525065294733448,0.08445304657741995,-1.0683729049647597,0.9534469210214795,0.964711252333804,0.6794948362202717,0.999999873896792,0.0559702286018075,0.2466259558069005,1.2112998535619857,2.045721970714781e-22,0.0239030316805749
pathway|Erythropoietin Activates Phospholipase C Gamma (PLCG),pathway,5,0.1783691563598624,0.2584042252745785,0.035813250251052,0.8218515556353029,0.1144363796844044,0.47052387780415733,0.16277165807534097,0.13982080893730126,0.4444007858229255,0.08725449668829907,-0.8246760937539243,0.625248605201957,0.929693095587901,0.9887300512494606,0.972663855239328,-0.0843677375256322,0.4687385040319793,0.9978912281280032,5.3446512217969926e-20,-0.0060093335209418
pathway|Erythropoietin Activates RAS,pathway,12,0.31465120841009436,0.042406786341883204,0.06517837271967615,0.6817376354375364,0.35085172113021507,0.022719734617308352,0.14481275083266015,1.876013642296663,0.0303267033152605,0.0852547057071272,-0.3366892575007756,0.4910698601145319,0.367368117341812,0.1563837057498068,0.999999873896792,0.077768802170716,0.3545619745320172,2.018154864059241,2.5063585876869227e-26,0.0210042034286279
pathway|Erythropoietin Activates STAT5,pathway,5,0.25661805836824364,0.1009038363095256,0.1981492240167695,0.20842191547746053,0.25328477232770724,0.10556569912275193,0.14964884666948106,0.9993422951569755,0.15881445158416269,0.08693209029917769,2.195719294635444,0.5136929078981881,0.6380012421605614,0.9077879194130148,0.999999873896792,-0.0100751879699248,0.328414211255754,0.6136198464985635,3.9816161120357046e-11,0.0965647808408467
pathway|Establishment of Sister Chromatid Cohesion,pathway,9,-0.038340219246868326,0.8095062856644921,0.006709538368201957,0.9663624133762386,-0.06147609907921937,0.6989388137545731,0.13694429220085969,-1.161058830735994,0.8771910122329754,0.09313187802512014,-1.0847027052815226,0.9207457093724912,0.9575854850937996,1.2126226255882991e-11,0.999999873896792,0.5538486367433736,0.3218407726164503,0.5615251908277875,2.8177015471131517e-10,0.1836832920491637
pathway|Estrogen-dependent Gene Expression,pathway,75,0.0065352646443525555,0.9672356380487587,-0.1992820032217906,0.2057797761554895,0.06512573556809124,0.681981106604158,0.10498249124687944,-1.191064742102705,0.8831859150821839,0.08924993082637472,1.798341745953583,0.9899012951376905,0.9575854850937996,0.7024413320129598,0.999999873896792,0.0556043918149181,0.3370518118101615,,,
pathway|Estrogen-dependent Nuclear Events Downstream of ESR-membrane Signaling,pathway,18,0.02152280489540108,0.8923827094005975,-0.0040082956485362345,0.9799011339067514,0.07469589347224413,0.6382596849199451,0.141732462763622,-1.3483842758926108,0.9112325906450982,0.08223977028453255,-1.3208401806050076,0.9592999541733181,0.9575854850937996,0.8316396192493342,0.999999873896792,0.0247409968772197,0.1151734133234291,1.7144469574539511,7.913525011321953e-26,8.463802390565137e-05
pathway|Estrogen-stimulated Signaling Through PRKCZ,pathway,6,0.26716161866113247,0.08719222004249869,0.054983359874486167,0.7294621638791101,0.20819148593186826,0.18581263082789834,0.18137973493936083,1.0361878991538733,0.15005724550872063,0.0862872775209349,-0.50077123283913,0.5136929078981881,0.6222152039431742,0.934507738272553,0.999999873896792,-0.0515835042150831,0.0672053540657155,0.3904470576346114,5.816953876324697e-06,0.0551797072586435
pathway|Eukaryotic Translation Elongation,pathway,71,0.28572177025109374,0.06661625423650369,0.03102072284519346,0.8453795964900847,0.21257104971851448,0.17651977599672677,0.15128701967366542,1.925428478008814,0.027087887854819456,0.053968215433063405,-0.5467801668301576,0.5126022798419199,0.34996882271689583,1.8236397241897884e-123,0.6084799262694891,0.4131462183903145,0.4992681819320664,-2.814790078374521,2.3291734339045008e-26,0.0516853676229402
pathway|Eukaryotic Translation Initiation,pathway,96,0.27299978841008743,0.08024843710830135,0.05315348577406745,0.7381421123791518,0.1970803703990806,0.2109365555492238,0.1751843040565146,1.2890796614074518,0.09868519675649984,0.02827155485146915,1.3943438086130826,0.5136929078981881,0.5327388759111704,7.492367269784655e-161,0.5302479670784715,0.2496426472880766,0.4695464287296082,-3.14908288668304,2.3291734339045008e-26,0.0402692742338769
pathway|Eukaryotic Translation Termination,pathway,72,0.2636761441841444,0.09155477384535293,0.01429044535565092,0.9284284678987256,0.1904299216860252,0.22705717602620773,0.1394494769811948,1.356197376029224,0.08751818834473057,0.03437984887239068,-0.6729445437325984,0.5136929078981881,0.5174451079252008,4.246537433794657e-128,0.7561258166152436,0.3843818091964867,0.4782496696118007,-2.896143014520408,2.3291734339045008e-26,0.0462551855821843
pathway|Export of Viral Ribonucleoproteins From Nucleus,pathway,28,-0.0932364422594298,0.5570105044381036,-0.19597080246865195,0.213569229478852,-0.13349559245962414,0.3993274156958034,0.10530925447909707,-0.1779560364293468,0.5706212487976073,0.07148272467992825,2.1259332488643263,0.826238827632141,0.9575854850937996,1.0620001614783288e-19,0.999999873896792,0.3079196910023977,0.4151697427308611,-1.094270928598487,1.2398935616677865e-22,0.0843505369545747
pathway|Extension of Telomeres,pathway,39,0.04844809523013361,0.7606075688580493,-0.13636918891215666,0.38916350942000916,0.06163830514539147,0.6981819878226729,0.14205922599583962,-1.075905764501759,0.8590152981986257,0.09764992431591588,0.5582191249611292,0.8998877638529564,0.9575854850937996,1.3524449612431964e-13,0.972663855239328,0.1251376508994237,0.4390886159241228,-1.1682935540045478,5.76527249605992e-22,0.0433497292998624
pathway|Extra-nuclear Estrogen Signaling,pathway,46,0.2848504016318467,0.06748715360916317,0.052020706569046345,0.7435316297624992,0.34395796331790157,0.025722735980515075,0.14493038559625848,1.4726405426375533,0.0704239933288227,0.0693391578765806,-0.3612246489623989,0.5132456804789529,0.4883983857688208,0.7392668127670046,0.999999873896792,0.0378245349870063,0.0963070939232648,1.3335009512046183,2.2771645101716496e-24,0.0150278930910828
pathway|FBXL7 Down-Regulates AURKA During Mitotic Entry and in Early Mitosis,pathway,38,0.25287117330548153,0.1061554241845845,0.011414928912135797,0.9428033070970366,0.2905921675472863,0.06191116286405197,0.1289538419623646,1.4580655101342956,0.07241124345648069,0.0708161276862043,-1.2961994284309732,0.5144479402341297,0.4936701386137266,4.0622663370195695e-21,0.999999873896792,0.2025063953041792,0.3487763813973246,0.7959430664151078,4.30046296198286e-16,0.0603863936408502
pathway|FBXW7 Mutants and NOTCH1 in Cancer,pathway,5,0.11449783656905675,0.47028399802680804,-0.13331939874479215,0.39995556888589834,0.17996763041792585,0.25409171586459806,0.14371046952931268,-0.26355365752752596,0.6039380639447554,0.12855736924060726,0.04966876153980532,0.7867542392791946,0.9575854850937996,0.9123266680368946,0.999999873896792,-0.030498974709501,0.1117264065284533,0.8863606025185503,7.912460684252903e-18,-0.105434512019569
pathway|FGFR2 Alternative Splicing,pathway,21,0.12495426000002086,0.4304305567310297,-0.08792109368202304,0.5798031334156292,0.09480944567758239,0.5503468347836674,0.14329656943517038,-0.2204125138620289,0.5872250498032917,0.06658563303976006,0.5712441049840364,0.7620339321185473,0.9575854850937996,0.6875379161858908,0.999999873896792,0.0515083162451583,0.2823969476744208,-0.6787672292224014,1.0739293094739133e-12,0.0355193522990428
pathway|FLT3 Signaling,pathway,35,0.24616163493727958,0.11607686337386186,0.12207874355650573,0.4411979379936708,0.2509327843682121,0.1089527863548409,0.1097793754958342,1.9985000137910323,0.022831239221928715,0.06980098324478153,0.8678635452873941,0.5144479402341297,0.3228769168344378,0.798848109352906,0.999999873896792,0.0383895184868205,0.140193594910506,1.93150270630298,2.5267562411462552e-26,0.0258409754545182
pathway|FLT3 Signaling by CBL Mutants,pathway,6,0.18281313631802215,0.2465346713347474,0.09689619046026722,0.5415655270557628,0.12449315578707354,0.43214721681430096,0.14095258784939593,0.4291690235724685,0.3339001119930983,0.08018769718620586,0.24394142976345592,0.620505526074065,0.8255621667898295,0.1972220932909736,0.999999873896792,0.1298838004101162,0.4516018022368139,0.0363990621404086,0.747417504242797,0.0500715514962032
pathway|FLT3 Signaling in Disease,pathway,24,0.18246458887032338,0.24745210445528426,0.10186299158997515,0.520939222319845,0.1598540782125876,0.3119062959308147,0.13559802768412305,0.5984791942740747,0.2747601187185933,0.08829142534520303,0.18576402592406963,0.620505526074065,0.7750309009137679,0.806531775430261,0.999999873896792,0.0198393711551606,0.228392618511255,1.0781382533531672,1.7050137555820458e-20,0.0186770598485484
pathway|FLT3 Signaling Through SRC Family Kinases,pathway,5,0.2781408632636448,0.07449853321367361,0.2494728356904182,0.11109645219932511,0.2243309895159905,0.15322478167382408,0.19783553131384055,0.6500567939241096,0.257827768276759,0.10550531241842767,1.7816734212642933,0.5136929078981881,0.7526269442165364,0.9362883596383496,0.9815952958789088,-0.0832877648667122,0.4939609780207835,1.4135747133936505,6.351154544584081e-25,0.0319510287798595
pathway|FOXO-mediated Transcription,pathway,47,-0.009323644225942979,0.9532692625972516,0.00583816974895495,0.9707289046229697,0.061070583913789174,0.7008321368220718,0.14718723032010825,-1.4498220653200284,0.9264459276564933,0.09048727426570548,-1.1960415265283848,0.9872303644809736,0.95847488499609,0.9611419906997488,0.999999873896792,0.0134061079871489,0.1249072866982146,1.9241791972869395,2.892352328111004e-26,0.0059646092339588
pathway|FOXO-mediated Transcription of Cell Cycle Genes,pathway,12,0.011153518326361694,0.9441110680003594,0.20163469849375748,0.20036725913014158,0.03755070431883716,0.8133586402155797,0.17023057345609535,-1.500016132188069,0.9331948881080736,0.10953103543934883,1.3821409975472305,0.9829216088408934,0.9600291819869817,0.8066185197270608,0.999999873896792,0.0132718159033948,0.3268554857413411,1.587986014874768,2.746211476143045e-25,-0.0129542760277896
pathway|FOXO-mediated Transcription of Cell Death Genes,pathway,15,0.11911609025106591,0.4524451190634685,0.11109949895399344,0.4836454936684211,0.15742098722000633,0.31942421895057915,0.14374096743098635,-0.22969633095991504,0.5908361269209412,0.08580366793725282,0.3689044354092466,0.7742360270046663,0.9575854850937996,0.1195402466346399,0.999999873896792,0.0971701982228298,0.3912350982335035,2.0003260664080056,2.3291734339045008e-26,0.0396285764795684
pathway|FasL CD95L Signaling,pathway,5,0.2692529033473253,0.08465321680731261,-0.04557257878661849,0.7744340172872601,0.31030020458719443,0.04550487861792769,0.14664698177617513,1.189939703946828,0.1170350458586717,0.07692006486402958,-0.4731879593657391,0.5136929078981881,0.564589720588639,0.5478853243506157,0.999999873896792,0.0715037593984962,0.2152701730998689,0.3626959035724155,2.198572106241564e-05,0.0935597983930613
pathway|Fatty Acids Bound to GPR40 (FFAR1) Regulate Insulin Secretion,pathway,6,0.06221571941423632,0.6954902175988934,0.07188791108787809,0.650971319219134,0.05952962628515438,0.7080429948487122,0.11347397844144154,-0.42070635715245697,0.663015240764111,0.11551733785357576,-0.558522279576224,0.8832690925677046,0.9575854850937996,0.1536818134675028,0.8406089045383223,0.1632535885167463,0.5641692994858576,0.58283856243179,9.010179597402248e-11,-0.0814991449383597
pathway|Folding of Actin by CCT TriC,pathway,9,0.13384221991634035,0.39809331232496065,-0.0841742086192609,0.5961184498728377,0.11808601617327627,0.45639179409966585,0.1221005277719869,0.1526736533303633,0.43932781937369986,0.1069909959142438,-0.353619691015779,0.736701417061134,0.9225456875361858,0.0173763881345929,0.9679703265045758,0.1614870509607351,0.448882202261002,-1.8111215489054977,6.700296796594715e-26,0.0280469237624155
pathway|Formation of HIV Elongation Complex in the Absence of HIV Tat,pathway,37,0.21984630263601995,0.16182727449262602,-0.15301232953977448,0.33333423893334885,0.21232774061925638,0.1770271335158105,0.1047559354058752,1.5002771816500264,0.06677130883050461,0.09061797955859253,1.1669769742902585,0.5525358654373022,0.4883983857688208,0.3360289545696827,0.999999873896792,0.0809121493332019,0.3052868140205063,-0.1392774251170722,0.1311496280958763,0.0477579775993105
pathway|Formation of HIV-1 Elongation Complex Containing HIV-1 Tat,pathway,35,0.25199980468623456,0.10740607337987192,-0.13096670347282519,0.40839785064444944,0.254744626923256,0.10350415340938027,0.12464056729709194,1.2720639867831662,0.10167519273811915,0.0845227560669597,0.7470331060755059,0.5144479402341297,0.5373893393961702,0.2763188480362578,0.999999873896792,0.0851379403436015,0.2975649020457171,-0.2291060223682853,0.0079393564629851,0.0504078820124917
pathway|Formation of Incision Complex in GG-NER,pathway,37,0.08896673602511945,0.5752862573626024,-0.1528380558159251,0.33389171073946705,0.1205191071658575,0.4470995041511344,0.20336000835986656,-0.9923273069563313,0.8394810566090268,0.11955177456068941,0.5991441797455366,0.8355823293962018,0.9575854850937996,2.35401291558078e-05,0.901468107947962,0.1224454461296566,0.4790447098018484,-0.2819984006150911,0.0011802398610803,0.0116485616752218
pathway|Formation of RNA Pol II Elongation Complex,pathway,49,0.19631934991635075,0.21273978547068634,-0.15074677112973228,0.34062643236456736,0.20543398280694286,0.1918392266533348,0.10709556014855344,1.3479251915721995,0.08884122234832253,0.0633572123054499,2.004375964216849,0.5976702966310692,0.5179517503482982,0.117233764127732,0.999999873896792,0.0809326191173667,0.3245009631563492,0.4008029032898174,8.834235026499102e-06,0.033451649430082
pathway|Formation of TC-NER Pre-Incision Complex,pathway,44,0.084435619205035,0.5949736672825665,-0.12190446983265633,0.4418552402727556,0.11281431902268357,0.4768785681622361,0.1206061305899783,-0.5315082883971506,0.7024667003731974,0.06977484218620411,1.136693805333699,0.8457564309856219,0.9575854850937996,0.0005532272572381,0.9765660442921006,0.1140309451314236,0.4129628528518254,-1.321162037690378,5.081523439870074e-24,0.0396528027111098
pathway|Formation of WDR5-containing Histone-Modifying Complexes,pathway,41,-0.15850195184103064,0.3160702208772748,-0.2337882005439721,0.13618889361105588,-0.12011359200042732,0.4486409906959628,0.15026316154605018,0.09905393303528592,0.46054772412370715,0.07661508584729312,2.422954818130169,0.6722916385123335,0.9408711154089859,5.5683392259002286e-05,0.5302479670784715,0.1419923144891052,0.6582187645342233,-0.2644106353426108,0.0012169196844583,0.0258782690905408
pathway|Formation of a Pool of Free 40S Subunits,pathway,80,0.26873008217577704,0.08528250737956493,0.06613687820084785,0.6773097011070959,0.19383624907563893,0.21869783120041814,0.15467228675944003,1.392332111957064,0.08191092586266652,0.049471953357748844,0.4591759415941161,0.5136929078981881,0.507227652697785,1.6083695014639406e-248,0.5302479670784715,0.3451418102217569,0.4961926221366026,-3.0049525772671237,2.3291734339045008e-26,0.0472472992626223
pathway|Formation of Annular Gap Junctions,pathway,8,0.42575070736408777,0.004937939383318317,0.07397919577407092,0.6414946259652021,0.4924576168984433,0.0009233685254209502,0.13746711337240786,3.6282456929595854,0.00014267681987223407,0.09207316515273503,-0.23201085648340353,0.4644200585751626,0.016501480205748934,3.1069944617962305e-05,0.9057514908104052,0.2420735279757835,0.5105480327018523,0.3559534242791902,1.7390772923668456e-05,0.0584808119237203
pathway|Formation of Apoptosome,pathway,10,0.1998048243933388,0.20456825621395164,-0.07624475418411315,0.6312912780394331,0.23925394760382213,0.12700761563776156,0.1684834793745051,0.30468280522490737,0.380303873388084,0.09751050533683636,-0.2602922704804419,0.590567393456277,0.8746989087925933,0.0863354375443616,0.9462987983827524,0.1006607427660059,0.4960703762240873,1.7146372870667506,4.308219298282405e-26,0.0143388936392313
pathway|Formation of Paraxial Mesoderm,pathway,43,0.18168035711300107,0.24952472675743378,-0.04147714627615755,0.7942446454751958,0.23657754751198276,0.1314437073912288,0.13016068750002172,0.5303422705435241,0.29793732200927053,0.06792754071340044,-0.622871253953124,0.620505526074065,0.7940590750923269,3.5271818835788523e-09,0.999999873896792,0.1364298696000042,0.3741799515012377,1.0662236013304276,4.353492304493238e-21,0.0285292685217341
pathway|Formation of the Early Elongation Complex,pathway,29,0.29077570824272636,0.06173916512944839,-0.15126959230128048,0.3389349575606864,0.28897010688556546,0.06344784444497722,0.1281652533619461,1.739642482539115,0.040960907371528577,0.0869843724163325,1.0179776610942026,0.5122798637865735,0.4097332060400614,0.0118938910993262,0.999999873896792,0.0986612298772008,0.2367446148044215,-0.361553428326069,2.183811293898581e-05,0.0525412890483622
pathway|Formation of the HIV-1 Early Elongation Complex,pathway,29,0.29077570824272636,0.06173916512944839,-0.15126959230128048,0.3389349575606864,0.28897010688556546,0.06344784444497722,0.12154285185566882,2.3534901914473774,0.009299049265266392,0.08916279396445005,0.8147155803496073,0.5122798637865735,0.1946291011220256,0.0971990936341578,0.999999873896792,0.0986612298772008,0.2367446148044215,-0.361553428326069,2.183811293898581e-05,0.0525412890483622
"pathway|Formation of the Active Cofactor, UDP-glucuronate",pathway,5,0.04226137803347986,0.7904408076099992,0.03929872472804003,0.8048353286573581,0.08807789393144094,0.5791247824976007,0.14897353598956461,-1.1176409920261139,0.868139823023998,0.0924173557573376,-0.9112267395832766,0.9150401605794959,0.9575854850937996,0.0130569941748491,0.8844798500864341,0.2947026657552973,0.5271113957732981,0.7728995857216919,2.512261778554381e-15,-0.066814543624379
"pathway|Formation of the Ternary Complex, and Subsequently, the 43S Complex",pathway,44,0.24363466594146327,0.11998986230550437,0.08147296589959518,0.6080039353123892,0.17015416341451484,0.281334464315638,0.1468561102447944,1.024941486496478,0.15269539891133244,0.04227009171967232,1.4129133332261032,0.5144479402341297,0.6254236201984712,2.9704490639414896e-44,0.6351946385555751,0.2578411240478671,0.5166136735471019,-3.1149416061851185,2.3291734339045008e-26,0.0469437239753867
pathway|Formation of Tubulin Folding Intermediates by CCT TriC,pathway,17,0.200327645564887,0.2033617351084956,0.016381730041843737,0.9179878739220904,0.22643966837622753,0.14929761869485386,0.1317727194456287,0.9430436768930308,0.17282928141732534,0.09653892932637595,-1.27075659857821,0.5895237002521901,0.6495501171338111,0.3904087251532605,0.8818086116253029,0.0715089863696674,0.5084767835437776,-0.984366942165205,7.340820624721111e-20,0.0282494484491635
pathway|Formation of Xylulose-5-Phosphate,pathway,4,0.312734197447751,0.04374993623729775,0.1328837144351686,0.4015112909067376,0.3579887880417867,0.01992522100911596,0.16409613837659645,1.5403378876930713,0.06173900650509698,0.13125861196027297,0.01981182747868082,0.5001451021129545,0.46641968519267424,9.65190829262664e-06,0.9050755073261092,0.4138528138528137,0.524212209004467,-3.2540024576479483,2.3291734339045008e-26,0.0061100377742421
pathway|Free Fatty Acids Regulate Insulin Secretion,pathway,9,0.06761820485356777,0.6704876235092297,-0.023962637029292706,0.8802671676362595,0.05531226856468023,0.7279054900669744,0.13333682611717707,-0.7072288201100698,0.7602878543442282,0.10710863067784213,-1.1655716821967101,0.8770401152061406,0.9575854850937996,0.0229236594468364,0.9076141179337928,0.1876908179539758,0.5440481326061808,1.0691171010828728,1.625850954848381e-20,-0.0300484876387155
pathway|Frs2-mediated Activation,pathway,10,0.18673429510463369,0.2363714469313366,0.05080079050210053,0.7493492671267504,0.23698306267741295,0.13076424769834594,0.12518952952721757,0.7533884836832722,0.22560825055522055,0.09935780680964001,-0.6418564419178199,0.6084527874891386,0.7151227627011635,0.8661939810362126,0.972663855239328,0.0257750436697805,0.5068469342103761,2.016677166911234,2.836366586560184e-26,0.0443167006062742
pathway|Fructose Catabolism,pathway,3,0.013419076736403914,0.9327823164102548,0.12225301728035513,0.44054117493156997,0.047364171322248176,0.7658110609268834,0.13367230303558714,-1.1184175884978873,0.8683056570757761,0.10691257273851155,0.23588705236071839,0.9809225571905874,0.9575854850937996,0.7887116990696791,0.999999873896792,-0.0627933470038732,0.5117433162224346,-1.8326944057054164,3.96961433360687e-26,0.0203794200733837
pathway|Fructose Metabolism,pathway,5,0.20834423686195946,0.18548277182443318,0.11066381464436993,0.4853727142179582,0.17802115762386087,0.25934951805701384,0.15228473674270326,0.5220734154411554,0.3008096076959334,0.1348442938284744,-0.22191006942853678,0.5759318937964197,0.7976321521711213,0.504485748141253,0.999999873896792,0.0450307587149692,0.3856861331561972,-1.4323636352603382,5.6142748914982745e-25,-0.0091172300332283
pathway|G Beta Gamma Signalling Through PI3Kgamma,pathway,15,0.1932695597489862,0.22007356589448035,0.027883795815904232,0.8608532554708633,0.3231144838147889,0.036872065155768734,0.15351336649584152,0.43802039367147483,0.33068575000053746,0.07471114541423843,-0.9072944031958499,0.5991031748931795,0.8229187716013967,0.5687845871701322,0.980110424927094,0.0708850047195911,0.4581388807631996,0.1909273885647852,0.0390454925902386,0.0024900466973164
pathway|G-protein Beta Gamma Signalling,pathway,22,0.1646015321757597,0.2975631901953733,-0.032676323221762775,0.837235636662788,0.27907553684906844,0.07348885650403188,0.11482024295817814,0.5591319390120137,0.2880358393244151,0.06994911591005351,-0.8087116613154809,0.6559131183583772,0.7859206431445838,0.4325584967606403,0.8555661469772295,0.067182122957926,0.5110258112736152,-0.4792487585622797,7.193079303121049e-08,0.0071933071180598
pathway|G1 Phase,pathway,36,0.2698628613807982,0.08392361751118507,-0.04914519012553121,0.7572665710453563,0.29132209484506066,0.06122939188604305,0.1293720988996032,1.474544712373658,0.07016749416969492,0.0812115553138211,-0.4455118519020562,0.5136929078981881,0.4883983857688208,0.3119890908258911,0.999999873896792,0.0539768251798326,0.1541886862520557,0.7173477394017194,1.2328505518128706e-13,0.0384309602402937
pathway|G1 S DNA Damage Checkpoints,pathway,44,0.2563566477824696,0.10126363733810423,0.01542322456067203,0.9227715633260049,0.2778589913527778,0.07480515376206084,0.12848765975106746,1.4666134603368126,0.07124061814594429,0.06071260854603523,-0.9231428575990852,0.5136929078981881,0.4904822821692809,2.5412269660447583e-10,0.999999873896792,0.1579112831087906,0.3416985425128436,0.7430911973366865,1.1828681224706801e-14,0.0528384594127974
pathway|G1 S Transition,pathway,87,0.14769698096236775,0.3505967399775205,-0.08678831447700194,0.5847143887375801,0.17980542435175378,0.254527120128454,0.14554470047282766,0.030359663989838727,0.48789010674424244,0.06251634158787654,0.4932096640216903,0.7015286584827441,0.9575854850937996,1.2508413920857446e-22,0.999999873896792,0.1377977092618547,0.3647023233193216,0.2803920913195023,0.0016904443514765,0.0377497851488404
pathway|G2 M Checkpoints,pathway,85,0.07476342753139323,0.6379551981110554,-0.05768460259415189,0.7167099105681265,0.10194651258915403,0.520595732150972,0.1508644058933306,-0.8525762109914917,0.8030528202748484,0.08841341695189761,-0.5167658415004234,0.8647928948487299,0.9575854850937996,4.606200369097312e-15,0.999999873896792,0.1395977912696178,0.4127091954607544,0.394405295684239,4.452844028465909e-06,0.0219886452565936
pathway|G2 M Transition,pathway,129,0.1648629427615338,0.29678593492786337,-0.012634844979081607,0.9367024383382263,0.19805360679611306,0.20864601434031615,0.13834283883475113,0.3673582700147813,0.3566758972614344,0.09553685541424188,-1.2443287442217583,0.6559131183583772,0.8496371715919718,0.0591190187708749,0.999999873896792,0.0707050312753342,0.2993371582479192,1.1307793479129602,2.8963817513185545e-22,0.0219697771503459
pathway|GAB1 Signalosome,pathway,12,-0.0027012427196657224,0.9864543596946368,0.01298339242678041,0.9349599742199766,0.008759127573292471,0.956095821046174,0.1283395270857955,-1.3351428572043045,0.9090852025249228,0.08295864939541132,-1.038900963465518,0.9974149636912438,0.9575854850937996,0.704168598840951,0.999999873896792,0.0423341411379688,0.1952492506810113,2.5268227367463405,2.3291734339045008e-26,-0.0079802391220711
pathway|GLI3 Is Processed to GLI3R by the Proteasome,pathway,43,0.2692529033473253,0.08465321680731261,-0.016730277489542544,0.9162490494625776,0.3094080712232479,0.04616223390699184,0.14224657024897772,1.6076385134466322,0.05395718605654351,0.07636674579080774,-1.0005091178652077,0.5136929078981881,0.4495522427488712,9.875247596182949e-07,0.999999873896792,0.1817835134498887,0.3731685918268336,0.8109530036052358,1.9402474090801108e-16,0.0547443365821502
pathway|GP1b-IX-V Activation Signalling,pathway,8,-0.060037297866118805,0.7056645441540551,0.22847285196656536,0.14558150973819395,-0.029440401010233028,0.8531681248419768,0.16180879575107304,-1.2051912081763236,0.8859352521874646,0.12070633798119168,1.5224020174361377,0.8875936844437725,0.9575854850937996,0.0102087602292765,0.6546990428633584,0.1830900302704813,0.7083393290523287,0.1377621623287587,0.0235633137886768,0.0109615172009642
pathway|GPVI-mediated Activation Cascade,pathway,29,0.14203308493726222,0.3695793663883205,-0.02875516443515124,0.8565496046137745,0.20113552205338267,0.20150720305348202,0.13779823344772174,0.0418688920577219,0.48330160759220664,0.07123002778034661,-0.7689569792875042,0.7147344340593939,0.9575854850937996,0.798848109352906,0.999999873896792,0.0254245106721124,0.3233513879405132,1.6011431187200136,1.3660008699502167e-25,0.0079503450824465
pathway|GRB2 Events in EGFR Signaling,pathway,8,0.09985884376570704,0.5292150463253813,-0.022394173514648088,0.8880528107901463,0.06828875385844686,0.6674080198335041,0.15869800978036122,-0.5804474973900835,0.7191935586616787,0.07228438380963549,-0.8624378608950911,0.821597399541051,0.9575854850937996,0.7689018896095812,0.999999873896792,0.0154379455131334,0.2400266923120598,1.2693167451276772,3.4979834473933914e-24,0.015678030636874
pathway|GRB2 SOS Provides Linkage to MAPK Signaling for Integrins,pathway,10,0.2819748851883316,0.07042520067107519,0.07851031259415536,0.6211550737139958,0.36009746690202377,0.019157045368662622,0.16035796700002675,0.8685471583058557,0.19254743385793766,0.09534951116110378,-0.2215019243670032,0.5136929078981881,0.6873567533677156,0.0193161044809173,0.7706089444907792,0.1725541125541125,0.5642277546100192,0.5252142159290792,1.0617472228649925e-08,-0.0054283185351146
pathway|GSK3B and BTRC CUL1-mediated-degradation of NFE2L2,pathway,40,0.24093342322179753,0.12428172381901204,-0.0007842317573223066,0.9960672283318945,0.2694242759118295,0.08444773339696401,0.12952894525106762,1.4002704124457395,0.08071617872707398,0.06759206379499036,-1.331741586680919,0.5145896426775005,0.507227652697785,1.3543368018988077e-15,0.999999873896792,0.2027816919922182,0.3637565539298795,0.8731233855969581,9.900184307755329e-18,0.0553067193663274
pathway|GTP Hydrolysis and Joining of the 60S Ribosomal Subunit,pathway,89,0.25679233209209307,0.10066451377539329,0.0592530661087965,0.7093398397127701,0.17842667278929109,0.2582482109831959,0.15579199543517244,1.6823753622698652,0.046248037911746774,0.044461583797078555,0.5879847537925651,0.5136929078981881,0.42085714499689564,7.999252500582829e-157,0.3408420793598812,0.2878487366619724,0.482950435144009,-3.1431451066794978,2.3291734339045008e-26,0.0412779892455248
pathway|Gain-of-function MRAS Complexes Activate RAF Signaling,pathway,5,-0.08138582903767048,0.6083890246276338,0.03354769184100979,0.8329560151802569,-0.07153287518188851,0.6525856253083154,0.1320733416192689,-0.6759512661440541,0.7504642065237985,0.07800056195189586,-0.7865084918463036,0.8498945208746413,0.9575854850937996,0.2551170661367358,0.999999873896792,0.1626179084073821,0.396236688167753,1.1428515005618272,1.7138386224922052e-21,0.0109025513204491
pathway|Gap Junction Degradation,pathway,8,0.42575070736408777,0.004937939383318317,0.07397919577407092,0.6414946259652021,0.4924576168984433,0.0009233685254209502,0.15687684936613494,1.9498363103567966,0.025597816114812346,0.10975323443725679,-0.5023698455189372,0.4644200585751626,0.3387563426858525,0.0042368586099192,0.8773698159345004,0.2420735279757835,0.5105480327018523,0.3559534242791902,1.7390772923668456e-05,0.0584808119237203
pathway|Gap-filling DNA Repair Synthesis and Ligation in GG-NER,pathway,22,0.11441069970713207,0.4706241316662932,-0.14159740062763868,0.37106456285834527,0.1144363796844044,0.47052387780415733,0.13134139197910144,-0.1448236979334135,0.5575749643841912,0.08958540774478482,0.6640505843010907,0.7867542392791946,0.9575854850937996,5.85899073293207e-06,0.999999873896792,0.1042494074619843,0.3396577667879009,-0.7098861653018761,1.0694330867030506e-13,0.0546811654203096
pathway|Gap-filling DNA Repair Synthesis and Ligation in TC-NER,pathway,52,0.09611195870294491,0.5448577759229482,-0.1707882493724134,0.27951871472912027,0.10048665799360527,0.5266156802369809,0.13088392345399674,-0.39456790360504673,0.6534190976292417,0.0800177803054527,1.54253909023888,0.823616619570151,0.9575854850937996,0.0078300655558608,0.999999873896792,0.104766080153077,0.3798531099860376,-0.972641460163168,8.769515876114961e-19,0.0472820742990812
pathway|Gastrin-CREB Signalling Pathway via PKC and MAPK,pathway,13,0.16364302669458797,0.3004243114371785,-0.033896239288708586,0.8312454918102877,0.20373081911213597,0.19562989739974376,0.14260383138286897,0.1953552159475298,0.42255743679187285,0.08534619941214815,-0.76979763798341,0.6577281211694713,0.9113923453904847,0.8944504552546358,0.999999873896792,0.0076607602923392,0.2324417134811653,1.576131370509858,1.59625856164832e-25,-0.016281972186768
pathway|Gene and Protein Expression by JAK-STAT Signaling After Interleukin-12 Stimulation,pathway,32,0.18211604142262455,0.24837183397089094,-0.03372196556485919,0.8321006578878696,0.21759943776984905,0.1662667051705885,0.1240916050669663,0.6343611793367993,0.26292256919537327,0.0873547040795125,-0.8931644414715362,0.620505526074065,0.7590302583805741,0.0784415276857066,0.9724192686585708,0.0717328511895574,0.426939483085775,0.7580371248464333,7.868502146919824e-15,-0.0055099069648985
pathway|Generation of Second Messenger Molecules,pathway,27,0.04827382150628421,0.7614434924909631,-0.08007877610879997,0.6141778544042056,-0.05109491084420608,0.7479453721108518,0.11033269456905606,-0.748196165766297,0.7728290783006907,0.06469476313599405,0.37077871333034845,0.8998877638529564,0.9575854850937996,0.3198530934743689,0.6541892748952235,0.0685082948240842,0.5324542613108426,-1.7167989891850488,4.308219298282405e-26,0.0161844182153384
pathway|Global Genome Nucleotide Excision Repair (GG-NER),pathway,73,0.0816472396234446,0.6072340704672646,-0.15083390799165697,0.34034415929254963,0.12538528915101999,0.4288293128452617,0.19293408283057611,-1.2406910728426974,0.8926400533033144,0.07769558293515941,1.378479393954232,0.8498945208746413,0.9575854850937996,9.65190829262664e-06,0.9679703265045758,0.120644804206448,0.4663294820426689,-0.8183108777652095,4.61351253125978e-16,0.0345037516880553
pathway|Glucose Metabolism,pathway,61,0.20093760359835988,0.20196043639492697,-0.018298741004187154,0.9084292230065883,0.17729123032608649,0.2613397452192003,0.11403601120085585,1.0876047404102347,0.1383848185699711,0.09862585716947252,-1.47867020350142,0.5887231105495574,0.6001290697602116,1.9433941061194714e-05,0.999999873896792,0.1123528269257346,0.2989890694992573,-0.3547019769124874,7.759242321092184e-05,0.0735335033647238
pathway|Glycogen Breakdown (Glycogenolysis),pathway,10,0.20921560548120646,0.18360905277510023,0.035638976527202604,0.8227045559615032,0.24209255376183358,0.12242614907853247,0.17100609152722518,0.4624089542147386,0.32189403964199503,0.09704432312553919,-0.884736167713263,0.573572757400425,0.8163195610828626,0.0349399996939015,0.9815952958789088,0.182241968557758,0.4812160333123481,-0.7788176200104248,6.061594992792376e-15,0.0525357891018507
pathway|Glycogen Metabolism,pathway,17,0.29251844548122036,0.060124915005397225,0.03468047104603089,0.82739963613134,0.31013799852102225,0.045623830101665507,0.15703805256069567,1.2811751812910095,0.10006607074063345,0.08507171829708535,-0.8367341254858656,0.5122798637865735,0.532921847481287,0.0948825016841052,0.999999873896792,0.1179928430702424,0.3863302300364293,-0.4696725390427705,8.14754466791692e-08,0.0346335805473571
pathway|Glycogen Storage Diseases,pathway,10,0.3286802431799712,0.033565772761690184,0.10046880179917994,0.5266895242501588,0.3338200841821463,0.030732948040958982,0.18775815323224893,1.18927452584662,0.11716582811243204,0.09381154554813281,0.08038977292550233,0.4857625830347534,0.564589720588639,0.0137311930020507,0.999999873896792,0.1562208551682235,0.3738038400090707,-1.3832005842932693,4.9257257796689395e-24,0.0804190638403386
pathway|Glycogen Synthesis,pathway,9,0.2870288231799642,0.06532662230020471,0.008452275606695972,0.9576324666771565,0.3060828468667202,0.048680443231566096,0.15154407341634327,1.572207894749991,0.05795117256758506,0.08518935306068369,-0.9734725401766005,0.5122798637865735,0.4559842262554719,0.061300029812915,0.999999873896792,0.1490316700843016,0.3262305177980923,-0.4631317540098403,8.635600569153502e-08,0.0550695774840984
pathway|Glycolysis,pathway,55,0.16346875297073857,0.30094640370296244,-0.032502049497913375,0.8380921213145476,0.12895382260680582,0.4157010964768386,0.14452955603140488,0.28354353641541324,0.38838010655184757,0.08330719684311014,-1.2761287016019824,0.6580664389844323,0.8845261839097028,4.6934776587896165e-09,0.999999873896792,0.1064342214581449,0.2898680080139856,-0.0749916063809219,0.4219825731345496,0.0680396740422345
pathway|Glycosphingolipid Catabolism,pathway,24,0.34175077246867624,0.026751298244387857,0.016207456317994338,0.9188574281813091,0.41435539603658544,0.006369709793813064,0.15021959311508784,1.6769403935280849,0.04677706914026085,0.06926944838704086,-1.0141161459260364,0.4857625830347534,0.4231756804136188,1.1152861243338486e-14,0.8942989776529788,0.2110493625367767,0.53389400768428,,,
pathway|Glycosphingolipid Transport,pathway,6,0.29051429765695225,0.06198425061178121,0.33608687644357077,0.029547924906968105,0.2577454391474396,0.09936334195653185,0.14160175747073495,1.4104627939493954,0.07920153753737741,0.09887855406905417,2.5521320437025876,0.5122798637865735,0.5069382815465777,0.401672096276275,0.9828577300027048,0.1214900888585099,0.5019489851041591,,,
pathway|Golgi Associated Vesicle Biogenesis,pathway,43,0.21662223874480602,0.16822472624980694,0.02152280489540108,0.8923827094005975,0.284103924900403,0.06824037219074607,0.11729928667993587,1.0357728634239483,0.15015406016637245,0.09776755907951423,-1.194741704186749,0.5606597962433852,0.6222152039431742,1.8560160022837803e-05,0.8807130074189672,0.1123582135647182,0.4094595553147222,0.8491248042211166,8.741607731636116e-17,0.0241458405142424
pathway|Golgi Cisternae Pericentriolar Stack Reorganization,pathway,10,0.09637336928871901,0.5437592980426702,0.008800823054394774,0.9558870314453088,0.13211684089716144,0.40425807912087336,0.14867291381592437,-0.4925230406854731,0.6888251810620003,0.07702898594143545,-1.145232183988268,0.823616619570151,0.9575854850937996,0.0031316455201751,0.7095474595990942,0.2100767069188121,0.5911597402327213,0.5248339404086048,7.49594622599594e-09,-0.0199895913382616
pathway|Golgi-to-ER Retrograde Transport,pathway,86,0.19997909811718817,0.2041655274072357,0.037643124351470714,0.8129074600500757,0.24517446901910311,0.11759383974338487,0.12347729019039717,1.2195069328112043,0.11132592307110689,0.07920740748955296,-0.8047298140235808,0.590567393456277,0.5587653644792008,0.0009074848758833,0.999999873896792,0.0922223417017858,0.366779265389801,0.8497402909848076,8.524360493120054e-17,0.0195745298977403
pathway|Growth Hormone Receptor Signaling,pathway,17,0.20764714196656187,0.18699150968363248,0.15980900476990115,0.3120445383133694,0.27542590036019654,0.0774932623742263,0.1521235335481425,0.5172500762577851,0.30249079968478,0.11516007671968449,0.6107780274836677,0.5759318937964197,0.7976321521711213,0.5377050212676525,0.999999873896792,0.0465451730931607,0.1840779470330658,2.537014449413848,2.3291734339045008e-26,0.049449724797973
pathway|H139Hfs13* PPM1K Causes a Mild Variant of MSUD,pathway,4,-0.05341489635984155,0.7369001231335681,0.008887959916319474,0.955450704114219,-0.02635848575296345,0.8683961985439945,0.12076297694144275,-0.7692604568096374,0.7791306465814349,0.0844225486757463,-1.1288699769853796,0.8956631577924263,0.9575854850937996,0.2712656488382109,0.7561258166152436,0.2223741171109591,0.6310782238509115,-0.2503753672104213,0.0006466564476899,-0.0665277191501337
pathway|HATs Acetylate Histones,pathway,72,-0.15022394995818406,0.34232309873746913,-0.23535666405861666,0.13350524775925762,-0.10291974898618653,0.5166014727661405,0.1107988767803532,0.6563973163203576,0.2557842583624509,0.08365574429080894,2.6520748239618976,0.6949391325485188,0.7508332731586802,1.1212143096420046e-05,0.7633812121549604,0.1099333908822418,0.4902182652237705,,,
pathway|HDL Clearance,pathway,4,0.07502483811716733,0.6367771458483739,-0.006622401506277256,0.9667990209252492,0.017599358179670982,0.9119150979121484,0.12971628950420572,-0.5572069562210539,0.7113069812356787,0.08867482753767171,-1.0344538859604384,0.8647928948487299,0.9575854850937996,0.8303815813506924,0.999999873896792,-0.0754613807245386,0.3747780076310113,,,
pathway|HDMs Demethylate Histones,pathway,20,-0.20642722589961604,0.1896527406602365,-0.1907425907531699,0.22628086047102583,-0.1883212428257881,0.2323404461198303,0.10819348460880467,1.3176896970483793,0.0938037724655571,0.09922710151675296,1.2155817958829764,0.5759318937964197,0.5299852515627526,0.0663950997887768,0.999999873896792,0.1525711407705867,0.4088769219927905,,,
pathway|HDR Through Homologous Recombination (HRR),pathway,43,0.0233526789958198,0.8832936358627085,-0.19431520209208264,0.2175397340222444,0.03146797683738406,0.8431779333429236,0.16153867147910644,-1.163176544338061,0.8776210594753058,0.06848085978662231,2.2819199650954203,0.9534469210214795,0.9575854850937996,0.0021433917989994,0.999999873896792,0.0929807151524234,0.3934497718131214,-1.0721875150263949,2.404330631435886e-20,0.0179472011770148
pathway|HDR Through MMEJ (alt-NHEJ),pathway,9,0.049406600711305315,0.7560148171551876,-0.22167617673643866,0.15827584218223795,0.029034885844802818,0.855168936372351,0.15155278710253578,-0.952956129434426,0.8296938504719495,0.09483104683265181,1.470072981869459,0.8998877638529564,0.9575854850937996,0.0091414716286002,0.999999873896792,0.1784840890104048,0.3373454421467065,-1.3875001669370015,6.133126265181558e-25,0.0329126950195966
pathway|HDR Through Single Strand Annealing (SSA),pathway,25,-0.07868458631800476,0.6203781916829113,-0.2360537589540143,0.13232523133620935,-0.062206026376993746,0.6955353739310984,0.10040344915273643,-0.25332146472755906,0.5999900947602372,0.09470469838286098,1.9619453162913734,0.8564983873300351,0.9575854850937996,6.1905172860273245e-09,0.999999873896792,0.164030303030303,0.4512547339399846,-0.5720464914697917,2.4329773769039736e-10,0.0078495829691833
pathway|HIV Infection,pathway,188,0.17706210343099188,0.26196657368352905,-0.07842317573223066,0.6215436672233267,0.18215741231124896,0.24826254640247736,0.13219097638286723,1.1181877310953598,0.13174341156625158,0.07904620429499228,-0.014528265099464407,0.6303502694692337,0.5917145073136578,3.0834834501402407e-09,0.999999873896792,0.0984921031983448,0.344789551278248,0.1065937820924328,0.2279325361879733,0.03815006762004
pathway|HIV Life Cycle,pathway,125,0.10691692958160781,0.5003584411166309,-0.11467211029290618,0.4696041227232101,0.08021089972209494,0.6135916300259178,0.14491731506696975,-0.5413291101989347,0.7058596203454416,0.0807540867887164,0.6175454740907396,0.8059806602401358,0.9575854850937996,1.005844119270122e-05,0.999999873896792,0.1013185632703459,0.3820487660795334,-0.3902135093171385,9.569439810229734e-06,0.0498149408909606
pathway|HIV Transcription Elongation,pathway,35,0.25199980468623456,0.10740607337987192,-0.13096670347282519,0.40839785064444944,0.254744626923256,0.10350415340938027,0.1288362071987663,1.381749526354407,0.08352431084165529,0.0938594708221914,0.5518034363898168,0.5144479402341297,0.5110428366479463,0.1472992168143032,0.999999873896792,0.0851379403436015,0.2975649020457171,-0.2291060223682853,0.0079393564629851,0.0504078820124917
pathway|HIV Transcription Initiation,pathway,37,0.14255590610881042,0.3678018301629903,-0.1429915904184339,0.366324469533448,0.156772162955318,0.3214480961659648,0.1327181543975117,0.11688298253575082,0.45347639184000055,0.09344121388495283,0.6680949301304532,0.7147344340593939,0.9369457928145323,0.1317312302819528,0.999999873896792,0.1114876667508246,0.3951014127501031,-0.0998524878422901,0.2799395418308613,0.0548579247506902
pathway|HIV Elongation Arrest and Recovery,pathway,28,0.22855998882849002,0.1454237837276777,-0.15057249740588285,0.3411914111265118,0.2437957174566404,0.11973754860117554,0.12260592157115018,1.3598474850935522,0.08693909608896117,0.06771405540168494,1.580139643144121,0.5391429338815698,0.5161006620102556,0.1780006461551271,0.999999873896792,0.0888489260669711,0.2140774005487369,0.1281195206885712,0.1286310323240516,0.05542662375829
pathway|HSF1 Activation,pathway,20,0.3306843910042393,0.03243665542579721,-0.03929872472804003,0.8048353286573581,0.37542594015528563,0.014286779633637378,0.17768077515065725,1.4119854223553276,0.07897712676993246,0.06815845339750091,-0.6713627178447447,0.4857625830347534,0.5069382815465777,5.754240791614141e-09,0.999999873896792,0.0967953376263625,0.2741434927198897,0.1212296568470255,0.0845057383000679,0.0312412793830379
pathway|HSF1-dependent Transactivation,pathway,24,0.17366376581592854,0.2713808229157299,-0.1675641854811995,0.28883084500203404,0.2008111099210385,0.20225048110375016,0.133502386154834,0.4089017087817487,0.34130589748154205,0.06093480754394322,2.268539203738105,0.6396397098678184,0.8330837689177409,0.8143857406086499,0.999999873896792,0.0257835795021149,0.0990577811646393,-0.2329604427890142,0.0109598555886393,0.0267170045700422
pathway|HSP90 Chaperone Cycle for Steroid Hormone Receptors (SHR) in the Presence of Ligand,pathway,38,0.15545216167366613,0.3255903764900142,-0.03032362794979586,0.8488134437194269,0.2502028570704377,0.11002058237258068,0.12937645574269943,0.2647099866986981,0.395616441794504,0.10076942397282015,-1.13092345493116,0.6811424333602071,0.8915782849382338,3.1069944617962305e-05,0.999999873896792,0.0916033132099614,0.3500591134435947,1.221305273464455,1.198867383395764e-22,0.0208268218488369
pathway|Hedgehog 'Off' State,pathway,69,0.2495599725523429,0.11096761594943967,-0.06404559351465504,0.6869842650420367,0.3381185449357066,0.028518179989705635,0.1320254163452103,1.3933380891756166,0.08175878886694443,0.06427214935565927,-0.00577607950726874,0.5144479402341297,0.507227652697785,0.000282735228336,0.999999873896792,0.0992518496893244,0.370605302537424,1.1371715297941856,2.1843897085948725e-22,0.0258968073371185
pathway|Hedgehog 'On' State,pathway,52,0.2664645237657349,0.08805156251629122,-0.04809954778243481,0.7622796840262646,0.3224656595501006,0.03727427688546609,0.1470216702824513,1.1200574171512512,0.13134464761266312,0.06724351634729156,-0.39076458667641717,0.5136929078981881,0.5911921450608686,5.835531421802152e-05,0.999999873896792,0.1290055146092297,0.3726694359682699,0.9528999365084814,3.040830934130979e-19,0.0300009763074347
pathway|Hedgehog Ligand Biogenesis,pathway,43,0.2872902337657383,0.0650710880872684,0.025356826820087913,0.8733559073656916,0.3270074294029189,0.03453279697421259,0.11190987176989313,2.079838298407647,0.018770183491219367,0.060995803347290524,-0.6290247195140063,0.5122798637865735,0.286759080635928,1.7372445547618807e-14,0.999999873896792,0.2119628579149474,0.3389086329232912,0.8100409906078245,9.151746848764515e-16,0.0692355125544492
pathway|Heme Biosynthesis,pathway,10,0.16172601573224457,0.30619928153179854,-0.07973022866110117,0.6157254758238215,0.1557989265582855,0.32449897819139517,0.1465206333263843,0.1276660464399733,0.44920663059015864,0.07048936445398665,0.16919340050888498,0.6654985423115829,0.9319026076987453,0.000105536858157,0.8354573015661355,0.2083010556694767,0.5135732063229683,-2.6525834315190586,2.3291734339045008e-26,0.0912244234300766
pathway|Heme Signaling,pathway,40,-0.09489204263599911,0.5499979779246608,-0.0816472396234446,0.6072340704672646,-0.01224655799599225,0.9386439120779219,0.11708580136822037,-0.3780153817472074,0.6472904163197727,0.10807584984520632,-0.499197844577593,0.8239361007102805,0.9575854850937996,0.5245251280486326,0.972663855239328,0.0600247997616418,0.4439943466064007,0.3058522537397533,0.0002082761657711,0.0123071573050467
pathway|Hh Mutants Abrogate Ligand Secretion,pathway,41,0.2769209471966989,0.0758327034996069,0.02256844723849749,0.8871872124747192,0.319383744292831,0.039234129469320755,0.13420383789332785,1.4936728642524304,0.06763057220219927,0.08319827576570428,-0.9872729197516845,0.5136929078981881,0.4883983857688208,3.116508919221876e-13,0.999999873896792,0.2272136271943717,0.35724766033117,0.7862689084866354,2.1213560067966683e-15,0.0655124340560422
pathway|Hh Mutants Are Degraded by ERAD,pathway,41,0.2769209471966989,0.0758327034996069,0.02256844723849749,0.8871872124747192,0.319383744292831,0.039234129469320755,0.12223994675106642,1.8365159883623627,0.033140689836805445,0.08834806430545408,-1.059214232210529,0.5136929078981881,0.3769753468936619,8.388950003243248e-14,0.9724192686585708,0.2272136271943717,0.35724766033117,0.7862689084866354,2.1213560067966683e-15,0.0655124340560422
pathway|Host Interactions of HIV Factors,pathway,105,0.12800405016738536,0.41917270599011597,-0.0825186082426916,0.6033910439639856,0.1288727195737198,0.4159969049656659,0.14239470291424972,-0.1729797217723178,0.5686663164914794,0.09338457492470177,-0.18858869448954246,0.7558686413748746,0.9575854850937996,2.2741706648477712e-08,0.999999873896792,0.1018406781188736,0.3060333227760202,-0.0989785048809796,0.2559354239625691,0.0288784817453073
pathway|HuR (ELAVL1) Binds and Stabilizes mRNA,pathway,7,0.10186299158997515,0.520939222319845,-0.08983810464436645,0.571534460960331,0.09253856075117324,0.5599789770811685,0.15580942280755739,-0.5274692920692925,0.7010661321674181,0.08362088954603905,0.10939896691808766,0.8167234399366559,0.9575854850937996,0.7319402243653241,0.999999873896792,0.0380366500667252,0.411937116803956,0.6688864632903687,2.1268745028514297e-12,-0.0501031041211497
pathway|IFNG Signaling Activates MAPKs,pathway,6,0.22115335556489046,0.1592846921497784,0.10229867589959868,0.5191486536799713,0.26228720900025787,0.09333950058796604,0.13726234174688484,0.7889069747233062,0.21508318945060328,0.06810181443724986,0.6379804219994568,0.5492304129645571,0.7100459235333008,0.6123807897340704,0.9679703265045758,0.0846343130553656,0.4960076663160825,1.9981177641543424,4.308219298282405e-26,0.0312541393693778
pathway|IKK Complex Recruitment Mediated by RIP1,pathway,21,0.14778411782429246,0.35030942822815125,-0.1298339242678041,0.4124987787886173,0.1914031580830577,0.2246467548355135,0.1649457227803623,-0.17353522609149669,0.5688846292621803,0.0709555466652838,0.9722440302503961,0.7015286584827441,0.9575854850937996,0.8595126557965715,0.999999873896792,0.0200185528756957,0.4106471182560751,1.1427153619642976,2.045721970714781e-22,0.0536805134736751
pathway|IRAK1 Recruits IKK Complex,pathway,12,0.10813684564855361,0.49545360704491553,-0.024921142510464407,0.8755147023199845,0.13795625927935642,0.38361558666802925,0.193043003907982,-0.9816268142051003,0.8368581337888432,0.09408166982009938,-0.9824723536383694,0.8038638756162855,0.9575854850937996,0.911913802240832,0.999999873896792,-0.0040752708216823,0.203544257305003,0.5596220498140796,1.4819875366241063e-09,0.0288211020506374
pathway|IRAK1 Recruits IKK Complex Upon TLR7 8 or 9 Stimulation,pathway,12,0.10813684564855361,0.49545360704491553,-0.024921142510464407,0.8755147023199845,0.13795625927935642,0.38361558666802925,0.10676008323014337,0.012775571877425104,0.49490342286200545,0.0849453698472945,-0.7333100411650366,0.8038638756162855,0.9575854850937996,0.8759559100004904,0.999999873896792,-0.0040752708216823,0.203544257305003,0.5596220498140796,1.4819875366241063e-09,0.0288211020506374
pathway|IRAK2 Mediated Activation of TAK1 Complex,pathway,9,0.10038166493725524,0.527049950332832,-0.002265558410042219,0.9886389846910082,0.06788323869301664,0.6692697730995462,0.14483889189123758,-0.3317314039905921,0.6299539573768685,0.08556404156695989,-1.2699036567720052,0.821597399541051,0.9575854850937996,0.1845034516176706,0.999999873896792,0.1134426976532239,0.3852873901021375,0.8510095749586752,8.998150295218196e-17,0.0870484576162077
pathway|IRAK2 Mediated Activation of TAK1 Complex Upon TLR7 8 or 9 Stimulation,pathway,13,0.1624231106276422,0.30409115870599857,-0.029539396192473553,0.8526798201511998,0.1436334715953793,0.3641544144961277,0.12473206100211287,0.4074194120546686,0.34184998595870386,0.09719681263390743,-0.9215933468215796,0.6629820783038073,0.8330837689177409,0.3385199372408454,0.999999873896792,0.0807578386525754,0.2743972827654816,0.758277530303698,9.541166588000035e-15,0.1168355675795524
pathway|IRAK4 Deficiency (TLR2 4),pathway,13,0.3194437358159529,0.03919519221658818,0.03372196556485919,0.8321006578878696,0.32733184153526307,0.03434349213000198,0.18681707512346213,1.2921351323516561,0.09815517555199565,0.06581882865482269,-0.5512761819440802,0.48662407764568755,0.5322248249490334,8.088687972356952e-15,0.8741293923296176,0.3808296966191703,0.5170729668640252,1.9542958188132264,4.7549352284671086e-26,0.0360691291585534
pathway|IRAK4 Deficiency (TLR5),pathway,3,0.3280702851464982,0.033915765236910866,0.06901239464436297,0.6640906197372605,0.3152474896054429,0.04199591072912123,0.12684512990378688,2.062284484629647,0.019590329650874802,0.09148063449164706,-0.24445839568698025,0.4857625830347534,0.2949874029861781,0.3488558713640332,0.999999873896792,0.1452494873547505,0.3916821021659518,0.5037138577521839,5.7413606001609244e-08,0.0626377749636508
pathway|IRE1alpha Activates Chaperones,pathway,39,0.31883377778248,0.03959255721807589,0.03903731414226593,0.8061085688924624,0.3606651881336261,0.018954535416383603,0.16142539355860436,1.871045530943665,0.030669385187186347,0.07215803535984468,-0.5375153095781992,0.48662407764568755,0.367368117341812,8.29184591152667e-05,0.999999873896792,0.131867670648834,0.2332991547279481,0.0186078559991348,0.9356723973412108,0.1063613354046695
pathway|IRF3 Mediated Activation of Type 1 IFN,pathway,4,0.08460989292888442,0.5942110157923404,-0.10456423430964089,0.5098872377589926,0.19602603096896204,0.21343765189231864,0.11223663500211079,-0.3612626621359467,0.6410484485687955,0.09285304006696112,0.18720667202845367,0.8457564309856219,0.9575854850937996,0.8735660950380687,0.999999873896792,-0.025768967874231,0.4850251648930562,0.663375928532195,1.678394502708412e-12,0.0414754503505031
pathway|IRF3-mediated Induction of Type I IFN,pathway,9,0.06212858255231163,0.6958961938099115,-0.2161865544351825,0.16910305578807197,0.07453368740607204,0.6389912535260361,0.12569492332638083,-0.5334361118741671,0.7031341373354905,0.11302522360252931,1.195067251132593,0.8832690925677046,0.9575854850937996,0.35087959396661,0.999999873896792,0.0871250094934305,0.3263719741822976,,,
pathway|ISG15 Antiviral Mechanism,pathway,64,0.024746868786615007,0.8763784707593603,-0.053850580669465055,0.734831610737999,-0.014193030790057244,0.9289151059608078,0.12391733134311693,-1.1362391739154236,0.8720717601450155,0.08821300216947081,-0.7796902058920637,0.9523676735718282,0.9575854850937996,1.3995740203491492e-06,0.999999873896792,0.1301504234070023,0.3478356901381044,-0.2740783175833809,0.0016617450634383,0.0426922031281512
pathway|IkBA Variant Leads to EDA-ID,pathway,6,-0.012112023807533403,0.9393166788877423,-0.12007459573223761,0.4487893801742982,-0.021816715900145136,0.890921891418153,0.16106377558161686,-1.383337569280402,0.9167193082497446,0.10817605723641974,0.14348223922987233,0.9829216088408934,0.9575854850937996,0.8532722090852255,0.9450805396894022,-0.0220186830713146,0.4909323225429977,2.662736758633577,2.3291734339045008e-26,0.0530102138375671
pathway|Impaired BRCA2 Binding to RAD51,pathway,21,-0.12652272351466548,0.42461985884203873,-0.24215333928874333,0.1223294194094942,-0.08848340909687116,0.5773721029166016,0.11343912369667167,0.14629612335798844,0.4418438130231504,0.0862742069916462,1.799081414120899,0.758875928503537,0.9266323653882302,2.1948321551770572e-08,0.972663855239328,0.1806018292484458,0.4905645002474105,-0.4619612879873144,1.197342924231307e-07,0.0106190538039419
pathway|Inactivation of APC C via Direct Inhibition of the APC C Complex,pathway,14,0.06683397309624546,0.6740960987065281,-0.10482564489541499,0.5088239916234943,0.0673966204945004,0.671506460105255,0.15526917426362424,-0.6992055585534657,0.7577882113474572,0.1013706683201006,0.05731023496005019,0.8770401152061406,0.9575854850937996,0.14933772088047,0.999999873896792,0.1494820968505179,0.4384051789206176,,,
pathway|Inactivation of CSF3 (G-CSF) Signaling,pathway,23,0.2512155729289122,0.10854122616828543,0.1784562932217871,0.25816788956733794,0.2660179485222158,0.08860551973484579,0.12092418013600345,1.3638228030228716,0.08631167082928398,0.06924766417155968,2.810230148918235,0.5144479402341297,0.5161006620102556,0.4386460208620091,0.999999873896792,0.0497537411621039,0.30525458909463,1.583557533706352,1.113610838430015e-25,0.0343932451839408
pathway|Inflammasomes,pathway,20,0.32266779970716686,0.037148585100899294,0.020564299414229374,0.897149160104495,0.3360098660754695,0.02958755444805909,0.12444015251466511,2.097656334011159,0.017967757414120353,0.09919224677198309,-1.3377367772404791,0.48627586911918697,0.286759080635928,0.0041180759275606,0.999999873896792,0.1101597294672086,0.3897312585811531,0.7150084681480363,3.4087911158454003e-14,0.0638918395988889
pathway|Influenza Infection,pathway,127,0.17392517640170269,0.2706488379725187,-0.05271780146444394,0.7402135548179404,0.11232770082416732,0.4787937496380062,0.12489326419667354,0.7302733563735148,0.2326115554366595,0.04862236895398301,0.10475540124940036,0.6393544219824849,0.724298171774354,1.794887582929953e-38,0.8056476993003061,0.1524733536810974,0.3904955030415687,-2.7932646213400893,2.3291734339045008e-26,0.0288514689266738
pathway|Influenza Viral RNA Transcription and Replication,pathway,111,0.21017411096237815,0.1815635822070882,-0.025356826820087913,0.8733559073656916,0.14047045330502367,0.3749226867910014,0.15072934375734734,0.7396442602784197,0.22975793898892655,0.053005353108795464,-0.7085808139327474,0.5714474850517829,0.7188092171955505,1.4204680089861228e-93,0.8483608047743966,0.180048636220885,0.414818044654537,-2.7140592222334536,2.3291734339045008e-26,0.0364787515378482
pathway|Inhibition of Replication Initiation of Damaged DNA by RB1 E2F1,pathway,10,0.010282149707114687,0.9484712986491186,-0.08269288196654101,0.6026237029326879,0.005515006249850815,0.9723485216300406,0.16463203007743332,-1.3793290000597096,0.9161033304602171,0.09416009299583161,-0.19204072400078398,0.98372171856918,0.9575854850937996,0.013864111447166,0.999999873896792,0.1271299460773144,0.3099906539894496,-0.5035266211626642,2.99285282329586e-08,0.0374190323536038
pathway|Inhib of Proteolytic Activity of APC C Required for Onset of Anaphase by Mitotic Spindle Checkpoint,pathway,14,0.06683397309624546,0.6740960987065281,-0.10482564489541499,0.5088239916234943,0.0673966204945004,0.671506460105255,0.10116153985148132,-0.5750682097782542,0.7173774165251607,0.06612380767155913,0.9438719060196435,0.8770401152061406,0.9575854850937996,0.0557194860199491,0.999999873896792,0.1494820968505179,0.4384051789206176,,,
pathway|Initiation of Nuclear Envelope (NE) Reformation,pathway,16,-0.03380910242678389,0.8316730508880021,0.04243565175732926,0.789596158708437,0.003649636488871863,0.981699246406118,0.11886339335148426,-0.8539648446942674,0.8034377657661294,0.09496610896863508,-0.8962656186615829,0.9318478027347904,0.9575854850937996,0.6253845148922348,0.9815952958789088,0.0537525632262474,0.4213527613059202,1.4141370032928329,6.523734353783831e-25,-0.0003460722184339
pathway|InlA-mediated Entry of Listeria Monocytogenes Into Host Cells,pathway,7,0.07232359539750162,0.6489924646647015,0.09227793677825807,0.5610894424907029,0.04249798933708569,0.7892940861196366,0.17071418303977745,-0.8561522367723673,0.8040432110177489,0.097689135903782,-0.10947540457849539,0.8718493122870477,0.9575854850937996,0.6315961475479341,0.999999873896792,0.0308400872310646,0.3386254081005914,1.1048509614209865,1.4106327388658113e-21,0.0289305196702833
pathway|InlB-mediated Entry of Listeria Monocytogenes Into Host Cell,pathway,12,0.28885869728038294,0.06355449223953347,-0.048622368953983,0.7597719140129233,0.2648825060590112,0.09002615444026055,0.12869678821968672,1.2571049440764805,0.10435781855829696,0.0755040908577532,-0.4043384119792331,0.5122798637865735,0.541987380254381,0.536289494231252,0.999999873896792,0.0568891236355351,0.2692364220322336,2.112696935062054,2.338629179230473e-26,0.0208007932563084
pathway|Inositol Phosphate Metabolism,pathway,33,0.10195012845189987,0.5205808640153592,-0.02596678485356082,0.8703351210442147,0.07777780872951369,0.624424886103858,0.15690734726780858,-0.6174517428626928,0.7315315990592566,0.09002544889750458,-1.0195735181222139,0.8167234399366559,0.9575854850937996,0.5440539597322225,0.999999873896792,0.0384996582365003,0.3032973127614768,,,
pathway|Insertion of Tail-Anchored Proteins Into the Endoplasmic Reticulum Membrane,pathway,18,0.211394027029324,0.17898384803048656,0.031282133430967564,0.8440926283561575,0.2768857549557453,0.07587146816679674,0.13162894362345293,0.7789982653587182,0.21799036828735174,0.08924993082637472,-0.8078903913626944,0.5707717415639754,0.7106757645255876,0.062314497067719,0.999999873896792,0.1288703041025022,0.3488737950877713,-0.48094640736977,5.205122092533975e-08,0.0460976034080223
pathway|Insulin Receptor Recycling,pathway,20,0.23945209656907762,0.12668369907699203,0.05271780146444394,0.7402135548179404,0.3322791265535116,0.031560718939556726,0.17371169108998713,0.5295875484620813,0.29819896465483464,0.11017149137449536,-0.7974122635831041,0.5145896426775005,0.7940590750923269,6.597514523901987e-07,0.5048476597805092,0.205735870777422,0.6270705884229003,0.2523752951684176,0.0046765549982913,0.0769419859489509
pathway|Integration of Provirus,pathway,9,0.13410363050211443,0.39716407188813724,-0.09271362108788159,0.559233656742887,0.13471213795591475,0.3950058810191514,0.1265967898473015,0.09876495427685439,0.46066244741996415,0.08143375431172908,0.18298137568871592,0.7362837931460329,0.9408711154089859,0.5848620221555194,0.7561258166152436,0.0729019518493202,0.5668324441808961,,,
pathway|Integrin Signaling,pathway,19,0.2560081003347707,0.10174489992169711,0.14638992803349724,0.35492364832859347,0.30592064080054815,0.04880606466065562,0.1267841341004396,1.1734107206007542,0.12031557007393917,0.0878034589184247,0.931668195014119,0.5136929078981881,0.5722275226832033,0.284966910238297,0.999999873896792,0.0820436258109388,0.3684381215574671,0.9333922952930822,7.293746958998338e-19,0.0393061346693432
pathway|Interactions of Rev With Host Cellular Proteins,pathway,32,-0.09855179083683653,0.5346467549808464,-0.19649362364020018,0.21232590363439968,-0.14720200505116515,0.3522315234604375,0.1108729431129892,-0.13397312924826627,0.5532880886966832,0.1140665091025295,1.132375759092609,0.821597399541051,0.9575854850937996,4.883052277955775e-16,0.999999873896792,0.2655104127621105,0.4260755817254004,-1.3857665839643645,1.101554143491249e-25,0.0701180426152852
pathway|Interactions of Vpr With Host Cellular Proteins,pathway,33,-0.07929454435147767,0.6176623161227577,-0.20886705803350766,0.18435691531025597,-0.13195463483098935,0.40484045144662595,0.136560890008391,-0.5186532811057274,0.6979987267737036,0.06584932655649635,3.00525133735024,0.8564983873300351,0.9575854850937996,1.182559332482996e-12,0.999999873896792,0.2153060854615878,0.3994796485860976,-1.4688906404506905,9.223813101741516e-26,0.0590406189412039
pathway|Interconversion of Nucleotide Di- and Triphosphates,pathway,20,0.20930274234313118,0.18342242536770637,0.0583816974895495,0.7134311432342647,0.23730747480975714,0.13022256933904267,0.14994946884312127,0.5443211905724264,0.2931102336395987,0.08194350495398857,-0.32800390437153026,0.573572757400425,0.7891742504925061,0.2628817801783336,0.999999873896792,0.065213152498471,0.4561269885191959,-1.760023524012649,2.478035319491932e-26,0.0542925852283238
pathway|Interferon Signaling,pathway,184,0.21819070225945067,0.16509001799782055,0.005489622301256147,0.9724757445484215,0.219383704497742,0.16273417934906104,0.15117809859625955,0.9395985499600985,0.17371176017640966,0.07454122853348524,-1.491280422328315,0.5573119478539329,0.6504091485674873,5.1488771910823354e-09,0.999999873896792,0.0781771216741393,0.2220007610218655,,,
pathway|Interferon Alpha Beta Signaling,pathway,52,0.2743068413389579,0.07875474805764257,0.029800806778247653,0.8513906450104952,0.2796432580806707,0.07288085289105124,0.1385519673033704,1.3626952205006648,0.08648929238666214,0.06987940642051374,-0.8351175875731864,0.5136929078981881,0.5161006620102556,1.4772170986289398e-12,0.9815952958789088,0.1422916608675122,0.373908732632639,0.5715558445415975,3.3726512649534926e-10,0.1441899813490521
pathway|Interferon Gamma Signaling,pathway,62,0.27770517895402125,0.07497288863609555,-0.0725850059832757,0.6478062938212462,0.3275751506345212,0.034202073844352615,0.1339511409937462,1.5800654360897783,0.057045940878690256,0.06591467920293986,0.16097280473974804,0.5136929078981881,0.4559842262554719,0.0001293717615134,0.999999873896792,0.0984510215493543,0.1863161239723181,0.9574326182892924,1.3667067577283534e-21,0.0554247545918812
pathway|Interleukin Receptor SHC Signaling,pathway,20,0.2037259831799503,0.19564073519976774,-0.08391279803348681,0.5972641969130241,0.2692620698456574,0.08464221592492148,0.15338701804605068,0.43375195577352826,0.33223428667137134,0.07940782227197977,0.0794357725091082,0.5824695003884977,0.8229187716013967,0.8420429504439155,0.999999873896792,0.0383145663201064,0.2674602813256975,1.205214021588784,7.13777976174364e-22,0.0269950465099984
pathway|Interleukin-1 Family Signaling,pathway,107,0.22498737748957728,0.1519943235871882,-0.013506213598328615,0.9323468424091323,0.27185736690441076,0.08157203506472574,0.1343824684602735,1.1013607939542058,0.13536983087718474,0.05936634402929862,-0.9660490563792428,0.5456674429982589,0.6001290697602116,9.91468347050104e-05,0.999999873896792,0.0742124102034634,0.3173579219269512,1.760600747641287,2.5267562411462552e-26,0.0320266300743295
pathway|Interleukin-1 Processing,pathway,6,0.11441069970713207,0.4706241316662932,-0.10421568686194208,0.5113066368301364,0.02303326139643575,0.8848791675648673,0.09401631717365584,0.2918455157493343,0.3852023714119836,0.12116816334939265,-0.1795567891797827,0.7867542392791946,0.8821784593764135,0.7134403976048668,0.999999873896792,0.007432216905901,0.3647052790611928,2.668610377029562,2.3291734339045008e-26,0.0034291373464019
pathway|Interleukin-1 Signaling,pathway,88,0.2470330035565266,0.11475016468239049,-0.054983359874486167,0.7294621638791101,0.2904299614811142,0.06206348498071817,0.15764365375107234,1.0409958727389035,0.14893873187288897,0.07360015042469847,-0.3298216839808804,0.5144479402341297,0.6222152039431742,0.0004447231104659,0.999999873896792,0.0824032330755643,0.3243694932968034,1.7156274567230312,2.892352328111004e-26,0.0312743886208834
pathway|Interleukin-12 Family Signaling,pathway,46,0.2826719800837292,0.06970384537631212,0.015858908870295535,0.9205968157875233,0.27639913675722905,0.07640907949908311,0.16700650956488144,1.131634844167835,0.1288939923048375,0.04811261831172351,-0.8200771630728387,0.5136929078981881,0.5866326220965387,0.0827864226033727,0.972663855239328,0.0590795830155097,0.3587532859587291,1.1701674769800083,1.3000345513321853e-21,-0.000880067902018
pathway|Interleukin-12 Signaling,pathway,39,0.2737840201674097,0.07934959105423055,-0.01298339242678041,0.9349599742199766,0.29675599806182545,0.05634000312442947,0.12069326745190301,1.5359108758769529,0.06228012018016083,0.07292483974478205,-1.823221882519832,0.5136929078981881,0.46641968519267424,0.2328252422439542,0.999999873896792,0.0697322990951799,0.4045403370773955,0.9941174258045656,7.402815164316652e-19,-0.0023021803231939
pathway|Interleukin-15 Signaling,pathway,13,0.14647706489542195,0.3546341831724536,0.00026141058577410224,0.9986890715717771,0.2167073044059026,0.1680536209257094,0.15555236906487951,-0.07512169171367616,0.5299410554522785,0.08416113808997219,-1.4365280810635668,0.7057590905608639,0.9575854850937996,0.3840338847802982,0.999999873896792,0.0863329652803337,0.2697393909529068,1.8086734957649968,3.694022644010085e-26,0.0763969545263177
pathway|Interleukin-17 Signaling,pathway,59,0.25644378464439427,0.10114359462242802,-0.10282149707114686,0.5170040139388545,0.291808713043577,0.06077820974747465,0.14478660977408275,1.1997942765799583,0.11510962377220768,0.09119308284729556,0.28809451221182,0.5136929078981881,0.5629075760636231,0.6093955283600136,0.999999873896792,0.0459395659863222,0.2395176351984536,2.1871331146955284,2.5267562411462552e-26,0.0234762296007981
pathway|Interleukin-2 Family Signaling,pathway,33,0.23021558920505933,0.1424508559759266,0.008190865020921869,0.958941671787703,0.28004877324610095,0.07244899383080296,0.15920340357952445,0.6703531718233342,0.2513163394385636,0.07051114866946784,-1.2313814196447233,0.5391429338815698,0.7487286448016054,0.375127626555814,0.999999873896792,0.0644567254914145,0.269066827111853,1.4906919901311362,6.4433344171150135e-25,0.0381157019836315
pathway|Interleukin-2 Signaling,pathway,11,0.060472982175742304,0.7036255575598017,-0.08731113564855014,0.5824453433712959,0.052473662406668786,0.7413750973496278,0.15244593993726394,-0.8160041415986733,0.7927511165166999,0.08631341857951232,0.014143776993810378,0.8875936844437725,0.9575854850937996,0.2788319864553822,0.999999873896792,0.1041471447213073,0.4302881388739413,1.1970215424189168,9.651926259699848e-23,0.0444685043276221
pathway|Interleukin-21 Signaling,pathway,9,-0.004443979958159737,0.9777169942120499,-0.02744811150628073,0.8630065803669189,-0.0021897818933231178,0.9890189550194801,0.14751835039542213,-1.3440640041296716,0.9105361545982142,0.1113826937552487,-1.3288660273414736,0.993861908152414,0.9575854850937996,0.0403297151399699,0.999999873896792,0.1631559960507328,0.4608336667276325,1.4179253147514457,4.415166081578883e-25,0.0564795852100622
pathway|Interleukin-23 Signaling,pathway,7,0.2255101986611255,0.15101943784272576,0.09593768497909552,0.5455906829873163,0.2992701920874927,0.05418612877117689,0.15817954545190926,0.6591626261061998,0.2548956718724217,0.12256670998328405,-0.3175386964626342,0.5456674429982589,0.7508332731586802,0.8504366730359066,0.999999873896792,-0.0014777202747127,0.2576684247914808,1.481445460019719,1.1633542494140736e-24,0.019893351805551
pathway|Interleukin-27 Signaling,pathway,9,0.2583607956067377,0.09853014579431965,0.13541068343098495,0.392536781532187,0.18937558225590667,0.22968841693530537,0.15162685343517174,1.0399172199994897,0.14918918070490178,0.11190115808370071,0.2750469038091359,0.5136929078981881,0.6222152039431742,0.7813367078363798,0.9929267446183424,0.0269062808536492,0.4341163047838894,0.9480738975881848,4.182342124637016e-18,-0.0188402189246427
"pathway|Interleukin-3, Interleukin-5 and GM-CSF Signaling",pathway,41,0.3177881354393836,0.040281401488849664,0.0006970948953976059,0.9965042001038933,0.34241700568926675,0.026437292863449435,0.1008870587364185,2.3808755299370734,0.00863577338075375,0.062437918412144314,-1.38557342333034,0.48662407764568755,0.18633684212286186,0.3476084350942397,0.999999873896792,0.0563269593051364,0.2549578636251328,1.7113006127940604,1.5741935413730192e-25,0.0527555460144588
pathway|Interleukin-35 Signalling,pathway,10,0.23988778087870116,0.12597365634966148,-0.0014813266527199127,0.9925715055954513,0.19975677049091994,0.20467940156374578,0.15758265794772502,0.747818784093578,0.2272847351764189,0.08824785691424068,-1.6682860282117373,0.5145896426775005,0.715348798081571,0.4325584967606403,0.999999873896792,0.0578172704488493,0.3173704000350876,1.3592195060994026,6.5433151868949025e-24,-0.0048845471360245
pathway|Interleukin-37 Signaling,pathway,15,0.13976752652722,0.3773411985288232,-0.047751000334736005,0.7639528672581446,0.2595297058753325,0.09696222396019843,0.16122497877617753,-0.20692414532923997,0.5819654503273225,0.09617295450629222,-0.8145913159364018,0.7178964286417493,0.9575854850937996,0.4479150700687242,0.8741293923296176,0.0787071575041499,0.5356069759116153,0.8824734943567921,1.3378573412864633e-17,0.0523511360362352
pathway|Interleukin-4 and Interleukin-13 Signaling,pathway,68,0.23675085384941189,0.13115300310246333,0.09881320142261063,0.5335582526980545,0.26512581515826933,0.08972025809906667,0.15935153624479648,0.8598454685066123,0.19493711578125805,0.05940991246026097,0.6285090553155274,0.5155891746975836,0.6885417247480365,0.0182297816155118,0.999999873896792,0.0706829628945057,0.3289697517477155,,,
pathway|Interleukin-6 Family Signaling,pathway,15,-0.02945225933054885,0.8531096295077144,0.1658214482427055,0.29394718400245795,-0.06553125073352144,0.6801062356366554,0.1709930209979365,-1.2355039088775404,0.8916784887023905,0.0918945345857894,0.8973026959908821,0.9407578791146713,0.9575854850937996,0.9402093744321144,0.999999873896792,-0.0135455521921687,0.3810561910388103,,,
pathway|Interleukin-6 Signaling,pathway,10,0.05446053870293796,0.7319388022288491,0.08635263016737843,0.5866082745318107,0.016950533914982652,0.9151504381298471,0.17525401354605435,-0.9750766303712515,0.8352388750766286,0.0976629948452046,-0.170254551441815,0.8956631577924263,0.9575854850937996,0.4483199848855271,0.999999873896792,0.068787119313435,0.2803781105961103,2.1921723938210254,2.3291734339045008e-26,0.0338974214660158
pathway|Interleukin-7 Signaling,pathway,15,0.12295011217575275,0.4379195218262869,0.04147714627615755,0.7942446454751958,0.07915656029197639,0.6182762604496493,0.13992437287868445,-0.1805192222753196,0.5716275174577476,0.07996114134520164,-0.6227051542092497,0.7667279880087634,0.9575854850937996,0.4258307182430778,0.7993012783085065,0.058237151319858,0.5111098953864978,1.017577267204955,1.9577920929240557e-19,-0.0081322469566454
pathway|Interleukin-9 Signaling,pathway,7,0.05280493832636865,0.7397991207964324,0.05437340184101326,0.7323518373498324,0.03933497104673008,0.804658824638533,0.13009969169667443,-0.9467985078002207,0.8281292688456323,0.09612502923223361,-0.545421492073816,0.8976054288725082,0.9575854850937996,0.2508507496292608,0.999999873896792,0.1514467988152198,0.3668911832669599,0.7533936139349044,2.1487430350333624e-14,0.0985553246528342
pathway|Intra-Golgi and Retrograde Golgi-to-ER Traffic,pathway,143,0.16442725845191028,0.29808208668958097,-0.02012861510460587,0.8993169196218793,0.1957016188366179,0.21421134434447922,0.12725031631173672,0.707976064059995,0.2394800609185015,0.08491487194562086,-1.2988774532976037,0.6559131183583772,0.7317252080327352,1.3995740203491492e-06,0.999999873896792,0.0894838162713356,0.3334431973426058,0.807123745350113,4.484880131710179e-16,0.0224880157586928
pathway|Intra-Golgi Traffic,pathway,38,0.12138164866110812,0.44383037889180266,0.018821562175735357,0.9058244733671028,0.11695057371007168,0.4607636655247437,0.12283247741215439,-0.023594815350213245,0.5094120961236921,0.09531465641633391,-1.3783529769331824,0.7683515161460239,0.9575854850937996,0.0018952949768718,0.999999873896792,0.1217226436063001,0.3941114171076593,0.4764658169493441,5.688346489959375e-08,0.0158790074893916
pathway|Intrinsic Pathway for Apoptosis,pathway,47,0.20442307807534793,0.19408284168006998,-0.016033182594144938,0.9197270758012986,0.3126521925466896,0.04380815453464703,0.07636674579080774,1.9519202414515193,0.025473837351267816,0.09341071598327919,-1.356051704986106,0.5821355646696821,0.3387563426858525,0.0750551718497681,0.999266061494533,0.0780543571526579,0.4330226714238163,0.8209993113426685,3.4722409700913047e-16,0.0037958470424332
pathway|Iron Uptake and Transport,pathway,41,0.22847285196656536,0.14558150973819395,0.012721981841006307,0.9362667946525607,0.2924575373082653,0.060180759181898975,0.15201025562764042,1.013999754795255,0.15529143464852502,0.08137275850838177,-1.2585150097872753,0.5391429338815698,0.6291655659771296,0.0780075143103015,0.8028422954355551,0.0753083373622526,0.4684502095105363,0.2193702213959708,0.023369322043983,0.0439319185731173
pathway|JNK (c-Jun Kinases) Phosphorylation and Activation Mediated by Activated Human TAK1,pathway,19,0.0947177689121497,0.5507341638288019,-0.145867106861949,0.3566634504410874,0.12408764062164335,0.4336600697130344,0.12352957230755197,-0.3562173901922206,0.6391611152403063,0.07920305064645672,1.318083155049001,0.8239361007102805,0.9575854850937996,0.4850162470937831,0.999999873896792,0.0586246317548256,0.3132567079014778,1.083115377861967,3.807966436642142e-21,0.0337057488623053
pathway|Josephin Domain DUBs,pathway,9,0.24267616046029153,0.12149981034373515,0.14804552841006655,0.349448355229239,0.24574219025070546,0.11671960587519656,0.12455343043516723,1.282875590011095,0.09976783300938596,0.10282149707114688,0.5666487338975207,0.5144479402341297,0.5327388759111704,0.0175955897246508,0.999999873896792,0.183982683982684,0.3834364333402666,0.5551792559075699,1.614633507260784e-09,0.0987086584912672
pathway|KEAP1-NFE2L2 Pathway,pathway,92,0.23596662209208957,0.1324723069422652,0.0017427372384940145,0.9912606414663679,0.3034064467748809,0.050786883043990684,0.1351100612573447,1.108796423382529,0.13375900688493864,0.06878148196026253,-1.3473474142768778,0.5182514737012356,0.5969245232626367,3.91360955626565e-06,0.999999873896792,0.1194116769141287,0.3371325728907254,0.7996566155093264,9.2766173198495e-16,0.0274072891912643
pathway|KSRP (KHSRP) Binds and Destabilizes mRNA,pathway,16,0.04870950581590771,0.7593541876622331,-0.13314512502094272,0.4005774388704404,0.019545830973735977,0.9022177057996252,0.12106359911508298,-0.6876887574083708,0.7541755993501374,0.08692773345608146,0.648116501530145,0.8998877638529564,0.9575854850937996,0.7918323573033135,0.999999873896792,0.0462360446570972,0.4471402281485762,-1.498187565607819,7.948746973937152e-25,0.0224490773812745
pathway|Killing Mechanisms,pathway,8,0.010979244602512294,0.9449829893218065,0.12051028004186112,0.4471330278524365,0.13917280477564703,0.3793946227024052,0.17906189441216377,-1.5717291186219116,0.9419933069445992,0.09971942478662751,0.21093532789850014,0.9829216088408934,0.9612832722745227,0.9013040446919198,0.999999873896792,-0.0090542915730885,0.3566594555923558,0.3614817894411414,4.868003440724469e-05,0.0511759803444058
pathway|L13a-mediated Translational Silencing of Ceruloplasmin Expression,pathway,88,0.2545267736820509,0.10380982735677663,0.0592530661087965,0.7093398397127701,0.1790754970539794,0.2564926152748056,0.1664967589226219,1.0333377323715924,0.15072293760114158,0.03833150556067586,0.6788187658466575,0.5144479402341297,0.6222152039431742,6.587396912955392e-88,0.722097013332672,0.2980791605688487,0.4847760531550236,-3.101135704518508,2.3291734339045008e-26,0.0416834358868933
pathway|LDL Clearance,pathway,15,0.29844375209210006,0.05488671190268433,0.034070513012557986,0.83039051789489,0.33771302977027634,0.028721304236499767,0.11407086594562574,1.9632472837140484,0.02480872380021849,0.09226486624896939,-0.8792098760380629,0.5001451021129545,0.33499779944424063,0.0657443924552349,0.999999873896792,0.1222211372587312,0.3855252135632283,-0.556019816889564,1.1718152168742735e-09,0.0225712693103997
pathway|LRR FLII-interacting Protein 1 (LRRFIP1) Activates Type I IFN Production,pathway,5,-0.27744376836824713,0.07525863857143612,-0.13349367246864152,0.3993342576311643,-0.2710463365735503,0.08252198206307508,0.15882435823015206,1.2828222372199798,0.09977718077266068,0.09913996465482826,0.565082518091932,0.5136929078981881,0.5327388759111704,0.6912164014818221,0.99054418665301,0.0510868079289132,0.4966069536847013,1.5704545560436156,2.483257065650018e-25,0.104422508685911
pathway|Lagging Strand Synthesis,pathway,16,0.008975096778244176,0.9550143896249886,-0.15954759418412706,0.31284706271357043,0.04695865615681797,0.7677604088754646,0.14644656699374828,-1.1177767101460454,0.8681688145916289,0.08838291905022395,1.2801825889958185,0.9880598702348498,0.9575854850937996,7.054052851196371e-08,0.999999873896792,0.2198838004101161,0.4865576487287767,-1.0293026222304924,5.099451867769711e-20,0.0509085829035397
pathway|Late Phase of HIV Life Cycle,pathway,113,0.10412855000001738,0.5116617964599063,-0.13419076736403915,0.3968546049646853,0.07502030560458829,0.6367975641991104,0.12532023482010463,-0.3483432247108079,0.6362087822412288,0.10998414712135726,0.492548334343293,0.8137599847952764,0.9575854850937996,1.6971351105615187e-05,0.999999873896792,0.1032902081948924,0.3643280913538985,-0.2441925929504836,0.0074311506288223,0.0561949441963073
pathway|Late SARS-CoV-2 Infection Events,pathway,56,0.32937733807536884,0.033169425025366066,0.01812446728033775,0.9092976847476272,0.3197081564251752,0.039023947024139166,0.1556700038284779,1.8090671289820905,0.035220287527032004,0.08441383498955383,-1.1231031650753631,0.4857625830347534,0.38594796750826166,0.2763188480362578,0.999999873896792,0.068082085378736,0.1536029140290303,0.8229918493800921,3.9537812277503263e-16,0.0212037470121509
pathway|Late Endosomal Microautophagy,pathway,26,0.37965530740592107,0.013144700946496396,0.21453095405861322,0.17247088389776385,0.40097339557738865,0.008497655160474467,0.1380770714058808,2.93574965808623,0.0016637136762395234,0.0635663407740692,2.7919015920784895,0.4644200585751626,0.07106434131365964,0.0031324900515082,0.999999873896792,0.0982974919817025,0.3499422852441218,0.5633668307696664,1.027504488771618e-09,0.0654461015600087
pathway|Leading Strand Synthesis,pathway,12,0.05027796933055233,0.7518467675359801,-0.18150608338915164,0.24998688944893152,0.06982971148708164,0.6603513812509919,0.1289843398640383,-0.739866443728549,0.7703094812914209,0.0863613438535709,1.5613442474240058,0.8996283704204391,0.9575854850937996,1.5369599513970074e-09,0.999999873896792,0.2741782141303672,0.425236186427198,-1.1463472084074189,5.211816839527996e-22,0.0467176438740227
pathway|Linoleic Acid (LA) Metabolism,pathway,6,0.2628047755648974,0.09267133616199619,-0.008975096778244176,0.9550143896249886,0.3492296604684943,0.023398561301483135,0.15013245625316313,0.9851832068646013,0.16226704393365904,0.1372710554330773,-1.2883300785261511,0.5136929078981881,0.6397135788705899,0.0011643708763029,0.8818086116253029,0.2779585326953748,0.5372551549812935,1.0261763921951113,2.725612475850241e-20,0.0023370525164531
pathway|Lipophagy,pathway,7,0.15998327849375055,0.31151024776983965,-0.04844809523013361,0.7606075688580493,0.21476083161183762,0.17200040354278573,0.1653683365606971,-0.04580975939772656,0.518269059947997,0.08412192650210609,-0.5387301408192573,0.6698556089126997,0.9575854850937996,0.0643367448495085,0.980110424927094,0.1537577710510041,0.4524496604494904,0.2542034330087463,0.0010064240636902,0.0334143296785762
pathway|Listeria Monocytogenes Entry Into Host Cells,pathway,15,0.20555585728036904,0.191569981462897,-0.0709294056067064,0.6553331210731426,0.20389302517830807,0.1952666228302064,0.15261149997492085,0.503309073428817,0.3073734940760895,0.07908977272595462,-0.14033227069579052,0.578580045024305,0.8027194949747729,0.7711223732166439,0.999999873896792,0.0259883474921068,0.2497778910043437,2.597076107343608,2.3291734339045008e-26,0.0045623117415943
pathway|Loss of Function of FBXW7 in Cancer and NOTCH1 Signaling,pathway,5,0.11449783656905675,0.47028399802680804,-0.13331939874479215,0.39995556888589834,0.17996763041792585,0.25409171586459806,0.11194472651466303,0.026480218563402748,0.4894371556830948,0.10672087164227721,0.44346481034704005,0.7867542392791946,0.9575854850937996,0.8468221667750678,0.999999873896792,-0.030498974709501,0.1117264065284533,0.8863606025185503,7.912460684252903e-18,-0.105434512019569
pathway|Loss of Function of SMAD2 3 in Cancer,pathway,6,-0.128701145062783,0.4166230853906254,-0.14743557037659366,0.35145953724146484,-0.056204401928626684,0.7236886105938996,0.14351441158998207,-0.1860424785269163,0.5737942751309154,0.08935449506068438,0.7124265183814412,0.7548945960980918,0.9575854850937996,0.6753431042192928,0.7414691400384221,0.051952608794714,0.600338069114399,,,
pathway|Loss of Function of TGFBR1 in Cancer,pathway,6,-0.010717834016738191,0.9462909898778787,-0.1068297927196831,0.5007097316967395,0.0909165000894524,0.5669068460749103,0.14329656943517036,-1.2826867573769156,0.9001990793840817,0.06809310075105737,0.8152643373577043,0.9829216088408934,0.9575854850937996,0.9022386093705248,0.8701167802264647,-0.0310503531556162,0.5188590910358712,,,
pathway|Loss of MECP2 Binding Ability to the NCoR SMRT Complex,pathway,7,0.032414912635988676,0.8385204329121662,0.08103728158997169,0.6099304258561993,0.08921333639464554,0.5742233505223264,0.10295655920713014,-0.8310682104613858,0.7970324514884903,0.07034558863181091,0.21064251153225605,0.9335230138750871,0.9575854850937996,0.6780177034066369,0.8379104691817861,0.0693845002115678,0.5966904099386752,0.1330092291268133,0.1138286264549112,0.1182797257617857
pathway|Loss of Nlp From Mitotic Centrosomes,pathway,49,0.1297467874058794,0.41281520413383926,-0.02596678485356082,0.8703351210442147,0.16715335119033134,0.29003174178338925,0.11338248473642061,0.2113783639826941,0.4162960191803872,0.09101880912344613,-0.9996743709855238,0.7526325977805972,0.9095068561007834,0.000275705116587,0.999999873896792,0.1097928029721799,0.3473528248150071,0.4708046759484751,1.197342924231307e-07,0.0121568622683567
pathway|Loss of Function of MECP2 in Rett Syndrome,pathway,12,-0.06831529974896537,0.6672862139808646,-0.029975080502097056,0.8505314068922432,-0.03365775873070718,0.832415770885685,0.17299716882220462,-0.8655035150831579,0.8066187562667586,0.06643314353139183,-0.6383201524673388,0.8770401152061406,0.9575854850937996,0.7446577873137045,0.9679703265045758,0.0515224010439321,0.4910727414252323,0.6804106273286876,1.061045942485904e-12,0.1125301952866326
pathway|Loss of Proteins Required for Interphase Microtubule Organization From the Centrosome,pathway,49,0.1297467874058794,0.41281520413383926,-0.02596678485356082,0.8703351210442147,0.16715335119033134,0.29003174178338925,0.11174431173223623,0.18123774871931006,0.42809048300160923,0.08443126236193876,-1.0646124789383882,0.7526325977805972,0.917284747738034,0.0093439328363873,0.999999873896792,0.1097928029721799,0.3473528248150071,0.4708046759484751,1.197342924231307e-07,0.0121568622683567
pathway|Lysosome Vesicle Biogenesis,pathway,24,0.3367839713389683,0.02919119335218618,0.05812028690377539,0.7146600880600583,0.38596933445647097,0.011584580549903922,0.1330449176297293,2.062277564679437,0.01959065887008063,0.06347920391214448,-0.09678511558349848,0.4857625830347534,0.2949874029861781,7.669443809778529e-07,0.8289565617423642,0.1579219788601939,0.5305295931151425,0.6504204920900708,5.522976403349333e-12,0.0581558597950887
pathway|M-decay Degradation of Maternal mRNAs by Maternally Stored Factors,pathway,32,-0.026141058577410222,0.8694723714794838,-0.05716178142260368,0.7191722903741143,-0.04144364990696715,0.7944072218098364,0.11804866369248831,-1.2325478042690037,0.891127739564801,0.07888064425733533,-0.5061764439563337,0.9492503430669835,0.9575854850937996,0.2794499128400485,0.999999873896792,0.0848263896544881,0.3002660139350105,-0.3218838349924474,0.000268363247403,0.0366871037336775
pathway|MAP Kinase Activation,pathway,57,0.23718653815903543,0.13042430388035361,-0.12460571255232207,0.4317278239833609,0.2735605305992176,0.07960493722882753,0.11718600875943379,1.3923214450932309,0.08191254018721994,0.0849192287887171,0.6190303763730459,0.5155891746975836,0.507227652697785,0.4917560967069656,0.999999873896792,0.0497817082007822,0.222679427112178,2.201177016410909,2.5063585876869227e-26,0.0275066832000137
pathway|MAP2K and MAPK Activation,pathway,30,0.3434935097071703,0.025936395943544528,0.02858089071130184,0.8574100107131998,0.387915807250536,0.011136708641279257,0.11951691981591953,2.1423604260824347,0.016082244905740305,0.08824350007114445,-0.8172939851567839,0.4857625830347534,0.27590277530913493,0.2112754433318089,0.8379104691817861,0.0685618434801737,0.4735913459058029,1.511413149273885,6.133126265181558e-25,7.454306439055893e-05
pathway|MAP3K8 (TPL2)-dependent MAPK1 3 Activation,pathway,15,0.15466792991634382,0.3280671034734939,0.0007842317573223066,0.9960672283318945,0.0603406566160148,0.7042446203798498,0.2022054449393643,-0.38704133805145696,0.6506371975469712,0.07001446855649704,-1.341746609477169,0.6831231998702991,0.9575854850937996,0.8950117238735464,0.999999873896792,0.001906063860951,0.3106149078729375,2.264948793008644,2.3291734339045008e-26,0.0693655999270182
pathway|MAPK Targets Nuclear Events Mediated by MAP Kinases,pathway,27,0.2691657664854006,0.08475784691011602,-0.10778829820085482,0.4968524630870687,0.3221412474177564,0.03747672560417727,0.11143933271549977,2.119125366005271,0.017039936766450117,0.07684599853139358,0.5330289492609014,0.5136929078981881,0.286759080635928,0.2340764926650381,0.999999873896792,0.0751575909470646,0.2642218410847528,1.901588199313748,4.032619048674707e-26,0.0069786009528517
pathway|MAPK1 (ERK2) Activation,pathway,8,0.11449783656905675,0.47028399802680804,-0.014464719079500322,0.9275579414192803,0.07412817224064183,0.6408216527130829,0.12864450610253192,-0.15220874806944037,0.560488852801412,0.07829682728243983,-0.86865854677519,0.7867542392791946,0.9575854850937996,0.9055370345104198,0.999999873896792,-0.0230177717019822,0.455859966557269,1.6571604366605353,2.209018961968e-25,-0.0004152576704286
pathway|MAPK3 (ERK1) Activation,pathway,8,0.049232326987455916,0.7568492515215659,0.033896239288708586,0.8312454918102877,0.02692620698456574,0.86558732791638,0.12004845467366024,-0.8628267224246345,0.8058836277750696,0.1012573903995985,-0.947693243684303,0.8998877638529564,0.9575854850937996,0.8759559100004904,0.901468107947962,-0.0062615955473098,0.4861481441507916,1.577723281497094,1.5487060329630459e-25,0.0173952568818546
pathway|MAPK6 MAPK4 Signaling,pathway,62,0.22045626066949287,0.16063709352979935,0.003485474476988029,0.9825222914880374,0.2648825060590112,0.09002615444026055,0.12209617092889066,1.449882242032152,0.07354568007162016,0.07317317980126745,-1.3748479920776295,0.5520746087978162,0.49655196254806766,0.0272989776219317,0.999999873896792,0.0833923181107906,0.3520400082951664,1.0217915607815276,1.275429140412238e-20,0.0289605035342475
pathway|MASTL Facilitates Mitotic Progression,pathway,8,-0.005402485439331445,0.972912474691245,-0.009323644225942979,0.9532692625972516,-0.048337407719280676,0.7611384629381845,0.1759641789707407,-1.6199656123139472,0.9473801679964783,0.09808996546863563,-1.0156198005474673,0.9913854963625978,0.963492075615466,0.5857381457031672,0.999999873896792,0.0630675715262181,0.3558335409791996,1.583746301143538,1.6724519640233456e-25,-0.008557671047118
pathway|MECP2 Regulates Transcription Factors,pathway,3,0.03337341811716038,0.8338115627394508,-0.08391279803348681,0.5972641969130241,0.07177618428114664,0.6514791584155992,0.14066939304814063,-1.0009999811965766,0.8415865912623919,0.10502170283474557,-0.2948439102609199,0.9322280192469957,0.9575854850937996,0.8661939810362126,0.999999873896792,-0.0571428571428571,0.2874304627884994,-0.8050563841118501,1.8974506818164765e-15,0.010341239947614
pathway|MET Activates PI3K AKT Signaling,pathway,4,0.006709538368201957,0.9663624133762386,0.23073841037660756,0.14152142666156303,0.03236011020133052,0.8387898317942332,0.1478973957447946,-1.2126633816533534,0.8873707272605975,0.11055489356696406,1.452391244305291,0.9899012951376905,0.9575854850937996,0.6779870953163103,0.999999873896792,0.0668147641831851,0.3019625615302768,0.2667786986045771,0.0014954510770653,0.0150708672922687
pathway|MET Activates PTPN11,pathway,3,0.12216588041843043,0.4408694890386012,0.1187675428033671,0.4537784797514741,0.162611581337513,0.30352279040200786,0.16698036850630402,-0.389478907069726,0.6515390444840234,0.1202880810439531,-0.015664519712881284,0.7667699318262147,0.9575854850937996,0.2136375073868701,0.901468107947962,0.3214627477785372,0.5058574194499142,0.7870805200735611,3.1786228854604603e-15,-0.0195263878516305
pathway|MET Activates RAP1 and RAC1,pathway,8,0.2139209960251403,0.17372374439150784,0.09070947326361346,0.5677938990327976,0.2618816938348277,0.0938656023773921,0.1451700119665514,0.5664968208701402,0.2855280467386617,0.09134992919876002,-0.010328473629439188,0.566059457105395,0.7846148462160154,0.1185002254915101,0.9977895230553804,0.1994067962113075,0.4646181501221288,1.9596177406025623,2.9372292297254396e-26,-0.0478338739102774
pathway|MET Activates RAS Signaling,pathway,8,0.1402903476987682,0.37554148385001357,0.025443963682012613,0.8729242566884109,0.2193026014646559,0.16289355769824737,0.14353183896236707,-0.03346036110431674,0.5133462623124266,0.08181279966110153,-0.7381855886005013,0.7158545771385049,0.9575854850937996,0.5453292039121177,0.9251396720017928,0.0417927936724929,0.4634675046728941,0.909999232529837,1.0043695826540628e-17,-0.0080421794330616
pathway|MET Receptor Recycling,pathway,6,0.3804395391632434,0.012941699069739866,0.13758910497910246,0.38489488820419376,0.4245743782054267,0.005071467476351298,0.12226608780964383,3.3192519226940314,0.0004512948102126877,0.11614472325943359,0.26910237527789044,0.4644200585751626,0.032571035785350186,0.0575434995692401,0.999999873896792,0.264812030075188,0.4400587556961754,1.140265497181421,3.690358664882936e-21,-0.0131671675572055
pathway|MHC Class II Antigen Presentation,pathway,80,0.24860146707117123,0.1123910684208973,0.0709294056067064,0.6553331210731426,0.3175994775649381,0.0404067195202974,0.16412663627827007,1.1422680412083541,0.12667131056555486,0.06533957591423684,0.1510521876657484,0.5144479402341297,0.5854918979098821,2.703183497979072e-05,0.999999873896792,0.0974443012017961,0.3601099803448937,-1.153612454871093,2.2197245353936646e-22,0.0232912181901752
pathway|MITF-M-dependent Gene Expression,pathway,66,0.03964727217573884,0.8031384497760204,-0.09959743317993294,0.5302992238456546,0.11630174944538337,0.46327195261647053,0.13566338033056655,-1.1123626819658927,0.8670088784575904,0.07615326047909221,0.46624996216855724,0.9190643933194154,0.9575854850937996,0.6785186480609232,0.7558882512503801,0.0437767973653141,0.5066705416758578,0.7430562849487717,1.877152965623885e-14,0.0028089352748974
pathway|MTOR Signalling,pathway,37,0.16982974389124172,0.28226643308705124,-0.08835677799164655,0.5779191579054036,0.2421736567949196,0.12229710042017979,0.11378767114437047,0.5497870997503707,0.29123270389502787,0.08278873251465815,0.10560570726354096,0.6483643446116633,0.7875323633750559,0.4318326694893456,0.9779872690312136,0.0601887601887601,0.4392123423673418,-0.8492776861383086,2.467868404636087e-16,0.0181814589668174
pathway|Macroautophagy,pathway,111,0.1306181560251264,0.409657180012484,-0.04095432510460934,0.7967831607448094,0.20470405550916848,0.19345738632036824,0.12889284615901733,0.027277887830741896,0.4891190466300364,0.07051550551256407,-0.8965566566352962,0.7514570357284217,0.9575854850937996,0.0670405327943026,0.999999873896792,0.0603636856268435,0.3545902724030219,0.950522679702882,7.072882376194648e-19,0.0246110871049988
pathway|Major Pathway of rRNA Processing in the Nucleolus and Cytosol,pathway,145,0.18324882062764564,0.24539110762060803,-0.058817381799172994,0.7113844920082733,0.10884027040146756,0.49263666420634505,0.17989840828664092,0.04587719805353401,0.48170406417721556,0.047489589748961905,0.31409397104973547,0.620122658281502,0.9575854850937996,6.841338917896805e-64,0.6546990428633584,0.1631866369162195,0.4554845262883772,-3.506381096989746,2.3291734339045008e-26,0.0438541722486049
pathway|Malate-aspartate Shuttle,pathway,8,0.3337341811716038,0.030778616636042776,0.02047716255230467,0.897582653442689,0.3868614678204174,0.011377433923707636,0.14818059054604985,1.7709026616764267,0.038288444836544346,0.08640491228453324,-0.8738442512748277,0.4857625830347534,0.3986950997158573,0.0324139002224806,0.999999873896792,0.1864441949028415,0.159843632299356,-1.31812281883778,2.2073819644890122e-23,0.1145906778953422
pathway|Maple Syrup Urine Disease,pathway,4,-0.05341489635984155,0.7369001231335681,0.008887959916319474,0.955450704114219,-0.02635848575296345,0.8683961985439945,0.1662789167678102,-1.1901717403206815,0.8830105510216446,0.09702689575315429,-1.0805926423755394,0.8956631577924263,0.9575854850937996,0.1320882327582818,0.7561258166152436,0.2223741171109591,0.6310782238509115,-0.2503753672104213,0.0006466564476899,-0.0665277191501337
pathway|Maturation of TCA Enzymes and Regulation of TCA Cycle,pathway,15,0.2499085200000417,0.11045340523699966,0.020999983723852877,0.8949821388143312,0.2772101670880895,0.07551471285627304,0.14786254100002466,1.1059775264270093,0.13436812337025472,0.05908314922804333,-0.7582399215352399,0.5144479402341297,0.5970965652100703,0.0744402674794568,0.999999873896792,0.1296898089379292,0.3624452567001842,-1.3985624724803103,4.998776997414862e-24,0.0667280517428259
pathway|Maturation of Nucleoprotein 9683610,pathway,11,0.1404646214226176,0.37494271415435154,-0.17113679682011224,0.2785238960418972,0.15506899926051113,0.3267989984577736,0.1527901305418665,-0.1579242474936367,0.5627417544585878,0.08897980655440815,1.4564354192690403,0.7158545771385049,0.9575854850937996,0.7569059089740803,0.999999873896792,0.0347977381470204,0.3392471095873314,1.052704332359821,1.6933751123730294e-21,0.0053956073162489
pathway|Maturation of Nucleoprotein 9694631,pathway,15,0.050713653640175826,0.7497653424224211,-0.19501229698748024,0.21586176555182854,0.08085972398678326,0.6107162899197821,0.09233893258160536,-0.5065669781451143,0.6937706584328034,0.083786449583696,2.003454322970901,0.8996283704204391,0.9575854850937996,0.4053121107302628,0.999999873896792,0.0764092048302574,0.4008785702554814,1.0229092509502002,1.1239683536963961e-20,-0.0080693394449604
pathway|Maturation of Protein 3A 9683673,pathway,7,0.3196180095398023,0.0390822595354929,0.03903731414226593,0.8061085688924624,0.30016232545143917,0.053437930635811835,0.13237832063600535,1.5774606562926354,0.0573447840516043,0.0955368554142419,-1.0075234317177575,0.48662407764568755,0.4559842262554719,0.6979638348302685,0.999999873896792,0.0467304625199362,0.3663917433213679,0.5533561909053145,7.64587763998339e-10,-0.0229760985617887
pathway|Maturation of Protein 3A 9694719,pathway,7,0.3196180095398023,0.0390822595354929,0.03903731414226593,0.8061085688924624,0.30016232545143917,0.053437930635811835,0.14053433091215733,1.5344960471714744,0.0624538324818793,0.1136918205962533,-0.7919320791303162,0.48662407764568755,0.46641968519267424,0.770281863836341,0.999999873896792,0.0467304625199362,0.3663917433213679,0.5533561909053145,7.64587763998339e-10,-0.0229760985617887
pathway|Maturation of Protein E 9683683,pathway,4,0.24651018238497838,0.11554479956234333,0.14142312690378928,0.3716596376281984,0.1934307339102087,0.2196816819463735,0.12848330290797122,1.1532959067132995,0.124394474832698,0.07499869705858993,1.1809181950786545,0.5144479402341297,0.5780861046327569,0.0132728200524391,0.999999873896792,0.4022214627477784,0.487547693195339,-0.2439845535795756,0.0018661823921298,0.3026512322628827
pathway|Maturation of Protein E 9694493,pathway,4,0.24651018238497838,0.11554479956234333,0.14142312690378928,0.3716596376281984,0.1934307339102087,0.2196816819463735,0.1454270657092293,0.8970078328283373,0.18485736869416053,0.07496384231382003,1.2953418618432724,0.5144479402341297,0.6721279860766911,0.0284686293759479,0.999999873896792,0.4022214627477784,0.487547693195339,-0.2439845535795756,0.0018661823921298,0.3026512322628827
pathway|Maturation of Spike Protein 9683686,pathway,5,0.2602778065690811,0.09596887334600289,0.1429915904184339,0.366324469533448,0.2587997785775581,0.09793904720302622,0.18238180885149488,0.6217327471799636,0.2670588074520772,0.08537234047072555,0.9356101492621088,0.5136929078981881,0.7647912085731086,0.3418793482972408,0.999999873896792,0.1054955570745044,0.3187592894744822,-0.8176152574400921,1.263427521116468e-15,0.2461689991449382
pathway|Maturation of Spike Protein 9694548,pathway,31,0.33425700234315203,0.03050153459671279,0.12626131292889137,0.4255852340589228,0.3187349200281427,0.03965726796267568,0.13394242730755374,2.235018403255486,0.012708070289556242,0.07062006974687371,0.8301378385966979,0.4857625830347534,0.23331571154422118,0.0003452629750749,0.999999873896792,0.1042322815837246,0.166271923507031,0.193100080326634,0.0204926080088556,0.0216714397431006
pathway|Membrane Binding and Targetting of GAG Proteins,pathway,14,0.3450619732218149,0.025220734646526455,0.20268034083685393,0.19799407346611209,0.3695054187400046,0.016026144822618136,0.188167696483295,1.8409703602273018,0.032812951171352946,0.09725780843725475,1.2922363369921002,0.4857625830347534,0.3769753468936619,0.1573952514935881,0.999999873896792,0.0844809326012333,0.3602101140766226,0.924106287598376,2.682401219234077e-19,0.102387678453529
pathway|Metabolism of Cofactors,pathway,17,0.24415748711301147,0.11917223455474023,-0.016294593179919038,0.9184226393194568,0.22295223795352778,0.1558330753999201,0.1424295576590196,0.8965794756916383,0.18497167700916106,0.11894617337031274,-1.1285760707324544,0.5144479402341297,0.6721279860766911,0.1103855242993015,0.999999873896792,0.087409030597885,0.3729718095349989,-1.8338617468665852,2.836366586560184e-26,0.0339478465456167
pathway|Metabolism of Nitric Oxide NOS3 Activation and Regulation,pathway,11,0.29007861334732876,0.06239444653541019,-0.018821562175735357,0.9058244733671028,0.31889712609431475,0.03955113573263819,0.16540754814856318,1.4431389878364205,0.07449066120505049,0.08025304983264937,-1.3503965737380932,0.5122798637865735,0.498111673808852,0.4923552854681234,0.999999873896792,0.0787099981358354,0.3008554336417656,0.9073538745353608,1.3781224191788793e-17,-0.0060842785093523
pathway|Metabolism of Non-Coding RNA,pathway,44,-0.034070513012557986,0.83039051789489,-0.2015475616318328,0.20056592222122568,-0.07055963878485601,0.6570188304166825,0.1773017298012848,-1.3869781621849886,0.9172757890397787,0.07509890444980333,2.9156218182770735,0.9318478027347904,0.9575854850937996,5.8969370021392486e-27,0.999999873896792,0.2085109949580852,0.4149127403185459,-1.753247381939365,2.5267562411462552e-26,0.0790776342629494
pathway|Metabolism of Nucleotides,pathway,68,0.37233581100424623,0.015173495646731807,0.06726965740586896,0.6720904935577313,0.30656946506523647,0.04830514481784709,0.1436102621380993,2.5810758886022596,0.004924646397962914,0.10108747351884532,-0.5602132965552533,0.4644200585751626,0.13386084299917375,0.0003326138984972,0.999999873896792,0.0753971687939619,0.3543612207073208,-1.7902550256810186,3.907623818559415e-26,0.0498416284101578
pathway|Metabolism of Polyamines,pathway,41,0.21941061832639644,0.16268131507224817,0.060821529623441103,0.7019958421419943,0.28248186423868216,0.06989999653951888,0.15150486182847717,0.8296819923719041,0.20335930269356667,0.07208832587030492,-0.21023022352268858,0.5536455161727081,0.6937310996448989,7.423635694525035e-10,0.979958403975743,0.1931451411233182,0.4344566300049008,0.5438494492616521,2.7579301760415203e-09,0.0604622839550101
pathway|Metal Sequestration by Antimicrobial Proteins,pathway,4,0.3210121993305975,0.03818833360036322,0.10822398251047831,0.49510420941142885,0.37380387949356475,0.014746587339523332,0.14954863927826761,1.3598916296949923,0.08693211007948953,0.13660010159625713,-0.35208669861069886,0.48662407764568755,0.5161006620102556,3.1791486025739003e-11,0.6084799262694891,0.5337662337662338,0.6902277307726004,1.740823724795718,9.68087109099088e-26,0.1436514830088068
pathway|Metallothioneins Bind Metals,pathway,8,-0.017427372384940146,0.9127725645980751,0.09088374698746286,0.5670471415422818,-0.009002436672550596,0.9548774950961911,0.15049407423015065,-1.3546306254183031,0.9122323645038559,0.10328767928244402,-0.17017366258104732,0.9681989864542899,0.9575854850937996,2.3967756304875434e-24,0.999999873896792,0.5037984571819158,0.2660785646102726,,,
pathway|Methionine Salvage Pathway,pathway,6,0.08460989292888442,0.5942110157923404,-0.1062198346862102,0.5031722825741634,0.11192218565873711,0.4803928154491924,0.1209808190962545,-0.35099146270247783,0.6372026233799736,0.10897335952303075,-0.03064639360129058,0.8457564309856219,0.9575854850937996,0.0118938910993262,0.8746409997509387,0.1804693552061972,0.5507335120219766,-1.737901703308201,1.3940259433255985e-25,0.072293026377028
pathway|Methylation,pathway,9,0.1685226909623712,0.28604161779175036,-0.09428208460252618,0.5525766665411777,0.0981346700341101,0.5363858565676893,0.17562434520923437,-0.058286197865809485,0.5232396693341429,0.10089577242261098,-0.11072767513355315,0.6490066418837603,0.9575854850937996,0.2559284785562428,0.999999873896792,0.0747265892002734,0.1583159293500734,-1.990705629104064,2.5720970737032262e-26,-0.0300217884377867
pathway|MicroRNA (miRNA) Biogenesis,pathway,22,0.12756836585776188,0.42077069105138093,-0.17244384974898275,0.27481398723115064,0.15133825973855325,0.3387131847833986,0.1571687578535827,-0.2734241760943878,0.6077364146307438,0.08066259308369547,1.508625398932098,0.7558686413748746,0.9575854850937996,0.6581173596563616,0.999999873896792,0.0650282731622444,0.3250549839981792,-0.996881016338169,3.4428231839210455e-19,0.0350140668368434
pathway|Miro GTPase Cycle,pathway,8,-0.022829857824271594,0.8858890579823258,-0.07929454435147767,0.6176623161227577,-0.03641526185563258,0.8189065132891824,0.12474948837449781,-0.8721862613043887,0.8084466133809163,0.08233997767574595,-0.03987194119771212,0.9557555661634061,0.9575854850937996,0.3012417750634286,0.999999873896792,0.1284249585001464,0.3693315256102307,-0.1865102677146229,0.0212480742950353,0.1039747738776865
pathway|Mismatch Repair,pathway,12,0.0117634763598346,0.9410598571651745,-0.18089612535567873,0.25160898626661243,0.054744547333077945,0.730593099532589,0.16473223746864674,-1.361917860965592,0.9133880956132969,0.106568382133909,0.9528533055571122,0.9829216088408934,0.9575854850937996,1.4303355648260633e-07,0.9188249854715472,0.2135276207046542,0.5251209909552726,-0.4754920936803435,1.380727395755489e-07,-0.0204603440632923
pathway|Mismatch Repair (MMR) Directed by MSH2 MSH3 (MutSbeta),pathway,11,0.051846432845196945,0.7443618675261334,-0.2262072935565231,0.1497267298917601,0.08742906966675262,0.5819340565428719,0.12840052288914278,-0.7836089382360693,0.7833651952591958,0.09497046581173134,1.9474854008768128,0.899439261072026,0.9575854850937996,1.912022981075396e-05,0.99054418665301,0.1945181134654819,0.4874923355484842,-0.5673960722778213,1.1955349829959662e-09,-0.0108742658361939
pathway|Mismatch Repair (MMR) Directed by MSH2 MSH6 (MutSalpha),pathway,11,0.03380910242678389,0.8316730508880021,-0.15153100288705457,0.3380911679001501,0.07201949338040477,0.6503734293574819,0.1427650345774297,-1.0837340510056164,0.8607586333335733,0.09715324420294509,0.7506999539547664,0.9318478027347904,0.9575854850937996,3.1971955391551634e-05,0.9929267446183424,0.207461629279811,0.4710463822271688,-0.6222409688954603,6.979764409346622e-11,-0.0090610585058095
pathway|Mitochondrial Fatty Acid Beta-Oxidation,pathway,24,0.29922798384942234,0.05422173442620766,0.026489606025109025,0.8677473216578594,0.32903500523006995,0.03336358138155981,0.1281957512636197,1.9780002460463422,0.023964339450920406,0.10444224270294629,-0.9857264753228308,0.5001451021129545,0.33438241647184275,2.1305847846803566e-06,0.999999873896792,0.1470786650420517,0.4280279922937827,-3.548943094234404,2.3291734339045008e-26,0.0457314107351448
pathway|Mitochondrial Biogenesis,pathway,61,0.0824314713807669,0.6037748728919908,-0.07824890200838126,0.6223211587912959,0.12806168924285938,0.41896155724181927,0.11275509933056276,-0.4354753429746376,0.6683912836767165,0.08604765115064197,-0.13845147849323575,0.8498945208746413,0.9575854850937996,0.0659940653398099,0.99054418665301,0.0711021592729962,0.4167076309878879,,,
pathway|Mitochondrial Calcium Ion Transport,pathway,19,0.08504557723850792,0.5923062710156205,0.030759312259419358,0.8466669616431942,-0.030332534374179484,0.848769553663309,0.146237438525129,-0.5591586681264523,0.7119732808883312,0.10095676822595827,-1.1328368244614797,0.8457564309856219,0.9575854850937996,0.294318295196604,0.999999873896792,0.0655202599800937,0.3530644287202393,-2.7353067572543592,2.3291734339045008e-26,0.0905103679643407
pathway|Mitochondrial Iron-Sulfur Cluster Biogenesis,pathway,9,-0.024224047615066805,0.8789706221093214,-0.10351859196654448,0.5141513772946376,0.05385241396913148,0.7348229106188212,0.09678726938286136,-0.8549077617830914,0.803698893349913,0.09974556584520494,0.04840844784791783,0.9534469210214795,0.9575854850937996,0.8424990954015551,0.972663855239328,0.0242557150451887,0.5074799896503723,1.0316644993154218,3.6432970760250284e-20,0.0173443421016236
pathway|Mitochondrial Protein Degradation,pathway,73,0.16338161610881385,0.3012076677243603,-0.06282567744770923,0.6926507404052953,0.14728310808425119,0.35196334266314044,0.15849759499793442,0.05786231848173669,0.4769291491522716,0.06631550876779349,-0.07914433321947116,0.6580664389844323,0.9558335596716113,5.9073980924299035e-09,0.7561258166152436,0.1087438656833033,0.4675825748089908,-3.1404410802733604,2.3291734339045008e-26,0.0741867059964967
pathway|Mitochondrial Protein Import,pathway,43,0.08591694585775493,0.5885048902341892,-0.11188373071131574,0.4805445998336701,0.09821577306719613,0.5360474994076958,0.1566067250941684,-0.781028288609413,0.7826070715385444,0.0871935008849518,0.3289785809468987,0.8457564309856219,0.9575854850937996,0.002373425223203,0.999999873896792,0.0979205034634305,0.4316963280588496,-2.7799952128994527,2.3291734339045008e-26,0.0590227613866182
pathway|Mitochondrial tRNA Aminoacylation,pathway,15,-0.07005803698745938,0.6593082395270093,-0.33721965564859185,0.028970051546946547,-0.14549884135635827,0.3578920317783937,0.1292980325669672,-0.5757907595738452,0.7176216899631107,0.09384204344980646,3.596972940128956,0.8766213809541832,0.9575854850937996,1.0701865905484e-14,0.999999873896792,0.1974247306578133,0.4729137656548952,-2.766835688140361,2.3291734339045008e-26,0.0478363728804471
pathway|Mitochondrial Translation,pathway,74,0.17505795560672377,0.26749195624184646,-0.12059741690378582,0.44680215920724825,0.17250615137401004,0.2746379660453615,0.13242624591006394,0.5183146983913106,0.3021193596850803,0.08931092662972202,0.44358857822838604,0.6340437875585331,0.7976321521711213,1.8399458641197772e-10,0.999999873896792,0.1559993096402613,0.3107218130904539,-2.480719343334515,2.3291734339045008e-26,0.0999784065823166
pathway|Mitochondrial Translation Elongation,pathway,68,0.26419896535569265,0.09088984558465789,-0.10360572882846918,0.5137953522492543,0.25158160863290036,0.10801026919936929,0.14463412026571448,1.8103627054864755,0.03511977939526982,0.08328541262762898,0.37608610993315106,0.5136929078981881,0.38594796750826166,6.14769362190177e-08,0.999999873896792,0.1610348502751811,0.2600166751874994,-2.50647444144671,2.3291734339045008e-26,0.103754929526886
pathway|Mitochondrial Translation Initiation,pathway,68,0.22951849430966176,0.14369709642896902,-0.09829038025106242,0.5357363338625027,0.21695061350516076,0.1675649107632239,0.1219262540481375,1.674261995067423,0.04703956009715751,0.07102525615482355,0.45445581021453973,0.5391429338815698,0.4231756804136188,1.6409464060397455e-14,0.999999873896792,0.1618726659413319,0.2724261761025988,-2.5155890038260145,2.3291734339045008e-26,0.1048170073733068
pathway|Mitochondrial Translation Termination,pathway,68,0.24241474987451747,0.12191408425997531,-0.11423642598328268,0.4713047906610225,0.23527989898260612,0.13363566999292498,0.13584201089751224,1.3591835833201527,0.08704421103183002,0.09344557072804907,0.30828066723552183,0.5144479402341297,0.5161006620102556,1.0406571848957396e-25,0.999999873896792,0.1609262901047014,0.278902565713206,-2.5528020626211565,2.3291734339045008e-26,0.1018465822463366
pathway|Mitochondrial Unfolded Protein Response (UPRmt),pathway,12,0.419563990167434,0.005675979869772577,0.2589707536402106,0.09770956491668852,0.44355248794756047,0.0032595623150748656,0.1362776952071357,2.4545122070782943,0.00705379373120368,0.07385720416737634,3.8748550562491113,0.4644200585751626,0.16925187931504795,0.4588834282777138,0.999999873896792,0.0693955964290892,0.3702998520318598,-0.8509656887258313,8.044825600793956e-17,0.0136406060197338
pathway|Mitophagy,pathway,31,0.03171781774059107,0.8419485724977562,-0.06038584531381761,0.7040331914582619,0.08961885156007574,0.5724774302738036,0.16125983352094742,-1.3191314131890992,0.9064374085569277,0.058242278510469966,0.04445931008874133,0.9343379312986162,0.9575854850937996,0.2925590345556458,0.999999873896792,0.0624127768100603,0.32947207676428,0.0229367130865195,0.9455687585421136,0.0349489778052338
pathway|Mitotic Anaphase,pathway,156,0.07903313376570356,0.6188256500204474,-0.032589186359838075,0.8376638558584298,0.08718576056749448,0.5829891110265215,0.17195152647910822,-1.2993464280865816,0.9030874661295286,0.07548230664227203,-1.2528804191153806,0.8564983873300351,0.9575854850937996,2.41580773803682e-12,0.99054418665301,0.1041071887930971,0.3892919580379556,0.442185088035785,8.272527534827705e-07,0.0271772738117011
pathway|Mitotic G1 Phase and G1 S Transition,pathway,99,0.15553929853559081,0.3253159085556559,-0.06395845665273034,0.6873884571409811,0.19967566745783394,0.2048670830619292,0.1482372295063009,0.0974054168453976,0.46120222158309376,0.07116031829080685,-0.19900356675574216,0.6811424333602071,0.9408711154089859,2.0401966109925066e-08,0.999999873896792,0.117635785646722,0.3473599218288188,0.5040842678929014,2.1468784403152897e-08,0.0286617012279294
pathway|Mitotic G2-G2 M Phases,pathway,130,0.16738991175735007,0.2893398648055044,-0.02021575196653057,0.898883309399675,0.20478515854225451,0.19327711619509175,0.15232830517366558,0.3144369352254464,0.3765946036880629,0.07208396902720868,-1.2556437805248657,0.6511141892766261,0.8690325308920791,0.0121103959267038,0.999999873896792,0.0721597374473751,0.3059803121160555,1.1377112718711035,2.4540780829041984e-22,0.0195961995886014
pathway|Mitotic Metaphase and Anaphase,pathway,157,0.06814102602511597,0.6680860231074081,-0.024224047615066805,0.8789706221093214,0.07899435422580432,0.6189983057680307,0.1250631810774267,-0.9061794168407227,0.8175795521387272,0.07621861312553574,-1.005947474747853,0.8770401152061406,0.9575854850937996,4.571083775691552e-18,0.999999873896792,0.1055667932469809,0.3921052467406458,0.4137940522843243,3.608620534125388e-06,0.0282603857169716
pathway|Mitotic Prometaphase,pathway,126,0.06317422489540803,0.6910300422492709,-0.03337341811716038,0.8338115627394508,0.07907545725889036,0.6186372388407282,0.15312996430337283,-1.087848635095258,0.8616690325556879,0.08317649155022308,-1.0974146364769979,0.8808318382629258,0.9575854850937996,2.3821955703563873e-14,0.999999873896792,0.1018873243715349,0.3264833050370644,0.2216946845274748,0.0206765949941814,0.0221922742185286
pathway|Mitotic Prophase,pathway,71,-0.014551855941425024,0.9271227093930569,-0.10482564489541499,0.5088239916234943,-0.0221411280324893,0.8893098881068977,0.14995818252931373,-1.6755000964489406,0.9530819239147204,0.08957669405859234,0.2888387424619212,0.9784835041116634,0.964711252333804,7.649154128253811e-06,0.999999873896792,0.1434631026074423,0.3927360820261108,-0.4076220733031588,1.846734710576533e-06,0.0312291050672539
pathway|Mitotic Spindle Checkpoint,pathway,69,-0.029016575020925348,0.8552593032013139,-0.08330284000001391,0.5999413447785381,-0.024330909925812418,0.8784406955802263,0.15377477708161563,-1.7358575031162837,0.9587054832166424,0.05204249078452753,0.6519340165804444,0.9416400429249606,0.9673232072070561,5.314237807445308e-06,0.999999873896792,0.1265070954531177,0.3662167721294432,-0.4782174312904612,3.5014100492530896e-08,0.0370734773523072
pathway|Mitotic Telophase Cytokinesis,pathway,10,-0.027970932677828936,0.8604227093618958,-0.032240638912139276,0.8393771940558156,-0.05020277748025963,0.752206163028925,0.14562312364855987,-1.1096069198813099,0.8664157759605143,0.08302835888495108,-0.9917604841933948,0.9437603354193222,0.9575854850937996,1.938754225248506e-06,0.999999873896792,0.378029923293081,0.3114908781140424,0.7734213465328421,5.009041567847622e-15,0.150961222774224
pathway|Modulation by Mtb of Host Immune System,pathway,7,0.3548213017573814,0.021127603819383063,0.18028616732220584,0.2532381296912395,0.28523936736360755,0.06709729061595732,0.12061048743307452,2.4010245443337803,0.008174619925181547,0.10486049964018487,1.2513593350239853,0.4857625830347534,0.18009978424636816,0.14933772088047,0.999999873896792,0.1306936171597825,0.320138492345859,,,
pathway|Mucopolysaccharidoses,pathway,10,0.1639044372803621,0.299642262492603,-0.0116763394979099,0.9414956944933945,0.25482572995634206,0.10339053217024784,0.175358577780364,-0.11684955659909634,0.5465103638933984,0.07303811766528415,-1.1457886580795826,0.6573912530367066,0.9575854850937996,0.0002134464685105,0.9724192686585708,0.2435376319586845,0.5095940482313348,-0.2320152384972874,0.0114488577021448,0.0786251125951421
pathway|MyD88 Cascade Initiated on Plasma Membrane,pathway,83,0.18002475673643173,0.253938492407648,-0.13872188418412357,0.3809559350886598,0.23260349889076673,0.13824232294555308,0.1399069455062995,0.5432506885288179,0.293478605484529,0.07187484055858939,1.0594246586467246,0.6215860181637165,0.7891742504925061,0.6339756322332867,0.999999873896792,0.0428290626119167,0.2537978186763701,2.643904050792785,2.3291734339045008e-26,0.0223658596418146
pathway|MyD88 Deficiency (TLR2 4),pathway,12,0.3543856174477579,0.02129764965457304,0.028668027573226545,0.8569797872280523,0.36261166092769104,0.018273829125422233,0.14400673485985668,2.046876648623464,0.02033509869956786,0.1039717036485529,-0.9795137578120628,0.4857625830347534,0.30185362821415274,2.158221031449832e-40,0.7414691400384221,0.4359172725201432,0.5411209035078677,1.7190153459442423,1.8448895863873315e-25,0.0433201396850453
pathway|MyD88 Dependent Cascade Initiated on Endosome,pathway,89,0.19265960171551333,0.22156100370200213,-0.09794183280336362,0.5371907772138035,0.25223043289758873,0.10707397271831368,0.153003615853582,0.48939031186612836,0.3122826968332968,0.06965720742260577,0.5689315263066103,0.5991031748931795,0.8059280942935761,0.5571413988803287,0.999999873896792,0.0434289945310858,0.2710143529399726,2.674882679239698,2.3291734339045008e-26,0.0236012765674745
pathway|MyD88-independent TLR4 Cascade,pathway,97,0.19518657071132967,0.2154436781159159,-0.10761402447700541,0.49755264959028267,0.23438776561865962,0.13515834675743957,0.14639864171968972,0.5026997580800677,0.3075876899043325,0.06499974215273052,0.749740693875115,0.5986220157578992,0.8027194949747729,0.7251860392078315,0.999999873896792,0.0422103613062647,0.2817119245557539,3.0397940144182694,2.3291734339045008e-26,0.0253124961123806
pathway|MyD88 MAL(TIRAP) Cascade Initiated on Plasma Membrane,pathway,96,0.24276329732221624,0.12136195462102523,-0.06909953150628768,0.6636915817964756,0.2826440703048542,0.06973261391518257,0.17924052497910942,0.8505422769810189,0.1975118330617316,0.06368833238076377,0.1402983539790455,0.5144479402341297,0.690137339896835,0.1216975947941905,0.999999873896792,0.0581285300572004,0.316269570708452,3.164293870168186,2.3291734339045008e-26,0.0202835152319919
pathway|Myoclonic Epilepsy of Lafora,pathway,6,0.33460554979085083,0.03031796046665986,0.17235671288705803,0.2750602998341465,0.3006489436499554,0.05303333371596683,0.17258762557115853,1.266961770411787,0.1025844799079843,0.10376693202302986,1.0362377311069444,0.4857625830347534,0.5408295124619928,0.0103673058474986,0.999999873896792,0.2804556846662109,0.3486961314817082,-1.1069549463462087,8.957548053053684e-21,0.0568086409158591
pathway|N-glycan Trimming and Elongation in the cis-Golgi,pathway,5,-0.05271780146444394,0.7402135548179404,0.02718670092050663,0.8642990464316583,-0.06893757812313518,0.6644333105479324,0.1545502951527455,-0.8451603095954493,0.8009893303309019,0.0888621717908098,-0.9658117610343133,0.8976054288725082,0.9575854850937996,0.7200173669935815,0.999999873896792,0.0226862611073137,0.3026755426952533,-1.352773664533255,4.681039848227137e-24,0.0273135370328279
pathway|N-glycan Trimming in the ER and Calnexin Calreticulin Cycle,pathway,30,0.30323627949795856,0.05092325599763074,0.08068873414227287,0.6114734933417809,0.34038942986211573,0.027402554664390667,0.14007250554395642,1.969425677646204,0.024452114750282264,0.05948397879289695,0.4598563538193401,0.5001451021129545,0.33499779944424063,0.0036018503908001,0.999999873896792,0.1035133287764866,0.2329231144256799,0.7324478723620125,1.6665577289605725e-13,0.0276428053443671
pathway|NADE Modulates Death Signalling,pathway,5,-0.09881320142261063,0.5335582526980545,-0.05437340184101326,0.7323518373498324,-0.027088413050737826,0.8647850918056236,0.1563975966255491,-0.49633168494401714,0.6901697925162915,0.09565884702093645,-0.4937216852656621,0.821597399541051,0.9575854850937996,0.8258862431826728,0.999999873896792,-0.0561585782638414,0.366917504640124,,,
pathway|NEP NS2 Interacts With the Cellular Export Machinery,pathway,28,-0.0932364422594298,0.5570105044381036,-0.19597080246865195,0.213569229478852,-0.13349559245962414,0.3993274156958034,0.14523100776989872,-0.7540723364335828,0.7745971063178722,0.08480159402511875,2.3767580784809157,0.826238827632141,0.9575854850937996,4.989679638650731e-37,0.999999873896792,0.3079196910023977,0.4151697427308611,-1.0858693688613366,2.3355961249863933e-22,0.0965196913172561
pathway|NF-kB Activation Through FADD RIP-1 Pathway Mediated by Caspase-8 and -10,pathway,11,0.25862220619251175,0.09817782260228433,-0.033896239288708586,0.8312454918102877,0.2652880212244414,0.08951677476650792,0.14772312202094517,1.1288013908462105,0.12949081290425268,0.09873913508997464,-0.7439034065484207,0.5136929078981881,0.5866326220965387,0.0001067871136425,0.999999873896792,0.2014155222767663,0.3495578030844036,0.6898756090975359,4.125138314030614e-13,0.052952865342059
pathway|NF-kB Is Activated and Signals Survival,pathway,12,0.1564106671548378,0.3225791958971746,0.15771772008370832,0.3185012990271558,0.13130581056630103,0.4071747612266024,0.16716771275944212,-0.08569850546881391,0.5341469548888197,0.08192607758160364,1.1817257838960304,0.6778697359566129,0.9575854850937996,0.4174709445318503,0.999999873896792,0.0532405393649412,0.3880209023009703,0.6418800867485791,7.30884599941811e-12,0.097292927980982
pathway|NFE2L2 Regulates Pentose Phosphate Pathway Genes,pathway,8,0.19841063460254357,0.2078101020900389,0.024921142510464407,0.8755147023199845,0.24111931736480108,0.12398272603390921,0.11081194730964192,0.9308800389629799,0.17595781051144155,0.08561196684101847,-0.8835423048751014,0.5950021117297557,0.6541380060398706,0.0084671277480428,0.99054418665301,0.3286910457963089,0.4790509206739227,1.5722537385996127,4.281715335673756e-25,0.0626455382945463
pathway|NFE2L2 Regulating ER-stress Associated Genes,pathway,4,-0.047838137196660704,0.763534471707271,-0.04548544192469378,0.7748541006693097,-0.043309019667946105,0.7853668241087611,0.16438804686404415,-0.9747222195382045,0.8351509659342888,0.09406424244771443,-0.6770377989389201,0.9013410317446803,0.9575854850937996,0.4146745161433327,0.999999873896792,0.0748462064251537,0.3287905674443571,1.8188634904998071,4.161738486870498e-26,0.1190373431034047
pathway|NFE2L2 Regulating MDR Associated Enzymes,pathway,6,-0.09637336928871901,0.5437592980426702,-0.15144386602512988,0.3383722868083439,-0.06569345679969353,0.679356818822843,0.1442027927991873,-0.42365282297301055,0.6640904871071189,0.09842108554394949,0.8504237042210793,0.823616619570151,0.9575854850937996,0.2066778561078795,0.972663855239328,0.1276828434723171,0.4469976857986931,1.225585445113579,6.896248560487482e-24,0.0649615041869157
pathway|NFE2L2 Regulating Anti-Oxidant Detoxification Enzymes,pathway,12,0.14604138058579844,0.35608294296811865,0.044962620753145575,0.777375928536499,0.2260341532107974,0.15004704457405327,0.16440983107952534,-0.16131956028869845,0.564079140927861,0.07272878180545148,-0.44240551873443035,0.7057590905608639,0.9575854850937996,0.0413722588186157,0.972663855239328,0.1407951697425381,0.487663715283459,0.415946611895585,3.238004107780531e-07,-0.0136528836296671
pathway|NFE2L2 Regulating Tumorigenic Genes,pathway,8,-0.04931946384938061,0.7564320001881408,-0.0472281791631878,0.7664646291897044,-0.008434715440948305,0.9577204086716424,0.12329430278035532,-0.6276264062863607,0.7348756469862704,0.10639846525315581,-0.8811503114404434,0.8998877638529564,0.9575854850937996,0.6346990300543648,0.999999873896792,0.0630163070012694,0.3477167108353458,0.5840010850300636,2.328688024891616e-10,0.005466866747998
pathway|NGF-stimulated Transcription,pathway,27,-0.01315766615062981,0.9340888540348032,0.09933602259415883,0.5313844852973222,0.005515006249850815,0.9723485216300406,0.16343825506906492,-1.5230032664465893,0.9361210558932341,0.07623168365482444,0.41195702732411343,0.9809225571905874,0.9600291819869817,0.194806567831453,0.999999873896792,0.0713243871138607,0.3823628291465396,1.070506623497522,5.516639627742078e-20,0.0293301383464386
pathway|NIK-->noncanonical NF-kB Signaling,pathway,44,0.26149772263602694,0.09436585917896505,0.024049773891217405,0.879834951315726,0.3041363740726552,0.05020524942669485,0.13726234174688484,1.5726975591455117,0.05789443265200093,0.06415015774896468,-0.7091453100469787,0.5136929078981881,0.4559842262554719,2.386399135131126e-06,0.999999873896792,0.1576472653862216,0.3701464467466722,1.052826748309542,5.297367694815494e-21,0.0608990891798376
pathway|NOD1 2 Signaling Pathway,pathway,31,0.05968875041842,0.7072971992843847,-0.14978826564856057,0.3437409510092461,0.08134634218529951,0.608563565719302,0.12410031875315877,-0.7770060836718339,0.7814224094721984,0.08430491391214798,0.7508405576013425,0.8880462136186066,0.9575854850937996,0.798848109352906,0.999999873896792,0.0358100529917168,0.3150396166447917,1.609381426354966,2.6143554798004384e-25,0.0205875554838639
pathway|NOTCH1 Intracellular Domain Regulates Transcription,pathway,35,0.05019083246862762,0.7522632615203882,-0.09062233640168876,0.5681674474837045,0.06845095992461893,0.6666638688168597,0.14652499016948053,-0.9162742190335746,0.8202384567734398,0.07773915136612176,0.21342688804634316,0.8996283704204391,0.9575854850937996,0.6460298203293535,0.999999873896792,0.0474116153638488,0.3303103683702427,1.1424851460280083,3.468012981866799e-22,0.0137345392674645
pathway|NOTCH2 Activation and Transmission of Signal to the Nucleus,pathway,15,0.25914502736406003,0.09747608071473152,0.053676306945615655,0.7356587946000652,0.323276689880961,0.03677206965890715,0.14256026295190663,1.2067004148829814,0.11377376962958907,0.10119203775315497,-0.7143549905186928,0.5136929078981881,0.5610323348232203,0.3476291900456323,0.999999873896792,0.0514611203333007,0.4580673293023213,0.5534895055613819,1.3590587107784891e-09,0.0318288319240414
pathway|NOTCH3 Activation and Transmission of Signal to the Nucleus,pathway,16,0.2983566152301753,0.054961000232192796,0.08574267213390553,0.5892642986345575,0.34379575725172945,0.02579718773710546,0.15191440507952328,1.1943776090769773,0.11616514573221759,0.07453251484729277,0.1829670968501528,0.5001451021129545,0.564589720588639,0.0188450801946595,0.999999873896792,0.1054778992936887,0.410832736701567,0.1865006814722379,0.0190414209150015,0.0199168983652384
pathway|NOTCH4 Activation and Transmission of Signal to the Nucleus,pathway,7,0.02021575196653057,0.898883309399675,0.0076680438493736645,0.9615603982205807,0.11589623427995313,0.46484334121644605,0.12638766137868218,-1.0322618983548162,0.8490252774841438,0.07081177084310805,-1.1185623906169968,0.9628263902628044,0.9575854850937996,0.0101774307169847,0.5302479670784715,0.2495101389838231,0.7036992316305188,0.8334681722147808,6.223492857877019e-16,0.0647738957257741
pathway|NR1H2 & NR1H3 Regulate Gene Expression Linked to Gluconeogenesis,pathway,3,0.25208694154815925,0.10728050569125593,0.12495426000002086,0.4304305567310297,0.18377947297296982,0.24400311749105763,0.16836148776781057,0.8459478000650679,0.19879093255450858,0.10627211680336504,0.21888613037513727,0.5144479402341297,0.691145218997652,0.9413584444635782,0.8457113970045684,-0.1151742993848257,0.5519178800998266,-0.4127673997167302,9.12486244188071e-06,0.0046820938547404
pathway|NR1H2 & NR1H3 Regulate Gene Expression Linked to Lipogenesis,pathway,6,0.0729335534309745,0.6462260701038668,0.07607048046026374,0.6320737872440542,0.04882402591779692,0.7588052912119304,0.14339241998328756,-0.6417406194678115,0.7394791946887724,0.1104372588033657,-0.3291783809345079,0.8692488205188902,0.9575854850937996,0.4675237791167903,0.8718293000101139,0.0978081567555251,0.5295050010637233,-0.9421009221791332,1.4306417595340338e-18,0.1282155168948119
pathway|NR1H2 & NR1H3 Regulate Gene Expression Linked to Triglyceride Lipolysis in Adipose,pathway,3,0.2257716092468996,0.1505337171812278,0.016033182594144938,0.9197270758012986,0.23682085661124086,0.13103571643031608,0.14658598597282782,0.9745132834258471,0.16490087344657123,0.09339328861089426,-0.9259078133890403,0.5456674429982589,0.6397135788705899,0.5270081364817317,0.8701167802264647,0.1298017771701981,0.5910845829400057,0.0078810699263929,0.8506762439027602,0.2888717064793469
pathway|NR1H2 & NR1H3 Regulate Gene Expression to Control Bile Acid Homeostasis,pathway,6,0.0938464002929027,0.5544220733590758,-0.036684618870299016,0.817589610912467,0.11792381010710418,0.45701497016380377,0.1507641985021172,-0.469029142041877,0.6804755970836548,0.09513602584938827,-0.6839424292230712,0.8259113163989649,0.9575854850937996,0.5094569206909307,0.7561258166152436,0.114568238778765,0.5827153045808218,0.4508183911920433,1.7158580932394786e-07,0.1791976008021808
pathway|NR1H2 & NR1H3 Regulate Gene Expression to Limit Cholesterol Uptake,pathway,4,0.06221571941423632,0.6954902175988934,0.0351161553556544,0.8252647627827562,0.12830499834211748,0.4180709086181756,0.11370489112554201,-0.6147383775216289,0.730636244601915,0.10637668103767466,-1.3067024475343676,0.8832690925677046,0.9575854850937996,0.8165943982774679,0.999999873896792,0.0240145819093187,0.4579089366787625,-0.1679005925340113,0.0496823058861893,0.1862032016105465
pathway|NRIF Signals Cell Death From the Nucleus,pathway,14,0.08765968309624894,0.580934846911827,-0.010456423430964088,0.9475991297158424,0.1218978587283202,0.4418801857611485,0.13781566082010668,-0.5236502286124729,0.6997390804599489,0.08228769555859114,-1.465753752584559,0.8402879299146191,0.9575854850937996,0.4399044783720275,0.999999873896792,0.0523754441047674,0.3894431273317587,0.2258317065046056,0.0139733978297635,0.0857562656845054
pathway|NS1 Mediated Effects on Host Pathways,pathway,34,-0.09097088384938756,0.5666739326549104,-0.16024468907952463,0.31070990062717085,-0.12311440422461083,0.4373029073963806,0.1215907771297274,-0.39043575804311514,0.6518928246536488,0.11004949976780079,0.682424299142657,0.8330576072469815,0.9575854850937996,1.534902212868645e-23,0.999999873896792,0.271517027863777,0.3921115809011582,-0.8134045621841729,2.2342777293412576e-16,0.050286217354104
pathway|Neddylation,pathway,172,0.07424060635984503,0.6403139406302867,-0.020999983723852877,0.8949821388143312,0.10040555496051926,0.526951121467773,0.14655984491425042,-1.1107620764929411,0.8666646129143128,0.10267772124897112,-1.6091381490337302,0.8662246788033342,0.9575854850937996,0.0034391026384806,0.8818086116253029,0.0695070313668522,0.4383132541307294,0.1459163025155632,0.2067270604165008,0.0304419499110462
pathway|Nef Mediated CD4 Down-regulation,pathway,9,0.1520538240586028,0.3364074858048595,0.25112843606698754,0.10866791567558974,0.16115172674196426,0.30794300284487097,0.13298392182638202,0.16181024095556712,0.43572764410436976,0.07549537717156071,2.736221247192459,0.6895180399054917,0.9190580571563062,0.0038226773498949,0.9679703265045758,0.1329782790309106,0.4508593813784198,-0.0789043038910926,0.289973722094095,0.1927673555865832
pathway|Nef Mediated CD8 Down-regulation,pathway,7,0.07729039652720956,0.6266045914892702,0.16373016355651268,0.30016348319441966,0.1248175679194177,0.43093905473505595,0.13743225862763803,-0.5461191739830255,0.7075079897332928,0.11372231849792694,0.5846575235093268,0.8593973116730259,0.9575854850937996,0.2435320044127125,0.999999873896792,0.0885590599876314,0.4540522735906849,0.036257987963856,0.7534388697309417,0.2121852597475223
pathway|Nef and Signal Transduction,pathway,8,0.17958907242680824,0.2551086429061789,0.02605392171548552,0.8699037276419098,0.15012171424226264,0.34265548207304375,0.13988080444772208,0.3958025206887039,0.3461253585642104,0.09779370013809163,-0.9452468640294196,0.6215860181637165,0.8384726567996439,0.875916863367937,0.999999873896792,0.0192974318914168,0.3638397442975934,1.3815031285114443,3.2107098462297997e-24,0.0643254780021348
pathway|Nef-mediates Down Modulation of Cell Surface Receptors by Recruiting Them to Clathrin Adapters,pathway,17,0.12626131292889137,0.4255852340589228,0.21810356539752596,0.1652630509208039,0.12643962858113852,0.4249265904123639,0.12165612977617091,0.048926438403513704,0.48048895964469757,0.07689392380545215,2.258580848993194,0.7590891618161962,0.9575854850937996,0.3852966930097756,0.999999873896792,0.0769294559929234,0.4078633141892455,-0.183737627547727,0.0251777570900251,0.0783472325948054
pathway|Negative Feedback Regulation of MAPK Pathway,pathway,4,0.10308290765692096,0.5159333519263948,0.07354351146444742,0.6434643730985935,0.15774539935235052,0.318415294717122,0.15238058729082044,-0.44318359664181456,0.6711835286913492,0.0792117643326492,-0.10849641109339642,0.8167234399366559,0.9575854850937996,0.721762076684561,0.8555661469772295,0.0026999316473,0.5317592933725506,2.1182835906821103,2.5267562411462552e-26,0.0466605242934917
pathway|Negative Regulation of FLT3,pathway,13,0.22124049242681518,0.15911622634654385,0.18324882062764564,0.24539110762060803,0.20551508584002887,0.1916600239844304,0.1510343227740838,0.8319647293618623,0.2027144266568029,0.1040980520983437,1.4531904926146841,0.5492304129645571,0.6932700898573341,0.5094569206909307,0.999999873896792,0.0625295756874704,0.373978800856943,1.1181822323939552,2.2280329256726666e-21,0.0423128335010986
pathway|Negative Regulation of MAPK Pathway,pathway,37,0.14778411782429246,0.35030942822815125,-0.09680905359834252,0.5419308601975378,0.22165458942415112,0.15831740531230232,0.12830902918412182,0.2204323402381608,0.4127672304494674,0.05598979062971645,0.8157065210398086,0.7015286584827441,0.9072054884110203,0.6800928774128507,0.999999873896792,0.0457861484177273,0.2725887995184972,1.8556904988148049,2.5267562411462552e-26,0.0235701240934275
pathway|Negative Regulation of MET Activity,pathway,17,0.3061989328033984,0.04859070020222256,-0.03929872472804003,0.8048353286573581,0.30510961046968776,0.04943810344937995,0.10968788179081328,1.9475489918272548,0.025734476104658642,0.06150555398955001,-0.5873056498692213,0.5001451021129545,0.3387563426858525,0.6840437988729546,0.999999873896792,0.0449303405572755,0.2536227219540032,2.987156355330338,2.3291734339045008e-26,0.0121910449746978
pathway|Negative Regulation of NOTCH4 Signaling,pathway,41,0.2738711570293344,0.07925020728879723,0.0005228211715482045,0.9973781465477015,0.31435535624149646,0.04261185769116067,0.12356878389541814,1.767756529062144,0.038550807556327185,0.05598543378662021,-1.4871057383505812,0.5136929078981881,0.399439803046499,6.297253833541258e-40,0.999999873896792,0.2001564609972825,0.3410942356092172,0.8233434672615784,7.932916350937148e-17,0.0457473155071494
pathway|Negative Regulation of TCF-dependent Signaling by DVL-interacting Proteins,pathway,4,-0.19187536995819104,0.2234835846752344,-0.012286297531382802,0.9384451941218044,-0.12749396801125706,0.4210439078684653,0.14877312120713782,0.422851834261433,0.3362016832456554,0.0950271047719824,-1.0020946729055267,0.5991031748931795,0.828504827770846,0.5725502940566264,0.999999873896792,0.1181020733652313,0.286099713807443,-0.4552634427948126,6.489025925083719e-07,0.0530232923120217
pathway|Negative Regulators of DDX58 IFIH1 Signaling,pathway,33,0.071626500502104,0.6521597697406304,-0.013244803012554512,0.9336533223479627,0.09724253667016362,0.5401145938152745,0.1467123344226186,-0.6277319916427434,0.734910237883761,0.05324062263599215,-0.9974631819673412,0.8744204984414731,0.9575854850937996,0.7392668127670046,0.979958403975743,0.036526103481845,0.3938469656034202,0.7103514082860264,1.1863401864090676e-13,0.0303686132019212
pathway|Nephrin Family Interactions,pathway,15,-0.12556421803349377,0.4281655842794441,-0.04130287255230815,0.795090585725565,-0.14176810183440033,0.37048223857171425,0.1607370123493992,-0.39765954331649644,0.6545594185032007,0.080727945730139,-0.5716456862658101,0.7605962664389527,0.9575854850937996,0.4629345893640165,0.999999873896792,0.0658145363408521,0.3420347431504099,1.642014952860647,3.1592326595470303e-25,-0.0134881463923253
pathway|Neurodegenerative Diseases,pathway,19,0.3868876669456713,0.011371398794349235,0.19736499225944715,0.2102648872673424,0.48215753169651604,0.0012232633921572308,0.19028947907116148,1.5543506467093329,0.06005039937418196,0.07399662314645586,2.2833737548871005,0.4644200585751626,0.46550179959319576,0.0005960394570109,0.999999873896792,0.0925335667717939,0.4103681457057231,0.0565247179704165,0.521920727879818,0.0540786848494964
pathway|Nicotinamide Salvaging,pathway,12,0.13767624184102717,0.384591044271095,-0.10081734924687874,0.5252490316443059,0.10486622178025153,0.5086590518476224,0.13701400169039946,0.00631460713220645,0.4974808529723715,0.10669473058369983,-0.05578724149254195,0.722990840338153,0.9575854850937996,0.8752681863819519,0.999999873896792,0.0020816504070092,0.1713947387805925,,,
pathway|Noncanonical Activation of NOTCH3,pathway,6,0.07929454435147767,0.6176623161227577,-0.01655600376569314,0.9171184140178725,0.1906732307852833,0.22645291457395014,0.1529992590104858,-0.6530676143297913,0.7431436551801465,0.12486712313809616,-1.2162077296464855,0.8564983873300351,0.9575854850937996,2.7943831139359358e-06,0.7584976426989276,0.3428206880838459,0.6345733184565765,-0.042925975725048,0.5454688726679643,0.0453272865683165
pathway|Nonsense Mediated Decay (NMD) Enhanced by the Exon Junction Complex (EJC),pathway,92,0.22821144138079125,0.14605544362677975,-0.012112023807533403,0.9393166788877423,0.15490679319433906,0.3273114938694816,0.17150712848329225,0.745168898466638,0.22808481105238326,0.05081821787448547,-1.1763571962570258,0.5391429338815698,0.7157144070954096,3.384163452665089e-44,0.4430667701557792,0.2249700120082597,0.4711015797780856,-2.851400145362962,2.3291734339045008e-26,0.0388142859025193
pathway|Nonsense Mediated Decay (NMD) Independent of the Exon Junction Complex (EJC),pathway,75,0.2606263540167799,0.09550874543833912,0.008452275606695972,0.9576324666771565,0.184266091171486,0.2427349747419191,0.16339468663810258,1.3026897750623059,0.09634034712749251,0.042941045556492516,-0.8845189714770956,0.5136929078981881,0.5299852515627526,1.2298725357901651e-127,0.6300477581341869,0.3367834574150363,0.4793296649200643,-2.9475869176440765,2.3291734339045008e-26,0.0435251621229645
pathway|Nonsense-Mediated Decay (NMD),pathway,92,0.22821144138079125,0.14605544362677975,-0.012112023807533403,0.9393166788877423,0.15490679319433906,0.3273114938694816,0.17228264655442208,0.7852664496207467,0.21614868121226388,0.045590006159003424,-1.149806073660734,0.5391429338815698,0.7106757645255876,4.788841896074768e-64,0.7558882512503801,0.2249700120082597,0.4711015797780856,-2.851400145362962,2.3291734339045008e-26,0.0388142859025193
pathway|Notch-HLH Transcription Pathway,pathway,21,0.023875500167368002,0.8806994182721057,-0.05454767556486267,0.7315258418052086,0.06399029310488666,0.6872407709494829,0.15131316073224282,-1.1668729222279322,0.8783691537652321,0.09046113320712808,-0.5146479410601998,0.9534469210214795,0.9575854850937996,0.1364926344032527,0.9679703265045758,0.0962705464961104,0.4529764990538303,0.87306381881257,5.912000419896218e-17,0.0191098971748484
pathway|Nuclear Envelope (NE) Reassembly,pathway,56,0.04269706234310335,0.7883296314468896,-0.05864310807532359,0.7122029133527925,0.031954595035900306,0.8407838340247757,0.13736254913809826,-0.9905556998987184,0.8390487108254596,0.07736446285984554,-0.42389827103355154,0.9140791486419817,0.9575854850937996,0.0412028380328369,0.999999873896792,0.083388917985637,0.3400658014046673,0.252293592210147,0.0055665885160429,0.0209936110635925
pathway|Nuclear Envelope Breakdown,pathway,44,-0.08765968309624894,0.580934846911827,-0.13645632577408134,0.3888576921792745,-0.10129768832446569,0.5232670477013357,0.12254492576780285,-0.4752468713595626,0.6826944888013906,0.10666858952512241,0.42877745545634716,0.8402879299146191,0.9575854850937996,2.219914626991373e-14,0.999999873896792,0.1786840732428804,0.4088170576811109,-0.6456720516059671,3.9081787003356856e-12,0.0444907828323826
pathway|Nuclear Events (Kinase and Transcription Factor Activation),pathway,46,0.1796762092887329,0.2548743248096323,0.06970948953976058,0.6609008899560831,0.20957023749433096,0.18285035590977547,0.16342082769668,0.17038716756992392,0.4323528316884701,0.08217006079499281,-0.20863177629729035,0.6215860181637165,0.9187974908873431,0.196548095178209,0.9758361533758168,0.0603902377815421,0.4204193183509363,1.4476747656930342,2.48212915064249e-24,0.0166006504291763
pathway|Nuclear Pore Complex (NPC) Disassembly,pathway,29,-0.08513271410043262,0.5919256456776892,-0.17976334615065762,0.2546401507256184,-0.12960264687149414,0.41333893394150256,0.09179868403767223,-0.08206475727164403,0.532702390907196,0.10909535112972532,1.140895318240272,0.8457564309856219,0.9575854850937996,2.808668988177199e-15,0.999999873896792,0.2998535299287179,0.3738184827069058,-0.9665739232941448,4.481682310199001e-20,0.0865816864168976
pathway|Nuclear Events Mediated by NFE2L2,pathway,70,0.23213260016740278,0.13906486794789455,0.0116763394979099,0.9414956944933945,0.29854026478971835,0.05480452423672468,0.1407086046360067,0.9315818488776549,0.17577633358489558,0.05183771915900446,-1.2106521476256604,0.5346461789460715,0.6541380060398706,1.1555984243445975e-10,0.999999873896792,0.1437690499540777,0.3551752383923877,0.8168264026689276,4.184201735269594e-16,0.0320928333275315
pathway|Nuclear Events Stimulated by ALK Signaling in Cancer,pathway,32,0.2814520640167834,0.07097007244998765,-0.16512435334730788,0.29600998702072084,0.3210058049545519,0.038192395042309646,0.12266691737449746,1.531247723593309,0.0628540900546622,0.06568812336193565,2.140713687703437,0.5136929078981881,0.4665021648383263,0.8128223636150755,0.999999873896792,0.0355486406632416,0.0832193444995274,2.0295540587757106,5.385488528579771e-26,0.0188329699113216
pathway|Nuclear Import of Rev Protein,pathway,29,-0.10160158100420107,0.5220150299230296,-0.19623221305442606,0.21294693638954781,-0.14679648988573493,0.3535742929798603,0.12172583926571065,-0.24311780430514443,0.5960429304563518,0.08380387695608092,1.7087466050572173,0.8171364151358669,0.9575854850937996,3.437223336893156e-17,0.999999873896792,0.2924104933179343,0.415441972280841,-1.0628750362675798,4.337929248580118e-22,0.0835862983745353
pathway|Nucleotide Excision Repair,pathway,93,0.09480490577407441,0.5503660125772232,-0.1411617163180152,0.3725533165428411,0.12441205275398749,0.4324495519228067,0.14866855697282816,-0.6493539091694738,0.741945175906111,0.06231592680544973,2.5502424395496868,0.8239361007102805,0.9575854850937996,2.291888708410572e-12,0.7414691400384221,0.1138946754876481,0.4492060289379132,-0.8339457292495286,3.2031237947206913e-16,0.0366541173442819
pathway|Nucleotide Biosynthesis,pathway,12,0.061518624518838716,0.6987403694077289,-0.11284223619248744,0.47676881718052494,-0.07128956608263039,0.6536928279985428,0.1303916001841222,-0.6337955948424372,0.7368928857821362,0.12777313748328492,-0.20476299334880385,0.885206908220496,0.9575854850937996,0.0127153953630632,0.999999873896792,0.1620580376561238,0.4506804958917814,-2.887268416168148,2.3291734339045008e-26,0.0971613743596404
pathway|Nucleotide Salvage,pathway,19,0.4311531928034193,0.004363196951015251,0.152576645230151,0.3347290022506259,0.40567737149637906,0.007688833226599887,0.12105052858579428,3.4256399483693523,0.00030667643063472257,0.0850673614539891,1.1573836235124113,0.4644200585751626,0.027607612509373127,0.0407691225052872,0.999999873896792,0.1283807605137244,0.4097158717888592,0.044143014972469,0.8004610717048246,0.060085877428219
"pathway|Nucleotide-binding Domain, Leucine Rich Repeat Containing Receptor (NLR) Signaling Pathways",pathway,50,0.24468030828455964,0.11835881344803319,-0.044701210167371476,0.778637690845094,0.24728314787934022,0.1143714366959107,0.10765759290796775,1.5762266647360732,0.05748678772956016,0.07847545784938548,-0.4995313682083841,0.5144479402341297,0.4559842262554719,0.5886564496210643,0.999999873896792,0.0469449691017897,0.2946488309827524,1.3517180161291429,1.2479854057151773e-23,0.0365721270703516
pathway|OAS Antiviral Response,pathway,8,0.0697966264016853,0.6605025885163626,-0.04914519012553121,0.7572665710453563,0.1140308645189742,0.4721083207221336,0.10904742585566674,-0.3920684098256418,0.6524961659950134,0.0909621701631951,-0.5315562196687735,0.8766213809541832,0.9575854850937996,0.0216652693491002,0.999999873896792,0.1774021091690264,0.4851362125736536,-0.0767328306354378,0.2417677673062941,0.1297627551848742
pathway|Oncogene Induced Senescence,pathway,27,0.018560151589961257,0.9071267280866174,-0.12112023807533404,0.44481976388556055,0.014436339889315369,0.9276996945754017,0.14796274839123807,-1.2115604037990562,0.8871596502994626,0.07868458631800476,0.6542494770351472,0.9661292498743849,0.9575854850937996,0.8595126557965715,0.999999873896792,0.0294469662890715,0.2885807169720503,0.604813753765836,3.675209399826655e-11,0.0068868132004692
pathway|Oncogenic MAPK Signaling,pathway,61,0.19492516012555555,0.216071019879512,0.02858089071130184,0.8574100107131998,0.2609895604708812,0.09503107542850237,0.12787770171759455,0.8382545708575697,0.2009438721554468,0.06047298217574232,-0.7258067934620112,0.5989889332553889,0.6932700898573341,0.2936108231004001,0.999999873896792,0.0607481819302354,0.2841702055431219,1.073574926396227,5.3446512217969926e-20,0.0159985947647181
pathway|Opioid Signalling,pathway,54,0.2459873612134302,0.11634358874765843,-0.0076680438493736645,0.9615603982205807,0.31962705339208913,0.0390764062094184,0.13060508549583769,1.1718280083908466,0.12063305764200244,0.06816281024059714,-1.6142317067184533,0.5144479402341297,0.5722275226832033,0.5317387373761921,0.999999873896792,0.0513518883926033,0.3621580925740885,1.4213526720532297,1.2680408723737664e-24,0.0187815863696625
pathway|Orc1 Removal From Chromatin,pathway,48,0.198584908326393,0.20740292319760076,-0.03912445100419063,0.8056841003719778,0.23138695339447612,0.14037473646936544,0.14242520081592336,0.773376655774446,0.21964975068272502,0.06975741481381917,-0.5288715643416481,0.5946497510309293,0.7127549274092146,1.1387352181452029e-07,0.999999873896792,0.1693175152581647,0.3121800473117221,0.5394861735699471,1.797695656511563e-09,0.0503554351577733
pathway|Other Interleukin Signaling,pathway,16,0.2844147173222232,0.06792596917948875,0.18290027317994684,0.24630567174235732,0.36626129741656294,0.017052910609496173,0.15828410968621887,1.0306069098965085,0.15136259720565792,0.1128030246046213,1.0516360659170074,0.5132456804789529,0.6224006207297486,0.2305458565821371,0.8231742914916742,0.0524777853725222,0.5112676337455361,1.5009452965793428,1.2483374041215986e-25,0.0292238447261663
pathway|Ovarian Tumor Domain Proteases,pathway,29,0.2479043721757736,0.11343497313536743,0.003049790167364526,0.9847067292845207,0.2964315859294813,0.05662284639112699,0.14596731425316242,1.484333352822429,0.06886025310016845,0.07265035862971923,-1.4416374743978586,0.5144479402341297,0.4883983857688208,0.2806545689027741,0.999999873896792,0.0636725602631747,0.2678223324070493,1.5182758394013895,3.380889180320338e-25,0.0482377116072497
pathway|Oxygen-dependent Proline Hydroxylation of Hypoxia-inducible Factor Alpha,pathway,45,0.21461809092053794,0.17229243585041792,0.008626549330545371,0.9567597241308671,0.2563666875849768,0.10124980060271539,0.14768826727617526,0.7264710517836166,0.2337750237902591,0.08006134873641504,-1.477195592003178,0.5649163693239746,0.724298171774354,5.873867593021566e-21,0.9057514908104052,0.1768824264518044,0.4356986477743099,0.8908296676733491,5.1774067344489624e-18,0.0410969950350957
pathway|PCNA-Dependent Long Patch Base Excision Repair,pathway,18,0.0821700607949928,0.6049269923170446,-0.151705276610904,0.3375293630838275,0.11524741001526481,0.46736348291683044,0.1850830515711606,-0.7835398106744912,0.7833449074416927,0.12664471512136005,0.2210235928679425,0.8498945208746413,0.9575854850937996,0.0008826025849627,0.999999873896792,0.1463163255732915,0.4403597961195356,-1.2001254088998143,2.8963817513185545e-22,0.0492500171373113
pathway|PCP CE Pathway,pathway,61,0.2149666383682367,0.17157997212834375,0.04208710430963045,0.7912856933611233,0.29683710109491146,0.05626946936129453,0.13475280012345348,0.9799720466621248,0.16354995857127153,0.03862777089121984,0.08063239765979373,0.5649163693239746,0.6397135788705899,1.3543368018988077e-15,0.901468107947962,0.1292241034777704,0.3980288621224236,0.7467516317156461,2.03710212952149e-14,0.0289108083860565
pathway|PDH Complex Synthesizes acetyl-CoA From PYR,pathway,5,-0.03433192359833209,0.829108419396748,-0.053502033221766256,0.7364862734000689,0.032684522333674686,0.837195345915959,0.1456361941778486,-1.2848300584513115,0.9005741619747536,0.09419930458369773,-0.5639659992409166,0.9318478027347904,0.9575854850937996,0.0002291704663938,0.5302479670784715,0.479008885850991,0.6546041160312586,-0.7542351444095429,1.374270785049986e-14,0.2300037341299477
pathway|PECAM1 Interactions,pathway,12,0.07912027062762828,0.6184377697808159,0.16094178397492226,0.3085820292303168,0.07493920257150226,0.6371629671346936,0.20080254146237664,-0.9948697212234805,0.8401001845042486,0.10442045848746513,0.6121955678501358,0.8564983873300351,0.9575854850937996,0.3642675260503951,0.999999873896792,0.0524689823732885,0.4490000206274839,1.8537445785809716,2.836366586560184e-26,0.0555767892856327
pathway|PERK Regulates Gene Expression,pathway,29,0.0941949477406015,0.5529455158671869,-0.11353933108788505,0.47403264185745353,0.048499613785452755,0.760360505713183,0.148128308428895,-0.48064163846227864,0.6846143916871639,0.09708789155650155,0.24774469627280224,0.8259113163989649,0.9575854850937996,0.9461526628798304,0.999999873896792,0.0228537083865059,0.3749383290966243,-1.3025477759653488,6.127106898262237e-24,0.0048951871563154
pathway|PI Metabolism,pathway,63,0.05289207518829334,0.7393847594340274,-0.06517837271967615,0.6817376354375364,0.10032445192743321,0.5272866675714487,0.14296980620295272,-1.277125382551814,0.8992210075252676,0.08455761081172959,-0.28047784931080233,0.8976054288725082,0.9575854850937996,0.0376440097682229,0.999999873896792,0.0763615154350056,0.3504808234642577,0.5819027379359072,5.637046677006934e-10,0.0276778696809462
pathway|PI3K AKT Activation,pathway,7,-0.05707464456067898,0.7195829605377199,0.09166797874478518,0.5636923481593549,-0.005596109282936856,0.9719420423544831,0.1918840836443835,-0.8356963438617335,0.7983371236836317,0.11197522441633667,-0.18147860182679676,0.89325040903291,0.9575854850937996,0.6994721108022134,0.999999873896792,0.0122188588354002,0.181176845096486,-0.0649075248292499,0.5134385383749471,-0.0312261656077612
pathway|PI5P Regulates TP53 Acetylation,pathway,8,0.005925306610879651,0.9702922154323744,0.012024886945608703,0.9397524475515464,0.08256288768159015,0.603196038035381,0.17072289672596994,-1.410796908963261,0.9208477469054077,0.08307628415900967,-1.1095517633147736,0.9906073122261704,0.9575854850937996,0.2141343074482216,0.999999873896792,0.0881188360511668,0.4514561763968388,0.0415065317353664,0.4630319448607801,0.0273360786103504
pathway|PINK1-PRKN Mediated Mitophagy,pathway,25,0.03398337615063328,0.8308179807731287,-0.07537338556486614,0.6352077828577383,0.062043820310821673,0.6962911869667421,0.16285443809416944,-1.276753584220927,0.8991553714262621,0.08065823624059923,-0.07585744590761073,0.9318478027347904,0.9575854850937996,0.1709001518695026,0.999999873896792,0.0711184780132148,0.3270722220753003,-0.2810052250895637,0.0005930718345499,0.033523029196309
pathway|PIP3 Activates AKT Signaling,pathway,188,0.11136090953976754,0.4826107034694518,-0.11231941502093926,0.47882639499160323,0.16934313308365442,0.2836681042650455,0.14282167353768074,-0.6208652388926753,0.7326558528785383,0.07039787074896574,0.7607444607218135,0.7978706179791174,0.9575854850937996,0.0154554130409148,0.999999873896792,0.05877413332875,0.2920214264926137,1.530515320174919,1.1819412843553094e-25,0.0331318183464338
pathway|PKMTs Methylate Histone Lysines,pathway,37,-0.2136595854393662,0.17426268186652147,-0.20721145765693835,0.1879388864988606,-0.19699926736599455,0.21112822046278587,0.1179092447134088,1.1875158665084435,0.11751210094815245,0.0946175615209363,2.095766403015266,0.566059457105395,0.564589720588639,7.554961966557045e-07,0.5302479670784715,0.1117702117702117,0.6004606569060364,0.6274315849045972,6.706908017062835e-12,0.0104166183471797
pathway|PKR-mediated Signaling,pathway,49,0.20477162552304676,0.19330718818706655,0.09768042221758952,0.5382828609489061,0.23390114742014337,0.13599431314826133,0.13673516373224043,0.6109629525054661,0.27061205348181827,0.10292170446236029,-0.07150289964798164,0.5821355646696821,0.7695530270889206,0.3270821594453631,0.999999873896792,0.0582734665978489,0.3943627475656804,0.9538434995138748,1.1204873273122905e-18,0.0248024386449279
pathway|PLC Beta Mediated Events,pathway,30,0.15519075108789201,0.3264146491449057,-0.032502049497913375,0.8380921213145476,0.19716147343216664,0.21074501171612472,0.14340549051257626,0.17026437717664614,0.4324011125293994,0.06733065320921625,-0.6970641629314456,0.6811424333602071,0.9187974908873431,0.7666072551135862,0.999999873896792,0.0374623078071353,0.3771665988373543,,,
pathway|POLB-Dependent Long Patch Base Excision Repair,pathway,7,0.01054356029288879,0.9471630678362641,-0.15109531857743108,0.33949820547445253,0.0046228728859043595,0.9768202273309299,0.1320994826778463,-1.1256231212460674,0.8698374614295326,0.14597602793935488,0.06744950048135934,0.9833394350105659,0.9575854850937996,0.0225589174372337,0.972663855239328,0.1598574357972854,0.4920589260027114,-2.082261157246213,2.3291734339045008e-26,0.0928391293524261
pathway|PP2A-mediated Dephosphorylation of Key Metabolic Factors,pathway,5,0.24075914949794813,0.12456252204118058,-0.012112023807533403,0.9393166788877423,0.22538532894610902,0.1512518602151964,0.1528859810899837,0.7817685787569494,0.2171752950817853,0.11068995570294735,-1.378109582964299,0.5145896426775005,0.7106757645255876,0.4460493837949431,0.999999873896792,0.0718386876281613,0.2383964744456332,1.2444177115072446,5.385642809794566e-23,0.1167726023097487
pathway|PPARA Activates Gene Expression,pathway,79,0.07877172317992948,0.6199899033362318,-0.1658214482427055,0.29394718400245795,0.15531230835976928,0.3260311960021441,0.14922623288914622,-0.9255527257646103,0.8226607645956159,0.0801441287552435,1.6668851373860456,0.8564983873300351,0.9575854850937996,0.0123824321310331,0.9724192686585708,0.0771326608102091,0.419297659106257,0.8202958042529344,6.976985935681985e-16,0.027082450128908
pathway|PTEN Regulation,pathway,113,0.11536920518830378,0.466889855418488,-0.13898329476989768,0.3800503392586093,0.17721012729300045,0.26156150677391243,0.13596400250420682,-0.29731484122722307,0.6168869239956629,0.06360990920503154,1.4010937181168042,0.7861628860747348,0.9575854850937996,8.069127776223127e-05,0.9384644166475082,0.0920967406736586,0.4050913663011383,1.0311365369470675,4.146746506785332e-20,0.0348046679279095
pathway|PTK6 Expression,pathway,3,-0.05167215912134754,0.7451923911676629,-0.13279657757324392,0.4018228540062072,-0.09440393051215219,0.5520610890222467,0.15354386439751516,-0.90645752683495,0.8176531320157362,0.10361444251466165,0.2632317883139408,0.899439261072026,0.9575854850937996,0.9238139281555616,0.999999873896792,-0.1603098655730234,0.1430098828627773,0.596538340760461,1.9906007063085696e-10,-0.0338696409823467
"pathway|PTK6 Regulates RHO GTPases, RAS GTPase and MAP Kinases",pathway,11,0.12477998627617146,0.43107891812152893,0.0117634763598346,0.9410598571651745,0.19018661258676708,0.22766254242289619,0.12322459329081555,0.014315919720688223,0.49428896941630884,0.09746258006277778,-1.3321409368602737,0.7620339321185473,0.9575854850937996,0.806287529566058,0.999999873896792,0.0234313055365686,0.3006581262622734,0.538591008850821,1.5138606025828307e-09,0.0339599685526236
pathway|PTK6 Regulates RTKs and Their Effectors AKT1 and DOK1,pathway,8,0.3068088908368713,0.04812135044482663,0.1177219004602707,0.4577913245444016,0.28710473712458656,0.06525233299643016,0.14962706245399987,1.4967361813422217,0.06723095891737639,0.07024973808369374,0.878834274811981,0.5001451021129545,0.4883983857688208,0.0019828673994622,0.999999873896792,0.2369080167952348,0.4157496141579255,-0.1491136442412009,0.0968696773204157,0.0645768467106584
pathway|Paradoxical Activation of RAF Signaling by Kinase Inactive BRAF,pathway,34,0.3285931063180465,0.033615589016510634,0.004269706234310336,0.9785906316882524,0.3908355164416335,0.010492665017639577,0.11967812301048023,2.4829912139796853,0.006514215050030489,0.07833603887030596,-1.4318177574951731,0.4857625830347534,0.16231252499659302,0.2969664843862043,0.9285671173650256,0.0578118850846123,0.3878762370957024,0.888774232009108,4.821753001070687e-17,0.0137605051103626
pathway|Pausing and Recovery of HIV Elongation,pathway,28,0.22855998882849002,0.1454237837276777,-0.15057249740588285,0.3411914111265118,0.2437957174566404,0.11973754860117554,0.08855719277407334,1.9413218677664392,0.026109624349412174,0.09455220887449277,0.8384423246504413,0.5391429338815698,0.341546523520748,0.171679603148623,0.999999873896792,0.0888489260669711,0.2140774005487369,0.1281195206885712,0.1286310323240516,0.05542662375829
pathway|Pausing and Recovery of Tat-mediated HIV Elongation,pathway,26,0.3088130386611394,0.04660493464949909,-0.08626549330545373,0.5869873796012635,0.31200336828200126,0.04427100026217303,0.12485405260880747,1.6178789313095032,0.05284434579703389,0.07440180955440573,0.1871391519783204,0.5001451021129545,0.4495522427488712,0.1712845058835641,0.999999873896792,0.104430937483569,0.2075069141083134,0.0183606328783662,0.6884783574037059,0.0617084653070301
pathway|Pentose Phosphate Pathway,pathway,11,0.2912985294142746,0.06125130879498065,0.15858908870295535,0.3158008263505607,0.3266019142374887,0.034770632727572436,0.14272146614646736,1.3062118675789112,0.09574025906592559,0.09417316352512031,1.1983708705464227,0.5122798637865735,0.5299852515627526,0.0923318410561906,0.999999873896792,0.1411818803206363,0.4179265293250798,-1.4290183804851064,1.019665214753088e-24,0.0744456253231458
pathway|Peptide Chain Elongation,pathway,68,0.27482966251050617,0.0781634002387576,0.020390025690379975,0.8980161761867901,0.19927015229240372,0.20580729599664083,0.13893536949583907,1.6988150993297562,0.04467701385998325,0.03921594470921157,-0.5257705163599127,0.5136929078981881,0.4156432705659454,5.02909703194912e-137,0.7414691400384221,0.4166897009464358,0.4906764880762478,-2.811813807989501,2.3291734339045008e-26,0.0513274177145869
pathway|Peroxisomal Protein Import,pathway,39,0.25147698351468634,0.10816183201763876,-0.02274272096234689,0.8863217435855345,0.25612337848571876,0.10158553428538208,0.16652725682429562,0.9589624038816846,0.16878884269709182,0.06754413852093177,-0.7330291754842203,0.5144479402341297,0.6450666535918703,0.1403250537416429,0.9165776307207228,0.0704199770681765,0.4273209628645856,-1.2076121541816585,9.345344971804273e-23,0.0592616918281755
pathway|Pervasive Developmental Disorders,pathway,12,-0.06831529974896537,0.6672862139808646,-0.029975080502097056,0.8505314068922432,-0.03365775873070718,0.832415770885685,0.13792022505441634,-0.7859592516141114,0.7840543199933714,0.07986093395398823,-0.7539999812853929,0.8770401152061406,0.9575854850937996,0.7051788537457686,0.9050755073261092,0.0515224010439321,0.4910727414252323,0.6804106273286876,1.061045942485904e-12,0.1125301952866326
pathway|Pexophagy,pathway,9,0.16599572196655493,0.2934329357952188,0.06596260447699846,0.678113988004522,0.10486622178025153,0.5086590518476224,0.1275465816422807,0.38244005778495577,0.3510674912946171,0.08422649073641572,-0.36504086360845345,0.6529905332813668,0.8430889611756154,0.8535477797802433,0.999999873896792,0.0151078453710032,0.1771138996944607,0.0254057342955981,0.8250168551612806,0.0993551259802843
pathway|Phosphate Bond Hydrolysis by NTPDase Proteins,pathway,5,0.10665551899583371,0.5014126899592872,-0.03163068087866637,0.8423772940088337,0.05644771102788481,0.7225399453422107,0.12275841107951839,-0.15847109787908864,0.5629572032920159,0.10501734599164932,-1.0916420544861825,0.8059806602401358,0.9575854850937996,0.0648346000635884,0.999999873896792,0.1386056049213944,0.4022955385717741,1.0013181272638645,2.5232803663793884e-19,0.0100140525953105
pathway|Phosphate Bond Hydrolysis by NUDT Proteins,pathway,5,0.425402159916389,0.004977181370153648,0.1311409771966746,0.4077690185594774,0.3674778429128535,0.016661552128630852,0.14390652746864324,3.049850724137573,0.001144775666026449,0.09717067157533002,0.547007862666486,0.4644200585751626,0.05704798735698471,0.8535477797802433,0.999999873896792,-0.0420505809979494,0.4756899554235697,-1.822768176734887,3.580019824849369e-26,0.0988564903507917
pathway|Phospholipid Metabolism,pathway,134,0.15815340439333184,0.3171492496199487,-0.03903731414226593,0.8061085688924624,0.2196270135970001,0.16225672316978293,0.15031980050630123,0.10863191260622797,0.4567472239668038,0.07883707582637299,-0.6573125485543332,0.6725363520309551,0.9408711154089859,0.0007255888780647,0.972663855239328,0.0751925262601009,0.4173566277332448,0.1927138434258039,0.0337707408401812,0.0275689953353738
pathway|Phosphorylation of the APC C,pathway,13,0.08556839841005612,0.5900241415619042,-0.10839825623432772,0.4944057942068781,0.07566912986927662,0.6338774051095601,0.10850717731173358,-0.2684256271109423,0.6058141422497232,0.11466775344980992,-0.0769813161298344,0.8457564309856219,0.9575854850937996,0.100119889081974,0.999999873896792,0.1325963510174036,0.4149645880035373,,,
pathway|Plasma Lipoprotein Clearance,pathway,27,0.3115142813808051,0.044622512807514204,0.16730277489542542,0.28959459252733316,0.3286294900646397,0.03359478099210361,0.1750231008619539,1.110057131783043,0.1334872041241042,0.07072463398118334,1.9123111965067352,0.5001451021129545,0.5969245232626367,0.0065749913971562,0.972663855239328,0.0914911599122125,0.4068751728474955,-0.7220400183313576,1.028993160290624e-13,0.0703655900813021
pathway|Platelet Aggregation (Plug Formation),pathway,24,0.3003607630544434,0.053272642075036125,0.2381450436402071,0.12883180734018648,0.3441201693840736,0.025648463033827024,0.13062686971131884,1.7445687943715542,0.040529978357125206,0.07908541588285839,2.5259963744995493,0.5001451021129545,0.4078329072185724,0.2328252422439542,0.6546990428633584,0.0626771969449314,0.5824000489661394,,,
"pathway|Platelet Activation, Signaling and Aggregation",pathway,164,0.3394852140586341,0.02784235342995878,0.0704937212970829,0.6573195146738456,0.4377130695653653,0.0037444092182346055,0.17880048382638972,3.1269870144646768,0.0008830386387026738,0.041577353667370955,0.7578413101609428,0.4857625830347534,0.052805710594419894,0.0070965271075335,0.7174942186265415,0.0596605950418058,0.4440052850122252,1.5766126658893005,2.6143554798004384e-25,0.0201318310225021
pathway|Platelet Sensitization by LDL,pathway,15,0.19265960171551333,0.22156100370200213,-0.0018298741004187154,0.9908236916315069,0.24249806892726375,0.12178192812830878,0.12837438183056538,0.7232262579369132,0.23477044459786123,0.08718043035566307,-1.1374593102351804,0.5991031748931795,0.7247412102408901,0.150902389210542,0.999999873896792,0.1240829346092503,0.3686584029472151,0.8447768502624511,6.554332719642088e-17,0.1003889911973491
pathway|Polymerase Switching,pathway,12,0.05027796933055233,0.7518467675359801,-0.18150608338915164,0.24998688944893152,0.06982971148708164,0.6603513812509919,0.11756505410880624,-0.7589952734641654,0.7760723078992013,0.11172252751675507,0.9724193832994071,0.8996283704204391,0.9575854850937996,2.499528733814553e-06,0.999999873896792,0.2741782141303672,0.425236186427198,-1.1463472084074189,5.211816839527996e-22,0.0467176438740227
pathway|Polymerase Switching on the C-strand of the Telomere,pathway,21,0.12268870158997863,0.438901628642392,-0.19405379150630853,0.21817129180177908,0.1218978587283202,0.4418801857611485,0.15004967623433468,-0.269242796869629,0.6061285756784786,0.09322772857323733,1.604044607841579,0.7667279880087634,0.9575854850937996,0.0038769794089037,0.999999873896792,0.1482006965465612,0.2831150339666825,-0.7130980709320935,3.0711005081854295e-13,0.0276708558569369
pathway|Post-chaperonin Tubulin Folding Pathway,pathway,14,0.28171347460255747,0.07069722250403328,0.1631202055230398,0.301992331331045,0.34622884824431066,0.024699039939082852,0.15062477952303768,1.236472597647973,0.10814147267817703,0.06482111158578488,1.7173097005837856,0.5136929078981881,0.5479462852771833,0.0546671069355943,0.9288729109720616,0.1182501708817498,0.489811900476264,,,
pathway|Post-transcriptional Silencing by Small RNAs,pathway,7,-0.23030272606698407,0.1422956388891451,-0.16198742631801868,0.3054076462270724,-0.2288727593688088,0.14485867593142693,0.14620694062345535,0.9742843376937311,0.16495768955834456,0.11209285917993503,0.6829868841538957,0.5391429338815698,0.6397135788705899,0.2553123946452245,0.8379104691817861,0.1730462519936204,0.5314903884972938,,,
pathway|Postmitotic Nuclear Pore Complex (NPC) Reformation,pathway,23,-0.05045224305440173,0.7510139882006882,-0.14638992803349724,0.35492364832859347,-0.09862128823262635,0.5343572657152355,0.14570154682429207,-0.8777869774587661,0.8099703335779512,0.07485492123641417,1.3211772751476925,0.8996283704204391,0.9575854850937996,1.6763756054523313e-14,0.999999873896792,0.2387519283296275,0.3896016571134934,-1.1070922010779929,7.378116541900191e-22,0.0704659754387212
pathway|Pre-NOTCH Processing in Golgi,pathway,14,0.1668670905858019,0.29087040944751336,0.01812446728033775,0.9092976847476272,0.26269272416568806,0.09281567730208136,0.1277949216987661,0.5038131813797825,0.30719633200173213,0.0738267062657027,-0.9410736758336327,0.6511141892766261,0.8027194949747729,0.074257436667876,0.999999873896792,0.109370328919201,0.3801763224487556,-0.0500807164679253,0.5613505503998303,0.035448787850909
pathway|Prefoldin Mediated Transfer of Substrate to CCT TriC,pathway,20,0.3000122156067446,0.053563238054795306,0.02518255309623851,0.8742193173991889,0.35961084870350757,0.019332069990721654,0.12458392833684089,2.368082166361235,0.008940282197405076,0.07302940397909169,-0.6905085096041622,0.5001451021129545,0.18901020847645275,0.3092928441027774,0.901468107947962,0.0840302910386012,0.4642429358622468,-1.097928523913207,1.5568933683361598e-21,0.0212240382618179
pathway|Processing and Activation of SUMO,pathway,8,-0.10787543506277951,0.4965025593677039,-0.02274272096234689,0.8863217435855345,-0.06374698400562853,0.6883697491170285,0.059910949416328,0.7236521675713107,0.23463965282821397,0.12538994430964437,-1.5200329667332446,0.804318774579415,0.7247412102408901,0.5160825870146366,0.999999873896792,0.1034054291573088,0.2982349841344586,0.6186536487366191,1.0647103394035031e-11,-0.0016702489660488
pathway|Processing of Capped Intronless Pre-mRNA,pathway,25,-0.07589620673641434,0.6328566930476239,-0.13941897907952117,0.3785438443269072,-0.07534471773693245,0.6353368027047045,0.11066817148746617,-0.411856315648917,0.6597776293436709,0.09627316189750562,0.5198458701608509,0.8617611705348897,0.9575854850937996,0.0257800808225932,0.8818086116253029,0.1235860104807473,0.533801866527969,-0.7623701960821117,5.4406736844919375e-15,0.0584333297411646
pathway|Processing of Intronless Pre-mRNAs,pathway,19,-0.18856416920505237,0.23172755694084762,-0.2136595854393662,0.17426268186652147,-0.18231961837742106,0.24783436632371372,0.0774951681527326,1.4026257105439457,0.08036424040653056,0.07559558456277413,2.124271687182017,0.6062572208464926,0.507227652697785,0.0003665036164897,0.7558882512503801,0.1595767728731717,0.5543750798485637,-0.673063633177725,8.788876151222584e-13,0.0646644941543198
pathway|Processing of SMDT1,pathway,14,0.00827800188284657,0.9585052580795076,-0.01429044535565092,0.9284284678987256,-0.06520683860117728,0.6816059808508638,0.11834928586612851,-1.0757185547304726,0.858973426701942,0.09716631473223378,-1.0627803507649995,0.9891146336272553,0.9575854850937996,0.7565019984047986,0.999999873896792,0.05664711228621,0.3788341161152785,-2.2358730060878496,2.3291734339045008e-26,0.1781709137133366
pathway|Processive Synthesis on the C-strand of the Telomere,pathway,16,0.09985884376570704,0.5292150463253813,-0.07615761732218844,0.6316824830219964,0.13252235606259163,0.4028042596112453,0.149871045667389,-0.4290287413760854,0.6660488457108715,0.12835695445818043,-0.5315415436637674,0.821597399541051,0.9575854850937996,0.0046258137011041,0.999999873896792,0.1382997265892002,0.4098978824058943,-0.3854786226845965,4.127181323528472e-06,0.0496090500001308
pathway|Processive Synthesis on the Lagging Strand,pathway,11,0.056900370836829584,0.7204045343753235,-0.09855179083683653,0.5346467549808464,0.10105437922520757,0.5242705325579633,0.14004200764228278,-0.7796468023014465,0.7822006002374031,0.10968352494771705,-0.13133709732008952,0.89325040903291,0.9575854850937996,0.0010654741847,0.999999873896792,0.1856223202634685,0.4430644932832532,-1.206926372119644,5.61218615047259e-23,0.0483852014033525
pathway|Programmed Cell Death,pathway,156,0.34802462652725474,0.023913753547660715,-0.002091284686192818,0.9895128585162344,0.38491499502635246,0.011833531189862767,0.14758370304186563,3.140272690829124,0.0008439531966403466,0.07566529405231387,-1.709461884525258,0.4857625830347534,0.05195276589906604,4.8210969819159686e-11,0.999999873896792,0.0868449603593916,0.3528136048845218,1.608828832912571,1.3472876227282243e-25,0.0132377988758193
pathway|Prolactin Receptor Signaling,pathway,9,-0.010369286569039387,0.9480352066952413,-0.1267841341004396,0.42365571588548195,0.01167883676438996,0.9414832035404382,0.13238703432219784,-1.0810504925972122,0.8601626730894287,0.09092295857532898,0.4705444862498222,0.98372171856918,0.9575854850937996,0.6303345326920363,0.999999873896792,0.0569928609402293,0.3261518434238558,,,
pathway|Prolonged ERK Activation Events,pathway,12,0.2129624905439686,0.17570571748734398,0.0584688343514742,0.7130216536969147,0.25166271166598647,0.1078928924174586,0.11856277117784408,0.9480360055995586,0.1715555623294912,0.07282898919666489,-0.2254154890590335,0.5681060208764621,0.6481331984758576,0.7342778101129879,0.972663855239328,0.038300296195033,0.4412832425046831,1.959730178056692,3.580019824849369e-26,0.0050972076404748
pathway|Propionyl-CoA Catabolism,pathway,3,-0.044875483891220876,0.777796453393022,-0.08007877610879997,0.6141778544042056,-0.00640713961379727,0.9678776519253229,0.17297102776362722,-0.92335428472553,0.822088696481224,0.11980447146027104,-0.48745164331595286,0.9089172821744461,0.9575854850937996,0.0643367448495085,0.972663855239328,0.3314878104351788,0.5028235929392866,-2.3492892274631525,2.3291734339045008e-26,0.1107812178675412
pathway|Prostanoid Ligand Receptors,pathway,7,0.0941078108786768,0.5533144812848507,0.009410781087867678,0.9528330142001652,0.15620444172371573,0.3232255807367976,0.1275247974267995,-0.47436810872410706,0.6823812846598023,0.11567854104813646,-1.5251019326059976,0.8259113163989649,0.9575854850937996,0.2806545689027741,0.9779872690312136,0.1188686000716075,0.5355022386735873,,,
pathway|Proteasome Assembly,pathway,47,0.2627176387029727,0.09278356816976202,0.05263066460251924,0.7406280613906924,0.3189782291274008,0.039498156632658175,0.1309057076694779,1.235162697612455,0.1083849795053769,0.10982730076989282,-0.8949241180184759,0.5136929078981881,0.5479462852771833,2.1653463327939764e-51,0.99054418665301,0.2711673642098687,0.3899444367306248,0.082812225704621,0.3622973618249998,0.0826224570420433
pathway|Protein Folding,pathway,59,0.30654748025109724,0.04832204977354675,-0.004531116820084438,0.9772801850526471,0.37031644907086503,0.015777781881481986,0.1525635747008623,1.663617569697742,0.04809443924907984,0.05386365119875376,-1.300669032856231,0.5001451021129545,0.4265324633403564,0.1150130026766374,0.9977895230553804,0.0852096901836973,0.3846715254682313,0.3050217820378115,0.0004479370883153,0.0346208920153028
pathway|Protein Hydroxylation,pathway,15,0.19361810719668504,0.21922670251144,-0.005576759163180847,0.972039022344314,0.21751833473676302,0.1664285818203868,0.14771876517784893,0.5118049857085514,0.3043937503332643,0.08597794166110222,-1.2873584972869114,0.5991031748931795,0.7976321521711213,0.1679602831692272,0.999999873896792,0.083426097711812,0.3609655521184721,-1.96852708674974,2.5267562411462552e-26,0.0096556460225202
pathway|Protein Lipoylation,pathway,9,-0.1658214482427055,0.29394718400245795,-0.08469702979080912,0.5938298513646644,-0.07437148133989996,0.6397231601798353,0.12596069075525113,0.4718666507676883,0.318510986663438,0.10311776240169084,-0.20278068429424803,0.6529905332813668,0.8115843841841427,6.110311515906241e-06,0.8231742914916742,0.3043005240373662,0.663269817166111,-1.5895609423439905,1.113610838430015e-25,0.0229928224730884
pathway|Protein Localization,pathway,113,0.20616581531384193,0.19022647920267272,-0.05097506422594993,0.7485173271361255,0.22481760771450673,0.15231187621158754,0.13367230303558714,1.0943270379544636,0.13690578551678273,0.08574267213390552,-0.811225583618112,0.5759318937964197,0.6001290697602116,4.4015093622186614e-09,0.871876775524348,0.0865209836739878,0.4469435420846837,-2.12933233481314,2.3291734339045008e-26,0.055522134008651
pathway|Protein Methylation,pathway,14,0.13898329476989768,0.3800503392586093,-0.08373852430963742,0.5980285629781658,0.10689379760740256,0.5004516849641923,0.18195048138496764,-0.378816341331408,0.6475878742044567,0.12175633716738435,-0.4235075676927354,0.7192091863185075,0.9575854850937996,0.2325126565734286,0.999999873896792,0.0652610547347389,0.3675448068586741,,,
pathway|Protein Repair,pathway,5,0.24433176083686087,0.11890062735141387,0.0831285662761645,0.6007072024097732,0.28694253105841444,0.06541114912259555,0.15936024993098893,0.608459583066264,0.2714413520681612,0.11503372826989366,-0.32331788031689845,0.5144479402341297,0.769819444280029,0.0084947097088748,0.8818086116253029,0.4183868762816131,0.5532663234943594,-0.0873096672208291,0.2906476863696917,0.0875876708770334
pathway|Protein Ubiquitination,pathway,53,0.011502065774060497,0.9423674195844924,-0.05681323397490488,0.7208154378393972,0.045742110660527344,0.7736168929023391,0.13461338114437396,-1.3226148559825865,0.9070182543566547,0.06419808302302327,-0.13604152309412212,0.9829216088408934,0.9575854850937996,1.9299740932878025e-11,0.8818086116253029,0.1123687633121595,0.4250475233352246,0.948315837416688,1.4983686740833099e-18,0.0168681265550922
pathway|Proton-coupled Monocarboxylate Transport,pathway,4,0.26088776460255403,0.09516476594873076,0.20268034083685393,0.19799407346611209,0.2893756220509957,0.0630608619608191,0.1779073309916615,0.7944672313591793,0.2134617391173511,0.07842753257532689,2.1000772398125105,0.5136929078981881,0.7075576891857154,0.9513459163382908,0.99054418665301,-0.1155274550011391,0.4200586705413286,,,
pathway|Purine Ribonucleoside Monophosphate Biosynthesis,pathway,9,0.059514476694570606,0.7081140132053907,-0.004443979958159737,0.9777169942120499,-0.0768045723324812,0.6287803213546708,0.16581273455651302,-0.9444978695922397,0.8275423549989286,0.12215716673223795,-1.9254111020472595,0.888538746785901,0.9575854850937996,0.3584537196875122,0.9462987983827524,0.1096244398875977,0.4568728329587236,-2.650940459159414,2.3291734339045008e-26,0.1046592249737036
pathway|Purine Salvage,pathway,11,0.29783379405862714,0.055408425008081616,0.05785887631800129,0.7158897450205349,0.25344697839387936,0.10533510329287399,0.11540405993307365,2.600169745052435,0.004658882890612862,0.0781791925188415,-0.3936854781237158,0.5020339114368607,0.12830318276385158,0.4283685053869345,0.999999873896792,0.1031206114459702,0.4109743912799293,-0.4187362143792227,8.272527534827705e-07,0.0168231273127853
pathway|Purinergic Signaling in Leishmaniasis Infection,pathway,21,0.3232777577406397,0.03677141209013778,0.009759328535566483,0.9510881578157016,0.3060828468667202,0.048680443231566096,0.140787027811739,1.8278504148397496,0.03378600226696302,0.09183789562553835,-1.155680248358061,0.48627586911918697,0.37815028205750584,0.0734019418416066,0.999999873896792,0.1114233636038147,0.4010853960175042,1.295961826798741,5.3634309615620286e-24,0.038960229943859
pathway|Pyrimidine Salvage,pathway,9,0.40257230209211736,0.008214891877588415,0.24851433020924651,0.1125211566246362,0.3916465467724939,0.01031952267508695,0.13530611919667532,2.699561665797546,0.0034715443591435014,0.09260470001047574,2.2695875128181915,0.4644200585751626,0.11353034912011482,0.0783716466976399,0.999999873896792,0.1864300903774587,0.4099245718533188,0.2946818449968764,0.0010122394483718,0.1364504137694302
pathway|Pyroptosis,pathway,18,0.3952528056904425,0.009578934943351708,0.06064725589959172,0.7028105356109786,0.42692636616492197,0.004807552776772487,0.10892979109206839,3.9727671741971835,3.552124075047955e-05,0.0909403859477139,-0.43511105440667397,0.4644200585751626,0.006758723353704882,0.0904320980328824,0.999999873896792,0.0856584420051912,0.2458273363644557,1.6073019476095198,1.3288597427552662e-25,0.0332452887856011
pathway|Pyruvate Metabolism,pathway,36,0.07363064832637212,0.6430702302756841,0.0351161553556544,0.8252647627827562,0.10802924007060714,0.4958852539614363,0.1316550846820303,-0.7472402903605376,0.7725407361634518,0.09615988397700351,-0.8185701513025094,0.8677923868259232,0.9575854850937996,0.1192267772458152,0.6867352097478546,0.0870239451442459,0.519482398845888,-1.7540549949188564,3.462905735856447e-26,0.0174285687753923
pathway|RAB GEFs Exchange GTP for GDP on RABs,pathway,72,0.1421202217991869,0.3692827542122838,-0.0694480789539865,0.6620963482728635,0.22781841993869026,0.14677012220723526,0.1168505318410237,0.354539625423915,0.36146725661270457,0.06751364061925813,0.042887424513955705,0.7147344340593939,0.8587411669584457,9.752246990374472e-06,0.8028422954355551,0.1012890741578658,0.4603575598995783,1.54324538937652,2.6575833518789245e-25,0.018685792322429
pathway|RAB Geranylgeranylation,pathway,44,0.21409526974898968,0.17336511882508276,0.055157633598335566,0.7286372193195281,0.3176805805980242,0.04035280705045468,0.12398704083265666,0.8274026974146512,0.2040044261057044,0.07631446367365291,-0.4671555850598576,0.566059457105395,0.694278477787381,1.9428757525160253e-05,0.8807130074189672,0.1125162753125365,0.4802530322095099,1.408279768445206,1.734330923687598e-24,0.0084988628150299
pathway|RAC1 GTPase Cycle,pathway,115,0.12660986037659017,0.42429834088664303,-0.035726113389127304,0.8222780305394615,0.17193843014240776,0.2762446909084029,0.1580880517468883,-0.4926625306976614,0.6888744715263482,0.06001987049373386,-0.47650981641824297,0.758875928503537,0.9575854850937996,0.0332898473841858,0.972663855239328,0.0627350673334052,0.3406118080331966,0.6054814211584746,6.741702464714749e-11,0.0173055353484659
pathway|RAC2 GTPase Cycle,pathway,64,0.18054757790797993,0.2525390621861561,-0.006099580334729052,0.969418862881039,0.22246561975501153,0.15676134255827387,0.11871526068621227,0.9672355992396225,0.1667131348416933,0.07441488008369443,-1.2558023748045413,0.6215860181637165,0.6437833786414466,0.2465935951355803,0.999999873896792,0.064836028111404,0.3087028543761375,0.934065090772276,3.9339348644325064e-18,0.0088759683065841
pathway|RAC3 GTPase Cycle,pathway,65,0.09951029631800824,0.5306608573159035,0.03616179769875081,0.8201461635473886,0.16115172674196426,0.30794300284487097,0.17837787004605488,-0.7938055804880569,0.786345688292128,0.10025095964436818,-0.918942571496974,0.821597399541051,0.9575854850937996,0.2158060364464168,0.999999873896792,0.0548648391082601,0.289955852318375,0.2550088469865687,0.0017929702036112,0.0075844608143522
pathway|RAF Activation,pathway,29,0.1422944955230363,0.3686899571592427,-0.0952405900836979,0.5485270067459611,0.18134638198038858,0.25041091201467364,0.12738102160462378,0.2248319881045773,0.41105499008557556,0.07950802966319319,0.271518043734629,0.7147344340593939,0.905513551016392,0.6800928774128507,0.999999873896792,0.056215550070878,0.2277792650303394,1.3267731082701406,8.033235103876599e-24,0.0300984434344938
pathway|RAF-independent MAPK1 3 Activation,pathway,20,0.0821700607949928,0.6049269923170446,0.05402485439331446,0.7340047226713818,0.15263590826792992,0.3345390702482165,0.12903226513809685,-0.572135715960754,0.7163849829408748,0.08166031015273331,-0.39760090052664504,0.8498945208746413,0.9575854850937996,0.798848109352906,0.979958403975743,0.0339795661402309,0.4303015689336423,3.1221976527792923,2.3291734339045008e-26,0.0029655595574449
pathway|RAS Processing,pathway,19,0.15824054125525655,0.316879274850694,0.029800806778247653,0.8513906450104952,0.23008930486509946,0.1426760284043058,0.12142086024897425,0.4444828939945463,0.32834674681697007,0.0898686025460401,-1.004098802156778,0.6725363520309551,0.8213765905808774,0.428393606504557,0.999999873896792,0.0644006347607455,0.4046670369189677,-0.6533604338435365,5.587931212898617e-12,0.1058827911708318
pathway|RHO GTPases Activate Formins,pathway,88,0.032589186359838075,0.8376638558584298,-0.04060577765691055,0.7984766556629292,0.09456613657832426,0.5513750847527625,0.11556526312763435,-1.0612948710985366,0.8557220420591298,0.10078685134520511,-1.0440272242386595,0.9335230138750871,0.9575854850937996,0.0281940123928277,0.999999873896792,0.0590266632668876,0.3339047380727938,0.6429767657551076,2.23066079656532e-12,0.0183812478946745
pathway|RHO GTPases Activate NADPH Oxidases,pathway,19,0.34628188928876075,0.0246755412214442,0.057771739456076596,0.7162997884398313,0.3744527037582531,0.01456118118382877,0.13233910904813923,1.7825120591745434,0.037332883233099544,0.09257420210880205,-0.5309959859418476,0.4857625830347534,0.39866186023917016,0.0725819349633922,0.8741293923296176,0.1026901384242104,0.4771571338929101,2.813979651605973,2.3291734339045008e-26,0.012966862882439
pathway|RHO GTPases Activate ROCKs,pathway,16,0.3305972541423146,0.032485088180904544,0.14848121271969006,0.3480161087122833,0.3982969954855493,0.008989709181817115,0.13532354656906026,2.0291682668985334,0.021220577265443706,0.11137398006905626,0.5369054099528459,0.4857625830347534,0.30737987619289586,0.3685799086958404,0.999999873896792,0.0907416267942583,0.4163841396148026,1.509571974743252,7.442029983891623e-25,-0.0117997673766092
pathway|RHO GTPases Activate WASPs and WAVEs,pathway,29,0.1791533881171847,0.2562823940641968,0.06500409899582675,0.6825438538135428,0.2961882768302232,0.05683572380758887,0.13076628869039839,0.5115156222244904,0.30449502607965884,0.07397048208787846,-0.15445076301439598,0.623719826484144,0.7976321521711213,0.176829428242714,0.3217706713323447,0.0919875820316577,0.5733538512202047,1.292266265578183,7.871347253849246e-23,0.0068512109392154
pathway|RHO GTPases Activate CIT,pathway,12,0.29094998196657573,0.06157620384154531,0.2573151532636413,0.09994915629144668,0.3810220494382225,0.012792645495252908,0.1541973908619504,1.2874261158088738,0.09897290326662767,0.09464370257951371,2.1725101148620607,0.5122798637865735,0.5327388759111704,0.1540224496797015,0.972663855239328,0.1111508109115764,0.4766669458626374,2.2035794645331093,2.429123844324463e-26,-0.0004014558678973
pathway|RHO GTPases Activate IQGAPs,pathway,20,0.1647758058996091,0.2970448747542032,0.11815758476989421,0.45611698240180126,0.2657746394229577,0.08890846891464545,0.22002493320296562,-0.4791920223421654,0.6840989854638011,0.0577368847113067,1.2878077227881328,0.6559131183583772,0.9575854850937996,0.1480276821360624,0.7558882512503801,0.0949476562218944,0.5093708250828757,,,
pathway|RHO GTPases Activate KTN1,pathway,8,0.11624057380755078,0.4635088282674182,0.05271780146444394,0.7402135548179404,0.15961076911332947,0.31265299746009567,0.1548029920523271,-0.4143435711617239,0.6606887457332031,0.09678291253976512,-0.5910818887848003,0.7848265062571212,0.9575854850937996,0.8661939810362126,0.999999873896792,-0.0226296260130846,0.4201562318987196,1.744670694968909,1.3472876227282243e-25,0.0122922358702223
pathway|RHO GTPases Activate PAKs,pathway,15,0.22280895594145977,0.15610598072651805,0.11240655188286396,0.478483141752478,0.3021087982455042,0.05183429372110888,0.1535482212406114,0.5950302462985798,0.2759116266169839,0.08804308528871761,0.4391890966144385,0.5484514903787492,0.7761868743405205,0.3840338847802982,0.972663855239328,0.0758916772450607,0.4273880210476086,2.073991381763158,2.7402866424540235e-26,0.0121828740038306
pathway|RHOA GTPase Cycle,pathway,92,0.15135672916320517,0.3386535500328261,0.027273837782431334,0.8638681854318307,0.1957016188366179,0.21421134434447922,0.12718060682219695,0.32579270061382576,0.3722906008825085,0.07144786993515836,-1.036323296097643,0.6908400391995175,0.8648215623164154,0.0854341255331747,0.999999873896792,0.0691817662559735,0.288422984638509,0.5104223291864751,2.256351050833254e-08,0.0210815318106373
pathway|RHOB GTPase Cycle,pathway,42,0.043568430962350364,0.7841117770655703,-0.03485474476988029,0.8265455386528193,0.09480944567758239,0.5503468347836674,0.13639532997073406,-0.9325253072528698,0.8244674429029724,0.07952981387867437,-1.0058527542051803,0.912221283066118,0.9575854850937996,0.0305731127998021,0.999999873896792,0.0739459513528833,0.3095415426950666,0.6944068242975425,3.276895254477987e-13,0.0215297255637936
pathway|RHOBTB GTPase Cycle,pathway,29,-0.005663896025105548,0.9716023082047943,-0.11075095150629462,0.4850270133457209,-0.011841042830562044,0.9406719028790532,0.12855736924060723,-1.1407087357184316,0.8730044249705811,0.06788397228243812,0.7500649311774479,0.9910154147527459,0.9575854850937996,0.1136683281070715,0.999999873896792,0.0635185141537228,0.2971663148262375,0.1670213411891297,0.0469260636222106,-0.009555573625667
pathway|RHOBTB1 GTPase Cycle,pathway,18,-0.07397919577407092,0.6414946259652021,-0.17348949209207917,0.2718695368514406,-0.06253043850933791,0.6940246211193657,0.16964675648119987,-1.176204650101667,0.8802434466268244,0.08827399797281807,1.024947497223799,0.8662246788033342,0.9575854850937996,0.428393606504557,0.999999873896792,0.0596696732919643,0.3445382595400596,-0.1094531972072698,0.1647841314187587,-0.0225504468328444
pathway|RHOBTB2 GTPase Cycle,pathway,19,-0.025443963682012613,0.8729242566884109,-0.11763476359834599,0.4581265906584684,-0.08426605137639702,0.5957161373666893,0.0882652842866256,-0.8222004177318791,0.7945185794653884,0.06689061205649653,0.8812612322505454,0.951553312918476,0.9575854850937996,0.7051788537457686,0.9977895230553804,0.035624148089522,0.368981667704958,-0.4207166833589022,3.7002760112451896e-06,-0.0097526334335114
pathway|RHOBTB3 ATPase Cycle,pathway,6,0.23849359108790594,0.1282563353313401,0.053850580669465055,0.734831610737999,0.28556377949595174,0.06677349569452594,0.1470434544979325,0.8004928361197087,0.2117126562696766,0.10475593540587524,-0.7170812328980931,0.5145896426775005,0.7043613621666087,0.5310842013215106,0.999999873896792,0.069710640236956,0.4134184351122951,,,
pathway|RHOC GTPase Cycle,pathway,49,0.07842317573223066,0.6215436672233267,0.02256844723849749,0.8871872124747192,0.14785082931585347,0.35008956108719236,0.11315157205232015,-0.4824920410698452,0.68527177453287,0.0763101068305567,-1.1131442468764547,0.8569768745048898,0.9575854850937996,0.0376440097682229,0.999999873896792,0.0847146274777853,0.3119960589247854,,,
pathway|RHOD GTPase Cycle,pathway,38,0.09515345322177321,0.5488945742819814,-0.010717834016738191,0.9462909898778787,0.16674783602490112,0.2912202561759395,0.11414493227826172,-0.23019844887201332,0.5910312164414107,0.06444642307950868,-1.0877723801817005,0.8239361007102805,0.9575854850937996,0.1192267772458152,0.999999873896792,0.0609722612492695,0.3666060688455252,0.3970511061704484,1.1199144997467254e-06,0.000753288294569
pathway|RHOF GTPase Cycle,pathway,28,0.0017427372384940145,0.9912606414663679,0.0051410748535573435,0.9742227114932022,0.03552312849168613,0.8232716974686584,0.12463621045399567,-1.6765851567298558,0.9531881843412836,0.09633851454394912,-1.2255414012839163,0.997895703784078,0.964711252333804,0.2478160774751462,0.999999873896792,0.0654753767535722,0.2828856800215631,0.5393245556096707,2.8468673131343424e-09,0.0020955195079298
pathway|RHOG GTPase Cycle,pathway,52,0.16782559606697361,0.28806840435261033,0.008887959916319474,0.955450704114219,0.24095711129862898,0.12424359314574569,0.1240175387343303,0.4431353720041878,0.32883391078421187,0.07073334766737582,-1.0272109761515529,0.6490066418837603,0.8213765905808774,0.0120168710902036,0.999999873896792,0.0726748483714428,0.291807180224093,0.7580966145099729,7.658113563412866e-15,0.0202606667890392
pathway|RHOH GTPase Cycle,pathway,32,0.13462645167366266,0.39530937090387297,-0.057771739456076596,0.7162997884398313,0.15466348409508096,0.32808117749941346,0.1554608753598586,-0.2181627184457884,0.58634883409612,0.10315261714646073,-0.6085267683399753,0.7334951359058566,0.9575854850937996,0.6670917211613866,0.999999873896792,0.0428670650232619,0.3277523535725131,0.9746503576674908,1.6495239376807934e-19,0.008955544439926
pathway|RHOJ GTPase Cycle,pathway,40,0.011153518326361694,0.9441110680003594,-0.1060455609623608,0.5038769971364699,0.12741286497817103,0.42134186271285434,0.13508392019876733,-1.2013590403656995,0.8851940213053622,0.0657447623221867,0.7956490175751395,0.9829216088408934,0.9575854850937996,0.0233598181124243,0.9462987983827524,0.0880794643952538,0.4314769494743313,0.6649507076899365,1.6179379972047682e-12,0.0113369485939524
pathway|RHOQ GTPase Cycle,pathway,40,0.06735679426779367,0.6716896412481862,-0.10020739121340586,0.5277711655502826,0.184266091171486,0.2427349747419191,0.13811192615065068,-0.8380277242516526,0.7989924335355008,0.07587006567783693,0.5425882911212386,0.8770401152061406,0.9575854850937996,0.0001577856141406,0.8741293923296176,0.1159473859473859,0.4705513132683095,1.2001736724305871,1.0159796129334912e-22,0.005353911519549
pathway|RHOT1 GTPase Cycle,pathway,5,-0.12800405016738536,0.41917270599011597,-0.15179241347282868,0.33724867720107593,-0.08888892426230137,0.5756218303024233,0.15710776205023544,-0.29064693890270515,0.6143393215260817,0.08464039083055806,0.9429832621486179,0.7558686413748746,0.9575854850937996,0.4965511115841712,0.999999873896792,0.0942447026657552,0.321323938849574,-0.323086132713704,0.0001332349435557,0.0843796112897
pathway|RHOT2 GTPase Cycle,pathway,7,-0.09619909556486962,0.5444914988631873,-0.10857252995817711,0.4937078861412987,-0.11021902196393026,0.487139351804656,0.14486503294981498,-0.45002849414956164,0.6736550525554068,0.07429288847699986,0.6328452064403738,0.823616619570151,0.9575854850937996,0.2800667513171961,0.999999873896792,0.1617094684763857,0.3939139777063142,-0.4626387457054941,2.764907624071014e-07,0.1487088388840183
pathway|RHOU GTPase Cycle,pathway,32,0.11615343694562609,0.4638463393406875,0.0027012427196657224,0.9864543596946368,0.19059212775219728,0.22665421231737887,0.10997979027826102,0.06460909492083569,0.47424262157132296,0.07349558619038885,-1.154779962997133,0.7848265062571212,0.9544132759122875,0.777037646181649,0.999999873896792,0.0470861905496879,0.295439175384543,1.932493517588638,2.7402866424540235e-26,-0.005674655204138
pathway|RHOV GTPase Cycle,pathway,27,-0.0947177689121497,0.5507341638288019,-0.03502901849372969,0.8256916385358553,-0.030413637407265524,0.8483699059980465,0.10244680856487068,-0.0873203363332865,0.5347915551479566,0.08457939502721076,-0.7573966978793922,0.8239361007102805,0.9575854850937996,0.7307351389521345,0.999999873896792,0.0300247510773826,0.3065306132566298,0.6787635618971993,4.813126524052398e-13,0.0193248891486544
pathway|RIP-mediated NFkB Activation via ZBP1,pathway,14,0.05594186535565787,0.724928720739541,-0.06970948953976058,0.6609008899560831,0.1414436897020562,0.3715893943213925,0.12030115157324184,-0.8073334629006707,0.7902628050748133,0.0822571976569175,-0.19628701912274021,0.8945624927844091,0.9575854850937996,0.2340764926650381,0.8117212164569935,0.0777162686937123,0.5110658511565686,1.8968753792438735,2.629728362049394e-26,0.1003188892857529
pathway|RIPK1-mediated Regulated Necrosis,pathway,31,0.3681532416318606,0.016447571953728025,-0.06474268841005265,0.683753834776673,0.3622061457622609,0.01841391950151861,0.1045642343096409,3.8244961860480644,6.551988724493476e-05,0.0885746201464583,-0.4272249983498427,0.4644200585751626,0.010576797530326724,0.6216864638367049,0.999999873896792,0.044367811023159,0.2984546140810554,1.8033525214254504,3.116514060062766e-26,0.0183343317928937
pathway|RNA Pol II CTD Phosphorylation and Interaction With CE,pathway,23,0.16843555410044653,0.2862944579763788,-0.15858908870295535,0.3158008263505607,0.17964321828558166,0.2549630233544196,0.09699639785148062,0.8533731358506568,0.19672620707086758,0.09061797955859255,1.1602786541808219,0.6490066418837603,0.6885417247480365,0.1424216357717337,0.999999873896792,0.0956381251367729,0.3836573949168649,-0.439708798936966,8.639969583573867e-07,0.065560895180988
pathway|RNA Pol II CTD Phosphorylation and Interaction With CE During HIV Infection,pathway,23,0.16843555410044653,0.2862944579763788,-0.15858908870295535,0.3158008263505607,0.17964321828558166,0.2549630233544196,0.1247320610021129,0.46319978241666854,0.3216105860940082,0.10565780192679589,0.6161268375664544,0.6490066418837603,0.8163195610828626,0.1369341543166881,0.999999873896792,0.0956381251367729,0.3836573949168649,-0.439708798936966,8.639969583573867e-07,0.065560895180988
pathway|RNA Polymerase I Transcription Initiation,pathway,37,-0.0706679950209323,0.6565246768217274,-0.2136595854393662,0.17426268186652147,-0.09975673069583091,0.5296384222197729,0.1186804059414424,-0.759514985491585,0.7762277233953785,0.06552256332427872,1.881818098199425,0.875728672318497,0.9575854850937996,8.717032073757021e-07,0.972663855239328,0.1304116146221409,0.4459378483408354,-1.2183969745075558,1.0310221107536124e-22,0.0162082740794269
pathway|RNA Polymerase I Transcription Termination,pathway,21,0.011937750083684001,0.9401882335691251,-0.2577508375732648,0.09935600902325864,-0.017437152113498902,0.912723803341021,0.1353279034121565,-1.2961964118920026,0.9025460872891016,0.07733832180126815,2.863245275150877,0.9829216088408934,0.9575854850937996,0.0001378033279571,0.9815952958789088,0.1333867135370895,0.4482348154735199,-1.1208502561744984,7.999101424729263e-22,0.0368950787559813
pathway|RNA Polymerase II HIV Promoter Escape,pathway,37,0.14255590610881042,0.3678018301629903,-0.1429915904184339,0.366324469533448,0.156772162955318,0.3214480961659648,0.11109949895399344,0.3819384779154137,0.3512534993526692,0.10303062553976614,0.7308232681163774,0.7147344340593939,0.8430889611756154,1.63988045723546e-05,0.999999873896792,0.1114876667508246,0.3951014127501031,-0.0998524878422901,0.2799395418308613,0.0548579247506902
pathway|RNA Polymerase II Pre-transcription Events,pathway,66,0.14560569627617492,0.3575352864258963,-0.12852687133893356,0.41725966408591175,0.15742098722000633,0.31942421895057915,0.09977606374687857,0.5714781248554194,0.28383779226001393,0.09427337091633373,0.5705988578639088,0.707967222790351,0.7827042150200384,0.0023148070176402,0.999999873896792,0.0945301588363789,0.3824907978490485,0.4196596536638887,1.0335981821875256e-06,0.040383885323418
pathway|RNA Polymerase II Promoter Escape,pathway,37,0.14255590610881042,0.3678018301629903,-0.1429915904184339,0.366324469533448,0.156772162955318,0.3214480961659648,0.11295115726989331,0.387371431635295,0.3492406251525504,0.09495739528244262,0.8962192066153859,0.7147344340593939,0.8422366944377516,0.0086187143854866,0.999999873896792,0.1114876667508246,0.3951014127501031,-0.0998524878422901,0.2799395418308613,0.0548579247506902
pathway|RNA Polymerase II Transcription Elongation,pathway,49,0.19631934991635075,0.21273978547068634,-0.15074677112973228,0.34062643236456736,0.20543398280694286,0.1918392266533348,0.1311801887845407,0.8720672875031528,0.19158583537884832,0.08001342346235643,1.4825183864584504,0.5976702966310692,0.6873567533677156,0.3475128474073929,0.999999873896792,0.0809326191173667,0.3245009631563492,0.4008029032898174,8.834235026499102e-06,0.033451649430082
pathway|RNA Polymerase II Transcription Initiation,pathway,37,0.14255590610881042,0.3678018301629903,-0.1429915904184339,0.366324469533448,0.156772162955318,0.3214480961659648,0.12422666720294961,0.2059707394629566,0.4184068838782637,0.07736446285984555,1.0504140251219576,0.7147344340593939,0.9103176797891954,0.0054805815799424,0.999999873896792,0.1114876667508246,0.3951014127501031,-0.0998524878422901,0.2799395418308613,0.0548579247506902
pathway|RNA Polymerase II Transcription Initiation And Promoter Clearance,pathway,37,0.14255590610881042,0.3678018301629903,-0.1429915904184339,0.366324469533448,0.156772162955318,0.3214480961659648,0.10825012356905575,0.4221198917474691,0.336468754708657,0.10590614198328127,0.5105877819780493,0.7147344340593939,0.828504827770846,0.0049741787121635,0.999999873896792,0.1114876667508246,0.3951014127501031,-0.0998524878422901,0.2799395418308613,0.0548579247506902
pathway|RNA Polymerase II Transcription Pre-Initiation And Promoter Opening,pathway,37,0.14255590610881042,0.3678018301629903,-0.1429915904184339,0.366324469533448,0.156772162955318,0.3214480961659648,0.16213120214019444,-0.20040769092769156,0.5794191274939429,0.0909142448891365,0.8969823459843723,0.7147344340593939,0.9575854850937996,0.0010349767702884,0.999999873896792,0.1114876667508246,0.3951014127501031,-0.0998524878422901,0.2799395418308613,0.0548579247506902
pathway|RNA Polymerase II Transcription Termination,pathway,58,-0.2021575196653057,0.19917818191334785,-0.19379238092053444,0.2188041159115815,-0.1867802851971533,0.23625396260336332,0.12406546400838891,0.8615662059461571,0.19446313707956636,0.07344330407323403,2.00782499873928,0.5852650798447152,0.6885417247480365,3.651931695667293e-06,0.3184520675174652,0.1233751761022751,0.5400884834962766,-0.9427737002958064,1.856167718580089e-18,0.0440396146028244
pathway|RNA Polymerase III Abortive And Retractive Initiation,pathway,37,0.0729335534309745,0.6462260701038668,-0.17209530230128395,0.2758001071863756,0.03495540726008384,0.8260522920716062,0.11001900186612716,-0.42924438418712496,0.6661273070302638,0.10217232744980784,0.851910630719895,0.8692488205188902,0.9575854850937996,0.0001788497744407,0.999999873896792,0.1119829672461251,0.4292575465256025,-1.4904421610173677,1.5654568261068002e-24,0.0350357781180246
pathway|RNA Polymerase III Chain Elongation,pathway,16,0.223331777113008,0.15511186071088062,-0.15858908870295535,0.3158008263505607,0.16285489043677112,0.3027900516137032,0.12859222398537712,0.9115581638766995,0.18100067702999978,0.07896342427616382,1.2816627422421683,0.5484514903787492,0.663457823159001,0.176829428242714,0.999999873896792,0.1128047391205286,0.411212295865639,-1.775328294687401,5.893243659431094e-26,0.0623024924866419
pathway|RNA Polymerase III Transcription,pathway,37,0.0729335534309745,0.6462260701038668,-0.17209530230128395,0.2758001071863756,0.03495540726008384,0.8260522920716062,0.1575652305753401,-0.816402924477666,0.7928651377247666,0.09654764301256842,1.1180988120768174,0.8692488205188902,0.9575854850937996,0.000673148293759,0.999999873896792,0.1119829672461251,0.4292575465256025,-1.4904421610173677,1.5654568261068002e-24,0.0350357781180246
pathway|RNA Polymerase III Transcription Initiation,pathway,33,0.09698332732219192,0.5412003122202538,-0.17348949209207917,0.2718695368514406,0.04468777123040881,0.7787025723723886,0.1417193922343333,-0.4478067891340899,0.6728536783721243,0.08374723799582987,1.6877260426248009,0.823616619570151,0.9575854850937996,0.0053818872951894,0.999999873896792,0.1217280028583856,0.4051685760217779,-1.3820918184474849,9.386183792898627e-24,0.0428644412227939
pathway|RNA Polymerase III Transcription Initiation From Type 1 Promoter,pathway,26,0.04130287255230815,0.795090585725565,-0.16843555410044653,0.2862944579763788,-0.007137066911571644,0.9642203838009914,0.11865862172596123,-0.9279790528505778,0.8232907822431929,0.09206009462344633,1.2299864531070603,0.9168730556052935,0.9575854850937996,0.0006708637897855,0.999999873896792,0.1198351122561649,0.3903779793972937,-1.8141713519759384,5.893243659431094e-26,0.0458048763768476
pathway|RNA Polymerase III Transcription Initiation From Type 2 Promoter,pathway,25,0.022307036652723388,0.8884856581760586,-0.16285879493726568,0.3027783022272987,-0.03763180735192321,0.8129627046681518,0.13231732483265807,-1.3495520990929664,0.9114201510044808,0.06430700410042914,1.761257223803311,0.9575432316485928,0.9575854850937996,0.0099187650335132,0.999999873896792,0.1124506721348826,0.3983800865569765,-1.721020662971516,1.2483374041215986e-25,0.045189844939097
pathway|RNA Polymerase III Transcription Initiation From Type 3 Promoter,pathway,25,0.141510263765714,0.37136202911044763,-0.1902197695816217,0.2275799809527631,0.08645583326972012,0.5861594115647532,0.12802583438286658,0.15235266165239517,0.4394543958306628,0.08260138826152005,2.1729243671682705,0.7156243068590794,0.9225456875361858,0.0039328137336678,0.999999873896792,0.1219227614490772,0.4457981939182893,-1.1868012248212596,6.688825634510437e-22,0.0540450909720643
pathway|RNA Polymerase III Transcription Termination,pathway,20,0.14665133861927132,0.354055683191127,-0.09741901163181542,0.5393760150852467,0.1083536522029513,0.4945844999853147,0.17030463978873134,-0.1946102211937945,0.5771509496511728,0.10249909068202549,-0.07002815425383518,0.7057509951609798,0.9575854850937996,0.1782427259479146,0.8926056399554817,0.1053879915098751,0.4558731081911227,-1.8984664799017408,3.043075942043809e-26,0.0397674660127171
pathway|RNA Polymerase II Transcribes snRNA Genes,pathway,72,0.06360990920503153,0.689006084140659,-0.14787125468621715,0.3500222601759439,0.05133821994346421,0.746784616441739,0.11983932620504092,-0.9711501148460399,0.8342632344662744,0.09351528021758884,0.8064774458019058,0.8798393936906759,0.9575854850937996,0.0319231870003287,0.999999873896792,0.0907619828487137,0.4004502355494332,-0.2077529440168374,0.0240789322247172,0.029700863531269
pathway|RORA Activates Gene Expression,pathway,18,-0.03929872472804003,0.8048353286573581,-0.08739827251047484,0.5820675539443365,0.05677212316022898,0.7210093273449617,0.1730538077824557,-1.301921697343039,0.9035284227695297,0.05029539670293727,1.1308092926286675,0.9194980037553768,0.9575854850937996,0.0695469668004125,0.901468107947962,0.1048561689428562,0.4821778737487182,0.8143295015224379,1.4122408508943842e-15,0.0429100410490643
pathway|ROS and RNS Production in Phagocytes,pathway,22,0.25313258389125565,0.10578240373081699,-0.01812446728033775,0.9092976847476272,0.3433091390532132,0.026021619099368957,0.1129119456820272,1.2851214079285056,0.09937493086172489,0.06943065158160154,-1.1012790451544288,0.5144479402341297,0.5327388759111704,4.857580648758018e-05,0.6546990428633584,0.204305332398292,0.5806738320026456,0.5724032236641846,6.638642090315168e-10,0.0709322253333033
pathway|RSK Activation,pathway,5,0.3101200915900099,0.04563697732179448,0.1549293405021179,0.3272402248888829,0.2946473192015884,0.05819886267253377,0.13828619987450005,1.8680517462141788,0.03087742927218975,0.098634570855665,0.6895230286562252,0.5001451021129545,0.367368117341812,0.5569503512737537,0.8028422954355551,0.0761449077238551,0.586021274234674,0.9219600680075342,9.04481157665267e-18,-0.0501810241257265
pathway|RUNX1 and FOXP3 Control the Development of Regulatory T Lymphocytes (Tregs),pathway,7,-0.03929872472804003,0.8048353286573581,-0.02779665895397954,0.8612838413644249,-0.011192218565873713,0.9439174527708223,0.12760322060253176,-0.9408308416852527,0.8266042234914607,0.12831774287031428,-1.1462937374256583,0.9194980037553768,0.9575854850937996,0.70041215135667,0.5768383346095755,0.0324707873580054,0.6903989924763138,,,
pathway|RUNX1 Interacts With Co-Factors Whose Precise Effect on RUNX1 Targets Is Not Known,pathway,31,-0.1734023552301545,0.2721141110372922,-0.18656002138078426,0.23681699971689416,-0.10129768832446569,0.5232670477013357,0.13852582624479298,0.3499523629874919,0.3631872243024919,0.07890678531591275,2.788548763527893,0.640502282345257,0.8608730016592475,0.2478160774751462,0.8028422954355551,0.0873597483444682,0.5428720426393395,1.2068902626529532,2.8050779039210904e-22,0.0247690507256269
pathway|RUNX1 Regulates Estrogen Receptor Mediated Transcription,pathway,4,0.050887927364025226,0.7489332619949478,0.032240638912139276,0.8393771940558156,0.19448507334032725,0.2171300101961655,0.13975009915483505,-0.9420868482651767,0.8269259113418841,0.14090901941843353,-1.3023641795260628,0.8996283704204391,0.9575854850937996,0.8664675038248114,0.999999873896792,-0.0418318523581681,0.4430328290759112,-0.1509388754448958,0.1223434249514482,0.0368141918585143
pathway|RUNX1 Regulates Expression of Components of Tight Junctions,pathway,3,-0.11397501539750855,0.4723267576609068,0.09314930539750509,0.5573807420384969,-0.02676400091839366,0.8663896972807812,0.19726042802513752,-0.6420736305381021,0.7395873117801294,0.13532790341215645,-0.48628672726012645,0.7889703940816264,0.9575854850937996,0.8908165786140614,0.999999873896792,-0.1499430394167236,0.2290017890809756,,,
pathway|RUNX1 Regulates Transcription of Genes Involved in BCR Signaling,pathway,6,0.02605392171548552,0.8699037276419098,-0.022829857824271594,0.8858890579823258,0.06950529935473748,0.6618346023559616,0.10103083455859427,-0.8583987780227034,0.8046638489385811,0.07451944431800406,-0.7942850156051762,0.9492503430669835,0.9575854850937996,0.7073030078855206,0.972663855239328,0.0522761449077238,0.5384169684290221,1.2182511500999311,6.66676167511321e-23,0.0864942653144426
pathway|RUNX1 Regulates Transcription of Genes Involved in WNT Signaling,pathway,4,0.05785887631800129,0.7158897450205349,0.07903313376570356,0.6188256500204474,0.1248175679194177,0.43093905473505595,0.133075415531403,-0.6850184926937757,0.753333874187434,0.09078789643934569,-0.17677465250202187,0.8918793073380831,0.9575854850937996,0.8908165786140614,0.8064813661308967,-0.0944292549555707,0.5780105455780217,,,
pathway|RUNX1 Regulates Transcription of Genes Involved in Differentiation of Keratinocytes,pathway,5,-0.10020739121340586,0.5277711655502826,-0.08687545133892663,0.5843359400506013,-0.022303334098661386,0.8885040511112997,0.1582884665293151,-0.513497229725451,0.6961982259354832,0.10059079340587454,-0.1975395691504796,0.821597399541051,0.9575854850937996,0.5100337568837071,0.972663855239328,0.0485987696514012,0.4822639329302923,1.5438167942475078,8.033304591369214e-25,0.092276168674438
pathway|RUNX1 Regulates Transcription of Genes Involved in Differentiation of Myeloid Cells,pathway,6,-0.1409874425941658,0.37314981338632397,0.10386713941424328,0.5127280180154328,-0.03998379531141841,0.8015009569299554,0.1726660487468908,-0.2634544545654834,0.6038998380887364,0.08385180223013951,0.2707956312527297,0.7158545771385049,0.9575854850937996,0.649783263039919,0.8056476993003061,0.0433994076099338,0.5264270750609442,0.8615046661885591,3.93419922012793e-17,0.0956969113153157
pathway|RUNX1 Regulates Transcription of Genes Involved in Interleukin Signaling,pathway,3,-0.06561405702929966,0.6797236198633106,0.010020739121340586,0.9497796631040093,-0.038037322517353415,0.8109837185452115,0.17028721241634642,-0.769764154850793,0.7792800968718427,0.13876545261508594,-1.263260414500894,0.8770401152061406,0.9575854850937996,0.8930696987664365,0.999999873896792,-0.1240829346092503,0.3569886440250062,1.0881244198287818,7.485273620232773e-21,0.0882941339885198
pathway|RUNX2 Regulates Chondrocyte Maturation,pathway,3,-0.20738573138078778,0.18755952778370852,-0.048883779539757116,0.7585189376570319,-0.1886456549581323,0.23152222066176573,0.1655121123828728,0.32984818780833086,0.3707573372445482,0.12119866125106629,-0.9499691935419302,0.5759318937964197,0.8634971014151156,0.9191275884362654,0.9679703265045758,-0.1309865573023467,0.5533312590398308,0.802210043075709,2.546033786067508e-15,0.0633949735363835
pathway|RUNX2 Regulates Genes Involved in Cell Migration,pathway,6,0.028668027573226545,0.8569797872280523,-0.1539708350209462,0.330278480509512,0.10348747021778883,0.5142785648893013,0.1388700168493956,-1.10354258726855,0.8651041960285923,0.07604869624478258,1.2525853646506906,0.9425426666675322,0.9575854850937996,0.7051788537457686,0.8379104691817861,0.0339804055593528,0.5319508097102997,,,
pathway|RUNX3 Regulates Immune Response and Cell Migration,pathway,5,-0.14734843351466895,0.35174742361189726,-0.12199160669458102,0.44152652175300955,-0.08085972398678326,0.6107162899197821,0.15872850768203486,-0.11574377836185076,0.5460721953615576,0.11182709175106469,0.15941969056207372,0.7031588897991412,0.9575854850937996,0.5057725326540875,0.6084799262694891,0.0777443609022556,0.6123304973889135,1.025184598760701,1.1066633279456879e-20,0.0660979334206434
pathway|RUNX3 Regulates BCL2L11 (BIM) Transcription,pathway,5,-0.11249368874478864,0.47814001788297006,-0.16547290079500668,0.29497742345523514,-0.04355232876720423,0.7841896647430234,0.12636152032010475,-0.14090549070677208,0.5560276977644307,0.08452711291005595,1.2815255603859057,0.7929849900388719,0.9575854850937996,0.7184759197773157,0.999999873896792,0.0236226930963773,0.4935499798025746,1.5387912630734215,2.3587160901422466e-25,-0.0838799233691593
pathway|RUNX3 Regulates CDKN1A Transcription,pathway,7,0.03990868276151294,0.8018663757387209,0.004095432510460934,0.9794642938679716,0.11581513124686711,0.46515796075639215,0.17352870367994527,-1.0029699666986793,0.8420623238881381,0.11464161239123252,-1.5091719601011384,0.9190643933194154,0.9575854850937996,0.5318113535152172,0.8818086116253029,0.073720014321518,0.5399312639492206,-0.2220569314308944,0.0085273120546521,-0.026489232356687
pathway|RUNX3 Regulates NOTCH Signaling,pathway,9,-0.12643558665274077,0.42494151371531075,-0.16155174200839517,0.3067277645249792,-0.06528794163426332,0.6812309307978368,0.15561772171132307,-0.2768567804064413,0.6090549599780892,0.07049807814017912,1.5277838301207527,0.758875928503537,0.9575854850937996,0.2559284785562428,0.999999873896792,0.1150243031821979,0.392427047003362,1.329570200892427,8.90289293052424e-25,0.0014067682704238
pathway|RUNX3 Regulates WNT Signaling,pathway,6,-0.22768862020924305,0.14700671699866413,-0.06352277234310684,0.6894107050419056,-0.3311436840903071,0.03218235152411104,0.15309075271550673,0.7491903432295387,0.22687124435431083,0.0820959944623568,-0.3230899842026223,0.5397983485582527,0.7151227627011635,0.894553977870733,0.0152521495488775,-0.0186466165413534,0.8170223511101851,1.185663998203111,2.5785193643201983e-22,0.0236005130369841
pathway|RUNX3 Regulates p14-ARF,pathway,8,-0.10168871786612575,0.521656305338824,-0.17261812347283217,0.2743217967517383,0.023600982628038048,0.8820614114349299,0.12224430359416268,-0.2202549052801052,0.5871636809381724,0.09243913997281877,1.0450047781635317,0.8171364151358669,0.9575854850937996,0.5943709772754243,0.999999873896792,0.0730006835269993,0.4691620920106322,2.0931062112439505,2.3291734339045008e-26,-0.0118085094868548
pathway|Rab Regulation of Trafficking,pathway,99,0.16190028945609397,0.305671379433938,-0.1178090373221954,0.4574561909277293,0.2419303476956615,0.12268455339569609,0.13165944152512657,0.49957787755502586,0.30868616908259816,0.07986093395398823,0.7391170369004538,0.6650417849846489,0.8030399029449343,1.1516045619042728e-05,0.7578964618368247,0.0976296224904759,0.4718542816518136,1.003651980500159,4.210727947435464e-20,0.0212592026106662
pathway|Reactions Specific to the Complex N-glycan Synthesis Pathway,pathway,6,0.06535264644352555,0.6809317664643949,0.14682561234312075,0.35347775710349033,0.04501218336275297,0.7771367660198566,0.17347206471969426,-1.0519057047142732,0.853578592826443,0.10973145022177563,0.6591098390016181,0.8770401152061406,0.9575854850937996,0.96638264025291,0.999999873896792,-0.1010344041922989,0.3871193328759754,,,
pathway|Receptor Mediated Mitophagy,pathway,9,-0.13915756849374708,0.37944731643953844,-0.07363064832637212,0.6430702302756841,0.004947285018248524,0.9751940643298826,0.13966731913600655,-0.0052497919195358955,0.5020943543398306,0.08514142778662509,-0.16079379639630775,0.7192091863185075,0.9575854850937996,0.685389102589185,0.999999873896792,0.0300410116199589,0.3594124442480438,1.5185246433190736,1.3781980135349775e-25,-0.0166659040973097
pathway|Recognition of DNA Damage by PCNA-containing Replication Complex,pathway,26,0.07485056439331793,0.6375624161077947,-0.1646015321757597,0.2975631901953733,0.10867806433529546,0.4932855029406392,0.13649118051885123,-0.7435090047781321,0.771413214099854,0.09628187558369808,1.1868732694886281,0.8647928948487299,0.9575854850937996,0.0038499948925139,0.999999873896792,0.1099536253220463,0.3838817731624195,-0.7616422107318225,1.4313438122946065e-14,0.0174085447407524
pathway|Recruitment of NuMA to Mitotic Centrosomes,pathway,63,0.1444729170711538,0.36132813405968806,-0.011502065774060497,0.9423674195844924,0.16707224815724525,0.29026919304122706,0.14464719079500324,-0.002461113963270756,0.5009818414256526,0.09402503085984834,-1.6844123069551282,0.7141263310546999,0.9575854850937996,0.1175429627584374,0.999999873896792,0.0670903974081272,0.3015242973156827,0.4322682490828396,2.1762508293121787e-06,0.0135746545499161
pathway|Recruitment of Mitotic Centrosome Proteins and Complexes,pathway,58,0.09558913753139672,0.5470579069066707,-0.0353775659414285,0.823984434159064,0.11686947067698564,0.46107680140078905,0.1404428372071364,-0.474049924338684,0.6822678467756449,0.09223872519039197,-0.9188723698584068,0.823616619570151,0.9575854850937996,0.0927709366268115,0.999999873896792,0.087910958720014,0.3419381241650069,0.3971321976146639,1.0362829577429571e-05,0.0150061216810651
pathway|Recycling of eIF2 GDP,pathway,8,0.03337341811716038,0.8338115627394508,-0.07371778518829683,0.6426761840590732,0.04079482564227883,0.7975580104669634,0.1440982285648776,-1.0597965895280694,0.8553814256425394,0.11274638564437027,-0.45907465059755037,0.9322280192469957,0.9575854850937996,0.0005162928643611,0.901468107947962,0.2844448784298408,0.5541340344342462,-2.0614576222200283,2.370320386794983e-26,0.0255761325701174
pathway|Recycling Pathway of L1,pathway,31,0.32502049497913377,0.035711027959888744,0.15763058322178364,0.3187721439765024,0.3963505226914843,0.009362755959400157,0.1392098506109019,2.200695689177735,0.01387878710155465,0.06269061531172596,1.7775598273142255,0.48627586911918697,0.24410337313910827,2.7979723989043145e-11,0.7558882512503801,0.1573853989813242,0.5743872419702879,0.7829966738250237,2.8857286318847294e-15,0.0371714081612773
pathway|Regulated Necrosis,pathway,49,0.4205224956486058,0.005555725126656791,-0.06387131979080564,0.6877927352001778,0.4163829718637365,0.006091397318341571,0.13415155577617302,3.063376665484046,0.001094271990062286,0.07953852756486683,-0.32706581275676694,0.4644200585751626,0.05586125061464304,0.2940569784290149,0.999999873896792,0.0580462636182292,0.2229810753424503,2.1838732758353268,2.3291734339045008e-26,0.0244977401942366
pathway|Regulated Proteolysis of p75NTR,pathway,9,0.0020041478242681173,0.9899498000303855,0.004705390543933839,0.976406586520951,0.07769670569642766,0.6247873600146908,0.15313432114646908,-1.3896911636908031,0.9176886603928955,0.09189017774269316,-1.3964778133190325,0.997895703784078,0.9575854850937996,0.0411327834269268,0.8028422954355551,0.1710868079289131,0.6059697463939306,1.438854851327085,9.03331350105136e-25,0.066071821569922
pathway|Regulation by c-FLIP,pathway,11,0.16068037338914817,0.3093788921235378,0.0235269527196692,0.88242876152388,0.215490758909612,0.1705126173524391,0.11908123550629601,0.37883755832243615,0.35240424752140354,0.07315575242888252,-0.9005325877777689,0.6682456359283433,0.8439154348538874,0.8143857406086499,0.999999873896792,0.0314546697321817,0.3205962169226705,1.2815313701646711,1.8455452562358874e-24,0.0854555788863513
pathway|Regulation of APC C Activators Between G1 S and Early Anaphase,pathway,54,0.1815932202510763,0.249755736260457,-0.027970932677828936,0.8604227093618958,0.21167891635456806,0.1783851936742433,0.11243269294144134,0.8685517020302614,0.19254619074403967,0.0769854175104731,-0.9808728778416105,0.620505526074065,0.6873567533677156,1.2697804779679092e-09,0.99054418665301,0.1621299293593235,0.3934185861314592,0.3942235380366815,1.1510199184526056e-05,0.0749158202532671
pathway|Regulation of Apoptosis,pathway,37,0.24903715138079469,0.11174233763434259,0.01646886690376844,0.9175531321134789,0.2927819494406094,0.05988379508884291,0.12552500644562764,1.9655533014081106,0.02467511645759014,0.06722173213181037,-1.0145085757240908,0.5144479402341297,0.33499779944424063,2.880862401237077e-21,0.8773698159345004,0.2264016921911658,0.4105764379410911,0.5279133773649267,4.732356236449129e-09,0.0553897494207384
pathway|Regulation of BACH1 Activity,pathway,10,0.3381781611297635,0.02848841856657105,-0.017427372384940146,0.9127725645980751,0.3030820346425367,0.051047123342142287,0.14370611268621647,1.5882644645395672,0.056113274698738926,0.0777565787385067,-1.4701843530815604,0.4857625830347534,0.4559842262554719,0.8279212122712893,0.9868361855662238,0.0021796916533758,0.3687985701821449,0.2301135861509158,0.0073252294823616,0.0177723430361674
pathway|Regulation of CDH11 mRNA Translation by microRNAs,pathway,8,-0.19562225502095315,0.2144009153943679,-0.12547708117156908,0.4284887426471669,-0.18994330348750893,0.22826901426254004,0.1166196191569232,0.8029119367311796,0.21101281809911837,0.09907025516528849,0.3674662007102834,0.5983214878938826,0.7032640577730171,0.3420525613615758,0.9679703265045758,0.1653793574846206,0.546626238698203,,,
pathway|Regulation of FOXO Transcriptional Activity by Acetylation,pathway,10,-0.24241474987451747,0.12191408425997531,0.049232326987455916,0.7568492515215659,-0.19699926736599455,0.21112822046278587,0.14150155007952153,0.956515585430786,0.169405907053225,0.09722295369248485,-0.6423887617073222,0.5144479402341297,0.6450666535918703,0.9355916464995784,0.999999873896792,-0.0508498519024835,0.2547017429210537,1.4901105946601791,1.7000185483084263e-25,0.0060522143811506
pathway|Regulation of Glucokinase by Glucokinase Regulatory Protein,pathway,26,-0.10892107740587592,0.4923135932880535,-0.19265960171551333,0.22156100370200213,-0.1553934113928553,0.3257755127227706,0.1358768656422821,-0.29635838376117724,0.6165217982640848,0.10638975156696337,1.1052630279561388,0.8029553991045639,0.9575854850937996,1.648593632270359e-27,0.999999873896792,0.3199331195120669,0.4003262520880039,-1.0749412131722984,3.087957814811373e-22,0.0927683682143532
pathway|Regulation of HMOX1 Expression and Activity,pathway,4,0.3218835679498445,0.037638170471719204,0.0717136373640287,0.6517635249689347,0.31167895614965707,0.04450390712371993,0.16006605851257902,1.3934406667069108,0.08174328772952,0.08630906173641607,-0.29373042017790035,0.48627586911918697,0.507227652697785,0.0372311058787838,0.999999873896792,0.3519936204146731,0.4413635295768072,0.5490117135497377,3.2357102156799954e-09,-0.0292274590237865
pathway|Regulation of HSF1-mediated Heat Shock Response,pathway,64,0.01803733041841305,0.9097319547850001,-0.08887959916319475,0.5756620519236396,0.029521504043319068,0.8527680711413476,0.18595877703350389,-2.0471369299126607,0.9796776790584664,0.06180617616319023,0.685407223181959,0.9669351357624012,0.9806147213148589,1.901757836327632e-05,0.999999873896792,0.1353798118130824,0.4136006470142825,-0.6230782000654724,2.6150880588820456e-11,0.0376789433007114
pathway|Regulation of IFNG Signaling,pathway,13,0.1889998535146759,0.2306311188587007,0.17906625125526004,0.2565175765272517,0.20802927986569617,0.1861633642464719,0.12042750002303268,0.727690564483541,0.2334015137751408,0.07877608002302569,1.5727315166903204,0.6056598892989468,0.724298171774354,0.3156844561098347,0.999999873896792,0.0732740943267258,0.2615436174474876,2.9614778890385733,2.3291734339045008e-26,0.0281604768993962
pathway|Regulation of KIT Signaling,pathway,13,0.23727367502096014,0.13027892733296148,0.13471358853558735,0.3950007444176447,0.24403902655589854,0.11935712323534994,0.1513697996924939,0.810148313560568,0.20892746972744314,0.08581673846654153,0.8757839493753109,0.5155891746975836,0.7007775547107988,0.5478853243506157,0.999999873896792,0.0263780079569553,0.272150387992373,1.934764826018462,3.3566347739579114e-26,0.077702521201888
pathway|Regulation of MECP2 Expression and Activity,pathway,28,-0.190132632719697,0.2277969971087357,-0.14473432765692792,0.36045071494419206,-0.16090841764270614,0.3086836677084026,0.11780032363600294,1.02260798902456,0.15324661538318568,0.08441819183265006,0.9671983116819668,0.6016227140654119,0.6259575416725041,0.1918266226923568,0.8483608047743966,0.0868952684742158,0.4708611693928757,0.9299932085489124,8.769515876114961e-19,0.0437695600211429
pathway|Regulation of MITF-M-dependent Genes Involved in Apoptosis,pathway,15,-0.28493753849377146,0.06739966030486594,-0.14821980213391597,0.34887502526895325,-0.2845094400658332,0.06783037417864635,0.13690508061299356,1.361169642807822,0.08673004261708622,0.08200014391423964,0.9259028121604843,0.5132456804789529,0.5161006620102556,0.714043748383581,0.7561258166152436,0.0444937017869348,0.5490920015371109,,,
pathway|Regulation of MITF-M-dependent Genes Involved in Lysosome Biogenesis and Autophagy,pathway,15,0.22829857824271593,0.14589733964058366,0.049668011297079415,0.7547636789594087,0.3092458651570758,0.046282575227655394,0.17178596644145128,0.47122570523823737,0.3187397820350527,0.07959080968202166,-0.6333791468862552,0.5391429338815698,0.8115843841841427,2.474533914670325e-09,0.4412140934053241,0.2409816749666373,0.6484549652028302,-0.4547951373893742,2.7149551280883657e-07,0.0842687824932443
pathway|Regulation of MITF-M-dependent Genes Involved in Pigmentation,pathway,27,0.09001237836821586,0.5707854473526284,-0.14569283313809964,0.35724453115248117,0.15344693859879033,0.331946517800296,0.10335303192888753,-0.17073159939969115,0.5677825925555916,0.08698001557323626,1.134932801045344,0.8330576072469815,0.9575854850937996,0.4783129272401918,0.6546990428633584,0.0603038287248813,0.5593662007874817,-0.1356480784780714,0.125708051427189,0.0038925633504651
pathway|Regulation of NF-kappa B Signaling,pathway,16,-0.10203726531382455,0.5202226279342524,-0.1518795503347534,0.3369681356853678,-0.10429850054864924,0.510969212769916,0.11863248066738383,-0.15279922372467653,0.5607216950377949,0.08953748247072622,0.9098429052445597,0.8167234399366559,0.9575854850937996,0.8776838340131788,0.999999873896792,0.0050068352699931,0.3955826791669025,0.1742441296574263,0.0294676719088344,0.0360136618858343
pathway|Regulation of NFE2L2 Gene Expression,pathway,7,-0.04339415723850097,0.7849548642150399,0.030236491087871152,0.8492428700796792,-0.1230333011915248,0.4376072399942259,0.1218391171862128,-0.7598613167632754,0.7763312567855305,0.09951465316110447,-0.8543692696878227,0.912221283066118,0.9575854850937996,0.7266898503841155,0.999999873896792,0.0447612537838101,0.4019213255710161,2.0820680504293665,2.3291734339045008e-26,0.0664108182048241
pathway|Regulation of NPAS4 Gene Expression,pathway,11,-0.18063471476990461,0.2523063274408708,-0.11981318514646351,0.44978479719654446,-0.17510144843276337,0.26737123585971945,0.12197853616529233,0.6626898798941854,0.25376459628947423,0.06542671277616155,1.1918629026292324,0.6215860181637165,0.7508332731586802,0.3718708394699743,0.9724192686585708,0.124676567451687,0.486750530450993,,,
pathway|Regulation of NPAS4 Gene Transcription,pathway,3,-0.040344367071136436,0.7997473761073016,-0.06482982527197735,0.6833504208011215,-0.011516630698217876,0.9422945626144791,0.18913055880756294,-1.3069227079774552,0.9043805184779222,0.07986529079708446,-0.2986649760354237,0.9186999221693646,0.9575854850937996,0.8303815813506924,0.999999873896792,-0.0270904534062429,0.2473603381510389,,,
pathway|Regulation of NPAS4 mRNA Translation,pathway,8,-0.19562225502095315,0.2144009153943679,-0.12547708117156908,0.4284887426471669,-0.18994330348750893,0.22826901426254004,0.1495050708473053,0.6858440296250081,0.24640573400595067,0.10931319328453706,0.2365952409316894,0.5983214878938826,0.7409873581529522,0.1894275532154426,0.8741293923296176,0.1653793574846206,0.546626238698203,,,
pathway|Regulation of PLK1 Activity at G2 M Transition,pathway,62,0.13837333673642477,0.38216537675931966,-0.007058085815900759,0.9646160814406157,0.16561239356169652,0.29456483063323113,0.13855632414646663,-0.0022325822190184547,0.5008906707017255,0.07929454435147767,-1.6564182655060944,0.7219062577231553,0.9575854850937996,0.0103825677535263,0.999999873896792,0.0878694018831512,0.283013719942529,1.0882259864786836,1.7138386224922052e-21,0.0152148446668806
pathway|Regulation of PTEN Gene Transcription,pathway,52,0.03163068087866637,0.8423772940088337,-0.14874262330546414,0.34715848660052206,0.07145177214880247,0.6529546112171707,0.1300691937950008,-1.2438192240852017,0.8932169482680055,0.08027483404813056,1.3093400799683947,0.9343379312986162,0.9575854850937996,0.1884905144909447,0.7383357085604283,0.0693766501816037,0.465803320207951,0.8150616193760994,4.74153948556964e-16,0.0176098684447806
pathway|Regulation of PTEN Localization,pathway,8,0.33233999138080866,0.03152767832231215,0.04557257878661849,0.7744340172872601,0.2485807964087169,0.11242191770424834,0.20644901011509723,1.2242900936970904,0.11042140631621927,0.07762587344561966,-0.497279248172227,0.4857625830347534,0.5568963937827637,0.6734555200688939,0.999999873896792,0.0324968264817889,0.2724269440516578,0.480056066268952,1.393224991272847e-07,0.1092098681535152
pathway|Regulation of PTEN Stability and Activity,pathway,48,0.214879501506312,0.17175788886858362,-0.04278419920502806,0.7879075751068586,0.28199524604016596,0.07040404804131294,0.12568620964018834,0.9937790421221958,0.16016522575797654,0.08589951848537,-0.820323422375491,0.5649163693239746,0.6397135788705899,1.0638792032864802e-17,0.955850815720118,0.1895680933474886,0.4002363697356439,0.766314827979318,5.4406736844919375e-15,0.0666457527054081
pathway|Regulation of RAS by GAPs,pathway,44,0.22847285196656536,0.14558150973819395,0.01664314062761784,0.9166837197595017,0.2587186755444721,0.0980480482030287,0.10628518733265373,1.704955212969808,0.04410138884526759,0.07377878099164412,-1.0200327698299045,0.5391429338815698,0.41392021010378954,1.6581451222650702e-07,0.993930412285002,0.1447113362880582,0.3643000788581165,0.669469228657542,2.1781602092231933e-12,0.0411411702832133
pathway|Regulation of RUNX2 Expression and Activity,pathway,50,0.24171765497911984,0.12302400682832305,-0.02936512246862415,0.8535394808186823,0.2934307737052978,0.059293373883052176,0.15017602468412547,1.0581488704688689,0.14499378856434364,0.07189226793097434,-0.8029005729687473,0.5145896426775005,0.6155618650409154,0.0002479016421362,0.999999873896792,0.1410692594194205,0.3186400815953276,0.66063936989277,3.954464820893873e-12,0.0381454521607974
pathway|Regulation of RUNX3 Expression and Activity,pathway,42,0.23108695782430638,0.14090430183657196,-0.025792511129711416,0.8711980190823615,0.28888900385247945,0.06352546692178945,0.11045032933265442,1.4767761950241736,0.06986781983528721,0.08249246718411417,-1.296925245587075,0.537181609733962,0.4883983857688208,2.799261246252231e-27,0.999999873896792,0.1775519730590334,0.3182312952454902,0.9373300522948343,9.304727864837616e-19,0.0551793200742021
"pathway|Regulation of TBK1, IKKε (IKBKE)-mediated Activation of IRF3, IRF7",pathway,13,0.2545267736820509,0.10380982735677663,-0.09611195870294491,0.5448577759229482,0.2172750256375049,0.1669148955871343,0.15783971169040292,0.765398117317308,0.22201725685503476,0.07906363166737722,0.2638333605756122,0.5144479402341297,0.7151227627011635,0.7161148256012995,0.999999873896792,0.0503137213663529,0.3734955082183327,1.395987593091257,7.6912031509501395e-25,0.1172601994557055
"pathway|Regulation of TBK1, IKKε-mediated Activation of IRF3, IRF7 Upon TLR3 Ligation",pathway,10,0.19335669661091093,0.21986163871229628,-0.127829776443536,0.41981148757205033,0.15571782352519947,0.32475403415887805,0.14428992966111193,0.5367638989131444,0.295715355727742,0.07973458550419742,0.8186398703019502,0.5991031748931795,0.7914734520948389,0.8129049526847115,0.999999873896792,0.0242378673957621,0.4521263105498529,1.829388003255978,4.648954024473374e-26,0.1129253210089006
pathway|Regulation of TNFR1 Signaling,pathway,45,0.11902895338914121,0.4527782594618784,-0.1646015321757597,0.2975631901953733,0.1659368056940407,0.2936067213648025,0.1575303758305702,-0.3441785911235886,0.6346440091558934,0.07268085653139289,2.2229830076994794,0.7742360270046663,0.9575854850937996,0.8117980311101903,0.999999873896792,0.0262562052514205,0.3834163637513033,2.127547471041644,2.3291734339045008e-26,0.0367453789621533
pathway|Regulation of TP53 Activity,pathway,117,-0.028493753849377138,0.8578402749486508,-0.22019485008371872,0.16114638959314068,0.011111115532787671,0.9443232105560809,0.15380963182638555,-1.65761239529102,0.9513021369169282,0.07163085734520022,2.724735249496548,0.9429712984515995,0.9647100030822753,0.0003056059210356,0.999999873896792,0.0878005438803986,0.3793683737926775,0.0233796460708238,0.6712175178930225,0.0192202078809729
pathway|Regulation of TP53 Activity Through Acetylation,pathway,28,-0.11031526719667113,0.4867567998423437,-0.19570939188287786,0.21419278364138392,-0.04371453483337631,0.7834051554667688,0.14624615221132148,-0.36826374998089756,0.6436617102865114,0.07356529567992862,2.0300548336178355,0.7996132354221483,0.9575854850937996,0.0074916863436316,0.972663855239328,0.1101096898089379,0.4219128661548936,0.3246134861522615,0.000143859487192,0.0195046462851227
pathway|Regulation of TP53 Activity Through Association With Co-factors,pathway,9,0.1428173166945845,0.3669149859989436,-0.1795019355648835,0.2553431050292568,0.1610706237088782,0.30818976534455045,0.1827608542008673,-0.3719788042454961,0.6450456847081831,0.10539203449792556,0.8873663349331936,0.7147344340593939,0.9575854850937996,0.7184759197773157,0.999999873896792,0.0559276980329611,0.4265260358509707,,,
pathway|Regulation of TP53 Activity Through Methylation,pathway,15,0.012460571255232204,0.9375737802718601,-0.20163469849375748,0.20036725913014158,-0.08775348179909678,0.5805286538596488,0.16154738516529893,-1.3609795586912818,0.9132399253034293,0.06875534090168511,2.11458765799954,0.9826449284471723,0.9575854850937996,0.3889567223852854,0.999999873896792,0.0551599778667447,0.3792554149095783,-1.2841788296652086,4.105717295147973e-23,0.0214505133075732
pathway|Regulation of TP53 Activity Through Phosphorylation,pathway,64,-0.02021575196653057,0.898883309399675,-0.20485876238497142,0.19311361750121883,0.005352800183678732,0.9731615008069852,0.1248627662949999,-1.3719248789631804,0.9149565877278589,0.08922378976779732,1.660191677055486,0.9628263902628044,0.9575854850937996,0.0065449482977587,0.901468107947962,0.0881893247729713,0.4343285852643939,-0.1370672656279177,0.1454310647890531,0.0235566382169513
pathway|Regulation of TP53 Degradation,pathway,28,0.032066365188289876,0.8402341383368263,-0.12120737493725874,0.44448983451127494,-0.006893757812313519,0.9654393963849469,0.1460631648012796,-1.0944565220814042,0.863122596992485,0.07727732599792084,0.8448804702196951,0.9339405478167697,0.9575854850937996,0.7481392318622482,0.999999873896792,0.0540132799531295,0.1102404761604114,0.1623482164158281,0.0404887186347634,0.0385535117827765
pathway|Regulation of TP53 Expression and Degradation,pathway,29,0.023962637029292706,0.8802671676362595,-0.1307924297489758,0.40902723788723866,-0.01167883676438996,0.9414832035404382,0.10245987909415936,-0.9257064955165483,0.822700734338698,0.0782314746359963,0.8209030294947725,0.9534469210214795,0.9575854850937996,0.707302700867105,0.999999873896792,0.0539072154187528,0.1194466771366778,0.2647229369304864,0.0008993873109866,0.0347107365012247
pathway|Regulation of Activated PAK-2p34 by Proteasome Mediated Degradation,pathway,35,0.24929856196656877,0.11135446537104701,0.01699168807531664,0.9149451835823006,0.29805364659120215,0.05521992317762707,0.13642147102931146,1.696142118246926,0.04492948447158266,0.0782793999100549,-1.1526926860049163,0.5144479402341297,0.41609473893372795,2.3765217805854795e-30,0.999999873896792,0.2489921135918482,0.3865485971933461,0.7432975232197129,1.6394046273057523e-14,0.0597907929429668
pathway|Regulation of Cholesterol Biosynthesis by SREBP (SREBF),pathway,44,0.05106220108787463,0.7481014626593382,-0.1323608932636204,0.40338276120182964,0.15271701130101595,0.33427925159928734,0.09953643737658566,-0.7764729268771308,0.7812651000217493,0.12925882097910107,0.042964069382821074,0.8996283704204391,0.9575854850937996,0.0009762783481917,0.999999873896792,0.0986958073638834,0.399390269839655,0.8735419494438644,4.561633327505543e-17,0.0071049076346894
pathway|Regulation of Cytoskeletal Remodeling and Cell Spreading by IPP Complex Components,pathway,7,0.20607867845191727,0.19041799833116219,0.15222809778245217,0.3358474135409702,0.2567722027504071,0.1006921342802501,0.13546296554813975,0.8649410939134667,0.1935355605324109,0.07935118331172872,0.9563261778630228,0.5759318937964197,0.6877248356440339,0.7134403976048668,0.999999873896792,0.0459948572730527,0.4457708270512724,-0.5702563581040961,1.0168736479844135e-09,-0.0488649172693073
pathway|Regulation of Expression of SLITs and ROBOs,pathway,120,0.26533174456071373,0.08946198617232158,-0.043307020376576265,0.7853764988864345,0.23965946276925235,0.12634537778524138,0.15909883934521485,1.545166562278768,0.06115299003814067,0.0376649085669519,0.20553436571160505,0.5136929078981881,0.46641968519267424,1.1745707637162016e-85,0.7561258166152436,0.1947080458977849,0.3897663526932127,-2.4432034391196717,2.3291734339045008e-26,0.0288350335799363
pathway|Regulation of Gene Expression by Hypoxia-inducible Factor,pathway,7,-0.05010369560670293,0.7526798249033206,-0.072497869121351,0.6482015887279506,-0.019464727940649934,0.9026214935366148,0.1337289419958382,-1.1243288514076322,0.869563228464024,0.07642338475105878,-0.09092032843299608,0.8996283704204391,0.9575854850937996,0.1991916362749027,0.9147670877492068,0.1230706636721674,0.4583996226423129,2.435227399668587,2.3486446033475792e-26,0.0654111202338302
"pathway|Regulation of Glycolysis by Fructose 2,6-Bisphosphate Metabolism",pathway,9,0.2374479487448095,0.12998853712763112,0.0006970948953976059,0.9965042001038933,0.2558800693864606,0.1019221198966979,0.15261149997492088,0.7822692113080336,0.21702818854156491,0.06310015856277204,-1.1086005207048975,0.5155891746975836,0.7106757645255876,0.4336330154842975,0.999999873896792,0.0612990810359231,0.3085357352336425,0.7978858252092988,4.6190392215669006e-15,0.0370319559745478
pathway|Regulation of Innate Immune Responses to Cytosolic DNA,pathway,12,0.2969624254393801,0.056160616232188626,0.02596678485356082,0.8703351210442147,0.28970003418333984,0.0627526289591189,0.16374759092889762,1.3620812043779191,0.08658612964746754,0.06354455655858801,-0.6356556125239603,0.50665590419815,0.5161006620102556,0.4842676429304813,0.999999873896792,0.0594057457693821,0.4178138860884587,0.2872032307372016,0.001270319352174,0.1517494188346868
pathway|Regulation of Lipid Metabolism by PPARalpha,pathway,81,0.058033150041850695,0.7150698947263686,-0.18202890456069984,0.24860212528411596,0.13098139843395684,0.4083448053627232,0.1786262101025403,-1.628385677168727,0.9482784336500218,0.06360555236193531,2.1132718492420155,0.8918793073380831,0.9639372324572587,0.0078300655558608,0.9188249854715472,0.0767136064065888,0.4251838347530212,0.8073946393654653,1.3734933215938676e-15,0.0289974989521524
pathway|Regulation of Localization of FOXO Transcription Factors,pathway,10,0.16285879493726568,0.3027783022272987,0.13480072539751203,0.3946922581111773,0.2452555720521892,0.11746864747862121,0.11708580136822037,0.46018323006726763,0.3226923535297667,0.08244018506695938,0.6455264160388784,0.660808119459579,0.8163195610828626,0.7553547012734612,0.999999873896792,0.037249183564973,0.3518410827897831,0.234275814797537,0.0046531171077447,-0.0409547273466648
pathway|Regulation of mRNA Stability by Proteins That Bind AU-rich Elements,pathway,69,0.19178823309626633,0.22369791109923778,-0.040082956485362344,0.8010186067443785,0.22189789852340927,0.157849410072615,0.1364345415586002,0.6210508796822033,0.2672830734675129,0.0717136373640287,-0.618281684097886,0.5991031748931795,0.7647912085731086,1.821321971666485e-05,0.980110424927094,0.1161963558046476,0.3736828000510271,0.4505905234635636,5.57958294340448e-07,0.0198605971823262
pathway|Regulation of Mitotic Cell Cycle,pathway,58,0.16033182594144937,0.3104434085757527,-0.020912846861928177,0.8954154832750254,0.1936740430094669,0.21909100551166585,0.11496401878035392,0.5618647875175314,0.2871040732420648,0.08342483160670848,-0.9933445781935266,0.668475364350875,0.7846148462160154,9.34453415905199e-10,0.9779872690312136,0.1452251731457004,0.3978459995798307,0.3913633741786799,1.3609470754046072e-05,0.0756576809288924
pathway|Regulation of Necroptotic Cell Death,pathway,31,0.3681532416318606,0.016447571953728025,-0.06474268841005265,0.683753834776673,0.3622061457622609,0.01841391950151861,0.11748663093307402,2.797036179765211,0.002578687884881355,0.0812376963723985,-0.2634921298370648,0.4644200585751626,0.09854198575897632,0.5453292039121177,0.999999873896792,0.044367811023159,0.2984546140810554,1.8033525214254504,3.116514060062766e-26,0.0183343317928937
pathway|Regulation of Ornithine Decarboxylase (ODC),pathway,34,0.21383385916321562,0.1739032569604061,0.05193356970712164,0.7439467128553556,0.2796432580806707,0.07288085289105124,0.12176940769667303,0.9683940487295922,0.16642380526564338,0.0573142709309719,-0.09282680636262958,0.566059457105395,0.6437833786414466,1.884355403653324e-19,0.9779872690312136,0.2574380774493354,0.4457206379497557,0.6955399550377515,2.80327688815692e-13,0.0665882087051356
pathway|Regulation of Pyruvate Dehydrogenase (PDH) Complex,pathway,11,-0.06787961543934187,0.6692864165911578,-0.023875500167368002,0.8806994182721057,-0.02270884926409159,0.8864899452308608,0.08230947977407231,-0.28501471253942257,0.6121835648821067,0.09883934248118804,-1.0495288982382578,0.8770401152061406,0.9575854850937996,0.0797028180065921,0.7558882512503801,0.163075871496924,0.5880499362377227,-1.733497141899414,4.927853884051124e-26,0.0530479459880051
pathway|Regulation of Pyruvate Metabolism,pathway,28,0.06021157158996821,0.704848704590933,0.026925290334732527,0.8655918618475238,0.062043820310821673,0.6962911869667421,0.09937087733892873,-0.40878463596995895,0.6586511420153701,0.10154494204395001,-1.2494426805216705,0.8875936844437725,0.9575854850937996,0.1480135352965891,0.972663855239328,0.0708092381024711,0.4282317165158187,-1.028340927904554,1.336124451289312e-20,0.0121623724172267
pathway|Regulation of Signaling by CBL,pathway,21,0.30088358422599165,0.052839124269006305,0.09131943129708638,0.5651822312634939,0.2618005908017416,0.09397109666998138,0.13945819066738727,1.7303130015042458,0.041787183937559,0.08403914648327762,0.12057576112358238,0.5001451021129545,0.4097332060400614,0.764895954252398,0.999999873896792,0.0392543045926504,0.238095623275987,2.053633762258487,3.636559591746113e-26,0.0496085785867728
pathway|Regulation of the Apoptosome Activity,pathway,10,0.1998048243933388,0.20456825621395164,-0.07624475418411315,0.6312912780394331,0.23925394760382213,0.12700761563776156,0.14172810592052573,0.5841751004779634,0.27955125594801705,0.08707586612135344,-0.1475213114548998,0.590567393456277,0.7800374844249699,0.0779906324617545,0.999999873896792,0.1006607427660059,0.4960703762240873,1.7146372870667506,4.308219298282405e-26,0.0143388936392313
pathway|Release of Apoptotic Factors From the Mitochondria,pathway,5,0.18926126410045,0.22997496122595135,0.1282654607531595,0.4182155654752717,0.22579084411153924,0.15049802264512088,0.13768931237031587,0.45870306739973377,0.32322370550889756,0.13804657350420715,-0.10106453940167996,0.6046954696556736,0.8163195610828626,0.6113217645178994,0.999999873896792,0.0567122351332877,0.3531053638779677,-0.55484986498477,1.331272508193904e-09,0.0653230563583033
pathway|Removal of the Flap Intermediate,pathway,10,0.12495426000002086,0.4304305567310297,-0.11597916322177666,0.4645217562675916,0.17721012729300045,0.26156150677391243,0.15841917182220216,-0.3328911667070964,0.630391781257367,0.13181628787659103,-0.1797440314253486,0.7620339321185473,0.9575854850937996,2.0540958692360737e-06,0.999999873896792,0.2266286929444823,0.4179484123864794,-1.1989766703460587,3.403132181879479e-23,0.046528823708825
pathway|Removal of the Flap Intermediate From the C-strand,pathway,14,0.17958907242680824,0.2551086429061789,-0.09454349518830031,0.5514708158400371,0.20478515854225451,0.19327711619509175,0.11010613872805183,0.8252875152476938,0.2046041890648193,0.08650076283265042,0.16247572000280747,0.6215860181637165,0.6944879777288577,0.0451985041363529,0.999999873896792,0.1419918427437224,0.3628795752465553,-0.3035973477348162,0.000268363247403,0.0475177055485202
pathway|Repression of WNT Target Genes,pathway,11,0.1291368293724065,0.41503405194020654,-0.09855179083683653,0.5346467549808464,0.09164642738722678,0.5637844176619385,0.13645632577408134,-0.07457646266932201,0.5297241489851539,0.07726861231172838,0.2545019334225665,0.7540505822142815,0.9575854850937996,0.847637184231171,0.7095474595990942,0.0035394270800969,0.5986018983819078,,,
pathway|Resolution of AP Sites via the Multiple-Nucleotide Patch Replacement Pathway,pathway,21,0.05027796933055233,0.7518467675359801,-0.1768006928452178,0.2626829408448109,0.08418494834331096,0.5960713989118009,0.12165177293307469,-0.7607647249934805,0.7766011963344457,0.09449992675733795,2.0360504248041678,0.8996283704204391,0.9575854850937996,8.651183191516793e-08,0.999999873896792,0.1649659863945578,0.408843223832251,-1.3864181451445283,2.3448249530806785e-24,0.0481721880966196
pathway|Resolution of Abasic Sites (AP Sites),pathway,28,0.06273854058578454,0.6930561268389092,-0.22010771322179407,0.16131641535901198,0.09197083951957094,0.5623992351247176,0.13701835853349567,-0.8367753494714093,0.7986405720354486,0.09249577893306983,1.6935165583934517,0.8818033273397184,0.9575854850937996,2.500409477495459e-05,0.999999873896792,0.1219379617875858,0.3907109783625886,-1.5991590753686824,1.1472392526698058e-25,0.05415863704171
pathway|Respiratory Electron Transport,pathway,109,0.286506002008416,0.06584007804997051,-0.09131943129708638,0.5651822312634939,0.3255475748073702,0.03539530788707921,0.17189924436195336,1.187940021402982,0.11742852035604834,0.08353375268411437,0.15288529674282908,0.5122798637865735,0.564589720588639,1.5256092916743224e-24,0.999999873896792,0.1691340992644711,0.4075202624543212,-1.901794748623424,4.927853884051124e-26,0.1182053426812599
pathway|Response of EIF2AK1 (HRI) to Heme Deficiency,pathway,10,-0.006186717196653752,0.9689821997719662,-0.022481310376572788,0.8876199955154742,0.11054343409627441,0.48585051483166086,0.1553432405962602,-1.2048641068043466,0.8858721165258592,0.06123978656067965,-0.552206904914961,0.9906073122261704,0.9575854850937996,0.8303815813506924,0.999999873896792,0.0115440115440115,0.3917480876970891,-0.531715380372282,2.8758424524492084e-09,0.012711028296962
pathway|Response of EIF2AK4 (GCN2) to Amino Acid Deficiency,pathway,79,0.28772591807536185,0.06464696053215704,0.020825710000003477,0.895848857757534,0.22076245606020467,0.16004203393016486,0.17553285150421338,1.498360106122895,0.06701985772900348,0.04336801617992355,-0.7062323022496046,0.5122798637865735,0.4883983857688208,1.7658166925840407e-112,0.6546990428633584,0.3050611169865,0.4791133358662539,-3.017964030810286,2.3291734339045008e-26,0.0396588619301221
pathway|Response of Endothelial Cells to Shear Stress,pathway,62,0.1900454958577723,0.2280141550616328,0.0842613454811856,0.5957367484050924,0.2716951608382387,0.0817613384996646,0.13573308982010632,0.6055344802706837,0.2724119608126063,0.07712483648955262,0.13750584516308148,0.6016227140654119,0.7715267036275847,0.2788319864553822,0.999999873896792,0.0613106368151039,0.3427225609357124,1.6546804448397487,9.785393450536364e-26,0.0254267528763624
pathway|Response to Elevated Platelet Cytosolic Ca2+,pathway,80,0.3670204624268395,0.016807790710030378,0.08800823054394775,0.5794261167383574,0.44833756689963683,0.002904185411094504,0.22303115493936776,1.894728803510881,0.029064169861964303,0.06312629962134944,0.482578309819916,0.4644200585751626,0.3664536597656101,1.0689087941941102e-07,0.6103497721328504,0.0920929986069892,0.4940265315806592,,,
pathway|Response to Metal Ions,pathway,10,0.046356810543940793,0.7706561386129059,0.1639915741422868,0.2993818700346675,0.0905109849240222,0.5686449664774389,0.20214880597911322,-1.1659970641860147,0.8781921837687454,0.13618184465901853,0.3510583688887633,0.9056615935523931,0.9575854850937996,1.3591453134837029e-11,0.999999873896792,0.3428465102149312,0.3063039655478227,,,
pathway|Retrograde Neurotrophin Signalling,pathway,10,0.22673011472807134,0.1487625408458153,0.19039404330547113,0.2271463739403455,0.30802931966078523,0.04719325439925675,0.15397954870713865,0.8970312287126992,0.18485112670084847,0.13404263469876715,0.5864472157103338,0.5424390208890095,0.6721279860766911,0.0509373859089058,0.9147670877492068,0.1316305916305916,0.5132754157008638,0.1005481238693912,0.2508647658427462,0.1343320176688687
pathway|Retrograde Transport at the Trans-Golgi-Network,pathway,40,0.1786305669456365,0.25769565074460354,-0.020999983723852877,0.8949821388143312,0.15158156883781135,0.3379280993894908,0.1349837128075539,0.483296904621106,0.3144424687893652,0.09321030120085237,-1.3170010084954695,0.6242557835746009,0.8085111636070533,0.0528397766935583,0.999999873896792,0.0982880277617119,0.3104870902073718,0.3555870413366376,5.817237007776106e-05,0.0284213589827773
pathway|Rev-mediated Nuclear Export of HIV RNA,pathway,30,-0.09018665209206528,0.5700368837423316,-0.19623221305442606,0.21294693638954781,-0.14038935027193766,0.37520126112628427,0.12486712313809616,-0.4076285171903789,0.6582267876344252,0.08471881400629029,1.5794037126443548,0.8330576072469815,0.9575854850937996,4.115158848211333e-25,0.9679703265045758,0.2751482153660012,0.4173529929201878,-1.4992251380216577,4.308219298282405e-26,0.077510211784822
pathway|Reversal of Alkylation Damage by DNA Dioxygenases,pathway,6,-0.003049790167364526,0.9847067292845207,-0.21853924970714944,0.16439919799467262,-0.002270884926409159,0.988612275741209,0.16398721729919055,-1.3162321880146552,0.9059519383792266,0.11450655025524922,1.462151616105336,0.9970929774516216,0.9575854850937996,0.3588490609262488,0.999999873896792,0.114732285258601,0.2021895993569474,-0.924573038975978,3.7619921430381465e-18,0.0299247736457529
pathway|Ribavirin ADME,pathway,7,0.31752672485360944,0.04045513115640212,0.017340235523015446,0.9132070387342011,0.3459044361119666,0.024843169951838228,0.15103432277408377,1.9676434274031243,0.024554539638437595,0.11685488868411993,-1.0230313516856495,0.48662407764568755,0.33499779944424063,0.6102728570472843,0.999999873896792,0.0688409335025876,0.3750213588044193,-2.6735593047838533,2.3291734339045008e-26,0.0001961771168187
pathway|Ribosomal Scanning and Start Codon Recognition,pathway,49,0.2238545982845562,0.15412237230839154,0.08147296589959518,0.6080039353123892,0.15352804163187636,0.33168795132612705,0.14239470291424972,1.027402884234326,0.15211539696640392,0.0579721542385034,0.46295591315073475,0.5479108177242943,0.6242696585307518,3.0048819703279435e-48,0.4809837756279749,0.2251661737832521,0.4984854600097668,-3.2934989081891186,2.3291734339045008e-26,0.0424757803437745
pathway|Role of ABL in ROBO-SLIT Signaling,pathway,5,-0.26724875552305716,0.08708526157648341,-0.11563061577407788,0.46587416783490815,-0.24890520854106107,0.11193849888680965,0.14313536624060966,1.1338466161563145,0.1284294465663633,0.09474390997072711,0.26024801391105945,0.5136929078981881,0.5866326220965387,0.7184759197773157,0.999999873896792,0.021496924128503,0.2513530406025909,0.4513067124116912,2.0915166689764327e-07,0.0473844855018345
pathway|S Phase,pathway,114,0.08765968309624894,0.580934846911827,-0.08399993489541151,0.59688217420932,0.10551504604493987,0.5060253322745107,0.14126192370922858,-0.6402861807423452,0.7390067183472616,0.08413935387449104,-0.002702961937117868,0.8402879299146191,0.9575854850937996,1.2345531482407164e-11,0.999999873896792,0.1275296680537775,0.3812742277788223,-0.1610071433894028,0.0347941506287965,0.0312061785014414
pathway|SARS-CoV-1 Infection,pathway,117,0.3311200753138628,0.03219538317784534,-0.0704937212970829,0.6573195146738456,0.29983791331909504,0.053709036614349934,0.17434343333894123,2.4472751160922033,0.007197045990940884,0.06080845909415241,0.20118941332675117,0.4857625830347534,0.16925187931504795,0.0489687582409469,0.999999873896792,0.0626545666473071,0.2207066605677957,-0.788872300842517,3.652479305257076e-15,0.0149399790095887
pathway|SARS-CoV-1 Activates Modulates Innate Immune Responses,pathway,37,0.3921158786611533,0.010220448986754633,0.038688766694567125,0.807806991357299,0.3655313701187886,0.017291427754530322,0.15364407178872858,2.3814744925403364,0.008621742460501017,0.06570119389122435,-0.6091929709513566,0.4644200585751626,0.18633684212286186,0.4840168920530553,0.999999873896792,0.0472774893827525,0.2524493699196465,1.8981162828021487,3.5173431457819966e-26,0.0079058546052561
pathway|SARS-CoV-1 Modulates Host Translation Machinery,pathway,28,0.28877156041845825,0.0636380039713934,0.041651420000006954,0.7933989379546639,0.21500414071109575,0.1715034404020073,0.17109322838914992,1.1213503531135112,0.13106938000683177,0.05827277641214364,-0.4252742538429657,0.5122798637865735,0.5911921450608686,2.5844651282719006e-32,0.8268322112593721,0.4098534575978184,0.5095752775228259,-2.6065498585614817,2.3291734339045008e-26,0.0670265274528676
pathway|SARS-CoV-1 Targets Host Intracellular Signalling and Regulatory Pathways,pathway,13,0.023788363305443302,0.8811317031010486,-0.06570119389122435,0.6793210798863977,0.11549071911452295,0.4664175769609536,0.15058992477826777,-1.0150358635550891,0.8449556338631529,0.10780136873014352,-0.5628305947343141,0.9534469210214795,0.9575854850937996,0.3876977553952066,0.7558882512503801,0.0824167061009166,0.4808221028008138,0.458968979497738,3.7495384371768e-08,0.0411083639872158
pathway|SARS-CoV-1-host Interactions,pathway,80,0.31264706058582625,0.0438117999933996,-0.043132746652726865,0.7862199498544392,0.2670722879523343,0.087301977226242,0.1712152199958445,1.6304754548143936,0.05150052434904583,0.05222112135147315,-0.24038787265838144,0.5001451021129545,0.44912748942730385,0.003227400131134,0.999999873896792,0.0752747735276049,0.3089250053219956,-1.4624340886137028,1.5487060329630459e-25,0.0168447792731827
pathway|SARS-CoV-2 Activates Modulates Innate and Adaptive Immune Responses,pathway,90,0.12774263958161128,0.4201310846220243,-0.0697966264016853,0.6605025885163626,0.11759939797476002,0.4582627005411988,0.11669804233265549,0.16131165009158005,0.43592397399007204,0.08695823135775511,-0.3921352777322413,0.7558686413748746,0.9190580571563062,7.334771043828985e-10,0.999999873896792,0.1267935415658656,0.3013408652998536,0.7633135367051577,1.1062943703313983e-14,0.0366564493755277
pathway|SARS-CoV-2 Modulates Autophagy,pathway,10,-0.0009585054811717081,0.9951932883180874,0.10090448610880345,0.5248892117555561,0.06828875385844686,0.6674080198335041,0.14390217062554703,-1.7665257897790725,0.9613461606133167,0.05480472930754053,0.9076320491613188,0.9989712988278042,0.9684435119056092,0.022257211266593,0.999999873896792,0.1367843852054378,0.3913738017722684,-0.4259718802907375,7.431750700641545e-07,0.1144616850716471
pathway|SARS-CoV-2 Modulates Host Translation Machinery,pathway,38,0.2676844398326807,0.08655199627815179,0.023875500167368002,0.8806994182721057,0.20778597076643807,0.18669034642482152,0.22827679402723472,0.3560866541787043,0.3608878357431959,0.06272547005649583,-0.7974254573966163,0.5136929078981881,0.8583389093301239,3.482115725260123e-29,0.8245614437015378,0.2984886566604018,0.4741828401449012,-2.916941198311428,2.3291734339045008e-26,0.0660249024611166
pathway|SARS-CoV-2 Targets Host Intracellular Signalling and Regulatory Pathways,pathway,10,0.19239819112973924,0.2222005931696912,0.018385877866111854,0.9079950315505864,0.28645591285989824,0.06588943738816722,0.09788955068620882,1.4993812685716204,0.06688737506949315,0.05538854628243602,-0.554174255909697,0.5991031748931795,0.4883983857688208,0.4283685053869345,0.999999873896792,0.0906766917293233,0.4209087757853638,-0.4365604437870976,2.048178222112317e-06,0.0730873633073928
pathway|SARS-CoV-2-host Interactions,pathway,148,0.21130689016739929,0.1791672404240477,-0.0947177689121497,0.5507341638288019,0.16958644218291255,0.2829666923319771,0.16003556061090538,0.6891714249018205,0.24535769837453353,0.06076053382009383,0.7835999519107114,0.5707717415639754,0.7399620499969722,7.250613457914949e-05,0.999999873896792,0.0737320913475585,0.2248409881745458,-1.1941378771873168,4.105717295147973e-23,0.0279408821729204
pathway|SCF(Skp2)-mediated Degradation of P27 P21,pathway,42,0.2629790492887468,0.09244718667121815,0.01315766615062981,0.9340888540348032,0.31313881074520583,0.043463605560912805,0.1280171206966741,1.4834023755591297,0.06898376832743634,0.059536260910051764,-0.783449224248835,0.5136929078981881,0.4883983857688208,5.377003871129381e-12,0.999999873896792,0.198932078374587,0.2962613054188424,0.6288717904822577,2.186565282419931e-11,0.0730525659556896
pathway|SCF-beta-TrCP Mediated Degradation of Emi1,pathway,39,0.2381450436402071,0.12883180734018648,0.012634844979081607,0.9367024383382263,0.2748581791285943,0.07813124618751148,0.11655426651047969,1.4875987890979285,0.06842836649048532,0.07356093883683237,-1.1925159627408537,0.5145896426775005,0.4883983857688208,2.04112076537274e-14,0.999999873896792,0.1879786879786879,0.3675136125467675,0.7392395983392498,1.8530002754883865e-14,0.0709544081108809
pathway|SHC-related Events Triggered by IGF1R,pathway,7,0.18595006334731135,0.23838092964218519,0.08234433451884221,0.6041588073162439,0.16180055100665258,0.3059734315484842,0.1421812176025342,0.33660465491211583,0.3682074733383217,0.10739618232219365,-0.3154759689736103,0.6084527874891386,0.8634595059541619,0.9254180696118014,0.999999873896792,-0.0359567750545194,0.332804574643501,0.7576898618234168,4.154143745238233e-14,0.0235377363596021
pathway|SHC1 Events in EGFR Signaling,pathway,9,0.12120737493725874,0.44448983451127494,-0.025356826820087913,0.8733559073656916,0.10227092472149821,0.5192626138198193,0.14588017739123774,-0.1950532225811616,0.5773243589450462,0.11560883155859669,-0.9480466215572261,0.7688572096133045,0.9575854850937996,0.7966044655155313,0.999999873896792,0.0170255183413078,0.2903547404479301,1.2962089873191125,3.4979834473933914e-24,0.0166296560872331
pathway|SHC1 Events in ERBB4 Signaling,pathway,9,0.05167215912134754,0.7451923911676629,0.010979244602512294,0.9449829893218065,0.040389310476848614,0.7995288691914217,0.12332480068202896,-0.6188194562060824,0.7319823482834098,0.11866733541215371,-1.1494096985282203,0.899439261072026,0.9575854850937996,0.8884935145128143,0.999999873896792,-0.0029600516442621,0.3768861723082944,1.1462393944982607,2.9947122157199378e-22,0.0122879934192724
pathway|SHOC2 M1731 Mutant Abolishes MRAS Complex Function,pathway,5,-0.08138582903767048,0.6083890246276338,0.03354769184100979,0.8329560151802569,-0.07153287518188851,0.6525856253083154,0.1440023780167604,-0.5307423187612955,0.7022013219195185,0.08441819183265006,-0.9315019883120583,0.8498945208746413,0.9575854850937996,0.1587691447896344,0.999999873896792,0.1626179084073821,0.396236688167753,1.1428515005618272,1.7138386224922052e-21,0.0109025513204491
pathway|SLBP Dependent Processing of Replication-Dependent Histone Pre-mRNAs,pathway,8,0.1756679136401967,0.2658022235868442,-0.06535264644352555,0.6809317664643949,0.1854015336346906,0.2397933334144292,0.1582971802155076,0.16270165245170823,0.43537667293006965,0.10060822077825946,-0.3844199330493243,0.6321864249628011,0.9190580571563062,0.2146845072056286,0.999999873896792,0.1300019529342837,0.4401497557786586,-0.8681150038921587,1.2947267978516926e-16,0.0972572484813937
pathway|SLBP Independent Processing of Histone Pre-mRNAs,pathway,7,0.12347293334730094,0.43595896076645385,-0.09140656815901108,0.5648095898340554,0.14606656258796055,0.35599910888220554,0.1597175110648802,-0.31332370343959154,0.6229826283075327,0.09720988316319615,-0.07829340094551947,0.7667279880087634,0.9575854850937996,0.2364395832017292,0.972663855239328,0.1381928848094261,0.4787014041663101,-0.9292790262763426,6.399111426217596e-18,0.0864758394834376
pathway|SLC15A4 TASL-dependent IRF5 Activation,pathway,4,0.12268870158997863,0.438901628642392,-0.09062233640168876,0.5681674474837045,0.17664240606139817,0.2631173403232869,0.15430195509626007,-0.32097083788343117,0.6258837547058215,0.0932277285732373,-0.034482876887810494,0.7667279880087634,0.9575854850937996,0.2712656488382109,0.999999873896792,0.1991455912508543,0.4604635948052577,0.0862925588753398,0.5368117399324615,0.0899374668528319
pathway|SMAC (DIABLO) Binds to IAPs,pathway,7,0.06439414096235384,0.6853683582429858,-0.026925290334732527,0.8655918618475238,0.12530418611793398,0.4291303503131497,0.1272677436841217,-0.6886658632029306,0.7544832184632453,0.09947108473014213,-1.256270744423342,0.8794238940262892,0.9575854850937996,0.2136375073868701,0.999999873896792,0.1724245679132897,0.4651550596233298,1.041820972546094,4.713698287789677e-21,0.1151312537656987
pathway|SMAC(DIABLO)-mediated Dissociation of IAP Caspase Complexes,pathway,7,0.06439414096235384,0.6853683582429858,-0.026925290334732527,0.8655918618475238,0.12530418611793398,0.4291303503131497,0.13795507979918623,-0.789700403873727,0.7851486222828479,0.11327792050211097,-0.9326216808277495,0.8794238940262892,0.9575854850937996,0.0194759209771517,0.999999873896792,0.1724245679132897,0.4651550596233298,1.041820972546094,4.713698287789677e-21,0.1151312537656987
"pathway|SMAC, XIAP-regulated Apoptotic Response",pathway,7,0.06439414096235384,0.6853683582429858,-0.026925290334732527,0.8655918618475238,0.12530418611793398,0.4291303503131497,0.11471132188077227,-0.5331265572513104,0.7030270117827135,0.12370384603140139,-1.0451598365256287,0.8794238940262892,0.9575854850937996,0.1561575306602991,0.999999873896792,0.1724245679132897,0.4651550596233298,1.041820972546094,4.713698287789677e-21,0.1151312537656987
pathway|SMAD2 3 Phosphorylation Motif Mutants in Cancer,pathway,5,-0.09018665209206528,0.5700368837423316,-0.09044806267783936,0.5689148834155833,-0.02133009770162889,0.8933407077997267,0.14767083990379032,-0.5029242665677683,0.6924912403825971,0.10378435939541482,-0.1807781194696015,0.8330576072469815,0.9575854850937996,0.8721065095439853,0.9147670877492068,-0.0282365003417635,0.5271828597642724,,,
pathway|SMAD2 SMAD3 SMAD4 Heterotrimer Regulates Transcription,pathway,31,0.03441906046025679,0.8286811503370477,-0.21087120585777577,0.1800862185807048,0.07656126323322307,0.6298711323064791,0.16705879168203625,-1.5617507714362162,0.940826643476788,0.058394768018838195,4.060609876258782,0.9318478027347904,0.9610298510477878,0.3356906010927321,0.999999873896792,0.0635505185250516,0.3662389533231213,1.3224475477797577,1.2479854057151773e-23,0.0452656953290131
pathway|SOS-mediated Signalling,pathway,6,0.22045626066949287,0.16063709352979935,0.05219498029289574,0.7427016787439976,0.2459043963168775,0.11647072886329998,0.12481919786403754,0.993393024754834,0.1602592297477165,0.10105261877407545,-0.5866344932681378,0.5520746087978162,0.6397135788705899,0.9084426956487468,0.999999873896792,-0.0327819548872181,0.3758409191598074,0.7276461797251497,1.0420229628690307e-13,0.0143190354038813
pathway|SRP-dependent Cotranslational Protein Targeting to Membrane,pathway,90,0.3023649108787116,0.05162620463361312,0.03903731414226593,0.8061085688924624,0.2447689538536729,0.1182213122316453,0.15875029189751605,1.7323105210065575,0.04160914486543854,0.04218731170084386,-0.09901126430693913,0.5001451021129545,0.4097332060400614,4.139494143998127e-90,0.7414691400384221,0.2630685498219501,0.4346011996967656,-2.9518767418703944,2.3291734339045008e-26,0.039656525843153
pathway|STAT3 Nuclear Events Downstream of ALK Signaling,pathway,10,0.0005228211715482045,0.9973781465477015,-0.1778463351883142,0.25982526847005283,0.08167075431764367,0.6071302249287575,0.13952790015692706,-1.3297424856988518,0.9081984342518998,0.05971053463390118,3.0700449908531358,0.9996849937628873,0.9575854850937996,0.6539717062501571,0.999999873896792,0.0455699855699855,0.2990859552610478,1.892028486230072,4.927853884051124e-26,-0.0190890105938649
pathway|STAT5 Activation,pathway,6,0.2364023064017131,0.13173814531298858,0.16738991175735007,0.2893398648055044,0.27420935486390596,0.07886539840841711,0.11614036641633736,1.384447269926889,0.08311077171095899,0.09222129781800702,0.9738703516525107,0.5163444534458522,0.5110428366479463,0.7134403976048668,0.999999873896792,0.0326452494873547,0.3513369850904714,0.4176784501969742,4.528954643765506e-07,0.0114124185462302
pathway|STAT5 Activation Downstream of FLT3 ITD Mutants,pathway,8,0.2126139430962698,0.176430441265982,0.19178823309626633,0.22369791109923778,0.34582333307888047,0.024879311702466392,0.12669264039541864,1.0062750265313225,0.15714164509861073,0.10478643330754886,1.1144542968692044,0.5681060208764621,0.633713801910197,0.5178680524068843,0.999999873896792,0.0837271750805585,0.3570393468379588,0.6868746236731412,2.0751967790276188e-12,0.0850468389778225
pathway|STING Mediated Induction of Host Immune Responses,pathway,11,0.14996253937240997,0.3431733778322119,-0.1528380558159251,0.33389171073946705,0.17915660008706547,0.25627372770855084,0.10630697154813488,0.6750940669792966,0.24980800142799486,0.0807889415334863,1.2058740068672287,0.6959901936073832,0.7469259242697046,0.1271379611178986,0.999999873896792,0.1308233393400857,0.3391648993800413,,,
pathway|SUMO E3 Ligases SUMOylate Target Proteins,pathway,129,-0.058555971213398894,0.7126122437018001,-0.20999983723852877,0.18193427086203617,-0.08807789393144094,0.5791247824976007,0.1384256188535796,-1.31715247151771,0.9061062391763042,0.08239661663599702,1.9975867127024616,0.8918793073380831,0.9575854850937996,1.1167861866869e-07,0.8818086116253029,0.1085388550657828,0.4564366025846099,0.2938075259197193,0.0003774149173932,0.0274492536958263
pathway|SUMO Is Conjugated to E1 (UBA2 SAE1),pathway,4,0.11624057380755078,0.4635088282674182,0.12242729100420455,0.4398849514362329,0.13657750771689373,0.3884326236718734,0.1290148377657119,-0.09184569216358199,0.5365896798196246,0.09226050940587313,0.5457426968851649,0.7848265062571212,0.9575854850937996,0.2440384433246794,0.999999873896792,0.1425039872408292,0.3237869126641949,-0.0799873543550715,0.3093409976252591,-0.0007511554155708
pathway|SUMO Is Proteolytically Processed,pathway,5,-0.16137746828454574,0.3072568283920673,-0.09689619046026722,0.5415655270557628,-0.0660178689320377,0.6778588999587303,0.15155714394563197,0.09056948643900499,0.4639173392747604,0.12149492658161025,-0.3027386207616782,0.6664129967094268,0.9408711154089859,0.113209935763639,0.999999873896792,0.2173000683526998,0.4633516545722604,1.8401185355042,4.927853884051124e-26,-0.0374531880810901
"pathway|SUMO Is Transferred From E1 to E2 (UBE2I, UBC9)",pathway,5,0.1175476267364213,0.45846198922142667,0.1900454958577723,0.2280141550616328,0.12092462233128773,0.4455609198328678,0.15939510467575882,-0.436500620804164,0.6687632255469264,0.08955926668620742,1.530782967116298,0.7794971108370805,0.9575854850937996,0.4545697560038439,0.999999873896792,0.1390977443609022,0.264400157649636,-0.0492266799332767,0.4269461311445459,0.0396324162681275
pathway|SUMOylation,pathway,134,-0.06665969937239608,0.6748989659622525,-0.2021575196653057,0.19917818191334785,-0.0975669488025078,0.5387572472197824,0.12482355470713383,-0.9472268744871897,0.82823840808817,0.08503686355231546,2.5767768572633125,0.8770401152061406,0.9575854850937996,4.3965689085360686e-08,0.8354573015661355,0.1117237268398754,0.4584563951398139,0.2908011550856507,0.0003399551208899,0.0263946972811892
pathway|SUMOylation of DNA Damage Response and Repair Proteins,pathway,65,-0.09628623242679431,0.5441253395461798,-0.19867204518831766,0.20719954267379148,-0.13252235606259163,0.4028042596112453,0.13868702943935368,-0.4357450243889309,0.6684891325974062,0.09116258494562193,1.9390956901566374,0.823616619570151,0.9575854850937996,1.4975494942304938e-17,0.7095474595990942,0.1735948919501551,0.4890811875179988,-0.378950561262326,1.806760355463681e-05,0.0357285224834131
pathway|SUMOylation of DNA Methylation Proteins,pathway,11,-0.03964727217573884,0.8031384497760204,-0.06840243661089009,0.6668864456657027,-0.06950529935473748,0.6618346023559616,0.15330859487031848,-0.915369514793147,0.8200011616294911,0.12834824077198795,-0.5998467645424871,0.9190643933194154,0.9575854850937996,0.778019081555419,0.999999873896792,0.0380811532964643,0.4178711652158799,0.7332185210828028,2.980970703487548e-14,0.0786907126924011
pathway|SUMOylation of DNA Replication Proteins,pathway,37,-0.06718252054394426,0.6724914355703715,-0.1643401215899856,0.298341752831904,-0.11070564016244651,0.48520676248465794,0.1560969744519089,-0.8981887983504566,0.8154575478641232,0.07097733088076498,1.9631677710390982,0.8770401152061406,0.9575854850937996,4.4622737019142576e-10,0.999999873896792,0.1764300185352816,0.3765104701926693,-0.5610153225308104,1.159731975444788e-09,0.0724233106150859
pathway|SUMOylation of RNA Binding Proteins,pathway,37,-0.14638992803349724,0.35492364832859347,-0.22882139941426413,0.144951360892046,-0.19424176424106912,0.2177170291420367,0.1090822806004366,0.5824261810425168,0.2801398254233676,0.07455429906277394,2.7161804906685663,0.7057590905608639,0.7800374844249699,2.352445632264939e-13,0.972663855239328,0.1886933755354808,0.4284951378681134,-0.6191836573104624,3.5908710579106743e-11,0.0495399519110389
pathway|SUMOylation of SUMOylation Proteins,pathway,30,-0.06413273037657975,0.6865801590031051,-0.18202890456069984,0.24860212528411596,-0.11662616157772754,0.4620168950807374,0.10765323606487151,-0.6634235902888176,0.7464703492476311,0.09520573533892802,1.5686527879446341,0.8794238940262892,0.9575854850937996,1.9347353420117858e-17,0.999999873896792,0.2256624319419237,0.3648414985226721,-0.7747769731684387,2.7311435198505915e-15,0.0731047792091651
pathway|SUMOylation of Chromatin Organization Proteins,pathway,46,-0.08460989292888442,0.5942110157923404,-0.2151409120920861,0.17122453678842628,-0.15020281727534865,0.34239178792858826,0.14336192208161386,-0.606052171494518,0.7277599451596536,0.08448790132218983,2.2659439896597817,0.8457564309856219,0.9575854850937996,1.3998116533722958e-10,0.99054418665301,0.1711793977697867,0.4183240973091611,-0.252689099383322,0.0061229616669052,0.0366201306435342
pathway|SUMOylation of Immune Response Proteins,pathway,11,0.09053519953976408,0.5685411089700765,-0.004705390543933839,0.976406586520951,0.1673155572565034,0.289557216684304,0.1559488417866369,-0.5735324463256651,0.7168578816880775,0.10315697398955696,-1.4552527967309488,0.8330576072469815,0.9575854850937996,0.5299406026789504,0.999999873896792,0.0461579568756602,0.3826409028191772,3.273637474672416,2.3291734339045008e-26,0.010191370469969
pathway|SUMOylation of Intracellular Receptors,pathway,18,0.0005228211715482045,0.9973781465477015,-0.09236507364018279,0.5607180561036453,0.06763992959375853,0.6703877652994803,0.11771318677407823,-1.457795794750758,0.9275515811215005,0.08585595005440763,0.09875956998587529,0.9996849937628873,0.95847488499609,0.7745668282306367,0.999999873896792,0.0174093879976232,0.3272033728906038,1.032954041054562,9.035776606060649e-20,0.0151286095877417
pathway|SUMOylation of Transcription Cofactors,pathway,36,-0.07772608083683306,0.6246560635631669,-0.19239819112973924,0.2222005931696912,-0.07534471773693245,0.6353368027047045,0.12149056973851402,-0.5533962611591311,0.7100039507251671,0.10017689331173221,1.5559470590900195,0.8590046918776008,0.9575854850937996,0.6460872755869874,0.999999873896792,0.0523471015200338,0.3801006356254314,1.6507599526973995,1.0466427106627458e-25,0.0258109442432686
pathway|SUMOylation of Transcription Factors,pathway,13,0.09288789481173097,0.5584921458165092,-0.12617417606696668,0.4259072994507496,0.09172753042031283,0.5634379738339225,0.16066730285985947,-0.7157152098808104,0.7629163914231741,0.10219846850838525,0.2774342732713488,0.8270844989125001,0.9575854850937996,0.8099905768399543,0.999999873896792,0.0132534132534132,0.2703476299955076,0.7513271540310602,3.6902619387413896e-14,0.0016935915732876
pathway|SUMOylation of Ubiquitinylation Proteins,pathway,35,-0.04513689447699498,0.7765350671261253,-0.18202890456069984,0.24860212528411596,-0.09480944567758239,0.5503468347836674,0.13182064471968727,-1.5512797542746686,0.939582671764262,0.09244785365901124,1.2409720064532608,0.9089172821744461,0.9606124114760146,1.9900392480728912e-05,0.999999873896792,0.2043657271521048,0.3420750188691462,-0.7666559973387707,4.025247648142849e-15,0.0580070574191945
pathway|Scavenging by Class F Receptors,pathway,5,0.15597498284521433,0.32394574140581206,-0.057248918284528376,0.7187616981871534,0.11078674319553256,0.4848850530041378,0.16129904510881354,-0.05089505034776309,0.520295425174765,0.11084244521131559,-0.5739533040602233,0.6800586126001651,0.9575854850937996,0.3685799086958404,0.999999873896792,0.1073410799726588,0.1923154761603899,,,
pathway|Sealing of the Nuclear Envelope (NE) by ESCRT-III,pathway,19,0.2491242882427194,0.1116129331391161,0.11467211029290618,0.4696041227232101,0.2996757072529229,0.05384500315704197,0.11512086513181838,1.8747338483319662,0.03041467391591062,0.08634391648118597,0.43909075812154325,0.5144479402341297,0.367368117341812,0.3356906010927321,0.999999873896792,0.0718278950965931,0.3846085860018296,,,
pathway|Selective Autophagy,pathway,63,0.035813250251052,0.8218515556353029,-0.05585472849373317,0.7253404715368845,0.1346310349228287,0.3952931341889589,0.15748680739960788,-1.60767208524939,0.9460464923152142,0.06035534741214397,-0.10027089325186257,0.9293005434601237,0.963492075615466,0.1375579097003962,0.999999873896792,0.061976194501055,0.3447893569178921,0.586941127863441,1.4787903924382716e-10,0.0210637626814527
pathway|Selenoamino Acid Metabolism,pathway,77,0.2960910568201331,0.056920962982785706,0.03781739807532012,0.8120568455600091,0.22862945026955073,0.14529814209370948,0.15223681146864465,1.8770087296531932,0.03025844870481575,0.0482738215062842,-0.31966130106875984,0.5091263911238054,0.367368117341812,2.185652131647736e-69,0.3744210519465297,0.3019256959898036,0.473656886826333,-2.8574273447464638,2.3291734339045008e-26,0.0415730879744765
pathway|Selenocysteine Synthesis,pathway,71,0.27535248368205434,0.07757553474158374,0.014551855941425024,0.9271227093930569,0.20024338868943617,0.20355583816102313,0.1919232952322496,1.0967761469549124,0.13636962990732998,0.04580784831381517,-1.0152858970821452,0.5136929078981881,0.6001290697602116,1.3979354053804078e-157,0.6546990428633584,0.367925557445837,0.4937850947427185,-2.8480051633826107,2.3291734339045008e-26,0.0448584253781357
pathway|Sema3A PAK Dependent Axon Repulsion,pathway,10,0.11249368874478864,0.47814001788297006,-0.12852687133893356,0.41725966408591175,0.15344693859879033,0.331946517800296,0.1311279066673859,-0.2301986172247884,0.5910312818482882,0.08763789888076774,0.6465709101222824,0.7929849900388719,0.9575854850937996,0.3367154148264997,0.9679703265045758,0.0746305156831472,0.511105480783103,0.4713969817793453,8.913234027175919e-09,0.013076711525424
pathway|Sema4D in Semaphorin Signaling,pathway,17,0.2721284197908404,0.08125646492011855,0.1665185431381031,0.29189367710717395,0.38094094640513637,0.012813310306048823,0.15644987874270394,1.113002669311765,0.13285364153489954,0.09067461851884359,1.0757136646606533,0.5136929078981881,0.5954232799412092,0.0714106009638367,0.972663855239328,0.1041443850267379,0.4180691846286033,,,
pathway|Sema4D Induced Cell Migration and Growth-Cone Collapse,pathway,14,0.3344312760670014,0.030409633089936928,0.24929856196656877,0.11135446537104701,0.40827266855513233,0.007271670685835288,0.147182873477012,1.7720556916791528,0.038192656503801097,0.07089455086193652,3.3611193233182424,0.4857625830347534,0.3986950997158573,0.3476084350942397,0.999999873896792,0.0788407081640164,0.3903435649526206,,,
pathway|Sema4D Mediated Inhibition of Cell Attachment and Migration,pathway,5,0.0842613454811856,0.5957367484050924,0.13602064146445786,0.39038818549138204,0.215490758909612,0.1705126173524391,0.13838205042261725,-0.570698353284946,0.715897932382662,0.1030219118535737,0.3901455337980305,0.8457564309856219,0.9575854850937996,0.704168598840951,0.8773698159345004,0.033984962406015,0.5479307495998758,3.595395643887059,2.3291734339045008e-26,-0.0569691582513448
pathway|Semaphorin Interactions,pathway,40,0.31543544016741665,0.041867074524556,0.03354769184100979,0.8329560151802569,0.3738849825266508,0.014723302705364904,0.16007912904186772,1.6137235040386515,0.05329370670696284,0.0682935155334842,-0.8691204732141541,0.4910698601145319,0.4495522427488712,8.184440303130109e-07,0.7584976426989276,0.123751599277915,0.4461953557603222,,,
pathway|Sensing of DNA Double Strand Breaks,pathway,5,0.12591276548119254,0.42687431603328385,-0.07546052242679083,0.6348156879566986,0.049472850182485255,0.7556976819467714,0.169019371075342,-0.3738252937964782,0.6457328500605615,0.08869225491005664,-0.1767340554631813,0.7590891618161962,0.9575854850937996,0.8201334934370851,0.999999873896792,-0.0051811346548189,0.071540044878747,-0.6709263129551061,1.4125594634165081e-12,-0.0458340098061499
pathway|Separation of Sister Chromatids,pathway,121,0.10508705548118907,0.5077618643539412,-0.01890869903766006,0.9053904424158552,0.12197896176140625,0.4415742156375197,0.1388133778891445,-0.5572033873468067,0.7113057621844507,0.0756435098368327,-1.047354234620618,0.8124966223951062,0.9575854850937996,9.041773851512224e-05,0.999999873896792,0.0970660592126446,0.3743990660599411,0.3046726653026446,0.000861559405678,0.0288164773764795
pathway|Serine Biosynthesis,pathway,7,0.0023526952719669196,0.9882020526320278,0.0472281791631878,0.7664646291897044,0.009813467003411009,0.9508171563527913,0.15338266120295446,-1.1907524745058073,0.88312461444028,0.0940076034874634,-0.5710973162010311,0.9977360811185886,0.9575854850937996,0.5520740154120403,0.7561258166152436,0.0291312697327735,0.6364981008697713,,,
pathway|Sialic Acid Metabolism,pathway,20,0.3061117959414737,0.04865805093482768,0.05646468652720607,0.7224598262121839,0.3405516359282878,0.02732427279212363,0.1516573513368454,1.6021948131491668,0.05455626835079468,0.12268434474688239,-0.8784613039625465,0.5001451021129545,0.4495522427488712,0.0009434494878183,0.999999873896792,0.1519638809943519,0.3872823321760683,-0.7707846259821222,5.826526491019372e-15,0.0375372124475121
pathway|Signal Attenuation,pathway,7,0.20773427882848655,0.18680244216811887,0.05864310807532359,0.7122029133527925,0.2582320573459558,0.09870401273589986,0.13081857080755324,1.085825707261629,0.13877805531005372,0.09284868322386487,-0.5158569334184296,0.5759318937964197,0.6001290697602116,0.3394038247925273,0.8028422954355551,0.1456726231162321,0.590488104075423,1.752490586773378,4.432907463271442e-26,0.0240488019086583
pathway|Signal Regulatory Protein Family Interactions,pathway,13,0.19387951778245915,0.21859303379530387,0.10412855000001738,0.5116617964599063,0.19521500063810163,0.21537552721509873,0.1585978023891478,0.4173929385682775,0.33819550953251143,0.08663146812553749,0.24448283938913154,0.5991031748931795,0.831778145066447,0.0371778869852147,0.8718293000101139,0.1046190651453809,0.486477333032448,1.9350475194735368,2.892352328111004e-26,0.0338142742841252
pathway|Signal Transduction by L1,pathway,15,0.09794183280336362,0.5371907772138035,0.06814102602511597,0.6680860231074081,0.23146805642756213,0.14023182299679812,0.14549677519876905,-0.42177794386572187,0.6634064469268195,0.09107980492679343,-0.3762291919994391,0.823616619570151,0.9575854850937996,0.0544770935808948,0.5356702191873484,0.1121186082088337,0.6245739238168799,1.7986156710816297,5.103022555774844e-26,0.0895887869927549
pathway|Signaling by ALK,pathway,23,-0.10229867589959868,0.5191486536799713,-0.09768042221758952,0.5382828609489061,-0.03641526185563258,0.8189065132891824,0.134670020104625,-0.36231555026686557,0.641441880478787,0.08032711616528537,0.30788501725632345,0.8167234399366559,0.9575854850937996,0.9078065016845752,0.999999873896792,0.0062973639632678,0.2518476885627698,1.7696902622060575,6.612380046773474e-26,0.0051472389370347
pathway|Signaling by ALK Fusions and Activated Point Mutants,pathway,79,0.23134836841008047,0.14044276574741435,-0.10317004451884566,0.5155767106245132,0.2637470635958066,0.09146435815790518,0.15864137082011015,1.0137418094141908,0.15535298418653543,0.05238668138913007,1.1163930275057676,0.5363991034841938,0.6291655659771296,0.7787990506103636,0.999999873896792,0.0425927836320907,0.1212717774927104,1.8114014198166384,7.12522646133337e-26,0.0229918557060811
pathway|Signaling by ALK in Cancer,pathway,79,0.23134836841008047,0.14044276574741435,-0.10317004451884566,0.5155767106245132,0.2637470635958066,0.09146435815790518,0.11034140825524856,1.6691934405358917,0.047539524829339735,0.07592670463808798,0.6512730489771942,0.5363991034841938,0.4240476187470389,0.7374943770930267,0.999999873896792,0.0425927836320907,0.1212717774927104,1.8114014198166384,7.12522646133337e-26,0.0229918557060811
pathway|Signaling by AMER1 Mutants,pathway,13,0.1419459480753375,0.36987612096731265,-0.14996253937240997,0.3431733778322119,0.1849149154361744,0.24105106275788832,0.12173890979499939,0.2180200025675418,0.41370676324250416,0.08647897861716926,0.8169698778038902,0.7147344340593939,0.9073821204669011,0.0348266641403088,0.999999873896792,0.1358150621308516,0.2698589467035261,1.1067352306360732,2.9224163003255048e-21,0.076760415959445
pathway|Signaling by APC Mutants,pathway,13,0.1419459480753375,0.36987612096731265,-0.14996253937240997,0.3431733778322119,0.1849149154361744,0.24105106275788832,0.13065301076989627,0.09442892583925838,0.4623842194816964,0.09572855651047622,0.7849191036878694,0.7147344340593939,0.9408711154089859,0.0196433045512387,0.999999873896792,0.1358150621308516,0.2698589467035261,1.1067352306360732,2.9224163003255048e-21,0.076760415959445
pathway|Signaling by AXIN Mutants,pathway,13,0.1419459480753375,0.36987612096731265,-0.14996253937240997,0.3431733778322119,0.1849149154361744,0.24105106275788832,0.15433680984102996,-0.11796086436703572,0.5469506664831116,0.08843520116737877,0.8843631507867591,0.7147344340593939,0.9575854850937996,0.0941671810495647,0.999999873896792,0.1358150621308516,0.2698589467035261,1.1067352306360732,2.9224163003255048e-21,0.076760415959445
pathway|Signaling by Activin,pathway,11,-0.1768006928452178,0.2626829408448109,-0.2494728356904182,0.11109645219932511,-0.06042175964910084,0.7038651711245177,0.11775675520504059,0.6774537784682697,0.24905904352944208,0.08120284162762863,2.3336565711692385,0.6303502694692337,0.746261165338493,0.8081173297714154,0.5387316464886753,-0.008086745790095,0.6387025310257542,,,
pathway|Signaling by BRAF and RAF1 Fusions,pathway,48,0.14882976016738883,0.346872900291494,0.023962637029292706,0.8802671676362595,0.2082725889649543,0.18563744044221323,0.12459699886612959,0.3184372164508907,0.37507665584359295,0.08668810708578853,-0.9390599633663095,0.6993288859046127,0.8690325308920791,0.3534463577238465,0.999999873896792,0.0607731247848829,0.2766420963263843,1.0173798015314963,3.2845013751986555e-19,0.0251912587756275
pathway|Signaling by CSF1 (M-CSF) in Myeloid Cells,pathway,30,0.2674230292469066,0.08687165022713826,0.09829038025106242,0.5357363338625027,0.30397416800648314,0.05033403504608347,0.1356241687427005,1.3803506677796058,0.08373935077230071,0.052778797267791236,1.0128092738403527,0.5136929078981881,0.5110428366479463,0.447208755290196,0.999999873896792,0.0494213590402338,0.2473323048798316,1.9834175825872091,2.5267562411462552e-26,0.0528741136741375
pathway|Signaling by CSF3 (G-CSF),pathway,28,0.21827783912137533,0.16491711628566041,0.1640787110042115,0.2991216228393209,0.2539335965923956,0.10464562222397411,0.15743888212554927,0.6177118892904828,0.2683826366719976,0.08256217667365395,1.3033761627721594,0.5573119478539329,0.7663367783826616,0.2628817801783336,0.999999873896792,0.0708902487097975,0.3288957627746213,1.9875535402692852,2.3291734339045008e-26,0.0369411071785491
pathway|Signaling by CTNNB1 Phospho-Site Mutants,pathway,14,0.0953277269456226,0.5481595561687627,-0.09759328535566483,0.5386471268199801,0.12903492563989186,0.41540540751347177,0.15886792666111438,-0.5275411414618155,0.7010910729108213,0.10528311342051966,-0.11015964291045383,0.823616619570151,0.9575854850937996,0.0248879137868477,0.999999873896792,0.127862363200709,0.3014461079832132,1.1950643648001271,4.140375383710632e-22,0.0624172621708907
pathway|Signaling by EGFR,pathway,39,0.06212858255231163,0.6958961938099115,-0.10778829820085482,0.4968524630870687,0.08596921507120388,0.5882772087465243,0.15549137326153223,-0.9647435540573867,0.8326633628114902,0.05278751095398371,1.3121120715445496,0.8832690925677046,0.9575854850937996,0.9796632035610952,0.999999873896792,0.0153140488320543,0.1625503563609572,2.4682135017929863,2.3291734339045008e-26,0.004446155169034
pathway|Signaling by EGFR in Cancer,pathway,20,0.2386678648117553,0.12796932111052392,-0.0117634763598346,0.9410598571651745,0.13957831994107722,0.3779937651497662,0.15974800896655386,0.754002290778803,0.22542392310554427,0.0799567845021054,-1.1709338434060432,0.5145896426775005,0.7151227627011635,0.7502095715674479,0.999999873896792,0.0356675180774903,0.2702167556358975,1.039228190810334,1.255812209499794e-20,0.0053172424898225
pathway|Signaling by EGFRvIII in Cancer,pathway,13,0.2609749014644787,0.09505031846648956,0.024572595062765604,0.8772423808546519,0.19270080661243433,0.22146030416519033,0.1316986531129927,1.4882271674411067,0.06834549746015744,0.06682525941005299,-0.8015585592428291,0.5136929078981881,0.4883983857688208,0.9124551191945832,0.999999873896792,0.0071533729428466,0.1822408054929772,0.6602520322909027,1.2936126114397377e-12,-0.0092744013174574
pathway|Signaling by ERBB2,pathway,39,0.19248532799166396,0.2219872555313471,-0.03441906046025679,0.8286811503370477,0.2180860559683653,0.16529783628604705,0.10737004126361623,1.2611274997475168,0.10363145711261745,0.09128893339541272,-1.1326699120154389,0.5991031748931795,0.541987380254381,0.7996566891044383,0.999999873896792,0.0340420429063088,0.1921946220580395,1.320991307161698,1.1329816389599969e-23,0.0076793322994251
pathway|Signaling by ERBB2 ECD Mutants,pathway,13,0.18194176769877513,0.2488325602033905,0.012199160669458104,0.9388809277028031,0.11159777352639295,0.48167408097169934,0.11946899454186095,0.6229306309671625,0.2666650540489981,0.09237378732637525,-1.0553256559640722,0.620505526074065,0.7647912085731086,0.7990679732603162,0.999999873896792,0.0248873933084459,0.1618032638038325,0.4684944145069805,1.380727395755489e-07,-0.0094434375249064
pathway|Signaling by ERBB2 KD Mutants,pathway,16,0.003746885062762132,0.981211688307142,-0.0048796642677832415,0.9755330152116222,-0.0721005964134908,0.650005017319467,0.17757185407325138,-1.585287657439408,0.9435495039796242,0.06536136012971802,-1.4955560961190382,0.994920029538833,0.9624021012813614,0.8226198989992626,0.999999873896792,0.0140088858509911,0.1625259443609123,0.8405676047098467,2.0262485973479158e-16,-0.003230666664605
pathway|Signaling by ERBB2 in Cancer,pathway,17,-0.0051410748535573435,0.9742227114932022,-0.048186684644359504,0.7618615548261864,-0.05742094742491731,0.7179513197171622,0.1821726803828756,-1.5714384187392696,0.9419595760185036,0.058630037546034894,-0.21531065084125778,0.9921995501811169,0.9612832722745227,0.7814649528598466,0.999999873896792,0.0314754131317598,0.1863574739941079,1.1122098058166854,1.1746978229687145e-21,0.0028068773834392
pathway|Signaling by Erythropoietin,pathway,23,0.1887384429289018,0.2312885552732632,0.011414928912135797,0.9428033070970366,0.1902677156198531,0.22746063082153703,0.12676670672805462,0.6952440445041848,0.243451187184057,0.0672609437196765,-1.0872993289687252,0.6058660152527408,0.7373999056095968,0.7914111676995336,0.999999873896792,0.0352975503797222,0.2150420495402608,1.5779097187239142,1.9018274754970664e-25,0.0298535154532915
pathway|Signaling by FGFR in Disease,pathway,40,0.14621565430964784,0.3555030088817212,-0.053327759497916856,0.7373140462795595,0.1316302226986452,0.40600664267328357,0.14219864497491913,0.050089836710964425,0.4800253993513219,0.06853749874687336,-0.3314850936135416,0.7057590905608639,0.9575854850937996,0.7537230389861084,0.999999873896792,0.0403675272096324,0.2539038522058675,0.1897842650896486,0.0400297882958537,0.0018020403252731
pathway|Signaling by FGFR1 in Disease,pathway,25,0.03799167179916953,0.8112064443778662,0.05785887631800129,0.7158897450205349,0.02270884926409159,0.8864899452308608,0.11855405749165157,-0.9562162598708639,0.8305185066212376,0.07157857522804541,-0.19363057917945437,0.9207457093724912,0.9575854850937996,0.8488814688532357,0.999999873896792,0.0340457963089541,0.1954515599599975,0.9969566614381088,9.443512994355493e-19,0.0173284100229977
pathway|Signaling by FGFR2,pathway,48,0.20625295217576664,0.19003509657105352,-0.059863024142269405,0.7064807093260683,0.18799683069344397,0.23316064335385644,0.1158571716150821,0.9433930402117076,0.17273995087589444,0.05781966473013518,0.0412458640380309,0.5759318937964197,0.6495501171338111,0.8504366730359066,0.999999873896792,0.0350200937546962,0.1854991440272008,0.2547154456736819,0.0040565711814126,0.0316465396215743
pathway|Signaling by FGFR2 IIIa TM,pathway,15,0.2343110217155203,0.1352899316181123,-0.14708702292889483,0.352611944332146,0.23341452922162714,0.13683411326926292,0.1425384787364255,0.9129471772913075,0.18063516178574585,0.08946341613809025,0.631449000392885,0.5263230982838458,0.663457823159001,0.291387114789788,0.999999873896792,0.0754014907398365,0.1989135130591045,-0.8890995403974261,4.430424078786196e-17,0.0215161086216911
pathway|Signaling by FGFR2 in Disease,pathway,26,0.15153100288705457,0.3380911679001501,-0.07729039652720956,0.6266045914892702,0.11046233106318837,0.48617255760789957,0.1460849490167608,0.05710253592353258,0.4772317581733559,0.08869661175315288,-0.1620548912140343,0.6908400391995175,0.9558335596716113,0.6530365532424226,0.999999873896792,0.0472348703927651,0.2732442861528066,-0.4466653386219296,4.826116852092477e-07,0.0109140459069023
pathway|Signaling by FGFR3,pathway,26,0.22768862020924305,0.14700671699866413,0.034941881631805,0.8261185638651729,0.1945661763734133,0.2169345808033004,0.13178143313182114,1.3032700889563675,0.09624128449725394,0.07848852837867418,-0.6377435328412739,0.5397983485582527,0.5299852515627526,0.754790973203493,0.999999873896792,0.0273797781166202,0.195513416162941,1.6181095037481676,9.223813101741516e-26,0.0157388082255764
pathway|Signaling by FGFR4,pathway,26,0.22768862020924305,0.14700671699866413,0.034941881631805,0.8261185638651729,0.1945661763734133,0.2169345808033004,0.15531274269458661,0.752989779471335,0.22572802787477025,0.08040989618411383,-0.670495505390075,0.5397983485582527,0.7151227627011635,0.806531775430261,0.999999873896792,0.0273797781166202,0.195513416162941,1.3845773350886053,2.3751841960661176e-24,0.0235271209400182
pathway|Signaling by FGFR4 in Disease,pathway,10,-0.03502901849372969,0.8256916385358553,0.009062233640168876,0.9545780881031557,-0.03463099512773967,0.8276421483225535,0.1561448997259675,-1.0405067877835479,0.8509477439294871,0.10155365573014248,-1.1826965748299598,0.9315884827142438,0.9575854850937996,0.6479688372346787,0.999999873896792,0.0400941748310169,0.231531128903594,0.3579744509387606,3.414192591653081e-05,0.0090442965996997
pathway|Signaling by FLT3 ITD and TKD Mutants,pathway,14,0.10674265585775841,0.5010611479976157,0.1071783401673819,0.4993053242992869,0.18718580036258353,0.2352197700958341,0.10775344345608492,-0.012449158009344022,0.5049663672024586,0.08589951848536999,0.2976155309083361,0.8059806602401358,0.9575854850937996,0.7083898627534326,0.999999873896792,0.0342642320085929,0.2175733530963224,0.6618372414166899,2.6923142180269117e-12,0.0294723099704104
pathway|Signaling by FLT3 Fusion Proteins,pathway,16,0.05751032887030248,0.7175303905339072,0.07519911184101674,0.6359922678567209,0.07899435422580432,0.6189983057680307,0.13636483206906042,-0.7608085260434841,0.776614279431708,0.06679911835147558,0.17397722716039304,0.8928401579939195,0.9575854850937996,0.8426401584456408,0.999999873896792,0.0187354750512645,0.1553952408951338,1.5543445848777404,5.522665913681257e-25,0.0070656745631294
pathway|Signaling by GSK3beta Mutants,pathway,14,0.0953277269456226,0.5481595561687627,-0.09759328535566483,0.5386471268199801,0.12903492563989186,0.41540540751347177,0.12249264365064805,-0.3114811622786612,0.6222825692757205,0.093759263430978,0.07000992721468352,0.823616619570151,0.9575854850937996,0.0071819822137751,0.999999873896792,0.127862363200709,0.3014461079832132,1.1950643648001271,4.140375383710632e-22,0.0624172621708907
pathway|Signaling by Hedgehog,pathway,89,0.2616719963598763,0.09413855254527861,-0.057248918284528376,0.7187616981871534,0.32473654447650974,0.03588206909027123,0.14381939060671856,1.4437417863339452,0.07440581125678848,0.06625886980754245,-0.16671413924820613,0.5136929078981881,0.498111673808852,0.0001788497744407,0.999999873896792,0.0879875017192903,0.3285821010163164,1.2605712816555594,1.2077740796691683e-23,0.0231311978292797
pathway|Signaling by KIT in Disease,pathway,18,0.1519666871966781,0.33668773854916983,0.15832767811718124,0.3166094451331915,0.17080298767920316,0.279476601896971,0.1620440652782697,-0.10251003762031391,0.5408240770233177,0.07085098243097418,1.3756164011205372,0.6895180399054917,0.9575854850937996,0.7331478225610896,0.999999873896792,0.0247892458418774,0.0461456741741957,1.567156110205033,5.432558192441396e-25,0.0393735478383536
pathway|Signaling by LTK,pathway,9,-0.12303724903767743,0.4375924233058606,-0.0699709001255347,0.6597062632067777,0.009651260937238925,0.9516291291018011,0.1269976194121551,-0.04322422275470022,0.5172386019178878,0.08272773671131087,-0.1891636671160311,0.7667279880087634,0.9575854850937996,0.9539260861922116,0.999999873896792,-0.0415394546973494,0.2912766334407402,0.4619725881224409,3.266454551169709e-07,-0.0185150126713022
pathway|Signaling by LTK in Cancer,pathway,7,-0.08382566117156211,0.5976463265302125,0.06962235267783588,0.6612992837922372,-0.029845916175663234,0.8511682215887716,0.14189802280127892,-0.6715089617739922,0.7490518238347044,0.11844513641424573,-0.6438131458228276,0.8457564309856219,0.9575854850937996,0.7745668282306367,0.999999873896792,8.788204276927962e-05,0.1702380540541871,0.961419682347721,6.14825213202911e-19,-0.0352944215861058
pathway|Signaling by Leptin,pathway,8,0.058033150041850695,0.7150698947263686,0.1511824554393558,0.3392165093789246,0.09683702150473344,0.5418135880592008,0.1430700135941661,-0.7854862749779159,0.7839157428274441,0.07588749305022188,0.9678063725733255,0.8918793073380831,0.9575854850937996,0.8695575935509924,0.999999873896792,-0.0114075773850209,0.18147145824799,0.9495676090842716,8.256133860615322e-19,0.0657021667574643
pathway|Signaling by Ligand-Responsive EGFR Variants in Cancer,pathway,17,0.3311200753138628,0.03219538317784534,-0.012373434393307504,0.9380094782698079,0.2287916563357228,0.14500505568288163,0.08548126154813143,3.0678968419125052,0.001077855101941021,0.08601279640587209,-1.0860143274581353,0.4857625830347534,0.05586125061464304,0.8661939810362126,0.999999873896792,0.0278657874633106,0.2291737880024378,0.5237654240420055,7.5602027413605e-09,0.0046364770378067
pathway|Signaling by MAPK Mutants,pathway,7,-0.07720325966528485,0.6269945986262354,-0.00043568430962350363,0.9978151209673564,0.09489054871066845,0.5500042867432363,0.15504697526571626,-0.6068926197205566,0.7280389118588061,0.10370593621968258,-1.4251549343875378,0.8593973116730259,0.9575854850937996,0.7234587212047886,0.999999873896792,0.0172899781922338,0.4722432286377463,1.5367524273229736,4.281715335673756e-25,-0.0164109599419856
pathway|Signaling by MRAS-complex Mutants,pathway,5,-0.08138582903767048,0.6083890246276338,0.03354769184100979,0.8329560151802569,-0.07153287518188851,0.6525856253083154,0.19011956219040832,-0.8390032636690459,0.7992662609146747,0.09327129700419966,-0.8022087911243386,0.8498945208746413,0.9575854850937996,0.2085070323106786,0.999999873896792,0.1626179084073821,0.396236688167753,1.1428515005618272,1.7138386224922052e-21,0.0109025513204491
pathway|Signaling by NOTCH,pathway,127,0.2374479487448095,0.12998853712763112,-0.055157633598335566,0.7286372193195281,0.3112734409842269,0.04479643786314261,0.13270944071131924,1.755266441638167,0.039606871887335776,0.07659765847490817,-0.49461987134821916,0.5155891746975836,0.40187785438000667,0.0031316455201751,0.999999873896792,0.0730473113280525,0.3149567326224911,1.6467088088454456,6.148140498158559e-26,0.0094719830300244
pathway|Signaling by NOTCH1,pathway,50,0.10787543506277951,0.4965025593677039,-0.11815758476989421,0.45611698240180126,0.1631793025691153,0.3018148282003599,0.11039369037240336,-0.04113930106520038,0.5164075783045567,0.06478189999791877,0.8550430866826334,0.804318774579415,0.9575854850937996,0.2047105750030979,0.999999873896792,0.0597149831908156,0.3475134365371424,1.726456668828872,4.816539134170393e-26,0.0110960333927561
pathway|Signaling by NOTCH1 HD Domain Mutants in Cancer,pathway,10,0.27029854569042167,0.08340547971901441,0.17043970192471464,0.2805158540656944,0.22927827453423902,0.14412841018499872,0.13389450203349515,1.6868043370713086,0.045820490621566415,0.09676112832428393,1.335601309255833,0.5136929078981881,0.4187872789123952,0.4986865515761114,0.6690808434414004,0.0376410723779144,0.623773684957366,0.2277389533039794,0.0073252294823616,0.0675448267786807
pathway|Signaling by NOTCH1 HD+PEST Domain Mutants in Cancer,pathway,41,0.12181733297073163,0.4421840935089542,-0.07641902790796255,0.6305091661513578,0.16488246626392214,0.29672793792778507,0.12035779053349291,0.017446626555342667,0.4930401560969142,0.08918457817993122,-0.23319374078609933,0.7667699318262147,0.9575854850937996,0.6081361197583175,0.999999873896792,0.0480315255989196,0.31142933708127,1.2185619933944158,1.9838375088355662e-22,0.0123058454685723
pathway|Signaling by NOTCH1 PEST Domain Mutants in Cancer,pathway,41,0.12181733297073163,0.4421840935089542,-0.07641902790796255,0.6305091661513578,0.16488246626392214,0.29672793792778507,0.114576259744789,0.09906648218162728,0.46054274224212666,0.0674090763849485,0.16418391875422947,0.7667699318262147,0.9408711154089859,0.4633463285133106,0.999999873896792,0.0480315255989196,0.31142933708127,1.2185619933944158,1.9838375088355662e-22,0.0123058454685723
pathway|Signaling by NOTCH1 in Cancer,pathway,41,0.12181733297073163,0.4421840935089542,-0.07641902790796255,0.6305091661513578,0.16488246626392214,0.29672793792778507,0.1449695971841246,-0.2369851095135096,0.5936658289298395,0.06793189755649669,0.1271815731412918,0.7667699318262147,0.9575854850937996,0.4986865515761114,0.999999873896792,0.0480315255989196,0.31142933708127,1.2185619933944158,1.9838375088355662e-22,0.0123058454685723
pathway|Signaling by NOTCH4,pathway,58,0.22734007276154422,0.14764342597789923,-0.032589186359838075,0.8376638558584298,0.29229533124209317,0.06032968094824681,0.13886566000629935,0.9381282233590484,0.1740892596066509,0.05971489147699741,-0.7425262354253626,0.5402407177827676,0.6506586077798577,1.106727430354928e-05,0.999999873896792,0.1368198172381953,0.3305625510459319,1.111712197847386,1.1746978229687145e-21,0.0229889494670469
pathway|Signaling by NTRK1 (TRKA),pathway,86,0.21958489205024584,0.16233930728033366,0.0591659292468718,0.7097486096359027,0.28094090661004734,0.07150599711646557,0.12828724496864066,1.1399721701001155,0.1271489478397017,0.08525034886403098,-0.5620165297502934,0.5533813845891504,0.5855268277618402,0.3445169856081714,0.999999873896792,0.052588267086071,0.318450112751498,1.3760467222963548,5.3634309615620286e-24,0.0229265913962795
pathway|Signaling by NTRK2 (TRKB),pathway,19,0.09576341125524611,0.5463240601715871,0.07746467025105895,0.6258248785013287,0.1491484778452301,0.3458295462855358,0.1406998909498143,-0.5608268613021824,0.7125422134054126,0.07681114378662371,0.012743290777009796,0.823616619570151,0.9575854850937996,0.8695575935509924,0.999999873896792,0.0184204530464918,0.2190037482716169,0.9419778693856212,1.943752608223959e-18,0.0162630431917547
pathway|Signaling by NTRK3 (TRKC),pathway,13,0.19614507619250135,0.21315422734558132,0.1687841015481453,0.285283968243629,0.19132205504997163,0.22484694881530679,0.1683048488075595,0.26890972734811325,0.39399957563298876,0.07287691447072346,1.536853358351071,0.5980319005821739,0.8908994264020897,0.8908165786140614,0.999999873896792,-0.0146660357186673,0.412823772090279,0.2600105825164873,0.0038380417238373,0.0212801743774728
pathway|Signaling by NTRKs,pathway,97,0.19954341380756468,0.20517339092458062,0.06369704606695624,0.6886015487999465,0.2530414632284491,0.10591231486890267,0.1539926192364274,0.6204646790000606,0.26747595063330887,0.07562172562135154,-0.23428345064730646,0.59149849477293,0.7647912085731086,0.3382510349476461,0.999999873896792,0.0545980843627343,0.3177722623383522,1.3664473562870294,6.027253606556933e-24,0.0261939305854644
pathway|Signaling by Non-Receptor Tyrosine Kinases,pathway,34,0.16791273292889833,0.2878145478718505,-0.01437758221757562,0.9279931942960592,0.16309819953602922,0.3020584453033759,0.12542044221131798,0.47269069218622606,0.3182169340622595,0.08130740586193826,-0.9350634278353851,0.6490066418837603,0.8115843841841427,0.8303815813506924,0.999999873896792,0.0379452520460119,0.1599969182086624,1.7837374952260872,4.694280546410685e-26,0.0206190885011062
pathway|Signaling by PDGFR in Disease,pathway,16,0.01542322456067203,0.9227715633260049,0.09227793677825807,0.5610894424907029,0.03090025560578177,0.8459728107365497,0.1288884893159211,-1.2323785610736735,0.8910961472014514,0.07917690958787932,0.17966439242509893,0.9754347889097617,0.9575854850937996,0.2328252422439542,0.999999873896792,0.0885942128047391,0.0934336937889803,1.3101615799237147,1.4082712105418606e-23,0.0231594945426948
pathway|Signaling by PDGFRA Extracellular Domain Mutants,pathway,11,0.09933602259415883,0.5313844852973222,0.13340653560671684,0.399644843401406,0.1322790469633335,0.40367618927265086,0.17459177339542664,-0.7392074007187847,0.7701094661988612,0.10134888410461942,0.5384914531868493,0.821597399541051,0.9575854850937996,0.798848109352906,0.999999873896792,0.0147977381470204,0.006068795088498,0.8647310686521461,8.741607731636116e-17,0.018741002911539
"pathway|Signaling by PDGFRA Transmembrane, Juxtamembrane and Kinase Domain Mutants",pathway,11,0.09933602259415883,0.5313844852973222,0.13340653560671684,0.399644843401406,0.1322790469633335,0.40367618927265086,0.1397588128410275,-0.3741672768540893,0.6458600660121447,0.08681445553557934,0.8904047982923204,0.821597399541051,0.9575854850937996,0.7961189793090473,0.999999873896792,0.0147977381470204,0.006068795088498,0.8647310686521461,8.741607731636116e-17,0.018741002911539
pathway|Signaling by PTK6,pathway,34,0.16791273292889833,0.2878145478718505,-0.01437758221757562,0.9279931942960592,0.16309819953602922,0.3020584453033759,0.11964326826571034,0.6345819682831707,0.26285054575491007,0.0701713149079615,-0.9283776093357151,0.6490066418837603,0.7590302583805741,0.7711223732166439,0.999999873896792,0.0379452520460119,0.1599969182086624,1.7837374952260872,4.694280546410685e-26,0.0206190885011062
pathway|Signaling by RAF1 Mutants,pathway,30,0.2749167993724308,0.07806518117531272,0.014638992803349724,0.92668749834204,0.33909178133273904,0.028035532934056393,0.19273802489124553,1.1369794071927068,0.12777344720026995,0.053371327928879206,-1.130649557730794,0.5136929078981881,0.5864689144521162,0.4135689854470136,0.9758361533758168,0.0662666069562621,0.4041018559003022,1.3361003942633924,1.4082712105418606e-23,0.0145813389048567
pathway|Signaling by RAS Mutants,pathway,34,0.3285931063180465,0.033615589016510634,0.004269706234310336,0.9785906316882524,0.3908355164416335,0.010492665017639577,0.15634095766529807,1.7116579100072433,0.043479864755441265,0.06798853651674774,-1.2117938463478164,0.4857625830347534,0.4136516224233572,0.3953912154015396,0.999999873896792,0.0578118850846123,0.3878762370957024,0.888774232009108,4.821753001070687e-17,0.0137605051103626
pathway|Signaling by ROBO Receptors,pathway,150,0.22002057635986935,0.16148657140226927,-0.04836095836820891,0.7610254971313499,0.20275758271510347,0.1978195535074922,0.16921542901467257,0.6698267872269094,0.25148410764239304,0.041673204215488126,0.24759625686935183,0.5525358654373022,0.7487286448016054,3.316171000298781e-14,0.8741293923296176,0.1194693200359042,0.3663841168772382,-2.289593158471679,2.3291734339045008e-26,0.0224624037892063
pathway|Signaling by SCF-KIT,pathway,32,0.3078545331799677,0.047325278409243686,0.13741483125525308,0.3855029994349636,0.30527181653585983,0.049311170215354166,0.16068908707534063,1.2462986143231172,0.10632739320317242,0.10020739121340587,0.5276269590649549,0.5001451021129545,0.5471923276366095,0.6161455773115657,0.999999873896792,0.0385178488743853,0.1784086239701013,1.900058575504012,6.148140498158559e-26,0.0306025100429299
pathway|Signaling by TGF-beta Receptor Complex,pathway,71,-0.0233526789958198,0.8832936358627085,-0.11292937305441214,0.4764263409678601,0.05709653529257315,0.7194797836638022,0.10930012275524836,-0.9938300291925042,0.8398471880551752,0.057505972027206254,1.4489049802057075,0.9534469210214795,0.9575854850937996,0.6753431042192928,0.999999873896792,0.0421149728170801,0.3653205567483771,1.455160149480717,2.804961448870213e-24,0.0168078391205008
pathway|Signaling by TGF-beta Receptor Complex in Cancer,pathway,7,-0.05864310807532359,0.7122029133527925,-0.151705276610904,0.3375293630838275,0.02457421902507054,0.8772343298941977,0.2149666383682367,-1.4105926229618453,0.9208176159643204,0.07275492286402888,1.2679300934472653,0.8918793073380831,0.9575854850937996,0.7666072551135862,0.8818086116253029,0.0323275721771962,0.5864662895649432,0.7238234574391553,4.5574685221075016e-14,0.0139361517896764
pathway|Signaling by TGFB Family Members,pathway,106,-0.00583816974895495,0.9707289046229697,-0.1306181560251264,0.409657180012484,0.09927011249731467,0.5316582858329632,0.1531473916757578,-1.87995538006993,0.9699429203501141,0.06716509317155933,1.4965723119493062,0.9906073122261704,0.9736645238814334,0.6254930178356117,0.8818086116253029,0.0394018002614966,0.4125419071877511,1.3813566217042852,5.156942267601343e-24,0.0179804758192263
pathway|Signaling by TGFBR3,pathway,32,-0.04095432510460934,0.7967831607448094,-0.12216588041843043,0.4408694890386012,0.07623685110087891,0.6313267552035559,0.10822398251047831,-0.7153630968181618,0.7628076453403821,0.10462958695608442,0.29371839393089666,0.9183189181932191,0.9575854850937996,0.2790350905502368,0.6546990428633584,0.0675532765197451,0.5175966309113742,,,
pathway|Signaling by VEGF,pathway,77,0.20677577334731484,0.18888966527771336,0.07816176514645656,0.6227100566743929,0.23503658988334797,0.1340496735104205,0.15589655966948207,0.5776415656371509,0.2817530690599639,0.06722173213181039,0.23846216780034032,0.5759318937964197,0.7800374844249699,0.6627675904173084,0.999999873896792,0.0538370953793481,0.2249781640011824,1.5221502133467215,1.462980191153686e-24,0.0125587040604804
pathway|Signaling by WNT,pathway,175,0.11284223619248744,0.47676881718052494,-0.10386713941424328,0.5127280180154328,0.20843479503112639,0.18528741217346126,0.140935160477011,-0.5124827297696665,0.6958433979261879,0.07731653758578697,0.5733680156539265,0.7919659796498719,0.9575854850937996,0.3840338847802982,0.9679703265045758,0.0442103602041377,0.3675729369719153,,,
pathway|Signaling by WNT in Cancer,pathway,22,0.04139000941423285,0.7946675865664808,-0.12286297531382803,0.4382467555844879,0.09480944567758239,0.5503468347836674,0.1620919905523283,-1.4662403059604021,0.928708584219814,0.07758666185775354,0.7335353709504363,0.9168730556052935,0.95847488499609,0.2936108231004001,0.999999873896792,0.0613458084408186,0.3318803497403699,,,
pathway|Signaling by Cytosolic FGFR1 Fusion Mutants,pathway,16,-0.005053937991632643,0.9746594721320481,0.08800823054394775,0.5794261167383574,-0.004947285018248524,0.9751940643298826,0.12562957067993727,-1.40812207938796,0.9204525379305888,0.0754430950544059,0.2383656475856421,0.9921995501811169,0.9575854850937996,0.7392668127670046,0.999999873896792,0.049201982228298,0.2570452062385279,1.0384490604356722,9.930636374866688e-20,0.0701549212946427
pathway|Signaling by High-Kinase Activity BRAF Mutants,pathway,27,0.3232777577406397,0.03677141209013778,0.007842317573223068,0.9606874437360721,0.3772102068831785,0.01379509590224001,0.11228891711926561,2.0995409759022188,0.017884619826551623,0.07812255355859044,-1.3512628649118013,0.48627586911918697,0.286759080635928,0.1996620165220685,0.8818086116253029,0.0698860593597435,0.4859993664059709,1.3174310828517155,1.5889412843479132e-23,0.0061236067782159
pathway|Signaling by Moderate Kinase Activity BRAF Mutants,pathway,34,0.3285931063180465,0.033615589016510634,0.004269706234310336,0.9785906316882524,0.3908355164416335,0.010492665017639577,0.10570137035775821,2.4073419404765377,0.008034558191042375,0.088661757008383,-1.067501666498895,0.4857625830347534,0.18009978424636816,0.506082464004117,0.99054418665301,0.0578118850846123,0.3878762370957024,0.888774232009108,4.821753001070687e-17,0.0137605051103626
"pathway|Signaling by Phosphorylated Juxtamembrane, Extracellular and Kinase Domain KIT Mutants",pathway,18,0.1519666871966781,0.33668773854916983,0.15832767811718124,0.3166094451331915,0.17080298767920316,0.279476601896971,0.1689278773703211,-0.15127608948678098,0.5601210349857491,0.07642774159415501,1.0316994084045965,0.6895180399054917,0.9575854850937996,0.6979638348302685,0.999999873896792,0.0247892458418774,0.0461456741741957,1.567156110205033,5.432558192441396e-25,0.0393735478383536
pathway|Signaling Downstream of RAS Mutants,pathway,34,0.3285931063180465,0.033615589016510634,0.004269706234310336,0.9785906316882524,0.3908355164416335,0.010492665017639577,0.13324097556905987,2.4333535090680916,0.007479843714212208,0.0563557654498002,-1.347603084763708,0.4857625830347534,0.17261780790742365,0.4633463285133106,0.979958403975743,0.0578118850846123,0.3878762370957024,0.888774232009108,4.821753001070687e-17,0.0137605051103626
pathway|Signalling to ERKs,pathway,27,0.2954810987866602,0.05745809006533326,0.03886304041841653,0.806957670680264,0.34047053289520174,0.027363390500359807,0.11625364433683946,1.7176361867576022,0.04293149777119641,0.0871325050816045,-0.7882191084308059,0.5095753496048412,0.4108373442256403,0.5357700087110707,0.999999873896792,0.0651338914496809,0.3442758295108825,1.512095269192719,2.245520885093909e-25,0.0506440520763344
pathway|Signalling to RAS,pathway,15,0.3533399751046615,0.021710441745835682,0.14699988606697015,0.35290040505118336,0.4058395775625511,0.007662169327289694,0.11810094580964314,2.9455804414975253,0.0016117465827796456,0.08788623893725314,0.9470653738138834,0.4857625830347534,0.07027886661995413,0.798848109352906,0.999999873896792,0.0247918497542557,0.3189733572293199,1.0123690988088996,8.069611616587161e-20,0.0474066222694335
pathway|Small Interfering RNA (siRNA) Biogenesis,pathway,8,0.03346055497908509,0.8333837652357771,0.029016575020925348,0.8552593032013139,0.018978109742133688,0.9050447253562536,0.09509681426152215,-0.8148454574317526,0.7924196114984208,0.08843955801047503,-1.0231881779879386,0.9322280192469957,0.9575854850937996,0.630874450827572,0.999999873896792,0.0794209549848647,0.3880626417532756,,,
pathway|Somitogenesis,pathway,36,0.23282969506280038,0.13784849802844623,0.0025269689958163214,0.9873281988515491,0.2843472339996611,0.06799413890658354,0.11395323118202738,1.556511883914791,0.05979320949297053,0.07029766335775231,-1.240690204188546,0.532904489152084,0.4652311801813655,5.292728551445601e-11,0.9384644166475082,0.1985776128633271,0.4357356023535946,0.7736838161819539,1.5572093155909693e-15,0.0529476132578707
pathway|Sphingolipid De Novo Biosynthesis,pathway,25,0.15980900476990115,0.3120445383133694,-0.07868458631800476,0.6203781916829113,0.192051982347746,0.2230496130137416,0.12712832470504212,0.33243751690759243,0.36977945670992207,0.07548230664227198,0.052880040841623954,0.6698556089126997,0.8634595059541619,0.42423223660718,0.8187764039585149,0.0507532467532467,0.5219832325615846,,,
pathway|Sphingolipid Metabolism,pathway,65,0.28241056949795507,0.06997366681044694,-0.029713669916322953,0.8518203277824125,0.3481753210383757,0.023848813533368166,0.1016582199644521,2.6886510170318556,0.0035870688512757184,0.09739287057323802,-1.2791294509472069,0.5136929078981881,0.11465994563627209,0.0005218749914206,0.7414691400384221,0.0917336939376413,0.4968438582774889,,,
pathway|Spry Regulation of FGF Signaling,pathway,14,0.28406616987452443,0.06827864408801981,0.13776337870295186,0.38428734149587845,0.28629370679372607,0.06604948139326819,0.11481152927198568,1.7054411706577473,0.044056087686721035,0.07148272467992825,0.8811002864442516,0.5135391077302551,0.41392021010378954,0.2388485757964649,0.999999873896792,0.1067451345646834,0.3722109022881348,1.8834474454215508,3.116514060062766e-26,0.0383358929280609
pathway|Stabilization of P53,pathway,40,0.2616719963598763,0.09413855254527861,0.0014813266527199127,0.9925715055954513,0.2789133307828963,0.07366330261735311,0.14574511525525446,1.1537505208242043,0.12430123243599583,0.05247381825105477,-0.9439660205329111,0.5136929078981881,0.5780861046327569,3.044466250845668e-05,0.999999873896792,0.1757921902658744,0.3840177777382842,0.6227285068954849,1.5454380655554727e-11,0.0565421844802874
pathway|Switching of Origins to a Post-Replicative State,pathway,62,0.1524895083682263,0.33500838838864094,-0.05995016100419411,0.7060725860903379,0.17437152113498897,0.2694020239403728,0.15119988281174068,0.014717668347955466,0.4941287117908964,0.058699747035574644,0.021984359759405464,0.6894518750220506,0.9575854850937996,2.0442868137202043e-14,0.999999873896792,0.1502025820765557,0.3390865785764442,0.146863640757639,0.0925294712792648,0.0484555137970058
"pathway|Synthesis And Processing Of GAG, GAGPOL Polyproteins",pathway,14,0.3450619732218149,0.025220734646526455,0.20268034083685393,0.19799407346611209,0.3695054187400046,0.016026144822618136,0.18059114633894224,1.2438338984715516,0.10678035075715814,0.09169411980336258,1.5080562578079373,0.4857625830347534,0.5471923276366095,0.3739418710340871,0.999999873896792,0.0844809326012333,0.3602101140766226,0.924106287598376,2.682401219234077e-19,0.102387678453529
pathway|Synthesis of DNA,pathway,81,0.1527509189540004,0.3341706634144143,-0.09358498970712859,0.5555307076312835,0.17510144843276337,0.26737123585971945,0.164144063650655,-0.1578659765646965,0.5627187957033297,0.06381468083055458,0.8144061233413062,0.6890829542131716,0.9575854850937996,1.1882441614748428e-11,0.999999873896792,0.1489444360058395,0.3603826816620764,-0.2875900470933981,0.0004222222221556,0.0503941825987206
pathway|Synthesis of Dolichyl-phosphate,pathway,6,0.36736900987453824,0.01669625161798344,0.20860564744773358,0.18491923378049327,0.3426603147885248,0.02632338389348173,0.1306268697113189,2.3225842810210517,0.010100747981226049,0.09313187802512014,1.5416170723851057,0.4644200585751626,0.2072633874971188,0.0043059441847663,0.999999873896792,0.2277375256322624,0.4121120539282762,-0.4702978644623716,3.1737787726490204e-08,0.0246770518773473
pathway|Synthesis of GDP-mannose,pathway,5,0.21923634460254704,0.16302384534217362,0.08940242033474295,0.5734089596742669,0.2160584801412143,0.169361878772823,0.14373225374479387,0.8589013472507826,0.19519747303399654,0.11627107170922442,-0.3511760893072466,0.5539105654239762,0.6885417247480365,0.4500703366077449,0.999999873896792,0.0983185235816814,0.2043703057786565,-0.8514470452808905,4.677093178680736e-16,0.2295426502581421
"pathway|Synthesis of IP2, IP, and Ins in the Cytosol",pathway,11,-0.0352032922175791,0.824837936723725,0.01063069715481349,0.9467270211818368,-0.05612329889554065,0.7240716322253177,0.17162476324689052,-1.093185255339879,0.8628437652494474,0.11601401796654656,-1.2759262346126659,0.9315884827142438,0.9575854850937996,0.5862679450351592,0.999999873896792,0.0455539675635369,0.3979173762925868,-0.3583500228725361,2.4703013855821208e-05,0.011058489042343
pathway|Synthesis of IP3 and IP4 in the Cytosol,pathway,17,0.16843555410044653,0.2862944579763788,-0.09898747514646003,0.5328331835308434,0.0885645121299572,0.5770218555837682,0.10482564489541497,0.6879832480994825,0.24573166530565999,0.08411756965900988,0.19981069723230532,0.6490066418837603,0.7400235618485559,0.6346990300543648,0.999999873896792,0.0296248642997868,0.4052892299840072,-0.988895015403828,3.040830934130979e-19,0.039323325037389
pathway|Synthesis of PG,pathway,8,0.40867188242684643,0.0072092674403592405,0.18150608338915164,0.24998688944893152,0.41678848702916677,0.006037016931280854,0.146978101851489,2.7381091174820185,0.0030896784654291303,0.14560133943307868,0.46703373942740256,0.4644200585751626,0.10632562254614786,0.3525963210654277,0.999999873896792,0.0697026657552973,0.427559525668051,0.8355123205732405,2.203604609614766e-16,0.083621897309107
pathway|Synthesis of PI,pathway,3,0.10369286569039389,0.5134394506454604,0.10804970878662892,0.49580313128787973,0.1287105135075477,0.41658888040185144,0.13790279768203137,-0.2987715027248549,0.6174428020652716,0.09629494611298677,0.16792806843587021,0.8159132566446808,0.9575854850937996,0.4375531378533387,0.9724192686585708,0.0782638414217361,0.514149126460959,,,
pathway|Synthesis of PIPs at the ER Membrane,pathway,5,-0.2381450436402071,0.12883180734018648,-0.24154338125527045,0.123302669785392,-0.17769674549151668,0.2602328132520329,0.1382034198556716,1.0366677204966683,0.14994537030504873,0.09015179734729538,2.0887099647435186,0.5145896426775005,0.6222152039431742,0.3712013775485713,0.9726156073549675,0.1454272043745727,0.5693109721964597,0.8126164908522723,5.887900419779629e-16,-0.0430660183351192
pathway|Synthesis of PIPs at the Golgi Membrane,pathway,15,0.06805388916319127,0.6684860637259783,-0.13419076736403915,0.3968546049646853,0.0903487788578501,0.569340899938984,0.14747913880755598,-0.8726007164353538,0.8085596250393663,0.07183127212762705,1.4281787734854778,0.8770401152061406,0.9575854850937996,0.0957369597788175,0.999999873896792,0.1176968395013507,0.3045652853772774,0.9520338386373994,8.256133860615322e-19,0.0042827271006963
pathway|Synthesis of PIPs at the Early Endosome Membrane,pathway,15,-0.06561405702929966,0.6797236198633106,-0.08870532543934535,0.5764139754461308,-0.03990269227833237,0.8018955209367837,0.12674927935566965,-0.7191338111137404,0.7639707617451557,0.08329412631382144,0.0984244725849554,0.8770401152061406,0.9575854850937996,0.0099187650335132,0.999999873896792,0.2163506168017446,0.3288267194908118,0.3135201648794631,0.0003463745846817,0.0242026065523484
pathway|Synthesis of PIPs at the Late Endosome Membrane,pathway,10,-0.09140656815901108,0.5648095898340554,-0.10517419234311379,0.5074080708565768,-0.08418494834331096,0.5960713989118009,0.12791255646236444,-0.4301644130165763,0.6664619765406984,0.10126610408579095,0.06596187941600441,0.8319116618738057,0.9575854850937996,1.3140991787903468e-06,0.999999873896792,0.3776501860712386,0.3906282124862616,0.8537529605388766,1.6053436098444267e-16,0.0081117358713391
pathway|Synthesis of PIPs at the Plasma Membrane,pathway,43,0.03720744004184721,0.8150349233752173,-0.05080079050210053,0.7493492671267504,0.07185728731423267,0.651110499980803,0.16891916368412863,-1.5178330548392833,0.9354717550665993,0.061697255085784365,-0.2733623358338599,0.9240351994961227,0.9600291819869817,0.5127574271340423,0.999999873896792,0.0506124114272392,0.2503946088375095,0.3036284015647424,0.000355707778008,0.0133300535951263
pathway|Synthesis of UDP-N-acetyl-glucosamine,pathway,6,-0.12303724903767743,0.4375924233058606,-0.1694811964435429,0.28326995608674993,-0.04087592867536486,0.797163987225196,0.1846778651632107,-0.5023639824963946,0.69229424509168,0.11126941583474662,0.6016016428763823,0.7667279880087634,0.9575854850937996,0.2889953713888592,0.9724192686585708,0.0954112554112553,0.5299918744360903,-1.0514977172332571,9.693045695342985e-21,-0.0528328491076486
pathway|Synthesis of Active Ubiquitin Roles of E1 and E2 Enzymes,pathway,26,0.021871352343099882,0.8906503724787267,-0.05019083246862762,0.7522632615203882,0.07356045100903955,0.6433877435463361,0.1369965743180145,-1.2645950224772442,0.8969917308566664,0.08565117842888458,-0.7692800756143446,0.9583954661020535,0.9575854850937996,0.0079110422999839,0.8563528017875982,0.1059256532940743,0.4760053165874948,0.7501242394666694,9.666841776966772e-15,0.0037081409028351
pathway|Synthesis of diphthamide-EEF2,pathway,6,0.06448127782427855,0.6849645974403646,-0.10970530916319822,0.4891838772455327,0.05417682610147565,0.7332838945609197,0.17385111006906667,-0.983596754334042,0.8373430891907114,0.12318538170294943,-0.2188918361901016,0.8794238940262892,0.9575854850937996,0.0065085544542544,0.999999873896792,0.2253953064479379,0.4283882226216746,-1.6299387556085243,8.463366091528467e-26,0.1537073416241842
pathway|Synthesis of Glycosylphosphatidylinositol (GPI),pathway,12,-0.14926544447701234,0.34544712740758843,-0.166257132552329,0.29266265285120185,-0.11184108262565107,0.4807129642224209,0.10531796816528956,0.47283056625899816,0.3181670324806655,0.10787979190587574,0.7950786858475252,0.6978965614518171,0.8115843841841427,0.0278147638885767,0.8056476993003061,0.1805122309906998,0.5943215219901267,-1.2100266862204525,1.0997393203716102e-22,0.0143088425502356
pathway|Synthesis of Pyrophosphates in the Cytosol,pathway,6,0.046879631715489,0.7681404514872137,0.038601629832642426,0.8082317334891601,0.10040555496051926,0.526951121467773,0.13113226351048216,-1.08575518618655,0.8612063410748839,0.09128457655231649,-0.7732690182334078,0.9047216989356215,0.9575854850937996,0.3304856053596084,0.999999873896792,0.0697789929368876,0.3477721538426811,,,
pathway|Synthesis of Substrates in N-glycan Biosythesis,pathway,43,0.2252487880753514,0.15150630623336322,-0.007580906987448965,0.9619968921505931,0.2536902874931375,0.10498993064428508,0.14760984410044303,0.907784837520639,0.1819959553920189,0.058120286903775395,-1.2802952453361822,0.5456674429982589,0.6659397458662509,0.0593732328423404,0.999999873896792,0.1087788937762709,0.3423499492195718,-1.708069406382695,1.6492729133518615e-25,0.0483038715369363
pathway|Synthesis of Wybutosine at G37 of tRNA(Phe),pathway,5,-0.13480072539751203,0.3946922581111773,-0.18194176769877513,0.2488325602033905,-0.07315493584360934,0.6452231758360064,0.15330859487031848,-0.177151242686825,0.5703052037316153,0.11262003719457947,0.8648610809916261,0.7329999079207579,0.9575854850937996,0.0111305848891374,0.8187764039585149,0.2407450444292549,0.5809863723338023,-0.6168637144576514,2.32114819822949e-11,0.0190113214490589
pathway|TAK1-dependent IKK and NF-kappa-B Activation,pathway,37,0.044439799581597376,0.7799000146783212,-0.17209530230128395,0.2758001071863756,0.08775348179909678,0.5805286538596488,0.17324550887869006,-1.4661182235977166,0.9286919590704599,0.07359143673850602,1.5611896159649254,0.9093764516555577,0.95847488499609,0.7476004517844924,0.999999873896792,0.0260010181062812,0.3667879111505421,2.0919393323356226,2.3707826903773183e-26,0.0243616375256418
pathway|TBC RABGAPs,pathway,37,0.2395392334310023,0.12654145134907047,-0.11319078364018627,0.4753996906985865,0.32765625366760726,0.03415504091464848,0.12559907277826365,1.5745480610102247,0.057680399811669246,0.07150015205231317,0.5581258335078447,0.5145896426775005,0.4559842262554719,0.0086187143854866,0.901468107947962,0.1216407111143953,0.4594656634105437,0.7341081883469145,5.1407627424018205e-14,0.0144163024560994
pathway|TCR Signaling,pathway,96,0.144995738242702,0.3595745833687074,-0.0355518396652779,0.8231311317838621,0.1271695558789129,0.422236440847282,0.16072394182011052,-0.23947026497553614,0.5946295245570317,0.059884808357750584,-0.48416759157494677,0.7113323279685299,0.9575854850937996,0.2052388462110083,0.999999873896792,0.0585965511865788,0.3036373978850534,1.1085285479516218,9.948053446087609e-22,0.0169988097129504
pathway|TFAP2 (AP-2) Family Regulates Transcription of Cell Cycle Factors,pathway,3,0.20390025690379973,0.19525043783952073,0.2246388300418785,0.15264680279468457,0.12060021019894357,0.4467915549627445,0.17366376581592857,0.29031810464914787,0.3857864447522031,0.11265053509625311,1.2771111477434351,0.5821355646696821,0.8821784593764135,0.8712664293910035,0.999999873896792,-0.1561631351105035,0.4573546566607722,1.4276300417400074,2.2771645101716496e-24,-0.2021390972425164
pathway|TFAP2A Acts as a Transcriptional Repressor During Retinoic Acid Induced Cell Differentiation,pathway,3,-0.23823218050213182,0.12868775876352748,-0.06665969937239608,0.6748989659622525,-0.27802119741894993,0.07462858497667234,0.1591685488347546,0.6900742979466741,0.245073732646658,0.11986982410671458,-0.7358840235118138,0.5145896426775005,0.7399620499969722,0.4135689854470136,0.9679703265045758,0.1799498746867168,0.5158033345671077,,,
pathway|TGF-beta Receptor Signaling Activates SMADs,pathway,35,0.044701210167371476,0.778637690845094,-0.029103711882850047,0.8548292852755041,0.15377135073113446,0.3309130035365883,0.16133389985358343,-1.1272779740685914,0.8701875140313812,0.07029330651465608,-0.7954583538855147,0.9089172821744461,0.9575854850937996,0.5357700087110707,0.972663855239328,0.0404338960464568,0.4155693944812086,0.749476307549458,3.0170373487931745e-14,0.01526394469247
pathway|TGF-beta Receptor Signaling in EMT (Epithelial to Mesenchymal Transition),pathway,12,0.19701644481174838,0.21108761614388333,0.08556839841005612,0.5900241415619042,0.17307387260561233,0.2730373922694265,0.1229457553326565,0.7818977394282932,0.2171373368244091,0.0868710944958304,-0.020207851316678193,0.5970356494447943,0.7106757645255876,0.7474875749209643,0.999999873896792,0.0260061310300544,0.3128340478954323,0.8252556397843911,1.3551073472131338e-15,-0.0012162161275711
pathway|TGFBR1 KD Mutants in Cancer,pathway,5,-0.09018665209206528,0.5700368837423316,-0.09044806267783936,0.5689148834155833,-0.02133009770162889,0.8933407077997267,0.15518203740169956,-0.6015013976902732,0.7262469594328931,0.09137607025733743,-0.014229878128808502,0.8330576072469815,0.9575854850937996,0.9076781710543108,0.9608349820037504,-0.0282365003417635,0.5271828597642724,,,
pathway|TGFBR3 PTM Regulation,pathway,8,0.030672175397494658,0.8470961710290035,-0.022307036652723388,0.8884856581760586,0.15255480523484388,0.3347990140642221,0.137654457625546,-0.938513443981229,0.8260096943529466,0.10259058438704642,-0.8861314476496523,0.9370889460696111,0.9575854850937996,9.13190693231316e-08,0.7414691400384221,0.2897593008495264,0.6223179775556452,0.2350623476815363,0.0053924662852921,0.105074042204688
pathway|TGFBR3 Expression,pathway,18,-0.15301232953977448,0.33333423893334885,-0.18455587355651615,0.24198191384126166,-0.08118413611912743,0.6092807792665953,0.1116005359100605,0.5463829239763127,0.29240137276805345,0.091646194529304,2.112080457565973,0.6890829542131716,0.7891742504925061,0.6306661815066223,0.7561258166152436,0.0817623381090873,0.5730389642168223,,,
pathway|TGFBR3 Regulates TGF-beta Signaling,pathway,7,0.08521985096235732,0.591545128402769,-0.06718252054394426,0.6724914355703715,0.1845905033038302,0.24189202699333356,0.11520364515064685,-0.36628069653700945,0.642922183901355,0.09560656490378164,-0.35986609188637886,0.8457564309856219,0.9575854850937996,0.6560882645448632,0.8818086116253029,0.0669400774663932,0.5565670410184735,0.61373363413607,4.319212114343343e-11,0.0155867454622203
"pathway|TICAM1, RIP1-mediated IKK Complex Recruitment",pathway,17,0.05437340184101326,0.7323518373498324,-0.1178090373221954,0.4574561909277293,0.11216549475799525,0.4794330401758852,0.12379533973642234,-0.8426473233221573,0.8002871420035753,0.06464248101883925,1.0652393624590024,0.8956631577924263,0.9575854850937996,0.7792716328550947,0.8245614437015378,0.0339426440432632,0.5260007642920496,1.604883169235389,5.432558192441396e-25,0.0228521769213578
"pathway|TICAM1,TRAF6-dependent Induction of TAK1 Complex",pathway,9,0.0938464002929027,0.5544220733590758,0.023178405271970397,0.8841586440383851,0.10397408841630507,0.512291667997756,0.16201356737659606,-0.589611362357104,0.7222743838450071,0.07728603968411331,-0.8374415279764108,0.8259113163989649,0.9575854850937996,0.1177986367720712,0.999999873896792,0.1031100478468899,0.3195054826101087,0.4867010145290713,2.1048229896196395e-08,0.1208909752599073
pathway|TICAM1-dependent Activation of IRF3 IRF7,pathway,12,0.27343547271971097,0.0797481011620663,0.01664314062761784,0.9166837197595017,0.20073000688795245,0.20243660052279588,0.1595170962824534,0.973920781433396,0.16504793721458122,0.10614576835357421,-1.354956126626416,0.5136929078981881,0.6397135788705899,0.7814649528598466,0.8638789390565192,0.0318575364029909,0.5417590529687638,1.5907876860488783,2.0305865439811283e-25,0.1346859017817228
pathway|TLR3-mediated TICAM1-dependent Programmed Cell Death,pathway,5,0.20241893025107982,0.19858550702296807,-0.014551855941425024,0.9271227093930569,0.23763188694210127,0.1296825675946648,0.12473206100211284,0.7792792114400678,0.21790762890895543,0.08210470814854928,-1.1372611830923816,0.5852650798447152,0.7106757645255876,0.8047052277076445,0.999999873896792,0.0211961722488037,0.3521919051549039,0.8911957680833756,1.7766945093225118e-17,0.1289301717699776
pathway|TNF Receptor Superfamily (TNFSF) Members Mediating Non-Canonical NF-kB Pathway,pathway,13,0.2010247404602846,0.20176080495175905,0.15161813974897928,0.33781019332106704,0.14022714420576557,0.3757587787192044,0.1362994794226169,0.5736621751359512,0.28309821451855033,0.11740820775734177,0.39595837328885936,0.5887231105495574,0.7816946741257597,0.8316396192493342,0.999999873896792,-0.0107602923392397,0.4250463981395061,0.1156756589777813,0.2231234916392632,0.0059057798821412
pathway|TNF Signaling,pathway,53,0.16913264899584413,0.2842758010395313,-0.14543142255232555,0.35811722671398777,0.20697494043557765,0.1884546074385254,0.12190446983265632,0.8104775282893733,0.20883288763510915,0.0818345838765827,0.9048024607103619,0.6490066418837603,0.7007775547107988,0.8426401584456408,0.999999873896792,0.0340212419159787,0.3279300394758201,2.3829223314695707,2.3291734339045008e-26,0.0375516196590489
pathway|TNFR1-induced NF-kappa-B Signaling Pathway,pathway,29,0.044875483891220876,0.777796453393022,-0.16782559606697361,0.28806840435261033,0.06147609907921937,0.6989388137545731,0.15188826402094585,-1.0843686655606344,0.8608993144313113,0.08471881400629029,1.346099156317156,0.9089172821744461,0.9575854850937996,0.770281863836341,0.999999873896792,0.0253652492179845,0.3657232177565445,1.502125367000858,3.625995490662727e-25,0.0434064014171654
pathway|TNFR1-induced Proapoptotic Signaling,pathway,23,-0.04696676857741369,0.7677213978383057,-0.1316637983682228,0.40588585598278404,-0.01816707941127327,0.909085325191889,0.12325073434939297,-1.0584826212731386,0.8550822651590928,0.10320054242051932,0.4749340747136098,0.9047216989356215,0.9575854850937996,0.8504366730359066,0.972663855239328,0.0160804454542752,0.4624888355524741,1.839754502136359,3.007227012499142e-26,0.0213209156117556
pathway|TNFR1-mediated Ceramide Production,pathway,6,0.36710759928876424,0.016779847134231488,-0.0826057451046163,0.6030073206162408,0.3602596729681959,0.019099000654452893,0.19481188220505344,1.4626696036822677,0.07177890368988644,0.1280171206966741,-0.4578693350828966,0.4644200585751626,0.4912494941830931,0.4136178282863003,0.999999873896792,0.0555570745044428,0.3230427138301983,1.400907063467687,1.2473190677144961e-24,-0.0157900029945196
pathway|TNFR2 Non-Canonical NF-kB Pathway,pathway,71,0.3145640715481697,0.04246710209303883,0.10735261389123131,0.49860387612032797,0.333009053851286,0.03116635325489605,0.149444075043958,1.7765542841494841,0.03782080149182076,0.09596818288076917,0.15696019530034935,0.4910698601145319,0.3986950997158573,0.0982795670357777,0.979958403975743,0.0579034287749738,0.3822078313149047,1.2003405692286522,1.1919099509903365e-23,0.0344674064232787
pathway|TP53 Regulates Metabolic Genes,pathway,67,0.224203145732255,0.15346528171534615,-0.030497901673645255,0.8479547205843854,0.29635048289639526,0.05669373450089474,0.08835677799164654,1.804025258255192,0.03561367369995262,0.0910623775544085,-0.9135353335511436,0.5477789685534712,0.38822614090625435,0.2387396714012945,0.999999873896792,0.0605446637439781,0.3903652341551507,-0.6212387510179209,2.1358380823590283e-11,0.022996536240521
pathway|TP53 Regulates Transcription of Caspase Activators and Caspases,pathway,8,0.097244737907966,0.5401053782513453,-0.10848539309625241,0.4940567767525819,0.019951346139166184,0.9001991340882554,0.15241108519249408,-0.606706858552841,0.727977265121321,0.08164723962344458,0.5316865555122451,0.823616619570151,0.9575854850937996,0.028213505706585,0.999999873896792,0.1807269797871301,0.2096095660283777,0.696480965860856,3.9241977696068556e-13,0.0677900550077629
pathway|TP53 Regulates Transcription of Cell Cycle Genes,pathway,31,0.10334431824269508,0.5148637974568413,-0.12634844979081605,0.42526330546734203,0.11297652508885567,0.4762410722088092,0.13907914531801485,-0.3935419033718711,0.6530403594867956,0.08386487275942822,0.660589333819285,0.8167234399366559,0.9575854850937996,0.4663673883756195,0.999999873896792,0.0580302662815396,0.330260781541804,0.5661207808710392,8.609075753254126e-11,0.0220745251447815
pathway|TP53 Regulates Transcription of Cell Death Genes,pathway,30,0.16869696468622064,0.2855363729293817,-0.04522403133891968,0.776114730797582,0.23268460192385276,0.1381010205505314,0.11666754443098186,0.49565296065998166,0.310069640152151,0.1080714930021101,-0.908726948633538,0.6490066418837603,0.8034300862339367,0.3263285271600668,0.8806302822513025,0.0455775803144224,0.5176460488344452,1.4285888141777578,1.706029236993018e-24,0.0064059411683375
pathway|TP53 Regulates Transcription of DNA Repair Genes,pathway,48,0.08853105171549594,0.5771663443153195,-0.21853924970714944,0.16439919799467262,0.08572590597194577,0.5893373811329847,0.1279953364811929,-0.49125110087650803,0.6883755697792817,0.09621216609415832,1.795260649587099,0.8371511840969951,0.9575854850937996,0.3196020101401131,0.999999873896792,0.0804512490122792,0.3177861771692294,0.0606497692574791,0.3428157042574446,0.0354104930298643
pathway|TP53 Regulates Transcription of Death Receptors and Ligands,pathway,8,0.06299995117155864,0.691840221610431,0.021784215481175182,0.8910834099544177,0.1046229126809934,0.5096484754804409,0.13912707059207344,-0.8478739916393622,0.8017459248107497,0.1127463856443703,-1.1872340216939326,0.881327805131243,0.9575854850937996,0.2183857253445963,0.8056476993003061,0.1383092471438336,0.5939063921146144,0.621915195953094,1.200979789232997e-11,-0.0450335685139399
pathway|TP53 Regulates Transcription of Genes Involved in Cytochrome C Release,pathway,13,0.1860372002092361,0.2381570828120802,0.04557257878661849,0.7744340172872601,0.22992709879892737,0.14296563679112284,0.13504470861090118,0.7504066026834513,0.22650492776000536,0.08855719277407337,-0.6434603531595189,0.6084527874891386,0.7151227627011635,0.894553977870733,0.999999873896792,0.0053858422279475,0.3190486589505231,0.3177798540990462,0.0004030563308508,-0.0039445650300603
pathway|TP53 Regulates Transcription of Genes Involved in G2 Cell Cycle Arrest,pathway,12,0.1527509189540004,0.3341706634144143,-0.054286264979088554,0.7327649470614125,0.22579084411153924,0.15049802264512088,0.09091860173223275,0.803767102748298,0.210765746075886,0.09651278826779855,-0.9307664248006534,0.6890829542131716,0.7032640577730171,0.6043071017045696,0.9679703265045758,0.0964156258414631,0.4714834180643679,-0.3812753919770303,2.25090230011302e-06,-0.00220913472813
pathway|TP53 Regulates Transcription of Additional Cell Cycle Genes With Uncertain Roles in the P53 Pathway,pathway,16,0.01699168807531664,0.9149451835823006,-0.1062198346862102,0.5031722825741634,-0.03260341930058864,0.8375939073427527,0.1563670987238755,-1.1069134957249602,0.8658343348033466,0.08170823542679188,0.37786059190511234,0.9686293724014947,0.9575854850937996,0.6108626647981014,0.999999873896792,0.0689838231943495,0.2867854950764755,0.845730875338355,5.753482603645704e-17,0.0321515465972515
pathway|TP53 Regulates Transcription of Cell Death Genes With Uncertain Role in P53-Dependent Apoptosis,pathway,9,-0.0841742086192609,0.5961184498728377,-0.13532354656906026,0.39284428573729807,-0.0358475406240303,0.821683741762024,0.1364345415586002,-0.5184214325241273,0.69791786788966,0.13681794375106884,-0.020008735487361633,0.8457564309856219,0.9575854850937996,0.4444172966281154,0.999999873896792,0.0694577352472089,0.4469311452442446,,,
pathway|TRAF3-dependent IRF Activation Pathway,pathway,13,0.21984630263601995,0.16182727449262602,0.018211604142262455,0.9088634407802091,0.20665052830323347,0.18916361336042997,0.14586710686194904,0.9882626583765064,0.1615120141756513,0.08916279396445002,-0.9439674469786554,0.5525358654373022,0.6397135788705899,0.2136375073868701,0.999999873896792,0.1143698406856301,0.3947072059343854,1.6905108859050126,2.5439940309726808e-26,0.0631135854436825
pathway|TRAF6 Mediated IRF7 Activation in TLR7 8 or 9 Signaling,pathway,13,0.33312422313813095,0.0311045025783763,0.17653928225944368,0.2634006079126477,0.3592864365711633,0.019449498057499577,0.15228473674270326,1.4922712464591894,0.06781402569743308,0.08151653433055754,1.3840258474097789,0.4857625830347534,0.4883983857688208,0.7184759197773157,0.999999873896792,0.0270685454895981,0.3200714402874761,0.4656936830287666,4.955535713731675e-08,0.0638048750649003
pathway|TRAF6 Mediated NF-kB Activation,pathway,19,0.13654346263600606,0.38855201570659537,-0.08391279803348681,0.5972641969130241,0.21038126782519137,0.18112365116260035,0.13148081095818093,0.04980189237948109,0.48014012932778355,0.09161133978453412,-0.13380209943078766,0.7274055177763006,0.9575854850937996,0.2116440701734393,0.7414691400384221,0.0612404216282332,0.5433281025235831,3.060113601786509,2.3291734339045008e-26,0.0040768524389194
pathway|TRAF6 Mediated Induction of NFkB and MAP Kinases Upon TLR7 8 or 9 Activation,pathway,88,0.190132632719697,0.2277969971087357,-0.09794183280336362,0.5371907772138035,0.2530414632284491,0.10591231486890267,0.14609366270295326,0.4349768007147396,0.3317896334298371,0.06694725101674759,0.7133639134652836,0.6016227140654119,0.8229187716013967,0.5719201145377018,0.999999873896792,0.0438071346791029,0.2780813476962462,2.625197173144496,2.3291734339045008e-26,0.0230229217974722
pathway|TRAF6-mediated Induction of TAK1 Complex Within TLR4 Complex,pathway,14,0.14926544447701234,0.34544712740758843,-0.05864310807532359,0.7122029133527925,0.1494728899775743,0.34476952863075294,0.18194176769877515,-0.3481227701533066,0.6361260077497513,0.06593646341842105,-0.19564457163341564,0.6978965614518171,0.9575854850937996,0.230319790006481,0.999999873896792,0.0572149654856421,0.2602418002268324,0.5319271280758895,1.329132565260073e-08,0.1068802766614242
pathway|TRAIL Signaling,pathway,8,0.15919904673642823,0.3139191270773001,0.02047716255230467,0.897582653442689,0.13957831994107722,0.3779937651497662,0.14660341334521274,0.16587377503033962,0.4341281430298239,0.09657378407114584,-1.0214380292353036,0.6711263871019296,0.9190580571563062,0.1410012240337897,0.9779872690312136,0.1222951860169905,0.4946142007986763,1.6905735008080098,9.785393450536364e-26,0.0495086777932915
pathway|TRIF (TICAM1)-mediated TLR4 Signaling,pathway,97,0.19518657071132967,0.2154436781159159,-0.10761402447700541,0.49755264959028267,0.23438776561865962,0.13515834675743957,0.14233370711090243,0.8547607256070856,0.19634181239870807,0.060577546410051954,0.9684636496032074,0.5986220157578992,0.6885417247480365,0.7051788537457686,0.999999873896792,0.0422103613062647,0.2817119245557539,3.0397940144182694,2.3291734339045008e-26,0.0253124961123806
pathway|TRIF-mediated Programmed Cell Death,pathway,8,0.28772591807536185,0.06464696053215704,0.0005228211715482045,0.9973781465477015,0.319302641259745,0.03928681927485584,0.15851502237031934,1.0859246290858937,0.13875616970951893,0.08721092825733671,-1.152885548803755,0.5122798637865735,0.6001290697602116,0.6059408530174861,0.999999873896792,0.0376867493408846,0.3837148082128597,0.6863631103720927,1.39569808478467e-12,0.148504423831566
pathway|TYSND1 Cleaves Peroxisomal Proteins,pathway,6,0.25783797443518947,0.09923770440868382,0.1068297927196831,0.5007097316967395,0.26042183923927886,0.09577852505976107,0.11736463932637942,1.3498252012469993,0.08853602955094403,0.11619264853349218,-0.13427042038072542,0.5136929078981881,0.5179517503482982,0.0673764122600265,0.7561258166152436,0.2265527455001139,0.6138182233220526,-2.1612432261737533,4.694280546410685e-26,-0.0033424972850891
pathway|Tat-mediated HIV Elongation Arrest and Recovery,pathway,26,0.3088130386611394,0.04660493464949909,-0.08626549330545373,0.5869873796012635,0.31200336828200126,0.04427100026217303,0.1503764394665523,1.730793795389024,0.041744274464539446,0.08538976784311049,0.016485018209787643,0.5001451021129545,0.4097332060400614,0.1539916182275056,0.999999873896792,0.104430937483569,0.2075069141083134,0.0183606328783662,0.6884783574037059,0.0617084653070301
pathway|Tat-mediated Elongation of the HIV-1 Transcript,pathway,35,0.25199980468623456,0.10740607337987192,-0.13096670347282519,0.40839785064444944,0.254744626923256,0.10350415340938027,0.10936983224478813,1.609255505570043,0.053780241978931866,0.09885676985357297,0.4663944406984544,0.5144479402341297,0.4495522427488712,0.0567693380892124,0.999999873896792,0.0851379403436015,0.2975649020457171,-0.2291060223682853,0.0079393564629851,0.0504078820124917
pathway|Telomere C-strand (Lagging Strand) Synthesis,pathway,27,0.07127795305440521,0.6537456926221751,-0.12652272351466548,0.42461985884203873,0.08605031810428992,0.5879240064446676,0.12068891060880678,-0.6485481030810287,0.7416847454466099,0.10435946268411785,0.36323269455354873,0.8754252940871481,0.9575854850937996,5.363635777255203e-05,0.999999873896792,0.1524693629956787,0.3942730114312843,-0.7604097929653256,1.1974012549521144e-14,0.0331222084999322
pathway|Telomere C-strand Synthesis Initiation,pathway,10,0.0009585054811717081,0.9951932883180874,-0.11920322711299061,0.4521121119258972,-0.02149230376780097,0.8925343285409066,0.13178143313182117,-1.6166857330350892,0.9470269324529506,0.09006466048537068,0.5274984373933701,0.9989712988278042,0.963492075615466,0.0008044028698438,0.999999873896792,0.1775058859269385,0.3745407737190429,-0.4391055299394498,7.235897555206498e-07,0.0490875133340308
pathway|Telomere Extension By Telomerase,pathway,18,0.0934978528452039,0.5559004836465739,-0.14421150648537973,0.36220684017727234,0.10308195505235862,0.5159372515090589,0.14592810266529632,-0.4967870677330487,0.6903303921005779,0.09548021645399082,0.6425189234621098,0.826238827632141,0.9575854850937996,0.0589213584436818,0.999999873896792,0.084024678451923,0.3939980194771545,-0.6658294623329253,3.08796020511744e-12,0.0839987232703041
pathway|Termination of Translesion DNA Synthesis,pathway,26,0.1657343113807808,0.2942045259839125,-0.1876928005858054,0.2339311004078925,0.16090841764270614,0.3086836677084026,0.15953888049793458,0.060298685420151044,0.4759588744627385,0.096669634619263,1.4422652571085552,0.6529905332813668,0.955112103787643,0.0745814603494467,0.999999873896792,0.0889752352910247,0.2607711619236021,-0.5237285775286075,1.6313159699779763e-09,0.028402466421321
"pathway|Tetrahydrobiopterin (BH4) Synthesis, Recycling, Salvage and Regulation",pathway,7,0.0938464002929027,0.5544220733590758,-0.05315348577406745,0.7381421123791518,0.0848337726079993,0.5932319117259209,0.16617435253350057,-0.6421916534346656,0.7396256241549289,0.09331486543516201,-0.3703720361763961,0.8259113163989649,0.9575854850937996,0.5270081364817317,0.999999873896792,0.0321550629821306,0.2748090060220603,-0.1857389105774519,0.0285654968798264,0.0009595605838746
pathway|The NLRP3 Inflammasome,pathway,16,0.2576637007113401,0.09947442184137405,0.058555971213398894,0.7126122437018001,0.2590430876768162,0.09761260285931976,0.12565135489541845,1.2530377826434655,0.1050959784069187,0.06973127375524177,-0.1969356904568263,0.5136929078981881,0.5444700069447546,0.0738100023147266,0.8818086116253029,0.1305388471177944,0.4605055124359271,1.057787787647763,8.819333867618926e-21,0.0641856575135384
pathway|The Role of GTSE1 in G2 M Progression After G2 Checkpoint,pathway,48,0.23875500167368,0.12782599426587982,0.07607048046026374,0.6320737872440542,0.3005678406168694,0.05310059505592239,0.15014988362554807,0.9171151261400652,0.17954115776778745,0.08267545459415605,-0.15354605570486374,0.5145896426775005,0.663457823159001,9.036053473115892e-17,0.999999873896792,0.1604349364707707,0.3469305537484293,0.7144889847775401,1.282179369585851e-13,0.0437933496734622
pathway|The Role of Nef in HIV-1 Replication and Disease Pathogenesis,pathway,24,0.18595006334731135,0.23838092964218519,0.16102892083684697,0.3083166986555028,0.17023526644760087,0.2811017916612745,0.13861296310671772,0.3997450507457903,0.34467215337388657,0.06093045070084698,2.685535198135641,0.6084527874891386,0.8367481190007899,0.3391320890463968,0.999999873896792,0.0688794614995988,0.3737904123040396,0.3267868841128317,8.984515470671692e-05,0.0746172083647077
pathway|Tie2 Signaling,pathway,12,0.07101654246863111,0.654936123142064,0.05376344380754035,0.7352451657481738,0.13665861074997976,0.38814829161289915,0.16319427185567575,-0.8895859939307937,0.8131558852120001,0.10903871216947425,-0.6931677203715343,0.875728672318497,0.9575854850937996,0.7813367078363798,0.999999873896792,0.0200470183723772,0.2937539315512833,0.2948012754958513,0.0017626790338759,0.0172390548482375
pathway|Toll Like Receptor 10 (TLR10) Cascade,pathway,83,0.18002475673643173,0.253938492407648,-0.13872188418412357,0.3809559350886598,0.23260349889076673,0.13824232294555308,0.13586379511299337,0.5932265287600508,0.276514780416787,0.08318084839331932,0.854916820867779,0.6215860181637165,0.7768395106205842,0.5478853243506157,0.999999873896792,0.0428290626119167,0.2537978186763701,2.643904050792785,2.3291734339045008e-26,0.0223658596418146
pathway|Toll Like Receptor 2 (TLR2) Cascade,pathway,96,0.24276329732221624,0.12136195462102523,-0.06909953150628768,0.6636915817964756,0.2826440703048542,0.06973261391518257,0.13226939955859948,1.4748449162550066,0.07012712118272986,0.07864101788704242,-0.17323971470970176,0.5144479402341297,0.4883983857688208,0.0422404292560027,0.999999873896792,0.0581285300572004,0.316269570708452,3.1372841161897487,2.3291734339045008e-26,0.0201940619672168
pathway|Toll Like Receptor 3 (TLR3) Cascade,pathway,93,0.18786707430965477,0.23348925313141297,-0.14508287510462672,0.3592828257221302,0.23138695339447612,0.14037473646936544,0.14718723032010822,0.45635184670392703,0.32406849334558635,0.0555846042217666,2.1346951289923988,0.606754250479696,0.8163195610828626,0.7189401961164023,0.999999873896792,0.0401324936720227,0.2756494610743744,3.125756120712156,2.3291734339045008e-26,0.0226051845210632
pathway|Toll Like Receptor 4 (TLR4) Cascade,pathway,123,0.271082777447744,0.08247911520666507,-0.0592530661087965,0.7093398397127701,0.3181671987965404,0.040030562850011414,0.1520668945878915,1.5834453342818384,0.05665999853109284,0.07576985828662353,-0.3886898573010915,0.5136929078981881,0.4559842262554719,0.1481036716979522,0.999999873896792,0.0536165574781707,0.3151645685789391,3.079241073749078,2.3291734339045008e-26,0.0256206234124817
pathway|Toll Like Receptor 5 (TLR5) Cascade,pathway,83,0.18002475673643173,0.253938492407648,-0.13872188418412357,0.3809559350886598,0.23260349889076673,0.13824232294555308,0.15236751676153168,0.3090956081277629,0.37862439996490566,0.06132256657950815,2.037046255536687,0.6215860181637165,0.8717941354527475,0.5127574271340423,0.999999873896792,0.0428290626119167,0.2537978186763701,2.643904050792785,2.3291734339045008e-26,0.0223658596418146
pathway|Toll Like Receptor 7 8 (TLR7 8) Cascade,pathway,92,0.20782141569041127,0.1866135105190573,-0.08704972506277604,0.5835793717884623,0.27015420320960387,0.08357686230686373,0.15498597946236897,0.6478594435609092,0.25853793201702113,0.0679318975564967,0.4620039332858569,0.5759318937964197,0.753463862869468,0.4460493837949431,0.999999873896792,0.047578263514844,0.287869270695888,2.592322458632013,2.3291734339045008e-26,0.0248773625820084
pathway|Toll Like Receptor 9 (TLR9) Cascade,pathway,95,0.2022446565272304,0.19898048563741336,-0.10046880179917994,0.5266895242501588,0.2502028570704377,0.11002058237258068,0.1567200030146705,0.5632801353900632,0.2866220712973474,0.06949600422804508,0.7656065160975694,0.5852650798447152,0.7846148462160154,0.2842175870930333,0.999999873896792,0.0461275401677358,0.2723032002477813,2.662603244587239,2.3291734339045008e-26,0.0224831456911369
pathway|Toll Like Receptor TLR1 TLR2 Cascade,pathway,96,0.24276329732221624,0.12136195462102523,-0.06909953150628768,0.6636915817964756,0.2826440703048542,0.06973261391518257,0.15736917263600952,0.8291416347115266,0.20351213338842233,0.06138356238285544,0.15884768954912787,0.5144479402341297,0.6937310996448989,0.0572931864194457,0.999999873896792,0.0581285300572004,0.316269570708452,3.1372841161897487,2.3291734339045008e-26,0.0201940619672168
pathway|Toll Like Receptor TLR6 TLR2 Cascade,pathway,96,0.24276329732221624,0.12136195462102523,-0.06909953150628768,0.6636915817964756,0.2826440703048542,0.06973261391518257,0.17411687749793697,0.8382677452574162,0.200940173401014,0.07669786586612157,-0.13459412696530834,0.5144479402341297,0.6932700898573341,0.0518489747757385,0.999999873896792,0.0581285300572004,0.316269570708452,3.164293870168186,2.3291734339045008e-26,0.0202835152319919
pathway|Toll-like Receptor Cascades,pathway,141,0.2948711407531873,0.057999262874074545,-0.050887927364025226,0.7489332619949478,0.3317114053219093,0.031870285617843754,0.13510570441424846,2.454656633418703,0.007050960724022363,0.08421777705022325,-0.7761560868196534,0.5100523411573027,0.16925187931504795,0.0076633439539723,0.999999873896792,0.0613804198254686,0.3263427081399331,2.633206615686323,2.3291734339045008e-26,0.026364899939786
pathway|Trafficking and Processing of Endosomal TLR,pathway,10,0.4146843258996508,0.006323825610429435,0.031282133430967564,0.8440926283561575,0.42579092370171734,0.004933428898926415,0.13159844572177928,4.801243596396014,7.884165698165766e-07,0.0812115553138211,-0.6448821407441433,0.4644200585751626,0.00034847027148444845,0.0161900943956943,0.9450805396894022,0.1553383458646616,0.4560252082051573,-0.8069914758190944,1.0392820386134261e-15,0.059184751684224
pathway|Transcription of E2F Targets Under Negative Control by DREAM Complex,pathway,14,0.03485474476988029,0.8265455386528193,-0.1290496925104818,0.4153515826796449,0.02879157674554469,0.856369854219045,0.12010073679081501,-0.8912742244643197,0.813608963435933,0.08068437729917663,0.7382961552134588,0.9315884827142438,0.9575854850937996,0.0057914594761709,0.5302479670784715,0.1669360714473496,0.5779570423125141,0.5337064606953384,6.614037302787036e-09,-0.0160168295335681
pathway|Transcription of E2F Targets Under Neg Control by P107 (RBL1) and P130 (RBL2) in Complex With HDAC1,pathway,11,0.01080497087866289,0.9458549740496945,-0.1315766615062981,0.40619936895614517,0.037956219484267376,0.8113794232413205,0.1389266558096466,-1.53430535281052,0.9375227252515507,0.09630801664227548,0.47046651564602043,0.9829216088408934,0.9600291819869817,0.0120627937135141,0.8379104691817861,0.1595277449822904,0.5465108181666702,0.923004627196988,1.3876573177960728e-18,-0.0226931074335042
pathway|Transcription of the HIV Genome,pathway,56,0.12861400820085828,0.41694130582388633,-0.12599990234311728,0.4265518404774659,0.1281427922759454,0.4186645551293767,0.1267884909435358,0.024002944394898206,0.49042513004864446,0.07046758023850548,0.9534775151613396,0.7548945960980918,0.9575854850937996,0.0231389530313189,0.999999873896792,0.0964104180167064,0.4104730254966876,0.029613300232003,0.6705477194186814,0.0509938511712606
pathway|Transcription-Coupled Nucleotide Excision Repair (TC-NER),pathway,65,0.09253934736403217,0.5599756270368125,-0.1302696085774276,0.4109187278014641,0.11013791893084421,0.4874618383417139,0.19190151101676844,-0.9178114793381297,0.8206412143144033,0.07591799095189553,1.0903399857388907,0.8270844989125001,0.9575854850937996,7.476168241617028e-09,0.999999873896792,0.1190877872127872,0.4108212998468304,-1.1854248723411365,5.136086239130844e-22,0.0411704235754009
pathway|Transcriptional Regulation by E2F6,pathway,25,0.023875500167368002,0.8806994182721057,-0.12303724903767743,0.4375924233058606,0.005515006249850815,0.9723485216300406,0.13944512013809857,-1.1365231116467835,0.8721311507100107,0.10821091198118962,0.1882972343695968,0.9534469210214795,0.9575854850937996,1.504554779051562e-05,0.9539724928433696,0.1128478013214855,0.4205168970913195,0.4655251577083383,8.881601749537e-08,-0.0013146658619431
pathway|Transcriptional Regulation by MECP2,pathway,38,-0.2005019192887364,0.20296067113096594,-0.14595424372387372,0.3563731250405068,-0.15871863574938302,0.31540058359820944,0.1160314453389315,1.0087820647726846,0.15653958219103842,0.07828375675315115,1.0318202105721521,0.5895237002521901,0.6325045280421687,0.7439766840206877,0.8818086116253029,0.0400616827209625,0.4563563008514157,,,
pathway|Transcriptional Regulation by NPAS4,pathway,24,-0.13793765242680125,0.38368035952761187,-0.12286297531382803,0.4382467555844879,-0.13179242876481725,0.40542330603582777,0.1172121498180112,0.2238429729262625,0.41143974534954075,0.08174744701465801,0.6780344526644377,0.7227320605599133,0.905513551016392,0.8661939810362126,0.999999873896792,0.0309365310509475,0.3091648991765956,,,
pathway|Transcriptional Regulation by VENTX,pathway,32,0.029277985606699447,0.8539693739638401,-0.17087538623433812,0.2792697925115879,-0.019626934006822017,0.9018139423948041,0.09099266806486875,-0.7260345361032396,0.7660912005520885,0.09517523743725438,1.112690468742125,0.9411882912454267,0.9575854850937996,0.4438478900090666,0.999999873896792,0.0611533415650563,0.294073492329016,0.650466221532122,1.3064842197698002e-11,0.0343146924483986
pathway|Transcriptional Activation of Mitochondrial Biogenesis,pathway,46,0.06831529974896537,0.6672862139808646,-0.04400411527197388,0.7820051272828707,0.13073808933469874,0.4092236010694246,0.15440216248747346,-0.8776559799878928,0.8099347799577112,0.07854081049582902,-0.6221308115628259,0.8770401152061406,0.9575854850937996,0.393635427284655,0.8818086116253029,0.0546863205444441,0.4652662024605887,-0.6196363473847984,4.5811107943206006e-11,0.0353864014614151
pathway|Transcriptional Activity of SMAD2 SMAD3 SMAD4 Heterotrimer,pathway,43,-0.014726129665274425,0.9262523083908633,-0.18987122213392293,0.22844889644902977,0.03884835284821383,0.8070292419249095,0.08170387858369565,-1.181433666146711,0.881284754746926,0.06176260773222788,2.462395640275818,0.9781261763178994,0.9575854850937996,0.6730253736201102,0.9384644166475082,0.0612067771361354,0.4146699237097546,1.5700601913923966,3.897247166270232e-25,0.0370708406953375
pathway|Transcriptional Regulation by RUNX1,pathway,133,0.03973440903766354,0.8027143691781649,-0.12556421803349377,0.4281655842794441,0.12035690109968543,0.4477157507588145,0.1201094504770075,-1.2303175030665974,0.8907108837862234,0.08314599364854944,0.7199886124730411,0.9190643933194154,0.9575854850937996,0.2763188480362578,0.8718293000101139,0.0561458172243508,0.441382194050398,,,
pathway|Transcriptional Regulation by RUNX2,pathway,77,0.19265960171551333,0.22156100370200213,-0.032589186359838075,0.8376638558584298,0.284103924900403,0.06824037219074607,0.13747582705860037,0.7218652511012673,0.2351886636198629,0.08308064100210592,-0.6561010496777734,0.5991031748931795,0.7249629940447321,6.677724895014842e-07,0.999999873896792,0.0939114003239628,0.3266385686663338,0.6420326979749138,1.438503497456201e-11,0.0243907494300701
pathway|Transcriptional Regulation by RUNX3,pathway,68,0.16782559606697361,0.28806840435261033,-0.023265542133895097,0.883726123282142,0.23317122012236902,0.13725545367506084,0.14823287266320467,0.20902749205525148,0.41721338854004625,0.0781574083033603,-0.8903778233836601,0.6490066418837603,0.9096121064732466,0.0102538595958664,0.999999873896792,0.0737116056163235,0.230483861120322,1.382953099486003,1.0733853829640976e-24,0.0188272897216261
pathway|Transcriptional Regulation of Brown and Beige Adipocyte Differentiation,pathway,19,-0.09872606456068593,0.5339209670562576,-0.07894599690377886,0.6192136324176969,-0.054095723068389605,0.7336685521770135,0.15282062844354016,-0.5292039330458401,0.7016680056909035,0.06434621568829527,0.4256437017997783,0.821597399541051,0.9575854850937996,0.4945931828637601,0.972663855239328,0.0580190508168347,0.4451368051330577,-0.2461360943758187,0.0073956933221122,-0.0026403114731523
pathway|Transcriptional Regulation of Brown and Beige Adipocyte Differentiation by EBF2,pathway,19,-0.09872606456068593,0.5339209670562576,-0.07894599690377886,0.6192136324176969,-0.054095723068389605,0.7336685521770135,0.15056814056278664,-0.5242985430542456,0.6999645449566301,0.08979889305650035,-0.14599918878312185,0.821597399541051,0.9575854850937996,0.118605099586008,0.8844798500864341,0.0580190508168347,0.4451368051330577,-0.2461360943758187,0.0073956933221122,-0.0026403114731523
pathway|Transcriptional Regulation of White Adipocyte Differentiation,pathway,63,0.04992942188285352,0.7535131594264737,-0.15562643539751553,0.32504158544461287,0.11476079181674857,0.46925835979532193,0.10361008567156542,-1.0059302636482343,0.842775441468526,0.09510552794771462,0.8460128170648619,0.8996283704204391,0.9575854850937996,0.1872484864980799,0.7584976426989276,0.0660513873708149,0.4627833468670094,0.8351799910911135,3.4722409700913047e-16,0.0264771950329543
pathway|Transferrin Endocytosis and Recycling,pathway,19,0.23840645422598122,0.12840002281049764,0.01681741435146724,0.9158144032512914,0.3310625810572209,0.03222713724782187,0.14390652746864324,0.9801639582375428,0.1635025961296731,0.09019100893516149,-1.2652770619601044,0.5145896426775005,0.6397135788705899,7.127194061546756e-05,0.6546990428633584,0.1918972071326641,0.6103392405773843,0.2403780973981013,0.0091634033510598,0.0904686081746665
pathway|Translation Initiation Complex Formation,pathway,49,0.24895001451887,0.11187185594368056,0.08399993489541151,0.59688217420932,0.17145181194389153,0.27762678095890964,0.12694969413809648,1.4898394375983222,0.06813322937870493,0.06337463967783485,0.49202048618468186,0.5144479402341297,0.4883983857688208,3.4361883358769135e-21,0.5768383346095755,0.2285518992285909,0.5000498687874063,-3.2410248456402,2.3291734339045008e-26,0.0434389811651053
pathway|Translation of Replicase and Assembly of the Replication Transcription Complex 9694676,pathway,11,0.07310782715482392,0.6454365330874848,-0.0934107159832792,0.5562703751684983,0.09732363970324967,0.5397751029310617,0.12133808023014576,-0.5375080795162605,0.7045416472487276,0.07684164168829734,0.3887455743263883,0.8692488205188902,0.9575854850937996,0.6013397712060933,0.999999873896792,0.0759647051513079,0.3202553742646292,1.5929862358944673,2.098228120921392e-25,0.0096028801178653
pathway|Translation of Structural Proteins 9683701,pathway,27,0.3337341811716038,0.030778616636042776,0.010369286569039387,0.9480352066952413,0.31589631387013123,0.041552516520419094,0.12798662279500045,2.7733179679496747,0.0027743937102744243,0.08813893583683478,-1.5947557380426427,0.4857625830347534,0.10187379009832229,0.4848323799308087,0.999999873896792,0.0584742742637479,0.1675774242950948,0.4160127616595387,2.5177073010210447e-06,0.0450843326089562
pathway|Translation of Structural Proteins 9694635,pathway,51,0.3483731739749535,0.023763774575006086,-0.014551855941425024,0.9271227093930569,0.3315491992557372,0.03195919163644134,0.11551733785357576,2.608855292475988,0.00454228250008774,0.10435946268411785,-1.528499164730923,0.4857625830347534,0.12675996363578187,0.2168461330072536,0.999999873896792,0.0752626486001099,0.1220366173255724,0.6241234170572652,1.8961976553891242e-11,0.0166490681625242
pathway|Translesion Synthesis by POLH,pathway,18,0.14604138058579844,0.35608294296811865,-0.003485474476988029,0.9825222914880374,0.17055967857994506,0.28017235780998595,0.1382426314435377,0.09425521709927286,0.4624532115289569,0.10110054404813404,-1.2883882994971985,0.7057590905608639,0.9408711154089859,0.0117922929590458,0.999999873896792,0.1248133703242062,0.3163317637490327,0.1367735689538657,0.1637827208932122,0.020115317127273
pathway|Translesion Synthesis by POLI,pathway,16,0.018298741004187154,0.9084292230065883,-0.05149788539749814,0.7460231998189379,0.029034885844802818,0.855168936372351,0.1908863665753457,-1.298305525131213,0.9029088157192866,0.11972604828453881,-0.8394176510215442,0.9661292498743849,0.9575854850937996,0.1035111806439795,0.9251396720017928,0.1057205513784461,0.501189335845238,-0.0569585317127396,0.6534339901379276,0.0372488095366947
pathway|Translesion Synthesis by POLK,pathway,16,0.05629041280335667,0.7232824836353445,-0.046182536820091394,0.7714952183947392,0.06715331139524228,0.6726258554055581,0.1600312037678091,-0.8705238371974243,0.8079929008754028,0.08393458224896798,-0.5675936978683753,0.8945624927844091,0.9575854850937996,0.1369341543166881,0.9815952958789088,0.1022886762360446,0.4550719784625233,-0.0569585317127396,0.6534339901379276,0.0372488095366947
pathway|Translesion Synthesis by REV1,pathway,15,0.05175929598327224,0.7447770936663995,-0.10438996058579147,0.5105966892799291,0.07023522665251183,0.658499158978157,0.16898015948747588,-0.9308414531170253,0.8240322083603923,0.10033373966319666,0.08036614159066846,0.899439261072026,0.9575854850937996,0.0720128640790351,0.999999873896792,0.1058789831722162,0.4481141909446786,-0.0569585317127396,0.6534339901379276,0.0372488095366947
pathway|Translesion Synthesis by Y Family DNA Polymerases Bypasses Lesions on DNA Template,pathway,33,0.19588366560672724,0.21377694071077027,-0.13837333673642477,0.38216537675931966,0.20162214025189887,0.20039588210619755,0.1671372148577685,0.28207695607339867,0.3889422512228295,0.0790767021966659,1.2758727505762781,0.5983214878938826,0.8848436215319371,0.2005460929152867,0.999999873896792,0.0784049483212162,0.2380312809201147,-0.0762068516927474,0.1420823832923902,0.0346259348636108
pathway|Translocation of SLC2A4 (GLUT4) to the Plasma Membrane,pathway,55,0.17131107054396166,0.27802735681857244,0.017340235523015446,0.9132070387342011,0.2560422754526327,0.10169763476937804,0.1340992736590182,0.5202674730326008,0.301438581680816,0.07731218074269074,-0.981149733381836,0.6451344321743593,0.7976321521711213,0.0067789873311435,0.9213934123713352,0.0865921461136772,0.4126489590251761,1.105319497688609,6.56821373047518e-21,0.0187858145931793
pathway|Transport and Synthesis of PAPS,pathway,5,0.2228960928033845,0.15593997200850912,0.0470539054393384,0.7673024094980955,0.291808713043577,0.06077820974747465,0.1016059378472973,1.4288692587195746,0.07652090728131915,0.11446733866738315,-0.927598635082861,0.5484514903787492,0.5040412921614407,0.0118938910993262,0.999999873896792,0.3379425837320575,0.3917875724978314,0.8753140845875085,8.741607731636116e-17,-0.0315477156865928
pathway|Transport of Mature Transcript to Cytoplasm,pathway,72,-0.1659085851046302,0.29368998727336204,-0.2269915253138454,0.14828215983422888,-0.18564484273394877,0.23916614051543778,0.09648229036612488,1.3305324747686886,0.0916714469664408,0.07670657955231405,3.540002165686915,0.6529905332813668,0.5289033456396041,1.4727125407987867e-20,0.7561258166152436,0.1694317954510689,0.4837151335089714,-1.1028342186226774,4.269166195415325e-22,0.057801352817218
pathway|Transport of Mature mRNA Derived From an Intronless Transcript,pathway,37,-0.1058712872385114,0.5045822124096812,-0.19919486635986589,0.20598218259845288,-0.15385245376422052,0.33065493817962155,0.15411025400002573,-0.45820924600180984,0.6765989410925307,0.05416863021549022,3.0027097230090356,0.8098854068814898,0.9575854850937996,3.509725284635801e-09,0.999999873896792,0.249263207157944,0.4124984562567726,-1.0667927445161065,6.688825634510437e-22,0.0819334266727681
pathway|Transport of Mature mRNA Derived From an Intron-Containing Transcript,pathway,64,-0.17653928225944368,0.2634006079126477,-0.21383385916321562,0.1739032569604061,-0.18645587306480918,0.2370835404622474,0.10464265748537312,0.984048877503356,0.16254574060029886,0.08168209436821447,2.490142761233437,0.6306271651025818,0.6397135788705899,2.5266737928263214e-34,0.4430667701557792,0.183972139493756,0.4950211158503928,-1.1579745107113677,5.538288552980557e-23,0.0555294675803453
pathway|Transport of Mature mRNAs Derived From Intronless Transcripts,pathway,38,-0.09576341125524611,0.5463240601715871,-0.2100869741004535,0.1817488590913805,-0.14184920486748642,0.3702057578488137,0.11636256541424535,-0.27326829346102244,0.6076765068880143,0.09743643900420036,1.7728083688000267,0.823616619570151,0.9575854850937996,7.11309850663217e-10,0.999999873896792,0.2309615367787112,0.3934002979319408,-1.0449697396450517,2.4610246742893906e-21,0.0844734103881867
pathway|Transport of RCbl Within the Body,pathway,5,0.24607449807535486,0.1162101682266602,0.1667799537238772,0.2911260085117226,0.23025151093127152,0.14238685338473486,0.12782541960043975,1.2099709528788345,0.11314501952707534,0.11556961997073059,0.6398999269692538,0.5144479402341297,0.5610323348232203,0.988237177624956,0.999999873896792,-0.1032672590567327,0.3467440101294351,,,
pathway|Transport of Ribonucleoproteins Into the Host Nucleus,pathway,28,-0.0934978528452039,0.5559004836465739,-0.18734425313810657,0.2348165040079091,-0.1420114109336585,0.369653166389622,0.08707586612135344,0.09271202609977462,0.4630661713591314,0.10142295043725544,1.404194717634553,0.826238827632141,0.9408711154089859,2.326212390124386e-19,0.999999873896792,0.3176481969715052,0.3838653999179471,-0.743831014276322,1.8041158031569615e-14,0.0778816222423302
pathway|Transport of Nucleotide Sugars,pathway,8,0.03102072284519346,0.8453795964900847,0.020564299414229374,0.897149160104495,0.07201949338040477,0.6503734293574819,0.13297085129709335,-1.1528122819054605,0.8755062789294088,0.09759764219876106,-1.0661047298522326,0.9361796272242049,0.9575854850937996,3.857862049969926e-08,0.999999873896792,0.2595083487940631,0.4451153396728559,-0.8763308133361516,4.430424078786196e-17,0.1016377696807203
pathway|Transport of the SLBP Dependant Mature mRNA,pathway,31,-0.08591694585775493,0.5885048902341892,-0.16303306866111505,0.3022541763770751,-0.12449315578707354,0.43214721681430096,0.13920549376780567,-0.5074038409434438,0.6940642543758457,0.07888500110043158,1.2922141303539156,0.8457564309856219,0.9575854850937996,4.322712406662583e-13,0.999999873896792,0.2579050264958584,0.3923448151668446,-1.121434660808302,6.66676167511321e-23,0.0828315272527475
pathway|Transport of the SLBP Independent Mature mRNA,pathway,30,-0.0934978528452039,0.5559004836465739,-0.18176749397492573,0.24929386092413153,-0.1406326593711958,0.37436590714073353,0.14937000871132203,-0.7553304769856446,0.7749746417745982,0.06981841061716645,1.921639095144344,0.826238827632141,0.9575854850937996,2.4995244544548953e-16,0.999999873896792,0.2828854267329767,0.4121191014316541,-1.1489533679227488,2.2073819644890122e-23,0.0795477292471513
pathway|Transport to the Golgi and Subsequent Modification,pathway,138,0.23204546330547807,0.13921747134525034,0.03232777577406397,0.8389487905322721,0.2845094400658332,0.06783037417864635,0.10611527045190057,2.657937019936468,0.0039310291861372705,0.09151113239332073,-1.1266049505236893,0.5346461789460715,0.11924121864616387,6.09851167692893e-06,0.999999873896792,0.0906271477719138,0.2217358067889105,0.6180823869807729,3.8904001293236457e-11,0.0270288133088065
"pathway|Tristetraprolin (TTP, ZFP36) Binds and Destabilizes mRNA",pathway,17,-0.05158502225942283,0.745607759921377,-0.12347293334730094,0.43595896076645385,-0.06155720211230541,0.6985603647569557,0.12260156472805395,-0.7485900409377196,0.7729478317370997,0.10271693283683722,0.285994318650214,0.899439261072026,0.9575854850937996,0.8803675313590817,0.972663855239328,0.0244541835873105,0.455264583134142,-0.0605679986514413,0.3785621615716472,-0.0024158137538224
pathway|Truncations of AMER1 Destabilize the Destruction Complex,pathway,13,0.1419459480753375,0.36987612096731265,-0.14996253937240997,0.3431733778322119,0.1849149154361744,0.24105106275788832,0.14378889270504494,-0.017356142425316502,0.5069237514228881,0.10724369281382543,0.5777523745069812,0.7147344340593939,0.9575854850937996,0.0351090981808392,0.999999873896792,0.1358150621308516,0.2698589467035261,1.1067352306360732,2.9224163003255048e-21,0.076760415959445
pathway|Turbulent Flow Shear Stress Activates Signaling by PIEZO1 and Integrins in Endothelial Cells,pathway,26,0.07685471221758604,0.6285556293892357,0.056900370836829584,0.7204045343753235,0.13000816203692436,0.41186647356163875,0.13295342392470838,-0.6149711976411634,0.7307131291096801,0.08965076039122835,-0.6084413778783613,0.8597923022065697,0.9575854850937996,0.2541160466287892,0.999999873896792,0.0617738051422262,0.3721572130302404,2.3774788565127585,2.429123844324463e-26,0.0508098867855094
pathway|UCH Proteinases,pathway,61,0.17157248112973572,0.27728363548942425,-0.08635263016737843,0.5866082745318107,0.24898631157414708,0.11181789096740917,0.11944721032637975,0.5157894761798912,0.30300072674918677,0.08116363003976251,0.10728719733424405,0.6451344321743593,0.7976321521711213,1.6846595025922697e-05,0.999999873896792,0.1182886426199627,0.3416269256970985,0.4806568513056141,1.868941675476166e-07,0.0375360864345181
pathway|Ub-specific Processing Proteases,pathway,126,-0.006448127782427854,0.9676722646209818,-0.06700824682009486,0.6732935883160066,0.0244931159919845,0.8776364214508106,0.14111379104395663,-2.058556715561055,0.9802316385733423,0.07435388428034714,-0.1326368203753533,0.9899012951376905,0.9807002005420675,0.0001961440003633,0.972663855239328,0.0871071358048801,0.3924206914130885,1.3395529544396578,4.758529841415375e-24,0.0197244792162411
pathway|Ubiquinol Biosynthesis,pathway,8,0.2639375547699185,0.09122184124467404,0.06700824682009486,0.6732935883160066,0.22684518354165775,0.14855094408357072,0.14612851744772312,1.305798369295629,0.09581056738649979,0.08375595168202235,-0.2280266333148617,0.5136929078981881,0.5299852515627526,0.0309529964633754,0.999999873896792,0.1907430914949711,0.4856142967113132,-2.403855715148666,2.3291734339045008e-26,0.0889275380358115
pathway|Ubiquitin Mediated Degradation of Phosphorylated Cdc25A,pathway,34,0.2604520802929305,0.09573859654440552,0.006622401506277256,0.9667990209252492,0.2993512951205788,0.05411776525669163,0.09876963299164827,2.6398923510117993,0.00414661825958739,0.05470887875942335,-1.081261550598988,0.5136929078981881,0.12223763404670995,1.8123029492980016e-30,0.9815952958789088,0.2501756335418029,0.3773093253575703,0.6049723897326327,5.99405753304096e-11,0.0656099967993172
pathway|Ubiquitin-dependent Degradation of Cyclin D,pathway,36,0.2599292591213823,0.09643070588052614,-0.0017427372384940145,0.9912606414663679,0.2991890890544067,0.05425456157692242,0.12082397274479004,1.6987606210801813,0.04468214805415084,0.0811636300397625,-1.1761153287068202,0.5136929078981881,0.4156432705659454,1.6412786102110817e-29,0.999999873896792,0.2474453449641419,0.3638355392942843,0.6149460108990893,4.170370173914639e-11,0.0800694413769551
pathway|Unfolded Protein Response (UPR),pathway,73,0.317962409163233,0.040165920117598196,-0.04435266271967268,0.7803209135457596,0.3210058049545519,0.038192395042309646,0.11712936979918273,2.881704729333176,0.0019776509477662033,0.07810076934310928,-0.6401263000811624,0.48662407764568755,0.08278446867349327,0.0120054619613604,0.999999873896792,0.0726311159800705,0.1950624185094826,-0.2641227505485029,0.0015687040035646,0.0439425596669048
pathway|Uptake and Function of Anthrax Toxins,pathway,10,0.12181733297073163,0.4421840935089542,-0.0703194475732335,0.6581147255268652,0.19351183694329474,0.2194846677783625,0.12738102160462378,-0.05504761383445041,0.5219497345411954,0.09382897292051773,-0.43218608833328603,0.7667699318262147,0.9575854850937996,0.6460872755869874,0.99054418665301,0.0382668793195109,0.506034800918723,1.52011417709255,4.813325120179807e-25,0.0240285604363274
pathway|Uptake and Function of Diphtheria Toxin,pathway,6,0.10195012845189987,0.5205808640153592,-0.0359003871129767,0.8214251313665528,0.09164642738722678,0.5637844176619385,0.13150695201675833,-0.28375582803803795,0.6117012461301548,0.09581133652930471,-0.7458977425620154,0.8167234399366559,0.9575854850937996,0.2618494638812388,0.9384644166475082,0.1309090909090908,0.5087518466192494,-1.153608358671557,1.801485071322151e-21,0.0413983324494088
pathway|VEGFA-VEGFR2 Pathway,pathway,75,0.19919486635986589,0.20598218259845288,0.07763894397490836,0.6250455678187363,0.23909174153765003,0.12727323704607982,0.16857932992262226,0.28525452884341557,0.38772457345153943,0.06444642307950865,0.2606888289513136,0.5925498694174556,0.8839951331525838,0.2618494638812388,0.999999873896792,0.0565485950749108,0.2241742260848856,1.629188356648572,4.893003764572366e-25,0.0121467877945781
pathway|VEGFR2 Mediated Cell Proliferation,pathway,17,0.19762640284522126,0.20964930729123568,0.05489622301256146,0.7298747492169224,0.13836177444478662,0.38220553608675667,0.11023248717784266,1.0923344739145289,0.13734305644622113,0.09658249775733828,-0.6481658043521676,0.5963203374668667,0.6001290697602116,0.8337647781689689,0.999999873896792,0.0109354268022998,0.2193372724371113,1.236956413911919,3.289305959469639e-23,0.0276597443247556
pathway|VEGFR2 Mediated Vascular Permeability,pathway,20,0.1298339242678041,0.4124987787886173,-0.029713669916322953,0.8518203277824125,0.18150858804656064,0.24998024318792275,0.11645405911926629,0.17519415711458675,0.43046353763968703,0.06949164738494885,-0.9684094831451845,0.7526325977805972,0.9187974908873431,0.0750821690696321,0.999999873896792,0.0855552757491815,0.2158668522311687,0.7976056093376183,8.399279844057588e-16,0.0239446375279838
pathway|VLDLR Internalisation and Degradation,pathway,13,0.12486712313809616,0.43075466934690865,0.0721493216736522,0.6497837214795716,0.16326040560220134,0.30157133693257915,0.10987958288704762,0.18310921629533128,0.4273561622393878,0.08025740667574563,-0.1620437668058155,0.7620339321185473,0.917284747738034,6.799243228754438e-05,0.999999873896792,0.1852664878980668,0.3807634247615753,-0.365230259293416,3.0224042072542465e-05,0.1338445772928028
pathway|Vif-mediated Degradation of APOBEC3G,pathway,37,0.2599292591213823,0.09643070588052614,-0.01542322456067203,0.9227715633260049,0.31176005918274313,0.044445587403422485,0.1450915887908192,1.3237670549017908,0.09279021039515972,0.06235513839331584,-1.1315937262694662,0.5136929078981881,0.5299852515627526,8.861742919926319e-14,0.9815952958789088,0.232003432003432,0.3645654611065712,0.7238141834807161,3.0170373487931745e-14,0.0552540186796257
pathway|Viral Messenger RNA Synthesis,pathway,39,-0.013244803012554512,0.9336533223479627,-0.18656002138078426,0.23681699971689416,-0.053933517002217525,0.7344380602922557,0.1207716906276352,-1.2325839905049578,0.8911344935379432,0.10046444495608371,1.5234857391972934,0.9809225571905874,0.9575854850937996,2.3209993410815853e-06,0.999999873896792,0.1748283111163997,0.3522182200216959,-0.9346016105123616,2.194781395855513e-18,0.0681383613280883
pathway|Viral mRNA Translation,pathway,69,0.2801450110879129,0.07234680043530334,0.04365556782427507,0.7836903248145912,0.20478515854225451,0.19327711619509175,0.17400795642053113,1.380143891679747,0.08377117273672363,0.04232673067992338,0.043128504227050606,0.5136929078981881,0.5110428366479463,5.3406223379232786e-98,0.5302479670784715,0.3808925941918268,0.4918070708196297,-2.8077208804798297,2.3291734339045008e-26,0.048089677509868
pathway|Vitamin B5 (Pantothenate) Metabolism,pathway,14,0.038950177280341225,0.8065330923672073,0.24685872983267718,0.1150145821094802,0.06536904466734937,0.6808559565247326,0.15125216492889554,-1.1930638347937075,0.8835778130834636,0.11211464339541619,1.5862405840698068,0.9204328038847137,0.9575854850937996,0.8263886692447419,0.9545790103479016,0.0052676646661608,0.4939528181418348,-0.2044891723290743,0.0110042835128295,0.0350003615784373
pathway|Vitamin C (Ascorbate) Metabolism,pathway,6,0.07746467025105895,0.6258248785013287,0.07903313376570356,0.6188256500204474,0.14209251396674452,0.36937705568996626,0.10483000173851123,-0.3025193031499847,0.6188718896955773,0.10069535764018415,-0.3248088319512822,0.8593973116730259,0.9575854850937996,0.7413765378026332,0.999999873896792,0.016058327637275,0.3588719258203444,0.1708065860760063,0.0789617096291305,0.0845188744935473
pathway|Vpr-mediated Nuclear Import of PICs,pathway,30,-0.11371360481173447,0.4733498976145926,-0.2144438171966885,0.17264946487152932,-0.16326040560220134,0.30157133693257915,0.0981771023305603,0.19468478938631223,0.4228198601883233,0.07063314027616242,2.1402447807101423,0.7894193910018664,0.9113923453904847,4.608105139773915e-15,0.999999873896792,0.27727641988985,0.4200428565133992,-1.2294542312666916,3.880598206107459e-24,0.0633289497894816
pathway|Vpu Mediated Degradation of CD4,pathway,37,0.2389292753975294,0.12753970085040844,-0.003049790167364526,0.9847067292845207,0.27534479732711054,0.07758415219803355,0.12746815846654846,1.1582316953508287,0.12338474854600628,0.05991530625942424,-1.505709877516548,0.5145896426775005,0.5779272274057587,8.572021152129583e-18,0.999999873896792,0.2169497248444616,0.3734135699529002,0.6625959190465052,1.4468852479104404e-12,0.0630888076276425
pathway|VxPx Cargo-Targeting to Cilium,pathway,17,0.12199160669458102,0.44152652175300955,0.01420330849372622,0.9288637621025948,0.12019469503351335,0.4483324614293122,0.1212160886234512,0.009379051892814566,0.4962583545066053,0.10917813114855379,-1.1550063326049154,0.7667699318262147,0.9575854850937996,0.3520897148106202,0.999999873896792,0.0644973060994732,0.34174740925463,1.5598079028025678,1.3288597427552662e-25,0.0394154745623937
pathway|WNT Mediated Activation of DVL,pathway,5,-0.059863024142269405,0.7064807093260683,-0.021784215481175182,0.8910834099544177,0.04841851075236672,0.7607494552354523,0.1580749812175996,-0.9227479961766212,0.8219307263793232,0.10808020668830254,-1.0556852501997531,0.8880462136186066,0.9575854850937996,0.3930130765812113,0.999999873896792,0.1081954887218045,0.220829307072482,0.2194238522412501,0.0181204217010118,0.0958118408255597
pathway|WNT5 FZD7-mediated Leishmania Damping,pathway,8,0.010979244602512294,0.9449829893218065,0.12051028004186112,0.4471330278524365,0.13917280477564703,0.3793946227024052,0.14916523708579893,-1.2287496135958038,0.8904171508890008,0.10650302948746548,0.1852584498733884,0.9829216088408934,0.9575854850937996,0.8376419047234174,0.999999873896792,-0.0090542915730885,0.3566594555923558,0.3614817894411414,4.868003440724469e-05,0.0511759803444058
"pathway|WNT5A-dependent Internalization of FZD2, FZD5 and ROR2",pathway,9,0.17958907242680824,0.2551086429061789,0.14638992803349724,0.35492364832859347,0.24882410550797499,0.11205920547592103,0.13567209401675906,0.47466587879773225,0.31751257099669783,0.08616092907114407,0.981633624979231,0.6215860181637165,0.8115843841841427,0.0087946062331728,0.9724192686585708,0.273372826004405,0.4727493068350916,-0.2852727801189754,0.0010064240636902,0.0767780903492174
pathway|WNT5A-dependent Internalization of FZD4,pathway,12,0.14769698096236775,0.3505967399775205,0.03973440903766354,0.8027143691781649,0.2118411224207401,0.1780449817002882,0.12323766382010423,0.25775122662386546,0.39829945415978574,0.08816943373850844,-0.7713416952609811,0.7015286584827441,0.8915943931084829,0.0780075143103015,0.9758361533758168,0.1631910354398392,0.439406943798647,-0.0261502929557044,0.7114891750896664,0.0581680935733278
pathway|Wax and Plasmalogen Biosynthesis,pathway,5,0.17104965995818755,0.27877238317417774,0.017165961799166046,0.914076061745665,0.20900251626272867,0.18406601146069104,0.1537704202385194,0.13092100701872209,0.44791889825817416,0.1095789607134074,-0.8660539552230656,0.6461468416207686,0.9319026076987453,0.0075988905217277,0.972663855239328,0.4649213943950784,0.5353329409073102,-0.7663038918695494,6.490744394554585e-15,0.095312990442792
pathway|XBP1(S) Activates Chaperone Genes,pathway,37,0.3087259017992147,0.04667005147289946,0.04156428313808225,0.7938217625663815,0.35742106681018443,0.020136400592322128,0.16343825506906495,1.6735515811659945,0.04710938057160687,0.07917255274478308,-0.6742069197091088,0.5001451021129545,0.4231756804136188,2.4630711751828244e-05,0.999999873896792,0.138126951284846,0.2408834634975219,0.0642936808597145,0.518946039711888,0.1035953888421255
pathway|Z-decay Degradation of Maternal mRNAs by Zygotically Expressed Factors,pathway,9,-0.18786707430965477,0.23348925313141297,-0.13445217794981323,0.3959270442939768,-0.25888088161064415,0.09783013934324195,0.14906502969458554,0.477738926144176,0.3164180175282253,0.10486049964018487,0.4737718788256048,0.606754250479696,0.8106033178538257,0.5415087136677011,0.999999873896792,0.0870262778157515,0.3632046543007067,-1.4247980323421203,4.998776997414862e-24,0.0269484631029586
pathway|ZBP1(DAI) Mediated Induction of Type I IFNs,pathway,17,0.05297921205021805,0.7389704708385261,-0.09550200066947201,0.5474250061775464,0.13860508354404474,0.38136097518865597,0.15643245137031897,-0.8175990624313946,0.793206918460923,0.08308064100210594,0.1888753447369956,0.8976054288725082,0.9575854850937996,0.3787474156250054,0.8616866529991295,0.0688658477745164,0.5343671234538611,1.8834848871683407,2.5063585876869227e-26,0.1005722747801808
pathway|Zinc Influx Into Cells by the SLC39 Gene Family,pathway,7,0.06413273037657975,0.6865801590031051,0.12608703920504197,0.42622950160342715,0.14006493813959348,0.37631678807720137,0.19355711139333776,-1.0640733176149495,0.8563522564154449,0.12386504922596211,0.02203538415797284,0.8794238940262892,0.9575854850937996,0.3904087251532605,0.999999873896792,0.0504508023305015,0.2820851311100991,0.2194613441589443,0.0122684499829685,-0.035321544924753
pathway|Zinc Transporters,pathway,9,0.08434848234311032,0.5953551541808977,0.10900821426780062,0.49196533776235724,0.16244937527134093,0.30401191206487044,0.13062251286822263,-0.54335997803979,0.706559012097526,0.09534515431800755,0.16467340373474493,0.8457564309856219,0.9575854850937996,0.3818428029672328,0.999999873896792,0.0974652540442013,0.3352084763675405,0.4615129575307866,1.1100260645478373e-07,-0.0206833517935248
pathway|Activated TAK1 Mediates P38 MAPK Activation,pathway,20,0.1524895083682263,0.33500838838864094,-0.127829776443536,0.41981148757205033,0.20802927986569617,0.1861633642464719,0.13989387497701078,0.16442815529904814,0.4346970502424299,0.0566041055062856,1.2681968611395023,0.6894518750220506,0.9190580571563062,0.6730253736201102,0.999999873896792,0.0375357052919379,0.2729296152697226,1.1134971487448109,2.2280329256726666e-21,0.07188985807268
pathway|Alpha-Linolenic (Omega3) and Linoleic (Omega6) Acid Metabolism,pathway,11,0.3449748363598902,0.025260057686851984,0.060821529623441103,0.7019958421419943,0.41208451111017635,0.006694419602492281,0.15626689133266208,1.72457316179347,0.04230221177587724,0.08947648666737895,-0.335251567626807,0.4857625830347534,0.41032155864050807,3.1261111185586385e-07,0.8555661469772295,0.3018902628472006,0.544698194958303,0.3313386090672272,0.0001488476882132,0.0084585423019361
pathway|Alpha-Linolenic Acid (ALA) Metabolism,pathway,11,0.3449748363598902,0.025260057686851984,0.060821529623441103,0.7019958421419943,0.41208451111017635,0.006694419602492281,0.16502850279919073,1.9539469249330967,0.025353747149562043,0.08319391892260805,-0.41989337658912496,0.4857625830347534,0.3387563426858525,5.386632094038709e-06,0.8818086116253029,0.3018902628472006,0.544698194958303,0.3313386090672272,0.0001488476882132,0.0084585423019361
pathway|eNOS Activation,pathway,8,0.1895226746862241,0.22932008178215083,0.0024398321338916207,0.9877651239768612,0.23909174153765003,0.12727323704607982,0.12750301321131835,0.6680782798177867,0.2520418128072077,0.0740750463221881,-1.5012079083364651,0.6037319888931342,0.7493231735873378,0.2066778561078795,0.999999873896792,0.1666097060833903,0.3732272400919486,-0.0044174875266144,0.9356723973412108,-0.024018167353963
pathway|mRNA 3'-End Processing,pathway,52,-0.2343110217155203,0.1352899316181123,-0.19884631891216709,0.20679319932478432,-0.2210057651594628,0.15957033168349188,0.12227044465274009,1.1641354110949813,0.12218457005244843,0.0795472412510593,2.2469648628702275,0.5263230982838458,0.5759736601796724,1.0363357409151144e-05,0.6546990428633584,0.1457073885866455,0.5454201042653243,-0.9451123575138096,1.2293915491243578e-18,0.0347588066034668
pathway|mRNA Capping,pathway,25,0.13044388230127701,0.4102876767433372,-0.15231523464437688,0.3355675940457033,0.13017036810309643,0.4112783285226932,0.12670571092470734,0.047086535958812056,0.481222129091945,0.08786445472177198,0.9330897199996347,0.7519545599157661,0.9575854850937996,0.1573952514935881,0.999999873896792,0.0992695374800638,0.4075413992680026,-0.6325997407045946,3.1563355828562983e-11,0.0539675751276448
pathway|mRNA Splicing,pathway,190,-0.020390025690379975,0.8980161761867901,-0.07685471221758604,0.6285556293892357,-0.006326036580711229,0.9682840565286476,0.14830258215274444,-2.2795699760667887,0.988683397327116,0.07360015042469846,0.07527335345064437,0.9628263902628044,0.988683397327116,8.687702459292631e-07,0.534702711323958,0.0980515464251119,0.5031323546750675,-0.7261548788498216,7.17727041725054e-14,0.0274094973945533
pathway|mRNA Splicing - Major Pathway,pathway,180,-0.03102072284519346,0.8453795964900847,-0.08774681995817364,0.5805574985813406,-0.014355236856229327,0.9281048138101601,0.14770569464856023,-1.929413901954507,0.9731602503858043,0.0639018176924793,0.7195513474408258,0.9361796272242049,0.9764258888099178,7.105976815220076e-11,0.2270112184793382,0.1022640866598526,0.5106240903161579,-0.597743351617756,1.0725535562462586e-10,0.0334443713510872
pathway|mRNA Splicing - Minor Pathway,pathway,49,0.2102612478243029,0.18137844017207952,-0.09672191673641782,0.5422963115754448,0.1884834488919602,0.23193108698762352,0.17423015541843911,0.42756255921392694,0.33448481482932413,0.07748209762344391,0.3483729910849934,0.5714474850517829,0.8255621667898295,0.1922375242462858,0.999999873896792,0.0798993076382979,0.3520481302717226,-1.144994343027255,8.856180568781596e-22,0.0364445043662104
pathway|mRNA Decay by 3' to 5' Exoribonuclease,pathway,13,0.036946029456073115,0.8163120324263405,-0.0825186082426916,0.6033910439639856,-0.0006488242646883313,0.9967462669066528,0.1274463742510673,-0.8510633996017412,0.8026329322801103,0.09506631635984851,-0.17285163904395476,0.9240351994961227,0.9575854850937996,0.5467537244669661,0.7414691400384221,0.0601617680565048,0.6020073095770366,-1.7536902247970116,9.348203510435724e-26,0.0466492456467129
pathway|mRNA Decay by 5' to 3' Exoribonuclease,pathway,14,0.09637336928871901,0.5437592980426702,-0.09158084188286048,0.5640646482065463,0.10024334889434716,0.5276223184943206,0.15402311713810102,-0.6198749527500139,0.7323299413863587,0.09368955394143823,-0.033389789767616064,0.823616619570151,0.9575854850937996,0.6171735288238164,0.999999873896792,0.0561483629152802,0.2401184393005561,0.064696217156777,0.5656232194324238,0.0260890290560388
pathway|mTORC1-mediated Signalling,pathway,23,0.27997073736406347,0.0725319422843411,0.03720744004184721,0.8150349233752173,0.3149230774730987,0.042219047540170154,0.08331155368620637,2.625620305811783,0.004324561902239223,0.10333560455650262,-1.066145119130285,0.5136929078981881,0.12399052138885881,0.3520897148106202,0.999999873896792,0.0487198052623473,0.3696260033467783,-1.6079210941592863,1.471129849242781e-25,0.0067121224565418
pathway|Mitochondrial Fatty Acid Beta-Oxidation of Saturated Fatty Acids,pathway,7,0.24006205460255053,0.12569047567038272,0.07380492205022153,0.6422822345406154,0.21038126782519137,0.18112365116260035,0.1348573643577631,1.0398339814594433,0.1492085192700543,0.0838125906422734,-0.15236323062846233,0.5145896426775005,0.6222152039431742,0.0892927788083086,0.999999873896792,0.1928424958500146,0.4029508169216324,-3.4928540035869746,2.3291734339045008e-26,0.0742646353927485
pathway|Mitochondrial Fatty Acid Beta-Oxidation of Unsaturated Fatty Acids,pathway,5,0.28031928481176227,0.07216203094510738,-0.0359875239749014,0.8209987578506953,0.24355240835738234,0.12011888675456515,0.10788414874897197,1.9337337625825788,0.026572935217234764,0.09913996465482826,-1.0129557760544112,0.5136929078981881,0.3454481578240519,0.0153872935760936,0.9977895230553804,0.3023581681476418,0.4841213608954127,-3.340176568701044,2.3291734339045008e-26,-0.0706769779163194
pathway|p130Cas Linkage to MAPK Signaling for Integrins,pathway,9,0.28877156041845825,0.0636380039713934,0.11362646794980975,0.47369120467712,0.3250609566088539,0.03568670992397703,0.15004967623433466,1.2097679156015682,0.11318398044494088,0.1021418295481342,0.13159140180883805,0.5122798637865735,0.5610323348232203,0.05055137713474,0.8368005560473967,0.1868250170881749,0.5755992915785192,,,
pathway|p38MAPK Events,pathway,11,0.3827922344352103,0.012348621143958283,0.06561405702929966,0.6797236198633106,0.3877536011843639,0.01117345765858072,0.11406215225943325,3.4170048076364545,0.0003165708075608959,0.08582980899583023,-0.3458384256131782,0.4644200585751626,0.027607612509373127,0.8524376938600671,0.999999873896792,0.0068178711240912,0.2010971713236781,0.8400578802791407,2.730476769007141e-16,0.0421803678240993
pathway|p53-Dependent G1 DNA Damage Response,pathway,44,0.2563566477824696,0.10126363733810423,0.01542322456067203,0.9227715633260049,0.2778589913527778,0.07480515376206084,0.11654555282428725,1.7771117730210144,0.0377749257612843,0.07881529161089182,-1.2382108103385836,0.5136929078981881,0.3986950997158573,1.0615540975458853e-07,0.999999873896792,0.1579112831087906,0.3416985425128436,0.7430911973366865,1.1828681224706801e-14,0.0528384594127974
pathway|p53-Dependent G1 S DNA Damage Checkpoint,pathway,44,0.2563566477824696,0.10126363733810423,0.01542322456067203,0.9227715633260049,0.2778589913527778,0.07480515376206084,0.12638330453558594,1.539914422661344,0.06179060735436778,0.06583625602720763,-0.9715552550479187,0.5136929078981881,0.46641968519267424,5.157114580332328e-06,0.999999873896792,0.1579112831087906,0.3416985425128436,0.7430911973366865,1.1828681224706801e-14,0.0528384594127974
pathway|p53-Independent DNA Damage Response,pathway,34,0.2604520802929305,0.09573859654440552,0.006622401506277256,0.9667990209252492,0.2993512951205788,0.05411776525669163,0.1475924167280581,1.086599938674783,0.13860682608860003,0.07001446855649704,-1.283927082505674,0.5136929078981881,0.6001290697602116,2.5405162785781325e-27,0.999999873896792,0.2501756335418029,0.3773093253575703,0.6049723897326327,5.99405753304096e-11,0.0656099967993172
pathway|p53-Independent G1 S DNA Damage Checkpoint,pathway,34,0.2604520802929305,0.09573859654440552,0.006622401506277256,0.9667990209252492,0.2993512951205788,0.05411776525669163,0.12152978132638012,1.4209440821153514,0.07766650812938922,0.06669891096026218,-1.2926067606005511,0.5136929078981881,0.5049619973017592,4.316028047338964e-37,0.99054418665301,0.2501756335418029,0.3773093253575703,0.6049723897326327,5.99405753304096e-11,0.0656099967993172
pathway|P75 NTR Receptor-Mediated Signalling,pathway,67,0.14978826564856057,0.3437409510092461,0.004705390543933839,0.976406586520951,0.19132205504997163,0.22484694881530679,0.12604782761717587,0.2677983405464174,0.3944272740699295,0.0901779384058728,-1.364945015193565,0.6964664186470011,0.8908994264020897,0.7134403976048668,0.955850815720118,0.0372690082180905,0.3798861622331032,1.2577276670472215,2.2073819644890122e-23,0.0467983894535182
pathway|p75NTR Negatively Regulates Cell Cycle via SC1,pathway,5,0.03973440903766354,0.8027143691781649,-0.0243111844769915,0.8785385094677421,0.12668293768039668,0.42402880553823646,0.16952912171760154,-0.9210107850828922,0.8214776018761764,0.12044057055232135,-0.8970936073456138,0.9190643933194154,0.9575854850937996,0.8310879389055176,0.3217706713323447,-0.0386534518113465,0.6670909703477544,0.4326095886755637,1.9787933402121343e-06,-0.0370580828579984
pathway|p75NTR Recruits Signalling Complexes,pathway,12,0.24171765497911984,0.12302400682832305,0.2477300984519242,0.11369709348585638,0.23325232315545508,0.13711490007461494,0.10997979027826103,1.588068575627616,0.05613541662095039,0.08135533113599683,2.2420433239602517,0.5145896426775005,0.4559842262554719,0.697438827961201,0.999999873896792,0.0252117898050912,0.4204052384788839,0.1727781686529367,0.0487055244920915,0.1009472095373319
pathway|p75NTR Signals via NF-kB,pathway,15,0.1707882493724134,0.27951871472912027,0.1566720777406119,0.3217610074014093,0.14874296267979992,0.3471573740405645,0.13023911067575394,0.45925359620858114,0.32302603329188917,0.062442275255240556,2.8268844541595493,0.6471600331062486,0.8163195610828626,0.8535477797802433,0.999999873896792,0.0230120756436545,0.3587155749949406,1.1066852776849074,1.4578074999874736e-21,0.0852706771424503
pathway|rRNA Modification in the Mitochondrion,pathway,6,0.046443947405865486,0.7702366954561709,-0.026228195439334922,0.8690410526784245,0.003325224356527697,0.9833257411211599,0.14486067610671877,-0.8528084961188371,0.803117244192452,0.1350534222970937,-1.2809354594920093,0.9056615935523931,0.9575854850937996,0.3838220672339154,0.8718293000101139,0.1251310093415356,0.6057797639526655,,,
pathway|rRNA Modification in the Nucleus and Cytosol,pathway,50,0.09785469594143893,0.5375546860766037,-0.08687545133892663,0.5843359400506013,-0.01987024310608014,0.90060279916892,0.18379342601467502,-1.1860835731138912,0.8822053514820034,0.06697339207532499,0.38964170715007357,0.823616619570151,0.9575854850937996,7.547960846292176e-06,0.999999873896792,0.1276969045991602,0.3897327471753954,-3.827619586597187,2.3291734339045008e-26,0.0702886007504345
pathway|rRNA Processing,pathway,164,0.1860372002092361,0.2381570828120802,-0.09428208460252618,0.5525766665411777,0.11962697380191106,0.4504945990011132,0.19626271095609968,-0.1347940550333681,0.5536126468321036,0.044391874307538784,1.64136737043011,0.6084527874891386,0.9575854850937996,1.1339685491313865e-43,0.5302479670784715,0.1537716463427419,0.452273851305793,-3.5524533544659223,2.3291734339045008e-26,0.0477506674414652
pathway|rRNA Processing in the Nucleus and Cytosol,pathway,155,0.18629861079501017,0.23748639897794832,-0.09097088384938756,0.5666739326549104,0.11516630698217876,0.46767901207422363,0.18960981154814882,-0.05125887771832511,0.5204403820856011,0.06009393682636986,0.7261862291917976,0.6084527874891386,0.9575854850937996,1.6569436236223406e-58,0.2270112184793382,0.1575175341713387,0.4485578496539147,-3.561205762770237,2.3291734339045008e-26,0.0457485761377884
pathway|snRNP Assembly,pathway,44,-0.034070513012557986,0.83039051789489,-0.2015475616318328,0.20056592222122568,-0.07055963878485601,0.6570188304166825,0.14113121841634155,-1.3166020626163062,0.9060139764648562,0.0724847985920623,2.25835797934162,0.9318478027347904,0.9575854850937996,1.0266634950044396e-11,0.999999873896792,0.2085109949580852,0.4149127403185459,-1.753247381939365,2.5267562411462552e-26,0.0790776342629494
pathway|tRNA Modification in the Mitochondrion,pathway,8,-0.058033150041850695,0.7150698947263686,-0.04435266271967268,0.7803209135457596,-0.11370645238663002,0.4733779081018212,0.17984176932638984,-1.3165427409676043,0.9060040286358944,0.11883725229290687,-0.9216296994841948,0.8918793073380831,0.9575854850937996,0.5687845871701322,0.9462987983827524,0.0821697099892588,0.5498835458321117,,,
pathway|tRNA Modification in the Nucleus and Cytosol,pathway,33,-0.09271362108788159,0.559233656742887,-0.13323226188286744,0.4002664340528657,-0.17631799392905398,0.2640091409812045,0.1293764557426994,-0.3941596083208774,0.6532683976868645,0.10797128561089668,0.31236668228117115,0.8270844989125001,0.9575854850937996,3.0077116382388294e-18,0.8265197081084393,0.1303998632946001,0.567533502855034,-2.571727736783548,2.3291734339045008e-26,0.0576461076738092
pathway|tRNA Processing,pathway,88,-0.08922814661089355,0.5741595434152582,-0.19170109623434164,0.2239123788752839,-0.13592868345220538,0.39071166956986436,0.14109636367157166,-0.5828535475258841,0.7200040530165789,0.08508914566947026,2.0489674860580904,0.8351048814233046,0.9575854850937996,6.943234949046409e-20,0.8457113970045684,0.1602667433759662,0.5050606505888054,,,
pathway|tRNA Processing in the Nucleus,pathway,49,-0.03302487066946158,0.8355232248631813,-0.19675503422597426,0.21170613046905268,-0.06090837784761709,0.7015899676197409,0.10838954254813524,-0.7862115870794958,0.7841282305550754,0.0801092740104736,2.0629726012268215,0.9331445240713724,0.9575854850937996,1.4680443485248562e-14,0.999999873896792,0.1871389977727249,0.4188827323258473,-1.9299821901695016,2.3291734339045008e-26,0.0704317873527305
pathway|trans-Golgi Network Vesicle Budding,pathway,55,0.24450603456071027,0.11862948712531997,-0.01795019355648835,0.9101662507684627,0.32019477462369145,0.03871039871076239,0.1153735620314,1.5395867559680145,0.06183055790467955,0.06327443228662143,-0.9583743410898561,0.5144479402341297,0.46641968519267424,0.0001496682525515,0.7558882512503801,0.1171798642612039,0.4479032590800439,1.0059761789524906,1.2590325126974813e-19,0.0272657751697597
signature|TNF-alpha Signaling via NF-kB,signature,141,0.08103728158997169,0.6099304258561993,0.0472281791631878,0.7664646291897044,0.1471209020180791,0.3524998286452283,0.14608059217366456,-0.950816281688239,0.8291511770351172,0.0810764931778378,-0.7215016306708315,0.8498945208746413,0.9575854850937996,2.3485522811683977e-27,0.999999873896792,0.1514199979085597,0.0954884757213498,2.996226414533631,2.3291734339045008e-26,0.0442646332697285
signature|Cholesterol Homeostasis,signature,49,0.23300396878664978,0.13754564187868085,-0.007929454435147767,0.9602509834329174,0.34452568454950383,0.025463560842413344,0.1255424338180126,1.0590936051680382,0.14477857601203425,0.08828271165901055,-1.56583664963701,0.532904489152084,0.6155618650409154,6.259991904696322e-05,0.999999873896792,0.0851195126034009,0.4120166417590705,0.1483988126409204,0.043108849689158,0.031402228021758
signature|Mitotic Spindle,signature,134,0.049842285020928814,0.7539299303474146,-0.05751032887030248,0.7175303905339072,0.07453368740607204,0.6389912535260361,0.13945383382429105,-1.1491007233195911,0.8747427749099925,0.07059828553139252,-0.26856014257789984,0.8996283704204391,0.9575854850937996,0.0572931864194457,0.999999873896792,0.0664771006182271,0.3697955336223767,0.9515475999381192,4.652463028379215e-19,0.0210255925317748
signature|Wnt-beta Catenin Signaling,signature,27,0.08129869217574578,0.6087742184247296,0.015858908870295535,0.9205968157875233,0.06244933547625187,0.6944021999611375,0.15107353436194992,-0.6159524292043927,0.7310370415715385,0.07476778437448947,-1.000849064276796,0.8498945208746413,0.9575854850937996,0.9124551191945832,0.999999873896792,0.004195998932841,0.4115074957156285,0.0701342353644756,0.2235847664498322,0.0215050631311414
signature|TGF-beta Signaling,signature,42,-0.014987540251048528,0.9249468663824526,-0.03912445100419063,0.8056841003719778,0.12157344659597605,0.44310523292533205,0.15976107949584253,-1.5544296315702022,0.9399590151470988,0.06920409574059731,-0.59784778147762,0.9772406821496583,0.9606124114760146,0.3476291900456323,0.8818086116253029,0.0511124183598051,0.3826917618864629,2.26371732032297,2.5267562411462552e-26,0.0232211272822212
signature|IL-6/JAK/STAT3 Signaling,signature,57,0.31839809347285647,0.03987839782145482,0.052020706569046345,0.7435316297624992,0.3871858799527616,0.011302895967972425,0.14603266689960598,2.213554571783865,0.01342971764250263,0.059322775598336264,-0.1845315761862164,0.48662407764568755,0.24005700848445827,0.0013548419925067,0.999999873896792,0.1077759761673493,0.3161912253985459,3.455972137377565,2.3291734339045008e-26,0.0232989622753883
signature|DNA Repair,signature,123,0.2386678648117553,0.12796932111052392,-0.06334849861925743,0.6902202031255429,0.2736416336323037,0.07951219945732003,0.15680278303349898,1.2010676909557583,0.11486247232878088,0.07551280454394566,-0.22323668634295898,0.5145896426775005,0.5629075760636231,4.005750816549872e-09,0.999999873896792,0.1261706937184114,0.3395345348038197,-0.8897144270997747,2.712844366867277e-17,0.0515470338263436
signature|Apoptosis,signature,117,0.187518526861956,0.23437351731146047,-0.026489606025109025,0.8677473216578594,0.2992701920874927,0.05418612877117689,0.1434142041987687,0.6553006437244034,0.2561371032180113,0.08025740667574563,-1.0826477825836813,0.606754250479696,0.7508332731586802,0.3226288130615893,0.999999873896792,0.0534583383948175,0.2594862473525307,1.3409521786905323,2.811302725803951e-23,0.0139905177722469
signature|Adipogenesis,signature,138,0.2716055986192922,0.0818660093374537,0.050887927364025226,0.7489332619949478,0.30186548914624606,0.05203260467400371,0.1799114788159296,1.2769729238589056,0.10080590328005312,0.0661194508284629,-0.2563893777290179,0.5136929078981881,0.5354993796069827,6.3815497339770405e-15,0.972663855239328,0.117741846031946,0.4215021685628144,-1.9270348457861264,2.5267562411462552e-26,0.0321416773320033
signature|Androgen Response,signature,71,0.1316637983682228,0.40588585598278404,0.0024398321338916207,0.9877651239768612,0.22579084411153924,0.15049802264512088,0.1515484302594395,-0.23267629341092075,0.5919936104315671,0.07225388590796183,-1.2035039839064123,0.7464225454128286,0.9575854850937996,1.057697404438286e-06,0.9462987983827524,0.0943142381287038,0.4080291225702325,1.2452386132966276,1.934658538097872e-22,0.0088329477543468
signature|Protein Secretion,signature,82,0.10970530916319822,0.4891838772455327,0.03328628125523568,0.8342394075726818,0.14582325348870243,0.35680961673292316,0.1459716710962587,-0.5096640505583215,0.6948565786617458,0.051916142334736695,-0.5720872318532242,0.8017712255872357,0.9575854850937996,1.7878334585686936e-36,0.8028422954355551,0.1948411309130179,0.4186259254748027,0.997302693070928,6.858630250193235e-19,0.0313739321098432
signature|Interferon Alpha Response,signature,79,0.16974260702931704,0.28251709617096843,-0.024921142510464407,0.8755147023199845,0.21159781332148198,0.1785554740332747,0.1328793575920724,0.5413178479150618,0.29414426031495744,0.07835782308578713,-0.9151418815072061,0.6483643446116633,0.7891742504925061,6.196824045670548e-45,0.972663855239328,0.223980461022433,0.4018391862025902,0.4447023632146495,4.094632082441108e-06,0.2273093105121055
signature|Interferon Gamma Response,signature,162,0.211394027029324,0.17898384803048656,-0.041912830585781054,0.7921308150476403,0.284022821867317,0.06832260646324168,0.14093080363391472,1.0002697836232162,0.15858998299838617,0.06944372211089025,-0.624492042071151,0.5707717415639754,0.6380012421605614,9.689751002007104e-38,0.999999873896792,0.1368814365000482,0.2384374249938311,0.9543517855070144,1.4751685784928225e-22,0.1208788490789048
signature|Complement,signature,130,0.31107859707118163,0.04493754818661915,0.01655600376569314,0.9171184140178725,0.40332538353688385,0.0080845407050795,0.159342822558604,1.8868805300158238,0.029588198209665715,0.0612310728744872,-0.9162807567289117,0.5001451021129545,0.367368117341812,6.8841572469140925e-12,0.8056476993003061,0.1022356590777643,0.3774616611703633,2.5232923200614383,2.3291734339045008e-26,0.02038105611713
signature|Unfolded Protein Response,signature,92,0.2676844398326807,0.08655199627815179,-0.10116589669457755,0.5238104809774329,0.19229529144700414,0.22245270480826004,0.16194821473015258,1.1870111115885642,0.11761161881349574,0.0925698452657058,0.14588543029915557,0.5136929078981881,0.564589720588639,0.101664571159932,0.999999873896792,0.0734111916197565,0.1275119630904987,-0.9959595596807124,1.8117224785457677e-19,0.0431713095488339
signature|PI3K/AKT/mTOR  Signaling,signature,84,0.2470330035565266,0.11475016468239049,0.003224063891213927,0.9838329400476911,0.3060828468667202,0.048680443231566096,0.1463594301318236,1.452790133692573,0.07314101607946424,0.0827059524958297,-1.3152039164171827,0.5144479402341297,0.49655196254806766,0.3369461947476141,0.999999873896792,0.0583915194024805,0.299261112687422,1.765832497777713,4.227887617353456e-26,0.0243146795870636
signature|mTORC1 Signaling,signature,158,0.2906885713808017,0.06182077442372469,0.03084644912134406,0.8462377960116398,0.3382807510018787,0.028437264183949124,0.19993117284312958,1.719237403428552,0.04278557635892575,0.0626078352928975,-0.793162766151199,0.5122798637865735,0.4108373442256403,1.3580216465194664e-30,0.6546990428633584,0.123378331780798,0.4157882807168924,-0.1496963325312105,0.0925294712792648,0.0200582820473338
signature|E2F Targets,signature,124,-0.024746868786615007,0.8763784707593603,-0.10378000255231858,0.5130836725464764,-0.038442837682783615,0.8090058937225915,0.16999530392889867,-1.750939490779318,0.9600218332732209,0.07895471058997135,0.37584833088144187,0.9523676735718282,0.9678832837383676,9.499492752329614e-38,0.8773698159345004,0.1504575489937202,0.4471851659629443,-2.064522542929893,2.3291734339045008e-26,0.0241993350406082
signature|Myc Targets V1,signature,169,0.06796675230126656,0.6688861949194226,-0.045398305062769075,0.7752742474566722,0.0722628024796629,0.6492684401665882,0.14917395077199141,-1.4383852985716041,0.9248376191986893,0.05669995605440278,-0.24180959685644046,0.8770401152061406,0.95847488499609,5.3777242221696805e-17,0.6210431180401618,0.1250700042198018,0.4738194903927389,-2.941069992788855,2.3291734339045008e-26,0.051194797626241
signature|Myc Targets V2,signature,44,0.08391279803348681,0.5972641969130241,0.046182536820091394,0.7714952183947392,0.003974048621216028,0.9800728248687909,0.14283474406696947,-0.6643335836964447,0.7467615845132597,0.07384413363808764,-0.7775450603895564,0.8457564309856219,0.9575854850937996,0.0063862241323685,0.890635821232225,0.1009963164686654,0.4684539289532061,-3.3016026070265583,2.3291734339045008e-26,0.1270266837969832
signature|Inflammatory Response,signature,123,0.22176331359836338,0.15810815401395747,0.011589202635985198,0.9419315486748872,0.27639913675722905,0.07640907949908311,0.17198638122387808,0.5654651829878508,0.285878699757635,0.06633293614017842,-0.9542477717908605,0.5492304129645571,0.7846148462160154,5.834290718571353e-10,0.999999873896792,0.0903042291855187,0.3335225606325346,5.116333971412113,2.3291734339045008e-26,0.021806762421067
signature|Fatty Acid Metabolism,signature,108,0.28572177025109374,0.06661625423650369,0.05663896025105548,0.7216374773328165,0.33925398739891116,0.02795575391221871,0.15907269828663745,2.3134593489363215,0.010348698649274898,0.08185636809206387,-0.5769244128473744,0.5126022798419199,0.20826756031665733,3.1496353379915004e-11,0.999999873896792,0.1162622051210344,0.3960502346520272,-3.026021016128598,2.3291734339045008e-26,0.0264082982543974
signature|Oxidative Phosphorylation,signature,164,0.27639812602515074,0.07641019924768354,0.031456407154816964,0.8432348717607114,0.3326846417189418,0.03134112185594643,0.15982207529918985,1.6418019139482836,0.05031553114657721,0.0762011857531508,-1.3636241241959373,0.5136929078981881,0.4406293166936657,2.4010040186164694e-39,0.8056476993003061,0.1568976803141258,0.4328844112648939,-2.38365556605076,2.3291734339045008e-26,0.0904194363227202
signature|Glycolysis,signature,126,0.35734827075319775,0.02016361446165404,0.016730277489542544,0.9162490494625776,0.37412829162590894,0.014653635690046391,0.15918161936404332,2.7098467362738283,0.0033657152569839784,0.0753690287217699,-1.8207802570842113,0.4857625830347534,0.1118165402042455,0.0117922929590458,0.999999873896792,0.0707187709533574,0.3019383644855049,-0.7046952262790135,5.200220492134692e-13,0.0193639916358608
signature|Reactive Oxygen Species Pathway,signature,40,0.3684146522176347,0.016365377185147505,0.0829542925523151,0.6014734847052889,0.4361721119367306,0.003882419559138028,0.12444015251466509,2.680971986895155,0.0036704330423460245,0.06545285383473895,0.34642612141887413,0.4644200585751626,0.11465994563627209,5.695529340743322e-11,0.972663855239328,0.1607300594142699,0.3925299756914832,-1.0057469416749198,3.6630875272489504e-19,0.0588195601190486
signature|p53 Pathway,signature,138,0.252435488995858,0.10677935313257257,0.0352904290795038,0.8244111604765715,0.3364153812408997,0.02937936908928488,0.13890051475106918,1.4623586727065385,0.07182147406594672,0.07238459120084892,-0.888751263862536,0.5144479402341297,0.4912494941830931,0.0686582068305186,0.999999873896792,0.0573578937389924,0.2732392846419332,0.5474573764356884,2.4006551481721893e-09,0.0253160969261141
signature|UV Response Up,signature,105,0.2576637007113401,0.09947442184137405,0.01812446728033775,0.9092976847476272,0.3024332103778483,0.051570825645370834,0.14564490786404102,1.5452742091030855,0.06113997553748867,0.07590492042260681,-1.1395909507187734,0.5136929078981881,0.46641968519267424,0.0480863141120953,0.999999873896792,0.0641171234780257,0.2692284574438424,0.6791049732859631,1.578423949983069e-12,0.028565296324793
signature|heme Metabolism,signature,136,0.11380074167365917,0.47300872072262323,0.009672191673641781,0.9515243510803139,0.22303334098661384,0.1556787550977659,0.15928618359835295,-0.6772964819084998,0.7508910687010806,0.09517959428035061,-1.440914938331635,0.7894193910018664,0.9575854850937996,8.687702459292631e-07,0.539632769355259,0.0833012418151737,0.5207932407807973,-0.059329032836788,0.374891258939545,0.0117856451477922
signature|IL-2/STAT5 Signaling,signature,141,0.2506056148954393,0.10943041690680924,-0.053327759497916856,0.7373140462795595,0.34533671488036427,0.025097082960190822,0.1849697736506585,0.9760060583372405,0.16453073105526372,0.06987940642051374,-0.31867276208311895,0.5144479402341297,0.6397135788705899,0.4730624860337651,0.999999873896792,0.0410919049488878,0.3455813029691627,1.641273484451448,3.3258900766591808e-25,0.0070738152281618
signature|Pperoxisome,signature,69,0.24154338125527045,0.123302669785392,0.025705374267786716,0.8716295234750776,0.2995135011867509,0.05398124591062711,0.1593907478326626,0.7790842850539116,0.21796503333149997,0.09960179002302919,-1.0060835815439881,0.5145896426775005,0.7106757645255876,0.0059976110241658,0.8818086116253029,0.0955367959540795,0.4682852377066962,-1.624622040591588,8.041953921654695e-26,0.0170361869053083
signature|Allograft Rejection,signature,135,0.35769681820089655,0.020033593838264196,-0.09602482184102021,0.5452241706546306,0.4002434682796143,0.00862949847772084,0.13992437287868445,3.503259944041391,0.00022980035558629934,0.05654746654603454,0.9763040926557529,0.4857625830347534,0.02221848719018638,0.2023235300365748,0.999999873896792,0.0514954202935349,0.1949826206724103,0.8191164864504343,2.17334782362683e-16,0.0210666845048685
regulon|AATF mouse,regulon,5,0.10325718138077038,0.5152201924467721,0.34793748966533006,0.023951371398472095,0.1945661763734133,0.2169345808033004,0.13517105706069202,-0.3237164283356565,0.6269236339855766,0.09727523580963966,4.128083049830635,0.8167234399366559,0.9575854850937996,0.8117980311101903,0.999999873896792,-0.0143745727956254,0.2090583626713561,0.8218358119863349,6.139232971544797e-16,0.0651762617570975
regulon|ABL1 human,regulon,10,0.058033150041850695,0.7150698947263686,0.12173019610880693,0.4425130814175571,0.1613950358412224,0.3072034701055174,0.20329029887032682,-1.1283469784489475,0.8704132946915055,0.06837629555231269,0.8329859495331292,0.8918793073380831,0.9575854850937996,0.0423961997601539,0.6546990428633584,0.1279091668565352,0.5941476268466843,0.2606154660107156,0.0014690029617995,0.0445815504516433
regulon|APC human,regulon,8,0.06596260447699846,0.678113988004522,0.010979244602512294,0.9449829893218065,0.07137066911571643,0.6533236788057843,0.13747582705860037,-0.6397523490799129,0.7388331919591946,0.10250780436821796,-1.5581406563691793,0.8770401152061406,0.9575854850937996,0.8971272153297631,0.999999873896792,0.0053144224196855,0.2912821575817776,-1.5072767234075273,1.6492729133518615e-25,0.0175608960829517
regulon|APEX1 mouse,regulon,6,0.15527788794981673,0.32613974679353436,0.011502065774060497,0.9423674195844924,0.15279811433410198,0.3340195581267972,0.1350839201987673,0.22708744036670636,0.41017787504318126,0.10327025191005909,-1.28286531843848,0.6811424333602071,0.905513551016392,0.9513459163382908,0.980110424927094,-0.0385600364547733,0.5157079125681986,,,
regulon|ARNTL human,regulon,6,-0.15675921460253664,0.3214885677512087,-0.1431658641422833,0.36573452365243647,-0.11622064641229732,0.46358600232151254,0.10071278501256911,0.6300899219342491,0.26431787651888394,0.091572128196668,0.9531014689907892,0.6768299381820599,0.7620073216997576,0.4606605141313036,0.999999873896792,0.0641604010025062,0.2642716958785022,-0.7079852320739805,2.463113145853254e-13,-0.0579492320680585
regulon|ARNTL mouse,regulon,8,-0.02596678485356082,0.8703351210442147,0.015248950836822628,0.9236416187577502,-0.05020277748025963,0.752206163028925,0.12334658489751013,-0.9127672623646111,0.8193175201834225,0.09514473953558075,-1.4654656902845142,0.9492503430669835,0.9575854850937996,0.8884881789462635,0.999999873896792,-0.0409383849233473,0.2446589377229684,-0.7590262570301977,1.0070601586531228e-14,0.0100920080341777
regulon|ATF5 human,regulon,5,0.0019170109623434161,0.9903867444441607,-0.05585472849373317,0.7253404715368845,-0.055636680697024384,0.7263711548034362,0.13548910660671715,-1.2159339716514301,0.8879949621453354,0.09216465885775596,-0.550794376987691,0.997895703784078,0.9575854850937996,0.9219044914982394,0.999999873896792,-0.071120984278879,0.3643622051883634,0.6247219413418441,1.354288556728526e-11,0.0621626204572595
regulon|ATF6 human,regulon,9,0.11615343694562609,0.4638463393406875,0.018560151589961257,0.9071267280866174,0.2447689538536729,0.1182213122316453,0.13726234174688484,-0.19683928461959402,0.5780233461020143,0.10454245009415972,-0.9986841020595061,0.7848265062571212,0.9575854850937996,0.1739422234290571,0.999999873896792,0.1059637730690362,0.2269670488875477,0.2229482684586367,0.0186904973615387,0.1049387927395525
regulon|ATM human,regulon,18,0.15065963426780757,0.3409088496470957,0.1292239662343312,0.4147166592488816,0.24290358409269397,0.12114025983403151,0.09679162622595758,0.9429171488372726,0.17286164130125786,0.07817483567574526,0.7054120224911736,0.6939879722913403,0.6495501171338111,0.6672730290262059,0.999999873896792,0.0407904788709742,0.2497718985212404,2.157699342625253,2.3291734339045008e-26,0.0093666415814629
regulon|BCL11B mouse,regulon,8,0.09646050615064371,0.5433933744233154,-0.009236507364018279,0.9537055244637765,0.13609088951837747,0.3901411768476525,0.15575278384730631,-0.6533617022502743,0.7432384386989365,0.09950158263181577,-1.3615032056794163,0.823616619570151,0.9575854850937996,0.2340764926650381,0.8206176468355192,0.0883824821794746,0.6068235450408627,1.1508765533689225,1.9659519552348293e-22,0.0039136207350643
regulon|BCL3 mouse,regulon,9,-0.06535264644352555,0.6809317664643949,0.07973022866110117,0.6157254758238215,-0.12660183464731062,0.4243279485302234,0.10802356772805151,-0.46678117531372504,0.6796717773004278,0.09889162459834286,-0.21755444678064145,0.8770401152061406,0.9575854850937996,0.5580829521552586,0.999999873896792,0.0385281385281385,0.3963837250702445,,,
regulon|BCL6 human,regulon,14,0.2366637169874872,0.13129910660000574,0.04060577765691055,0.7984766556629292,0.23730747480975714,0.13022256933904267,0.1126200371945795,1.295636514336987,0.09755037147147877,0.08921507608160485,-0.7340183565186973,0.5155891746975836,0.5317003320047007,0.7300746981415832,0.999999873896792,0.0460922536110505,0.1577761944489149,1.1399629804623472,7.609865921308113e-23,0.0012002657185223
regulon|BCL6 mouse,regulon,12,0.1670413643096513,0.29035964700672,0.07554765928871554,0.6344236915751145,0.21776164383602112,0.16594329357876328,0.12908019041215543,0.3807399796890245,0.35169809987926326,0.0953887227489699,-0.2347890398093061,0.6511141892766261,0.8431891443840757,0.6460872755869874,0.7561258166152436,0.0420182688125271,0.5641072651570384,2.0699228356502704,3.560474221829795e-26,-0.0046022536630388
regulon|BRCA1 human,regulon,36,0.04557257878661849,0.7744340172872601,-0.005925306610879651,0.9702922154323744,0.04047041350993466,0.799134598753801,0.16417020470923246,-1.3925736634583357,0.9181256241543942,0.06407609141632868,-0.9586892181390091,0.9085708509990109,0.9575854850937996,0.7184759197773157,0.999999873896792,0.0260634269656826,0.0987676053696952,,,
regulon|BRCA1 mouse,regulon,5,-0.05219498029289574,0.7427016787439976,0.0949791794979238,0.5496300599432492,-0.007785891176259975,0.9609700842780122,0.1691762174268065,-1.1984088011773586,0.8846210461015562,0.11203622021968399,-0.20675292671130174,0.899439261072026,0.9575854850937996,0.7813367078363798,0.999999873896792,0.0084347231715652,0.2029128716953782,-0.1607653742169253,0.0403352602686338,-0.0717068401323361
regulon|CDX1 human,regulon,5,-0.05358917008369095,0.7360724971864561,-0.04897091640168181,0.7581014142233322,0.023519879594952,0.8824638609504973,0.13849532834311934,-0.8349681223572222,0.7981321714886696,0.10665987583892993,-0.8318358503955583,0.8956631577924263,0.9575854850937996,0.9013040446919198,0.999999873896792,-0.050622009569378,0.3998016833475706,0.7956129706872709,6.056100337585492e-16,0.1008775205377147
regulon|CEBPZ human,regulon,4,0.14055175828454228,0.37464354226609775,-0.21383385916321562,0.1739032569604061,0.23901063850456397,0.12740620354584234,0.14441627811090277,-0.03934210130003574,0.5156911797002751,0.10082606293307121,1.614836210358477,0.7158545771385049,0.9575854850937996,0.9013834539230104,0.999999873896792,-0.1121098200045568,0.4014300112548878,,,
regulon|CLOCK human,regulon,9,-0.06909953150628768,0.6636915817964756,-0.16190028945609397,0.305671379433938,-0.03065694650652365,0.8471711883455658,0.18297433951258285,-1.0726952359373214,0.8582960607044355,0.10708684646236095,0.6576940695916781,0.8770401152061406,0.9575854850937996,0.6410067803901587,0.999999873896792,0.0467171717171717,0.1810298018391511,,,
regulon|CREB1 mouse,regulon,20,0.020999983723852877,0.8949821388143312,0.10107875983265285,0.5241699363561743,0.04728306828916213,0.7662008168410372,0.1426953250878899,-1.3466978905303468,0.9109612240227929,0.08214827657951163,0.2722751798554229,0.9606141623273822,0.9575854850937996,0.2116440701734393,0.999999873896792,0.0496269381587941,0.1102899366723777,1.2512227795149973,5.61218615047259e-23,-0.0027370374990956
regulon|CREB5 human,regulon,10,0.36754328359838767,0.0166407168545824,-0.02831948012552774,0.8587009251880359,0.43406343307649353,0.004078465567394362,0.12914118621550272,2.013592512328371,0.022026166607133447,0.0984341560732382,-0.853389578262107,0.4644200585751626,0.3157586760871939,0.3074610396172672,0.999999873896792,0.071000227842333,0.3327986619268909,0.8927622570988948,7.226952914196163e-18,0.0701060649245537
regulon|CUX1 mouse,regulon,8,-0.04870950581590771,0.7593541876622331,0.06073439276151641,0.702403147765361,0.005596109282936856,0.9719420423544831,0.14852913799374862,-0.8083273339342124,0.7905489143816398,0.12213973935985303,-0.8286343925408467,0.8998877638529564,0.9575854850937996,0.6976454416798392,0.999999873896792,0.0264109950200175,0.3312932172187764,1.3719103965638877,3.9448887893671874e-24,0.0450451651907962
regulon|DDIT3 human,regulon,12,-0.08095014472804699,0.610316036729377,-0.06901239464436297,0.6640906197372605,0.007137066911571644,0.9642203838009914,0.15339137488914695,-0.9026992048416537,0.8166572207049174,0.09839494448537207,-0.42844885948815176,0.8498945208746413,0.9575854850937996,0.4336330154842975,0.999999873896792,0.0389175417883551,0.3722735938759525,1.1771505245631402,9.651926259699848e-23,-0.0126960938586259
regulon|DMTF1 mouse,regulon,6,-0.041738556861931654,0.7929761717546214,-0.08504557723850792,0.5923062710156205,-0.11346314328737192,0.47433128280178155,0.13014326012763677,-0.9810763336873756,0.8367224499349566,0.09193374617365552,-0.1283701012631837,0.9164545154513654,0.9575854850937996,0.4397948315874981,0.999999873896792,0.0783914331282752,0.2369914380233197,0.7332361718889249,6.202563769628272e-14,0.0891266465348356
regulon|ELK1 human,regulon,15,0.14717415979081952,0.3523236271744016,0.01646886690376844,0.9175531321134789,0.2143553164464074,0.17283097714468415,0.14672540495190733,0.0047994714899674135,0.4980852952499208,0.09691361783265215,-1.3397514533415695,0.7036386943473497,0.9575854850937996,0.7280269461563916,0.972663855239328,0.0253119812518308,0.5019126085528411,1.4734001056132102,1.825443859727555e-24,0.0034991163530469
regulon|ERCC2 human,regulon,7,0.13323226188286744,0.4002664340528657,-0.016904551213391943,0.9153797812498151,0.20908361929581473,0.183891994872014,0.11773497098955943,0.17067285018977693,0.4322405059875146,0.10189348949164881,-1.2731750540724633,0.7387633566778201,0.9187974908873431,0.8661939810362126,0.7706089444907792,-0.006210331022361,0.6062415334061856,-0.4276458174425546,1.5109393033073378e-06,-0.0455617327187609
regulon|ESR2 human,regulon,12,0.2733483358577862,0.07984797274776785,0.2475558247280748,0.113959672379522,0.3190593321604868,0.039445235482225796,0.14865112960044322,1.4168938735423269,0.07825697898848574,0.104603445897507,2.119285354076908,0.5136929078981881,0.5055304229101872,0.0086187143854866,0.999999873896792,0.1660121377824727,0.4118881606050795,0.949660667925878,4.5865703600321196e-18,0.0113171442318761
regulon|ESR2 mouse,regulon,13,-0.04409125213389857,0.7815839813347476,0.02596678485356082,0.8703351210442147,0.023763188694210128,0.8812566003661342,0.14229885236613252,-0.809216708977243,0.7908047472520392,0.10688207483683791,-1.121311886695087,0.9108162111313569,0.9575854850937996,0.9812751210401884,0.999999873896792,-0.0365178680968154,0.3791823946422194,-0.7211755245035398,2.0537364301638445e-13,-0.0162766124406056
regulon|ETV2 mouse,regulon,4,0.3073317120084195,0.04772197251718365,0.250692751757364,0.10930305163994444,0.3744527037582531,0.01456118118382877,0.12127272758370222,1.8290641885176602,0.03369499648103855,0.10530489763600084,2.005456761881574,0.5001451021129545,0.37815028205750584,0.061653691495789,0.999999873896792,0.1908635224424698,0.4581949743762422,,,
regulon|FLI1 mouse,regulon,8,0.4371656362762236,0.003792938942020666,0.28946865531385585,0.06297234563610599,0.37291174612961836,0.015004784913907887,0.1408131688703164,2.749901239214357,0.0029806614443978314,0.10484742911089617,2.451536825846183,0.4644200585751626,0.10573770174787561,0.6558264952723701,0.8701167802264647,0.0482618884874523,0.5959296455834788,0.2316139555181177,0.0133098188060459,-0.0240930625586598
regulon|FOSL1 human,regulon,6,-8.713686192470073e-05,0.9995630236891528,0.08521985096235732,0.591545128402769,0.11094894926170464,0.48424196765415506,0.10433332162554043,-1.4758116267235903,0.9300027656815648,0.1040936952552475,-0.2501319503082012,1.0,0.9593375005281001,0.4386460208620091,0.980110424927094,0.0770243791296422,0.4707971632968621,,,
regulon|FOSL1 mouse,regulon,5,-0.009149370502093577,0.9541417996742464,-0.08757254623432423,0.5813123056352923,0.04955395321557129,0.7553094968720787,0.17961521348538562,-2.041416454755129,0.9793952748651303,0.08924993082637474,-0.017613032572298237,0.9876452951128574,0.9806147213148589,0.0954785174343831,0.999999873896792,0.1754135338345864,0.1399326407862644,1.2996950848554163,3.836046417445636e-23,0.10452506196491
regulon|FOXO3 human,regulon,13,-0.1056098766527373,0.5056409730874684,-0.17139820740588635,0.2777793047146419,-0.014760752021659534,0.926079398918925,0.17597724950002938,-0.6336082152528046,0.73683173095097,0.10560551980964106,0.8141170468625665,0.8109628786759168,0.9575854850937996,0.9903107918979168,0.999999873896792,-0.0487941882678724,0.3274261471843109,0.626038602603516,1.5812308332912253e-11,-0.0170755268370295
regulon|FOXO3 mouse,regulon,7,-0.12774263958161128,0.4201310846220243,0.1631202055230398,0.301992331331045,-0.04493108032966694,0.7775281362370428,0.1511258164791047,-0.26728917659325585,0.605376740229862,0.06572733494980176,1.7018142118993984,0.7558686413748746,0.9575854850937996,0.9647077295445045,0.999999873896792,-0.0565992904338768,0.224253654500664,1.0646523455443766,1.31712465233545e-20,0.0389212822729074
regulon|FOXO4 human,regulon,6,0.07415346949792033,0.640707405282783,0.08731113564855014,0.5824453433712959,0.09837797913336821,0.5353710953431751,0.13628640889332821,-0.6459006168132493,0.7408281399331305,0.08483644876988863,0.03478459138860898,0.8662246788033342,0.9575854850937996,0.134796890234987,0.999999873896792,0.2071496924128503,0.3722059074506215,2.7879476164579224,2.3291734339045008e-26,0.0337887348334794
regulon|GFI1 human,regulon,4,0.23875500167368,0.12782599426587982,0.32615327418415485,0.03503532720026618,0.333090156884372,0.031122787006936915,0.16223140953140786,0.7054951528775846,0.24025107366992376,0.12185654455859773,2.416795618059408,0.5145896426775005,0.7320064058506748,0.7184759197773157,0.999999873896792,0.0238437001594896,0.3844413413816496,,,
regulon|GFI1 mouse,regulon,9,0.34567193125528783,0.024946897710602538,0.28746450748958774,0.06490117294460844,0.3553123879499473,0.0209372999751896,0.12769907115064894,1.9632690333178024,0.024807460830701695,0.0809893563159131,2.6365020670659356,0.4857625830347534,0.33499779944424063,0.6777225983183225,0.9758361533758168,0.0443798891167312,0.5067922785631743,0.6626837721724913,5.258620667117397e-12,0.003536036157923
regulon|GLI1 human,regulon,12,0.15919904673642823,0.3139191270773001,0.164514395313835,0.29782256581076044,0.26334154843037644,0.09198228472852979,0.17693139813810485,-0.1842018612121356,0.5730724502855008,0.09291839271340463,0.9430465704651326,0.6711263871019296,0.9575854850937996,0.8096991577891055,0.999999873896792,0.0225097868638538,0.2662996846176584,,,
regulon|HDAC3 mouse,regulon,7,-0.11990032200838822,0.4494528578272575,0.11388787853558385,0.4726676740538722,-0.036820777021062796,0.8169241138151447,0.12908890409834792,-0.07084966592686057,0.5282412982925434,0.09166362190168895,0.33960782764334535,0.7728421733613853,0.9575854850937996,0.0017861328068708,0.999999873896792,0.2254695179507209,0.0097555215977471,0.6959651934897625,7.17727041725054e-14,0.0508736420935661
regulon|HDAC7 human,regulon,8,0.15144386602512988,0.3383722868083439,0.09236507364018279,0.5607180561036453,0.23300901405619692,0.13753688147036416,0.12373870077617129,0.34396097897028544,0.365437815926028,0.08283665778871675,0.13563671289208307,0.6908400391995175,0.8623014078164335,0.0954785174343831,0.999999873896792,0.1135802167757055,0.2460085994164131,,,
regulon|HDAC9 human,regulon,11,0.22690438845192074,0.14844216003494573,0.01777591983263895,0.911034920078096,0.17364159383721461,0.27144296740020823,0.1594691710083948,0.6154708955340111,0.269121892137676,0.09023022052302761,-1.2444586576626986,0.5422154292375941,0.767400708779504,0.3965334054243722,0.8379104691817861,0.0559821040203815,0.581231418249159,2.195747456902835,2.3291734339045008e-26,-0.0015583719783804
regulon|HDGF human,regulon,4,0.1542322456067203,0.3294481289519273,-0.02509541623431381,0.8746510765118629,0.27145185173898057,0.08204593614679231,0.18663844455651651,-0.34465524922693375,0.6348232175641318,0.10387585310043575,-0.8898524092107237,0.6833844736336807,0.9575854850937996,0.8097233455300737,0.8741293923296176,-0.0186830713146502,0.5877466142838816,0.7200165522967962,2.2792007393898783e-13,-0.108438141521721
regulon|HIPK2 human,regulon,8,0.1145849734309815,0.46994399502850337,-0.0013941897907952118,0.9930084647597722,0.178345569756205,0.25846822250402746,0.1147853882134083,-0.0031572641007282915,0.5012595640475516,0.09290967902721217,-1.3456130080195126,0.7867542392791946,0.9575854850937996,0.4538838717375608,0.999999873896792,0.0715921296748364,0.3898746221105642,1.0790701823769422,3.2862606201225467e-21,-0.0085874680640404
regulon|HOXA1 human,regulon,5,0.2722155566527651,0.08115521953711798,0.10822398251047831,0.49510420941142885,0.2309814382290459,0.14109092040558893,0.1451525845941665,1.1393027983480029,0.12728844081779134,0.13357645248747,-0.3006104229047123,0.5136929078981881,0.5855268277618402,0.8949152828098441,0.999999873896792,-0.0454682159945317,0.4776772011612265,-0.9465808132834678,4.726529894516532e-18,-0.0159528525505731
regulon|HSF1 human,regulon,19,0.03485474476988029,0.8265455386528193,-0.07676757535566135,0.6289461371891093,0.09310628198277551,0.5575635875987915,0.12399139767575289,-0.7635508947878589,0.7774325390852868,0.09941880261298731,-0.35386168528269,0.9315884827142438,0.9575854850937996,0.1769132758521162,0.999999873896792,0.0733060721980389,0.4076252256981117,1.3945834386583285,8.614271489359547e-25,0.0240526514247768
regulon|HSF2 human,regulon,6,0.06570119389122435,0.6793210798863977,-0.03110785970711816,0.8449505628393894,0.08491487564108534,0.5928773953107558,0.14968805825734716,-0.7380407066615325,0.7697551434807769,0.0821700607949928,-0.7529492360632127,0.8770401152061406,0.9575854850937996,0.2277637827146526,0.999999873896792,0.1621508316245158,0.4269390392631511,1.7580103784922851,1.1288135326506208e-25,-0.0217222637125549
regulon|ING1 human,regulon,5,0.17061397564856404,0.2800169942922407,0.12190446983265633,0.4418552402727556,0.27826450651820805,0.07436434597465587,0.1286880745334943,0.5559144060433302,0.2891346847689104,0.11892003231173531,0.04384566400718189,0.6475973138714473,0.7859206431445838,0.5007203728072298,0.7558882512503801,0.0706698564593301,0.6607962369419752,-0.1268912507013814,0.0492946146125626,-0.1329650615319673
regulon|ING4 human,regulon,11,0.14856834958161474,0.3477300908266415,0.2826719800837292,0.06970384537631212,0.20429854034373826,0.19436051861778086,0.12456214412135969,0.24704774158362744,0.40243563823042816,0.10726112018621037,2.7114512713897567,0.699806807788616,0.8979720584395375,0.9084426956487468,0.999999873896792,-0.0150338656558752,0.2351689205667727,0.3513279051164236,0.0002014360039511,0.0149298151936395
regulon|IRF2 human,regulon,5,0.1566720777406119,0.3217610074014093,-0.11502065774060496,0.46824594146553067,0.07915656029197639,0.6182762604496493,0.1362907657364244,0.1646408718793382,0.4346133295362488,0.08161674172177094,0.4379401069304736,0.6768299381820599,0.9190580571563062,0.8944504552546358,0.999999873896792,-0.0364183185235817,0.2927995764145499,-0.1069537317828317,0.1286310323240516,0.0848740678204587
regulon|IRF8 human,regulon,7,0.2730869252720121,0.08014817419668774,0.020651436276154074,0.8967156962954381,0.30567733170129,0.04899498743486521,0.14492167191006605,1.586555140913308,0.05630671708872697,0.0716134299728153,-0.8435695161338166,0.5136929078981881,0.4559842262554719,0.0006718854867254,0.9679703265045758,0.2995345506623701,0.509471538613827,1.361308435781873,1.0912161390367097e-24,0.1394045544530981
regulon|IRF9 human,regulon,6,-0.032066365188289876,0.8402341383368263,0.12591276548119254,0.42687431603328385,0.07234390551274893,0.6489002752019026,0.17078824937241344,-1.4030982614339822,0.9197062302247082,0.09724473790796602,0.5108820781169839,0.9339405478167697,0.9575854850937996,0.8629623731392091,0.980110424927094,-0.0045933014354067,0.4509210636218249,0.8808854678765919,1.0539691880145625e-18,0.0052546604467246
regulon|KAT2B human,regulon,11,0.07676757535566135,0.6289461371891093,0.18926126410045,0.22997496122595135,0.02838606158011449,0.8583720937601642,0.14909552759625916,-0.8675265158067353,0.8071732050756668,0.10032502597700418,1.2497059798990986,0.8597923022065697,0.9575854850937996,0.9196973110299368,0.999999873896792,0.0185260672342012,0.2940508343478547,1.2938850711039882,5.3634309615620286e-24,0.0398828830128956
regulon|MBD1 human,regulon,5,0.3513358272803934,0.022520355997159822,-0.020738573138078774,0.8962822621387241,0.2863748098268122,0.06596942092293226,0.13674387741843286,1.8717972394308373,0.030617330173023698,0.11226713290378443,-1.3498012999057425,0.4857625830347534,0.367368117341812,0.6043071017045696,0.9779872690312136,0.0631715652768284,0.518869329139982,-0.949488571819696,1.3248771082849264e-18,0.0575132678868432
regulon|MEF2A human,regulon,7,0.36876319966533355,0.016256324224154607,0.36309930364022797,0.018106556087920653,0.3683699762768,0.016379399907281322,0.14827644109416702,3.037533041565,0.0011926162677760321,0.10537025028244437,3.3099726643092238,0.4644200585751626,0.05804990345244732,0.8639795085779128,0.999999873896792,-0.0131399928392409,0.4179440267411777,,,
regulon|MEF2C human,regulon,6,0.02518255309623851,0.8742193173991889,0.2028546145607033,0.1976004736309713,0.14979730210991846,0.34371150697342545,0.13399470942470854,-1.0255557666631785,0.8474494867974149,0.09176382929290235,1.668451480139599,0.9519482588898532,0.9575854850937996,0.057768963119886,0.999999873896792,0.1777033492822965,0.1780930414641378,0.130115654554111,0.0498645752158708,0.1035452587373229
regulon|MEF2D human,regulon,5,0.013506213598328615,0.9323468424091323,0.1175476267364213,0.45846198922142667,-0.05669102012714294,0.7213918813390578,0.20333386730128916,-1.4901696138994902,0.9319101780887173,0.12845280500629758,-0.1490464151767649,0.9809225571905874,0.9596962467902251,0.983851125577352,0.999999873896792,-0.1129665071770335,0.1937951507549874,-0.8049627468594025,1.1444563105005949e-15,0.0796571094587135
regulon|MTA1 mouse,regulon,7,0.277792315815946,0.07487782826388223,0.20363884631802562,0.19583609002341268,0.26950537894491555,0.08435062263512284,0.10782315294562468,1.8226476251084607,0.03417838877798161,0.07365678938494954,2.7955087359896162,0.5136929078981881,0.380507275065508,0.7262222458292419,0.999999873896792,0.0260553982358493,0.3761796326324053,0.5181137076932129,1.529528000412658e-09,0.0006203706710249
regulon|MTF1 human,regulon,5,0.13811192615065065,0.38307394251551447,0.032414912635988676,0.8385204329121662,0.22173569245723718,0.1581612947534069,0.15425402982220152,-0.16856115139479091,0.5669290800374893,0.08613043116947046,-1.0538757694810397,0.7227320605599133,0.9575854850937996,0.4667358483529802,0.999999873896792,0.0841011619958988,0.4580040310879613,-1.2289552962899946,2.804961448870213e-24,0.0333741922914569
regulon|MYB mouse,regulon,11,0.26698734493728304,0.08740644285099312,0.18516583158998903,0.24040197979655162,0.34703987857517116,0.024341759891193776,0.1274986563682221,1.395123342338328,0.08148932415042659,0.09817710233056032,1.3486641872239509,0.5136929078981881,0.507227652697785,0.1539916182275056,0.972663855239328,0.084957434909588,0.4729244547450689,2.283541385216505,2.3291734339045008e-26,0.016606399088459
regulon|MYC human,regulon,60,0.06482982527197735,0.6833504208011215,-0.13044388230127701,0.4102876767433372,0.08653693630280616,0.5858067763688957,0.10653788423223534,-0.5569946684640091,0.7112344640551347,0.08079765521967874,0.7657694293686143,0.8790734054927765,0.9575854850937996,0.7280269461563916,0.999999873896792,0.0371001077423914,0.270950698163618,-0.5597440789291366,3.190333656150442e-10,0.0032001080205239
regulon|MYCN mouse,regulon,6,0.0815601027615199,0.6076189505639685,-0.013244803012554512,0.9336533223479627,0.1923763944800902,0.222253980095741,0.12985135164018902,-0.5907480726377632,0.7226553837147299,0.08919329186612365,-0.8741937897048075,0.8498945208746413,0.9575854850937996,0.7051788537457686,0.8049119180574409,0.0581316928685349,0.5713668850362061,-0.4028322524806654,5.305923723266833e-06,-0.0455846168277574
regulon|NF1 human,regulon,9,0.19178823309626633,0.22369791109923778,-0.03189209146444047,0.8410912648020522,0.16699114512415922,0.2905067701074032,0.16997787655651372,0.17087139295770562,0.43216244546629257,0.10884265423014369,-0.9533253675300601,0.5991031748931795,0.9187974908873431,0.8908165786140614,0.999999873896792,-0.0039872408293461,0.2709228459596707,-0.587704559675176,1.287161196044545e-10,0.0070780478257261
regulon|NFE2L2 human,regulon,10,0.27195414606699103,0.08145925146597265,0.07824890200838126,0.6223211587912959,0.3541769454867428,0.021379498588553078,0.1161926485334922,2.0819076386972135,0.018675453462780527,0.06221136257114011,0.3231877141660491,0.5136929078981881,0.286759080635928,0.0490563901241724,0.999999873896792,0.1690028100554415,0.4049391167316405,-3.0101388097265462,2.3291734339045008e-26,0.0164019321047603
regulon|NFE2L2 mouse,regulon,33,0.32833169573227233,0.033765402796343484,0.017078824937241343,0.9145106103728798,0.36788335807828376,0.0165327964562537,0.1244357956715689,2.489108885391303,0.006403186881989869,0.0730076197636105,-1.081285282787621,0.4857625830347534,0.16146831498800956,0.3910021831939226,0.999999873896792,0.0491295387228401,0.3370069125092935,-1.3275121696551324,2.4459327382647293e-24,0.0060031765445442
regulon|NFIL3 human,regulon,7,0.20451021493727262,0.19388872262742218,0.05080079050210053,0.7493492671267504,0.1316302226986452,0.40600664267328357,0.15972186790797646,0.3888956635763925,0.34867666506842054,0.08901466129917804,-0.637755205226378,0.5821355646696821,0.8422366944377516,0.0244921394852333,0.999999873896792,0.193529277739804,0.2904494217664503,2.640997179575567,2.3291734339045008e-26,0.0332199564892684
regulon|NFKB2 human,regulon,5,-0.013070529288705111,0.934524404700445,0.05733605514645309,0.7183511840816447,0.010867806433529548,0.9455405668870532,0.19923843479082823,-1.5214604116303994,0.9359278306701393,0.10391506468830188,-0.555851018330826,0.9809225571905874,0.9600291819869817,0.6790746215823202,0.999999873896792,0.0012440191387559,0.3533328646910216,-1.7870357920026343,4.648954024473374e-26,-0.0763924967439107
regulon|NFKB2 mouse,regulon,6,0.011153518326361694,0.9441110680003594,0.05123647481172403,0.7472699452878108,-0.08775348179909678,0.5805286538596488,0.15840610129291346,-1.1181918686320726,0.8682574718028708,0.12103310121340931,-0.8742313699443706,0.9829216088408934,0.9575854850937996,0.7932136625427909,0.999999873896792,0.008302574618364,0.3655340982575624,,,
regulon|NFKBIA human,regulon,12,0.0699709001255347,0.6597062632067777,-0.1310538403347499,0.4080833651900842,0.14525553225710014,0.35870514596468367,0.1276729300920715,-0.5891028972310284,0.7221038749990667,0.08061902465273312,0.5793218808816861,0.8766213809541832,0.9575854850937996,0.8908165786140614,0.999999873896792,-0.0002982663269744,0.1944293446756175,4.025594866572146,2.3291734339045008e-26,-0.0111950353694679
regulon|NFYA human,regulon,16,0.1192903639749153,0.4517792380960907,0.013244803012554512,0.9336533223479627,0.17088409071228922,0.2792449345626521,0.15310818008789168,-0.3293884282759859,0.6290689434270856,0.0759049204226068,-1.0014496405020687,0.7742360270046663,0.9575854850937996,0.7990679732603162,0.9462987983827524,0.0145676691729323,0.4928826763653836,0.2377853101514069,0.0164766694640144,-0.0048133500803403
regulon|NFYB human,regulon,12,0.06090866648536582,0.7015886188430897,0.07206218481172752,0.6501794924836484,0.06399029310488666,0.6872407709494829,0.1362123425606922,-0.6500314196055234,0.7421640367546485,0.0956283491192628,-0.40234805756122105,0.8866886539643549,0.9575854850937996,0.8524376938600671,0.2270112184793382,0.0111021355040493,0.6163293453023952,,,
regulon|NFYC human,regulon,12,0.09750614849374012,0.5390115115552384,0.01655600376569314,0.9171184140178725,0.14858075661362785,0.3476893777044496,0.1903504748745087,-0.8022639857137086,0.7887998648114976,0.12637894769248975,-1.0462446733177855,0.823616619570151,0.9575854850937996,0.8117980311101903,0.8268322112593721,-0.0017088174982911,0.5249885290182194,1.203898931119309,9.345344971804273e-23,-0.0118037258576515
regulon|NPM1 human,regulon,8,0.10874680368202652,0.4930104856803046,-0.15536502481174144,0.32586498923892415,0.14087596847045392,0.3735316605078455,0.14228578183684382,-0.2721938465384075,0.6072635134841439,0.13346317456696788,0.2885701674511534,0.8029553991045639,0.9575854850937996,0.6410067803901587,0.999999873896792,0.0412532955766038,0.3373383403528879,0.2819733839607342,0.0011735417562261,0.1772134040232394
regulon|NRF1 human,regulon,11,0.2289956731381135,0.14463704119174206,-0.055419044184109666,0.7274003693642973,0.29635048289639526,0.05669373450089474,0.1332191913535787,0.9588893533173962,0.16880724441287415,0.08515449831591378,-0.5043428113254789,0.5391429338815698,0.6450666535918703,0.0012740991906334,0.7095474595990942,0.2036537625054371,0.6032872431677718,-1.202779457337283,1.0997393203716102e-22,0.0152034069014619
regulon|PAX3 human,regulon,4,0.16137746828454574,0.3072568283920673,0.18960981154814882,0.22910207257291948,0.18605035789937896,0.23812329428804174,0.19389258831174783,-0.25803811773231067,0.6018112553080808,0.11768704571550084,1.0084481957019047,0.6664129967094268,0.9575854850937996,0.8595126557965715,0.8379104691817861,-0.0481886534518113,0.5722418724353743,-1.155086012131269,1.1380573152701279e-21,0.0384952268078059
regulon|PAX5 human,regulon,15,0.255049594853599,0.10307740369065481,-0.02701242719665723,0.8651608847606366,0.24663432361465187,0.11535574188734929,0.17208223177199525,0.9322411762412405,0.17560595003014673,0.06740907638494849,-0.6779834021400823,0.5144479402341297,0.6541380060398706,0.3869964398392452,0.3563583461637533,0.0706923152035933,0.6636188739935704,0.3420880700742595,3.363685787581797e-05,0.0523978746086418
regulon|PER1 mouse,regulon,6,-0.2512155729289122,0.10854122616828543,-0.1448214645188526,0.3601585279993437,-0.1630170965029432,0.3023021882406456,0.14488246032219992,1.0826999938436386,0.13947080338412504,0.08453582659624843,0.8864044957877567,0.5144479402341297,0.601881219552523,0.2748734907650569,0.999999873896792,0.1024242424242424,0.197524943645326,,,
regulon|PLAG1 mouse,regulon,4,0.14821980213391597,0.34887502526895325,0.1318380720920722,0.4052592472529708,0.15101384760620906,0.3397617153740155,0.13038724334102594,0.1901652909537164,0.42458980429977444,0.1025513727991803,0.35833080783322735,0.7014365301516995,0.9142659057607283,0.734175668030071,0.999999873896792,0.032034632034632,0.4159731791461063,,,
regulon|PML human,regulon,14,0.10360572882846918,0.5137953522492543,-0.12460571255232207,0.4317278239833609,0.18394167903914188,0.24357990693757037,0.12275841107951839,-0.2485660790921631,0.5981517749840757,0.08077151416110136,0.7300418953956057,0.8159132566446808,0.9575854850937996,0.6558264952723701,0.999999873896792,0.0382662450331623,0.4518229128502564,1.4486820470967985,1.1633542494140736e-24,0.0052844495342953
regulon|POU2AF1 mouse,regulon,9,0.3758212854812343,0.014176572684931318,-0.00034854744769880294,0.9982520960174078,0.40356869263614203,0.008042808599262104,0.15301668638287072,2.2150718219749383,0.013377567586000713,0.07072463398118335,-0.9888089806071824,0.4644200585751626,0.24005700848445827,0.1195361952795795,0.8181917462045442,0.1479285334548492,0.6235972877146052,0.3666809931018965,3.288293115086027e-05,0.0382517191429179
regulon|POU4F1 mouse,regulon,6,-0.008713686192470073,0.956323371492711,0.0,1.0,0.10583945817728403,0.5047110657841345,0.12249700049374428,-1.0328806744377426,0.8491701281330892,0.0905047016380904,-1.3703919808907026,0.9884369464366637,0.9575854850937996,0.1103610089298218,0.999999873896792,0.1669355206197311,0.3171587779695631,-0.6899424239002486,1.8003703935952568e-13,-0.003010845212196
regulon|PPARD human,regulon,6,0.2161865544351825,0.16910305578807197,0.07310782715482392,0.6454365330874848,0.27639913675722905,0.07640907949908311,0.12089803907742602,0.8356319175607981,0.20168100356302293,0.06672505201883958,0.09789402766186442,0.5617979297848168,0.6932700898573341,0.0171552676838057,0.972663855239328,0.220997949419002,0.5218874746897841,-0.801636941226134,1.263427521116468e-15,0.0733373575949557
regulon|PRDM1 human,regulon,5,0.3014064053975399,0.052408446522024386,-0.1300953348535782,0.41155033290704374,0.2907543736134584,0.06175913845350745,0.17450899337659814,1.2608711932814973,0.1036776292095824,0.10309597818620968,0.27542622217734675,0.5001451021129545,0.541987380254381,0.588781463363863,0.999999873896792,-0.0084210526315789,0.1929132233052149,-0.7861205427229638,2.5314276098818392e-14,0.0182041089860844
regulon|PRDM1 mouse,regulon,7,0.25618237405862015,0.1015040501721099,-0.07267214284520042,0.6474110944127753,0.27834560955129406,0.07427642989493376,0.1300604801088083,1.1069928046147706,0.13414851963997204,0.12658371931801277,-0.5601263180158762,0.5136929078981881,0.5970965652100703,0.6642855470668942,0.8818086116253029,0.0291833479803404,0.5874697916246031,,,
regulon|PTTG1 human,regulon,9,0.3300744329707664,0.03277693735616424,0.08112441845189639,0.6095449191241843,0.41151678987857404,0.006777797946238416,0.08748540937239954,3.2688065187265756,0.0005400106319009343,0.08454454028244089,-0.06015140148689158,0.4857625830347534,0.03594040008760625,0.0620682533381476,0.7414691400384221,0.1603117642591326,0.6046588352560097,0.811578739127208,1.4942991533777269e-15,-0.0137283393404119
regulon|RB1 human,regulon,21,-0.023701226443518603,0.8815640220008442,-0.046182536820091394,0.7714952183947392,0.0334955526645351,0.8332119578174887,0.1610812029540018,-1.0988146230281588,0.8640755337275567,0.073665503071142,-0.47171182961192987,0.9534469210214795,0.9575854850937996,0.0298229955658278,0.999999873896792,0.076073951111545,0.371787615790722,0.1043300453434887,0.2502500977721549,0.0026500675531637
regulon|RBMX human,regulon,6,-0.041999967447705754,0.7917082247696231,0.09550200066947201,0.5474250061775464,-0.05644771102788481,0.7225399453422107,0.15993971006278818,-0.8148944538966011,0.7924336359604683,0.10568829982846953,-0.13257924634144147,0.916000726612947,0.9575854850937996,0.0017861328068708,0.999999873896792,0.157511961722488,0.1332479437048884,0.9793328451610338,3.608682065602702e-19,0.1834058512192745
regulon|RFXANK human,regulon,9,0.22847285196656536,0.14558150973819395,0.031282133430967564,0.8440926283561575,0.18142748501347458,0.25019551535078005,0.14822851582010843,0.8693183969332858,0.19233650156315196,0.10750510339959955,-1.0893955222437843,0.5391429338815698,0.6873567533677156,0.0177155183964894,0.6867352097478546,0.1319491911597174,0.6317079579751625,-3.581694574291403,2.3291734339045008e-26,0.1218921104258961
regulon|RFXAP human,regulon,9,0.22847285196656536,0.14558150973819395,0.031282133430967564,0.8440926283561575,0.18142748501347458,0.25019551535078005,0.0957634112552461,2.497302089434085,0.006257114893898143,0.07543438136821343,-0.7701261286128492,0.5391429338815698,0.15970904235279043,0.1915039447274038,0.7561258166152436,0.1319491911597174,0.6317079579751625,-3.581694574291403,2.3291734339045008e-26,0.1218921104258961
regulon|RUNX1 human,regulon,25,0.12268870158997863,0.438901628642392,0.09036092581591466,0.5692887707438091,0.2553934511879444,0.1025978518460952,0.13479201171131955,-0.1387533574990378,0.555177473663805,0.09565884702093647,-0.07653166104912687,0.7667279880087634,0.9575854850937996,0.3927275312525728,0.7031476268111261,0.0503367509683299,0.5278575568681411,,,
regulon|RUNX3 human,regulon,23,0.27805372640172005,0.07459321512988358,0.0474895897489619,0.7652084513280705,0.311516750083485,0.04462073285259851,0.1233422280544139,1.3165807533133294,0.09398959686800873,0.07430595900628854,-0.32785258752154045,0.5136929078981881,0.5299852515627526,0.8712664293910035,0.999999873896792,0.0185984184319944,0.375370039786753,1.2432553146039318,4.937050905252936e-23,0.0081156100671076
regulon|SATB1 human,regulon,9,0.23875500167368,0.12782599426587982,0.03380910242678389,0.8316730508880021,0.31273329557977564,0.043750576164661714,0.15363971494563236,0.8766949006780931,0.1903261886218709,0.07709433858787898,-0.66240052972171,0.5145896426775005,0.6868150220440962,0.7284109066078654,0.9679703265045758,0.0379566340092655,0.4592915962639438,,,
regulon|SIN3A mouse,regulon,5,0.0709294056067064,0.6553331210731426,0.010020739121340586,0.9497796631040093,0.096025991173873,0.5452192530430034,0.11967812301048023,-0.47419394582029206,0.6823191948855567,0.11316028573851263,-1.448297394859099,0.875728672318497,0.9575854850937996,0.6632288918671516,0.999999873896792,0.0600956937799042,0.3812805056658156,,,
regulon|SIRT1 human,regulon,30,0.20843137372388415,0.18529479024146933,-0.009236507364018279,0.9537055244637765,0.2193026014646559,0.16289355769824737,0.10478643330754886,1.3618361653722963,0.08662479767682324,0.12575156228663187,-1.445370402508141,0.5759318937964197,0.5161006620102556,0.8279212122712893,0.999999873896792,0.028437080161218,0.2065855613290546,1.735359445186449,9.348203510435724e-26,0.0066718181237984
regulon|SMAD7 mouse,regulon,6,0.18298741004187155,0.2460768155916314,-0.0829542925523151,0.6014734847052889,0.268451039514797,0.08561986101911315,0.13011276222596313,0.4990800345137581,0.3088615011326671,0.09262212738286063,-0.1458910989212761,0.620505526074065,0.8030399029449343,0.1391609507272295,0.999999873896792,0.1346457051720209,0.3494685506963968,0.94470231192553,2.262386448080611e-18,-0.0420748052660251
regulon|SOX4 human,regulon,8,-0.21540232267786022,0.17069237852823388,-0.03642320828452491,0.8188676556738598,-0.20454184944299642,0.19381828282424302,0.15066399111090378,0.6417653364970681,0.2605127797590481,0.11831007427826243,-1.0480205206705542,0.5649163693239746,0.7551984044815618,0.9063816108448932,0.999999873896792,-0.0385460404257396,0.309150153970476,,,
regulon|SOX4 mouse,regulon,4,0.1611160576987717,0.3080515132810831,0.04417838899582328,0.7811628969870769,0.23901063850456397,0.12740620354584234,0.13529304866738662,0.2578418430738436,0.3982644849587584,0.10639846525315584,-0.9879914485772106,0.6674449454423467,0.8915943931084829,0.7787990506103636,0.9758361533758168,-0.026019594440647,0.5199327133958305,1.7253328836078328,6.789580976754874e-26,-0.0332060211492461
regulon|SOX6 human,regulon,4,0.08347711372386331,0.5991759124782006,0.14551855941425024,0.3578261849527071,0.08880782122921532,0.5759716918892182,0.1837019323096541,-0.8945082142168602,0.8144749816018253,0.09954515106277811,0.7961854748219936,0.847348097849239,0.9575854850937996,0.8914085560610714,0.999999873896792,-0.1033606744133059,0.3797231461024759,-0.1502953646877858,0.0948325099605615,-0.0054140374423194
regulon|SPI1 human,regulon,47,0.33748106623436597,0.02883803344134451,0.11380074167365917,0.47300872072262323,0.3972426560554308,0.009190159598770163,0.174914179784548,1.6928772180287184,0.04523942029984857,0.08951569825524508,0.3156626639808942,0.4857625830347534,0.4171194127206302,2.478054501220281e-08,0.5302479670784715,0.126098085175937,0.5726925365017503,0.8201762228701629,1.3179054591696513e-15,0.0066131431862238
regulon|STAT4 human,regulon,8,0.19509943384940495,0.21565265163949163,-0.1303567454393523,0.41060313299894546,0.25466352389017,0.10361787008338628,0.16481066064437896,0.24140274661210875,0.40462149210203596,0.07763894397490836,1.20322954070948,0.5986220157578992,0.8986994506766132,0.3724736130802488,0.972663855239328,0.0811419783224294,0.4365885672159891,1.6934647922981003,4.816539134170393e-26,0.0097634355232498
regulon|TBP human,regulon,9,0.2781408632636448,0.07449853321367361,0.229169946861963,0.14432322413450138,0.21127340118913784,0.17923775866467032,0.19873739783476121,0.6469428791069938,0.25883445647546466,0.11692024133056345,1.3477830684176675,0.5136929078981881,0.753463862869468,0.7363874931323093,0.9188249854715472,0.013220551378446,0.4371663070942045,,,
regulon|TCF7L2 human,regulon,8,-0.10900821426780062,0.49196533776235724,-0.024136910753142105,0.8794027694326934,-0.048742922884710875,0.7591940071208508,0.1531953169498164,-0.4242893185387506,0.6643225859133373,0.07976072656277483,-0.8711577019845218,0.8029553991045639,0.9575854850937996,0.7914111676995336,0.999999873896792,0.0013719363343423,0.2108868594994888,,,
regulon|TP63 human,regulon,10,0.29643960426783195,0.05661584181775532,0.015248950836822628,0.9236416187577502,0.38864573454831036,0.010972612901426043,0.14759677357115436,1.75913322880291,0.03927744106376774,0.1005602955042009,-1.0571286102854862,0.5085706305775188,0.40187785438000667,0.0769240749433218,0.9977895230553804,0.0993772309561783,0.4382975667305781,-0.6414052440098782,3.2043146318079626e-12,-0.0144772097811354
regulon|TP73 human,regulon,8,0.20346457259417622,0.19622721212185673,0.24938569882849354,0.11122540198816738,0.26220610596717187,0.09344453847850048,0.18716126572806469,0.13922588218902282,0.4446358283246483,0.09622959346654324,2.186673635529637,0.5825582340014839,0.929693095587901,0.271227208657351,0.999999873896792,0.0757738502099404,0.3219585808263603,,,
regulon|TRERF1 human,regulon,5,0.3326885388285074,0.03133901760111158,-0.028842301297075944,0.8561194629908984,0.3495540726008384,0.023261458172118252,0.16097663871969217,1.4045446075343941,0.08007836908579119,0.07905927482428098,-0.7744793944793276,0.4857625830347534,0.507227652697785,0.0733261926102041,0.8818086116253029,0.2582091592617909,0.5214702112310345,3.425451014160342,2.3291734339045008e-26,0.0347849409162199
regulon|TRP63 mouse,regulon,6,0.0842613454811856,0.5957367484050924,0.13349367246864152,0.3993342576311643,0.09578268207461489,0.5462429417748039,0.16530734075734976,-0.8079010010403236,0.790426212499314,0.098264239192485,0.5150246947194295,0.8457564309856219,0.9575854850937996,0.7745668282306367,0.999999873896792,0.0064205969469127,0.3709515102436043,0.3861361695164713,2.232689120539237e-06,0.0362164604777521
regulon|TRP73 mouse,regulon,12,0.3523814696234898,0.022094696883161777,0.13358080933056624,0.39902381160685507,0.3717763036664138,0.015338929684044465,0.2122087566883199,1.0675219869826316,0.14286809525269228,0.08007006242260752,1.0424723669549907,0.4857625830347534,0.6114988207850408,0.7914111676995336,0.999999873896792,0.0159810683734128,0.3290192462259821,1.5486333018312055,1.2483374041215986e-25,-0.0236057097358522
regulon|VHL human,regulon,13,0.05568045476988377,0.7261642022172533,0.03398337615063328,0.8308179807731287,0.1403082472388516,0.3754799584422381,0.11274202880127404,-0.9088785829127067,0.8182928899611881,0.11138705059834494,-1.0046066268724219,0.8945624927844091,0.9575854850937996,0.7813367078363798,0.999999873896792,0.0456061482377271,0.1111400950762912,,,
regulon|WWTR1 human,regulon,6,0.16991688075316644,0.2820159151053603,0.0005228211715482045,0.9973781465477015,0.23957835973616626,0.1264776180178644,0.1579878443556749,0.11049752124659956,0.4560074077960179,0.1353409739414452,-1.9129347017570615,0.6483643446116633,0.9408711154089859,0.8504366730359066,0.9679703265045758,0.0093597630439735,0.5151437703813434,-1.0830751987068097,9.396391593904702e-21,0.1232015293697438
regulon|XBP1 mouse,regulon,13,0.06029870845189291,0.7044409071694838,-0.06718252054394426,0.6724914355703715,0.03576643759094426,0.8220806650670158,0.17198202438078186,-1.1545336280539242,0.8758592700040413,0.08897109286821567,-0.26916115940589685,0.8875936844437725,0.9575854850937996,0.2340764926650381,0.999999873896792,0.0749916749916749,0.3438212302879319,0.2184619689076464,0.0030811906105547,0.0454249993084944
regulon|ZBTB16 human,regulon,8,0.11937750083684,0.4514464976208838,0.12626131292889137,0.4255852340589228,0.08702355450132242,0.5836929570887252,0.188816866104634,-0.8003054306458266,0.7882330712842744,0.11037626300001842,0.20170517847772823,0.7742360270046663,0.9575854850937996,0.7082436372734608,0.8718293000101139,0.0315472121863099,0.5726161817546874,-1.90106254188722,2.3291734339045008e-26,-0.0365293517045311
regulon|ZBTB7A human,regulon,5,0.12608703920504197,0.42622950160342715,0.24668445610882775,0.11527946025800359,0.10145989439063778,0.5225985850037999,0.14734843351466897,-0.2037539952948615,0.5807271274881587,0.08995138256486858,2.0536526479073087,0.7590891618161962,0.9575854850937996,0.4195736198402922,0.999999873896792,0.0734791524265208,0.430449917316688,0.8589838813624194,2.083103641512562e-16,-0.0714592059832667
regulon|ZFP36 human,regulon,6,0.003921158786611534,0.9803379797435222,-0.05568045476988377,0.7261642022172533,0.05255476543975482,0.7409891697127252,0.18475628833894298,-1.391681346228975,0.9179905432743211,0.11767833202930837,-0.6653114068710907,0.9945939852657256,0.9575854850937996,0.213843432637521,0.999999873896792,0.2265527455001139,0.3216751802247461,,,
regulon|ZNF382 human,regulon,7,0.14255590610881042,0.3678018301629903,0.17453513443517557,0.26894593967414115,0.02798054641468428,0.8603752100130317,0.158619586604629,-0.13723047671710964,0.5545756890729373,0.10989701025943258,0.6753686947662124,0.7147344340593939,0.9575854850937996,0.4275614154409259,0.980110424927094,0.1085180483676724,0.4660502826155357,0.3389659105234672,5.1637974690338064e-05,0.0132666842248944
celltype|Alveolar Macrophages,celltype,100,0.3827922344352103,0.012348621143958283,0.02701242719665723,0.8651608847606366,0.41686959006225277,0.0060261914655878,0.14513515722178155,2.795684923390567,0.002589493175701719,0.06748749956068072,-1.0095971746472383,0.4644200585751626,0.09854198575897632,1.4662733101179664e-261,0.0106346920087552,0.4141727044884938,0.6067663978419214,2.0261910720072804,2.825221334194063e-26,0.0601002417601216
celltype|B Cells,celltype,143,0.4264478022594854,0.004860261918209204,-0.07668043849373665,0.6293367448544982,0.4303326935545356,0.004446539917832162,0.13940590855023247,3.0801170464431356,0.001034596302664748,0.07170056683473999,0.10058957953132776,0.4644200585751626,0.05586125061464304,5.704502293474939e-05,0.999999873896792,0.0825832432948815,0.2771422015611234,0.799239674429999,2.2760322079649333e-15,0.0397807982680499
celltype|B Cells Memory,celltype,120,0.324933358117209,0.035763444659133524,-0.06631115192469726,0.6765057679450048,0.3510950302294732,0.022619344422824362,0.14635071644563113,3.1860080132093596,0.0007212530089763552,0.05384622382636881,0.3072261461726337,0.48627586911918697,0.045744925690530645,1.4027531803992746e-07,0.8028422954355551,0.1039563097966459,0.4408857266467409,-0.1015691093983918,0.2235847664498322,0.0524034027332403
celltype|B Cells Naive,celltype,125,0.3011449948117657,0.05262343118488993,-0.09036092581591466,0.5692887707438091,0.31111123491805476,0.04491388602364023,0.16512871019040415,1.8474796669923133,0.03233882617261009,0.05324062263599215,1.1521626822907096,0.5001451021129545,0.37653012977735756,0.0003276136748304,0.7558882512503801,0.0937438934579851,0.4125286845809879,0.0539861746139807,0.6705477194186814,0.04485700777166
celltype|Basophils,celltype,118,0.40326939698751496,0.008094169793120864,0.028493753849377138,0.8578402749486508,0.44590447590705556,0.0030803906012779763,0.14991025725525514,2.82718551461269,0.0023479557365796155,0.05607692749164116,-0.6288324005613605,0.4644200585751626,0.0929751484862263,2.433618449351048e-181,0.0106346920087552,0.2747874981594874,0.5930123200364094,1.0767393002142105,2.4416348980641847e-20,0.035533397855747
celltype|Decidual Cells,celltype,69,0.018821562175735357,0.9058244733671028,-0.20363884631802562,0.19583609002341268,0.03617195275637446,0.8200964885462497,0.1590073456401939,-2.0182373700804876,0.9782167270500766,0.07485056439331793,2.554697054426949,0.9657836589486162,0.9800898083847823,3.964148963944329e-53,0.0777178954785225,0.1902964514285014,0.5371739708702231,,,
celltype|Dendritic Cells,celltype,142,0.4253150230544643,0.004987034132749183,-0.005489622301256147,0.9724757445484215,0.4611518461272313,0.002114435903352823,0.17274882876571923,5.56307977930198,1.3252731973720826e-08,0.05980638518201836,-0.9612361323579848,0.4644200585751626,2.1758697334880843e-05,1.4597269012863638e-41,0.4633257210837582,0.1791310829447826,0.4770549626583369,1.0796298717656805,1.4748260771953862e-20,0.0410958548604152
celltype|Eosinophils,celltype,111,0.47751000334736,0.0013848529057629933,0.06770534171549247,0.6700871309828202,0.5330902364745501,0.0002781783416092663,0.16722870856278943,4.790346919799846,8.324660092796189e-07,0.049406600711305315,0.6211853121739156,0.4644200585751626,0.00034847027148444845,1.4252164687533168e-59,0.0920711551988456,0.2122914500904931,0.546976466645058,1.7712122271088346,4.161738486870498e-26,0.0815785052988843
celltype|Erythroblasts,celltype,93,0.4091947035983947,0.0071282418461574,0.12059741690378582,0.44680215920724825,0.5103813872104584,0.0005540008797690608,0.12359492495399553,2.9942241148604896,0.0013757187966802898,0.07029766335775232,0.9374771905693108,0.4644200585751626,0.06126339237131589,0.0102087602292765,0.8245614437015378,0.0859023914497451,0.5090083299136018,0.4920160373359932,1.2760064261994304e-08,0.0377836388315675
celltype|Erythroid-like And Erythroid Precursor Cells,celltype,103,0.4189540321339611,0.00575367551694133,0.06613687820084785,0.6773097011070959,0.4814276043987417,0.0012474775996331833,0.16691937270295673,3.74285656392368,9.097004725088656e-05,0.04687091802929653,0.4678693936949565,0.4644200585751626,0.012693353926407037,2.398692231736252e-09,0.0147382713464146,0.1084618248284123,0.5745755097632721,0.368956169683808,4.756833673197124e-06,0.0356288674580652
celltype|Hemangioblasts,celltype,64,0.41485859962350025,0.006299631368710392,0.3297258855230676,0.032972700407952214,0.4557179429104666,0.0024226163489064214,0.141732462763622,3.3535328267474167,0.0003989347447580107,0.052591453014653136,5.290001123897765,0.4644200585751626,0.031425497839350176,1.7653883494088252e-37,0.8555661469772295,0.2086783517234645,0.5049281423686934,-0.5412724502371665,9.112720539068275e-10,0.1231289870864222
celltype|Hematopoietic Stem Cells,celltype,112,0.3949042582427437,0.009648465206845222,0.06875098405858888,0.6652882829719403,0.44298476671595804,0.0033041543972465084,0.15584427755232727,3.691050029765418,0.0001116651004587339,0.0674482879728146,0.02078567978736376,0.4644200585751626,0.013747944427066472,2.7661714136666603e-27,0.0005189703920047,0.1501372662086947,0.5710203529585554,-0.0277643378566811,0.9656740848412784,0.0247955804940402
celltype|Kupffer Cells,celltype,110,0.3800038548536199,0.013054146063890625,0.0589045186610977,0.7109754012201911,0.41962709318717817,0.0056679940753156756,0.16549468501048786,2.766089005100602,0.002836652401581724,0.0644115683347388,-0.13780445270257202,0.4644200585751626,0.10236402545707841,2.07523721176398e-204,0.0082985563217964,0.3562952494588506,0.5922740112187429,1.380645222973277,4.529823077380379e-24,0.0723625952634391
celltype|Langerhans Cells,celltype,92,0.3691117471130323,0.016147885990824253,-0.019170109623434163,0.9040885131592484,0.4122467171763484,0.00667076067816797,0.17105837364437998,2.0029697246402955,0.022590269098500128,0.04478399018619995,-0.7177252324913955,0.4644200585751626,0.3216424028786447,1.0147437637473508e-44,0.5387316464886753,0.2608664790586987,0.5028565897737122,0.3823016077682724,8.700042455567482e-06,0.0467346000492492
celltype|Macrophages,celltype,156,0.39185446807537916,0.010275530553206196,0.01760164610878955,0.9119036916851903,0.43511777250661204,0.003979388651350209,0.16442725845191025,3.338996579708682,0.00042040799785083845,0.07045450970921677,-1.30386569369126,0.4644200585751626,0.031425497839350176,4.112518873412514e-76,0.1541162775275069,0.2344159858251538,0.5336104818438653,1.8069502241601203,4.7549352284671086e-26,0.0344508402609255
celltype|Megakaryocytes,celltype,120,0.480995477824348,0.0012620124007434884,0.06369704606695624,0.6886015487999465,0.5532848917129745,0.0001445064777793085,0.1382382746004415,4.839098712009504,6.521462865936341e-07,0.07080741400001182,-0.1314311602321313,0.4644200585751626,0.00034847027148444845,2.0794800395392376e-50,0.0082985563217964,0.224185434939526,0.6325393206198285,1.4665220604486044,1.2473190677144961e-24,0.0604443404936376
celltype|Microfold Cells,celltype,96,0.2902528870711782,0.062230109789294115,0.05454767556486267,0.7315258418052086,0.3687754914422302,0.016252489630485627,0.18757080897911077,1.3029980458230543,0.09628771436261657,0.06354019971549178,-0.21709640175960626,0.5122798637865735,0.5299852515627526,1.109516891260509e-81,0.6647480631905547,0.2288420662901272,0.4930585599757515,2.1973681441943653,4.363205398703375e-26,0.0477943071659404
celltype|Microglia,celltype,123,0.40379221815906324,0.008004633339410067,0.0355518396652779,0.8231311317838621,0.4500407305944437,0.002786165226885655,0.14508723194772294,3.974296333474743,3.529381717298213e-05,0.052194980292895744,-0.4628684582324855,0.4644200585751626,0.006758723353704882,9.61339078690394e-123,0.0106346920087552,0.2737898779881987,0.5719088224592918,0.9450557486686698,6.399111426217596e-18,0.0573304808241515
celltype|Monocytes,celltype,151,0.38810758301261705,0.011093393613887503,0.041651420000006954,0.7933989379546639,0.43722645136684923,0.0037875207134815234,0.16746397808998612,3.751895160142453,8.775142918859857e-05,0.05729248671549074,-0.4132863031443909,0.4644200585751626,0.012693353926407037,0.0,0.0018759749523095,0.3121418114823482,0.5818468565565496,1.6010473780368988,1.1950796175718398e-25,0.0462002739291341
celltype|Myeloid-derived Suppressor Cells,celltype,104,0.4235722858159703,0.00518768212501573,0.02718670092050663,0.8642990464316583,0.4489863911643252,0.0028587179082369798,0.16315070342471344,3.3728177975833833,0.00037201584837278295,0.05352381743724742,-0.5875938947333809,0.4644200585751626,0.03114516682576939,1.2655029621501068e-202,0.004772277094505,0.3538753658196683,0.6039259804827177,2.1218614115787107,2.3707826903773183e-26,0.0591849756884094
celltype|Natural Killer T Cells,celltype,110,0.09820324338913773,0.5360997657475297,-0.23004131548120993,0.1427616651752114,0.09691812453781946,0.5414735840885857,0.15408846978454455,-0.8517982409329683,0.8028369585663753,0.06135742132427803,3.5293701302399967,0.8226222945084894,0.9575854850937996,1.0079948780288152e-08,0.999999873896792,0.1038589460230301,0.3411979268412544,1.004369068404683,1.143338177795581e-19,0.0592596016714256
celltype|Neutrophils,celltype,120,0.3934229315900238,0.009948816752552188,0.03964727217573884,0.8031384497760204,0.4202759174518665,0.005586447832867257,0.13919678008161318,3.0985753613339426,0.0009722675405241447,0.059793314652729655,-0.47913998117266665,0.4644200585751626,0.05586125061464304,1.6886331355529167e-236,2.0599818789324942e-06,0.3625531648065925,0.6414391888036711,2.002268457074168,2.5902704615129864e-26,0.0499635786910348
celltype|NK Cells,celltype,129,0.12425716510462326,0.4330272678067416,-0.18473014728036558,0.24152978884427406,0.1516626718708974,0.3376666543230585,0.14966191719876976,-0.32863049620028906,0.6287825027069978,0.06313937015063817,2.997508067401279,0.7648321278645656,0.9575854850937996,2.5376078863978437e-09,0.7414691400384221,0.1114381239170865,0.4056774398379672,0.9129756624496176,3.3344349144513586e-18,0.0554830937521131
celltype|Osteoclast Precursor Cells,celltype,90,0.3437549202929444,0.025815959906318773,-0.004443979958159737,0.9777169942120499,0.3866992617542454,0.011414859991133041,0.14664698177617513,2.4473199491583086,0.007196150716696644,0.059300991382855085,-1.2595870969605516,0.4857625830347534,0.16925187931504795,3.948066008252226e-76,0.539632769355259,0.2824781395094819,0.469946526381422,2.1663065493710585,2.880193338730833e-26,0.0473580071258416
celltype|Osteoclasts,celltype,87,0.3630121667783033,0.018136351117032636,0.08095014472804699,0.610316036729377,0.43503666947352604,0.003986934636300596,0.1651766354644627,2.261954816238953,0.011850097533175329,0.07769122609206318,0.06910025617900062,0.4804985175689786,0.21948897466315012,1.8159358680031302e-101,0.0156410466422807,0.24906912612142,0.617818032337657,1.4867399467494051,1.1633542494140736e-24,0.0405885725047291
celltype|Plasmacytoid Dendritic Cells,celltype,125,0.5534062100837744,0.00014392069326406496,0.017514509246864846,0.9123381155404012,0.5775346986057008,6.212901356493393e-05,0.16952476487450527,5.483990333796468,2.0791875140832146e-08,0.055196845186201694,-0.9590938086091998,0.301226011001688,2.1758697334880843e-05,9.276434034497517e-14,0.972663855239328,0.1183346371794589,0.3346128973279914,0.8386911099516138,3.4722409700913047e-16,0.0427989416491469
celltype|Platelets,celltype,165,0.4286262238076029,0.004624329789322635,0.11327792050211095,0.4750577335763899,0.49837813831372435,0.0007823902844975934,0.14121835527826626,4.11900421311386,1.9025659534972e-05,0.056442902311724906,1.2233122543350667,0.4644200585751626,0.005688672200956629,5.527457639996224e-59,0.004772277094505,0.1797075231921771,0.596063938821906,1.190578882105809,4.484694984897967e-22,0.0378906851067337
celltype|Red Pulp Macrophages,celltype,88,0.3719001266946227,0.01530218696908252,0.022916994686196294,0.885456405103476,0.40510965026477674,0.007782787584290966,0.13962375070504424,3.0776080407382267,0.0010433459048070587,0.07317317980126743,-1.2236788144841713,0.4644200585751626,0.05586125061464304,3.8556860335823406e-230,0.0106346920087552,0.4651451048538987,0.6111555976670547,1.5447163111923008,5.36610108556426e-25,0.0647155434944404
celltype|Reticulocytes,celltype,91,-0.015946045732220235,0.9201619343108018,-0.1566720777406119,0.3217610074014093,-0.06123278997996125,0.7000745923075061,0.1315113088598546,-1.5345563762427241,0.9375535824086912,0.09455220887449275,1.205718115551125,0.9731677253726672,0.9600291819869817,9.635318536122832e-23,0.999999873896792,0.1823867026874545,0.2355963155678708,-1.8161633290048211,2.3291734339045008e-26,0.0738960014304942
celltype|T Cells,celltype,125,0.07851031259415536,0.6211550737139958,-0.1778463351883142,0.25982526847005283,0.059286317185896255,0.7091838759572401,0.13497499912136143,-0.8413247871960621,0.7999169959501136,0.032990015924691696,6.0022308874572765,0.8569768745048898,0.9575854850937996,8.924458460311166e-09,0.9076141179337928,0.1076435605141886,0.3801390937637267,,,
celltype|T Cells Naive,celltype,93,0.18534010531383846,0.23995185716618095,-0.18725711627618186,0.23503821107996262,0.17510144843276337,0.26737123585971945,0.13332375558788837,0.612818428587998,0.2699982020943824,0.03911138047490193,4.334933404612252,0.6102299356607737,0.7688520231068604,4.3122104186109816e-14,0.999999873896792,0.1210650143144422,0.1941141709070269,0.4534859497975834,3.991644710475562e-07,0.0648372707988904
celltype|T Cytotoxic Cells,celltype,73,-0.0024398321338916207,0.9877651239768612,-0.1768006928452178,0.2626829408448109,-0.0038929455881299875,0.980479423037166,0.1582841096862189,-1.6399606359153474,0.9494933240604428,0.06686882784101535,1.9443202429439317,0.9977360811185886,0.964703654008984,2.436917319080189e-26,0.7358648398228462,0.2011798383463848,0.4887079782511064,,,
celltype|T Follicular Helper Cells,celltype,104,0.32990015924691696,0.03287469890175689,-0.14673847548119606,0.3537666484017112,0.34298472692086907,0.026172139989603042,0.16137311144144956,2.499484082131339,0.0062187143232266045,0.047999340391221404,2.5671763392160174,0.4857625830347534,0.15970904235279043,7.887476003777605e-07,0.999999873896792,0.0922178741034131,0.1376691250956122,0.4968255669301983,3.2364114684081365e-08,0.0540835781289397
celltype|T Helper Cells,celltype,99,0.07702898594143545,0.6277749137424568,-0.21453095405861322,0.17247088389776385,0.07729119053099745,0.6266010381488453,0.11788746049792764,-0.617479667369214,0.7315408057842218,0.06392360190796047,3.848145547223332,0.8597923022065697,0.9575854850937996,1.2737944040086924e-05,0.8245614437015378,0.0994404829186588,0.3819886641565183,,,
celltype|T Memory Cells,celltype,121,0.07145222677825461,0.652952542609822,-0.143253001004208,0.3654397647349569,0.03219790413515843,0.8395873139448592,0.14140134268830812,-1.2906443914423362,0.9015864922618504,0.04769871821758119,2.8571905332697374,0.874922965225581,0.9575854850937996,2.6610537128400387e-19,0.999999873896792,0.1211584652841721,0.2811536087037102,0.2522926675553187,0.0040359488815361,0.0532469843735718
celltype|T Regulatory Cells,celltype,98,0.20712432079501364,0.18812876995681344,-0.17462227129710028,0.26870324739083923,0.21005685569284718,0.18181293045930919,0.136264624677847,0.8558190182177053,0.19604894697008618,0.05174622545398353,2.9681374591585916,0.5759318937964197,0.6885417247480365,4.573365182568624e-09,0.999999873896792,0.0966275643587479,0.2557768486747436,0.5562050861681457,2.6717005836309973e-09,0.0454040646758361
celltype|Thymocytes,celltype,105,0.2544396368201261,0.10393228370376956,-0.15553929853559081,0.3253159085556559,0.2752636942940245,0.07767512551544145,0.16826999406278959,1.3058583563653974,0.0958003652552405,0.03062425012343607,4.297829451385198,0.5144479402341297,0.5299852515627526,7.25976746318956e-05,0.999999873896792,0.093961114073896,0.1717053683138637,0.6621520236926519,4.649054100361452e-12,0.060052931879652
celltype|Trophoblast Progenitor Cells,celltype,87,0.30524042732222667,0.049335713083673335,0.12434430196654794,0.43270220294151684,0.3519060605603336,0.022287384108454017,0.15278141685567403,2.088679566793558,0.018368288701431125,0.06990119063599493,1.08631888787234,0.5001451021129545,0.286759080635928,5.6611668279900166e-27,0.8371063828627537,0.1538307385435229,0.4764215055735303,2.061698881858268,2.5267562411462552e-26,0.1017102846714584
data_derived|MODULE_0025,data_derived,5,0.11162232012554164,0.4815770716957583,-0.16163887887031986,0.30646345041778034,0.14566104742253033,0.35735057603293996,0.19895523998957293,-0.9232209874709356,0.8220539731070158,0.07497255600001249,1.6996203098049356,0.7973610054567213,0.9575854850937996,0.0046258137011041,0.7584976426989276,0.3276213260423786,0.6116798953639055,-0.1157827142954726,0.2049082211646657,0.3663986481367233
data_derived|MODULE_0026,data_derived,8,0.19666789736404955,0.2119125816159108,0.1402903476987682,0.37554148385001357,0.2464721175484798,0.11560281633284382,0.10010718382219244,1.1594477957787708,0.12313685203670666,0.12233144045608738,0.23857519437015198,0.5976702966310692,0.5779272274057587,0.4850162470937831,0.980110424927094,0.0823796504247631,0.4905567733944354,0.077020957476484,0.4024131535974854,0.3875027093603579
data_derived|MODULE_0045,data_derived,4,0.107439750753156,0.4982533411191888,-0.011937750083684001,0.9401882335691251,0.07518251167076037,0.6360670132562105,0.1548814152280593,-0.484464971071184,0.6859720407946637,0.09116694178871815,-1.176300342653725,0.8058516700539354,0.9575854850937996,0.0007002409138816,0.999999873896792,0.4203577124629755,0.2931918657815412,-0.075295411038535,0.3830436590018458,0.3266863114372612
data_derived|MODULE_0095,data_derived,4,0.038514492970717726,0.8086565299950992,-0.018560151589961257,0.9071267280866174,0.04728306828916213,0.7662008168410372,0.14100922680964698,-1.1735931588261703,0.8797209886444479,0.10882087001466252,-1.0792277414211475,0.9207457093724912,0.9575854850937996,0.6701161723026212,0.999999873896792,0.0835042150831624,0.2877823567774086,-0.935402505569823,1.0659592424097296e-17,0.2954366947718573
data_derived|MODULE_0114,data_derived,14,-0.0826057451046163,0.6030073206162408,-0.04809954778243481,0.7622796840262646,-0.048661819851624835,0.7595827815667523,0.15932103834312283,-0.7240611373427173,0.7654858989792157,0.07766072819038952,-0.42307596700771394,0.8498945208746413,0.9575854850937996,3.8846656040730797e-16,0.999999873896792,0.4351821111219607,0.1054472754511878,0.641432599228197,6.471662735626186e-12,0.4112940167015838
data_derived|MODULE_0121,data_derived,8,0.140638895146467,0.3743445123832084,0.020390025690379975,0.8980161761867901,0.12238447692683645,0.4400461167954989,0.1514917912991885,-0.08868492885772347,0.5353338448174826,0.10871630578035288,-1.2411049639654592,0.7158545771385049,0.9575854850937996,7.074998514469179e-08,0.8056476993003061,0.5141856264036715,0.5669101208494342,3.123320991879802,2.3291734339045008e-26,0.3800769660705288
data_derived|MODULE_0183,data_derived,6,0.18098326221760344,0.2513768268457879,0.18525296845191377,0.24017684700084965,0.22092466212637674,0.15972745324492116,0.12774263958161128,0.5155224084796596,0.30309400743962567,0.08442690551884255,1.4593141833383367,0.6215860181637165,0.7976321521711213,5.220529314029543e-11,0.6546990428633584,0.5178309409888358,0.5987030709354585,0.1561741070074977,0.0115594317821538,0.5262538724310569
data_derived|MODULE_0198,data_derived,5,0.22734007276154422,0.14764342597789923,0.05036510619247702,0.751430343059598,0.21476083161183762,0.17200040354278573,0.13883080526152947,0.9573151507996873,0.16920410520938567,0.13118454562763696,-0.8224855866562296,0.5402407177827676,0.6450666535918703,0.1093968535455024,0.979958403975743,0.1950512645249487,0.5264082908315048,-3.206948410460347,2.3291734339045008e-26,0.2815478509811562
data_derived|MODULE_0200,data_derived,5,0.09541486380754731,0.5477922226220863,-0.14159740062763868,0.37106456285834527,0.0981346700341101,0.5363858565676893,0.16930256587659726,-0.619322622928893,0.7321480780510894,0.09944494367156469,0.45844771100369863,0.823616619570151,0.9575854850937996,0.0147295083567797,0.7558882512503801,0.2515311004784689,0.6722440841766444,-1.2617865116307785,1.15087706712615e-24,0.7676937327950414
data_derived|MODULE_0201,data_derived,23,-0.00827800188284657,0.9585052580795076,-0.10813684564855361,0.49545360704491553,0.05198704420815253,0.7436919744964214,0.15418867717575796,-1.4867507875834451,0.9314596782302473,0.06681654572386053,0.7598984485639119,0.9891146336272553,0.9596962467902251,4.616676430049212e-30,0.0869210752969781,0.290310126736172,0.6712590486854071,0.4585120344754215,4.447940534045448e-09,0.4921338221271004
data_derived|MODULE_0209,data_derived,14,0.1914396856485675,0.22455663055566377,-0.07371778518829683,0.6426761840590732,0.20105441902029664,0.20169284267199278,0.11644534543307383,0.8926965598966128,0.1860098465597273,0.0752818918598452,-0.01946403836623128,0.5994860047869953,0.6747289581447301,0.0137877314211066,0.8773698159345004,0.1274462379725537,0.5050900152439756,0.8920702021983511,6.747430538566943e-17,0.3727917865634201
data_derived|MODULE_0219,data_derived,7,0.04583398937239259,0.7731741486964838,0.2008504667364352,0.20216020629833967,0.08751017269983867,0.5815825625339681,0.19697723322388225,-1.209688186856556,0.886800717751917,0.11536049150211129,1.0840706754773837,0.9081108267237601,0.9575854850937996,3.385767896468819e-06,0.999999873896792,0.3485336718419425,0.2356963085157188,2.2815009390891983,2.5267562411462552e-26,0.4684412545851972
data_derived|MODULE_0221,data_derived,6,0.011502065774060497,0.9423674195844924,0.05681323397490488,0.7208154378393972,0.02084347950311264,0.8957604788457317,0.15011938572387445,-1.5294714824557962,0.9369261982797268,0.10605427464855326,-0.619357496653239,0.9829216088408934,0.9600291819869817,0.0001378033279571,0.999999873896792,0.222036910457963,0.2278434642245735,2.817104199167209,2.3291734339045008e-26,0.3191890083088902
data_derived|MODULE_0224,data_derived,10,0.2241160088703303,0.15362936194022342,0.21801642853560124,0.16543621509648157,0.27437156093007803,0.07868135631891258,0.11732542773851332,1.1256485731594856,0.13015714976165926,0.09243913997281877,2.3368184420727003,0.5477789685534712,0.5883777849916908,0.2409073783960318,0.999999873896792,0.1081309333940912,0.2605702770338868,1.244630566191808,8.141731328954123e-23,0.3215537276850067
data_derived|MODULE_0225,data_derived,4,-0.10238581276152338,0.5187909071406986,-0.0355518396652779,0.8231311317838621,-0.07185728731423267,0.651110499980803,0.14845507166111263,-0.42125942166832697,0.6632171711108198,0.11048082723432806,-0.9046606381902709,0.8167234399366559,0.9575854850937996,0.4325584967606403,0.9213934123713352,0.1402027796764638,0.5006110789997786,0.1859226420836685,0.0358437860561724,0.3427229564207193
data_derived|MODULE_0229,data_derived,6,0.1070912033054572,0.49965623735815806,-0.03642320828452491,0.8188676556738598,0.17088409071228922,0.2792449345626521,0.1511606712238746,-0.3857739183898844,0.6501679434847036,0.07877172317992946,-0.5284076004600452,0.8059806602401358,0.9575854850937996,1.8952637584548235e-05,0.4412140934053241,0.3633811802232853,0.7020514943758963,0.0549094084065179,0.3313050709679815,0.3638761776425347
data_derived|MODULE_0231,data_derived,5,-0.2151409120920861,0.17122453678842628,0.012896255564855708,0.9353955624684704,-0.10089217315903551,0.5249400490506851,0.14591938897910386,0.6628115591936379,0.25372562477040916,0.0939727487426935,-1.3307432353556372,0.5649163693239746,0.7508332731586802,0.0596137452512159,0.999999873896792,0.1527614490772385,0.3278707053218819,0.2077452099797904,0.0079771181269893,0.3175203753612365
data_derived|MODULE_0233,data_derived,69,0.049406600711305315,0.7560148171551876,0.0583816974895495,0.7134311432342647,0.1144363796844044,0.47052387780415733,0.14539221096445945,-1.2568415469700307,0.8955944908851554,0.10012025435148116,-0.6473098648516045,0.8998877638529564,0.9575854850937996,4.157685731567387e-33,0.999999873896792,0.2297032980032037,0.0208910680939544,0.9989450730548464,1.498401830517964e-19,0.3901854254056722
data_derived|MODULE_0239,data_derived,6,-0.09863892769876122,0.5342838011732852,0.021784215481175182,0.8910834099544177,-0.02100568556928472,0.8949537837458663,0.13170736679918515,-0.3504966625878165,0.637017002812311,0.0566781718389216,-0.6129539100312306,0.821597399541051,0.9575854850937996,0.4453578421906873,0.999999873896792,0.1115743905217589,0.3292950867464571,-0.1939843223549325,0.0011380717248721,0.3043091318418461
data_derived|MODULE_0273,data_derived,13,0.09027378895398996,0.5696627708782535,0.08617835644352902,0.5873665937867794,0.08815899696452699,0.5787740544035035,0.13748889758788907,-0.5001086184119659,0.6915007010122449,0.08627856383474244,-0.0017411999852804726,0.8330576072469815,0.9575854850937996,5.222476882731338e-09,0.8638789390565192,0.2530381898802951,0.5050927744496393,-0.3415893327678959,8.225818429580965e-06,0.3367943712049875
data_derived|MODULE_0275,data_derived,6,0.22124049242681518,0.15911622634654385,-0.07912027062762828,0.6184377697808159,0.31711285936642186,0.04073142910393726,0.11731671405232083,1.1309003435175742,0.12904851935601963,0.08904080235775544,-0.10831522344300377,0.5492304129645571,0.5866326220965387,0.4385656977595178,0.8818086116253029,0.1100569605832764,0.5583892578713183,2.0166300432668702,2.5267562411462552e-26,0.3010957796600473
data_derived|MODULE_0281,data_derived,11,0.3773897489958789,0.013746425664220269,0.038775903556491825,0.80738230371564,0.3927819892356985,0.01008123478185049,0.16555132397073896,1.4267752271511989,0.07682234696583831,0.10507398495190037,-0.9950885538252976,0.4644200585751626,0.5040412921614407,0.0134752021122822,0.999999873896792,0.1427204374572795,0.4133864111686001,-1.4689944479626096,6.4433344171150135e-25,0.359587173964386
data_derived|MODULE_0288,data_derived,4,0.04975514815900412,0.7543467702283185,0.13209948267784632,0.40432037770219786,0.0946472396114103,0.55103223384669,0.16200049684730738,-1.0660340161682793,0.8567958673590346,0.11097315050420262,0.2745788335698424,0.8996283704204391,0.9575854850937996,0.7815054681883677,0.999999873896792,-0.0090795169742538,0.1786911430833282,0.75187547515891,1.532538218457049e-14,0.2647860722364733
data_derived|MODULE_0298,data_derived,34,0.33216571765695924,0.031622359419968965,0.10822398251047831,0.49510420941142885,0.34306582995395507,0.026134442086003948,0.15246772415274512,2.3038594578077256,0.010615267086133145,0.07597027306905034,0.7467460210142375,0.4857625830347534,0.2096014529365724,8.600343898738801e-29,0.5359061006090121,0.2512497822095345,0.5643170335456338,0.5206652702602057,7.5602027413605e-09,0.397367381085629
data_derived|MODULE_0304,data_derived,5,0.2035517094561009,0.19603158231985476,0.07729039652720956,0.6266045914892702,0.27899443381598243,0.07357603889668042,0.1351405591590184,0.8362271654519443,0.20151355933886256,0.12180426244144293,-0.6136486440842528,0.5825582340014839,0.6932700898573341,0.5189486005023424,0.8818086116253029,0.08850991114149,0.5193981262216592,-0.8602365486918563,1.4127028589065332e-16,0.3300460620004731
data_derived|MODULE_0306,data_derived,7,0.1909168644770193,0.2258489536444366,-0.024136910753142105,0.8794027694326934,0.21289546185085867,0.17584492201578078,0.12468849257115053,0.8338544959045937,0.20218149095206783,0.1174648467175928,-1.0462027975178128,0.6006376873923835,0.6932700898573341,3.3096990299666946e-05,0.7414691400384221,0.3939198645965563,0.6581965443483592,0.1988741393343497,0.0111110570807431,0.3142438608246966
data_derived|MODULE_0328,data_derived,11,-0.1294853768201053,0.4137653098254507,-0.17305380778245566,0.27309385609768166,-0.08402274227713888,0.5967822004643807,0.09821631391842645,0.4282310953697304,0.33424143967830067,0.0961860250355809,1.2109511565406894,0.7530528638823202,0.8255621667898295,0.5635594593043212,0.8741293923296176,0.0721618094823836,0.5223198696222385,-0.0425508917905122,0.4937136101272208,0.3906312686481006
data_derived|MODULE_0340,data_derived,7,0.1767135559832931,0.26292201875138127,0.04653108426779019,0.7698173169380561,0.2183293650676234,0.1648149374104979,0.17212144335986135,0.04125132641910239,0.4835477679513027,0.10392813521759055,-0.7060449790153102,0.6303502694692337,0.9575854850937996,0.0533914967397899,0.612248736843232,0.174429580444618,0.6568931322104168,-0.6553963594427052,9.783847113524804e-12,0.3261278079634981
data_derived|MODULE_0342,data_derived,10,0.34968022690382405,0.0232083242551802,0.0695352158159112,0.6616977699295975,0.38069763730587824,0.012875475255239181,0.10378000255231856,2.717027146845732,0.003293560229718057,0.12502832633265687,-0.694976448934442,0.4857625830347534,0.11118421872257893,0.0268204749988923,0.999999873896792,0.1996005164426217,0.363643961429168,0.5751791834998041,8.911407079571779e-11,0.3508330701239101
data_derived|MODULE_0343,data_derived,151,0.23692512757326128,0.1308611599130062,0.11449783656905675,0.47028399802680804,0.27737237315426155,0.07533682971947778,0.13514927284521086,1.5690928518565408,0.05831315256821227,0.08880988967365498,0.6597803753523036,0.5155891746975836,0.4571139637650497,8.703438308872853e-60,0.165892489199433,0.2341704411540591,0.573748061197537,-0.3094976272227163,0.0001815362701689,0.3954326515248514
data_derived|MODULE_0376,data_derived,11,0.06587546761507376,0.6785162638586412,0.03677175573222371,0.8171636994526223,0.11695057371007168,0.4607636655247437,0.14502623614437568,-0.8445467591152627,0.8008180271013907,0.08825221375733691,-0.9342246420578851,0.8770401152061406,0.9575854850937996,0.3641674266783962,0.8064813661308967,0.0941216678058782,0.5334208657321725,-0.8841844203890827,1.24037379932709e-17,0.4037755404913732
data_derived|MODULE_0396,data_derived,74,0.21078406899585106,0.18027041771358188,0.044875483891220876,0.777796453393022,0.24128152343097314,0.12372227023499112,0.12552500644562764,0.9560991772976221,0.1695110652056993,0.059300991382855085,-0.34710305165165883,0.5714474850517829,0.6450666535918703,0.0962774826108991,0.972663855239328,0.0728423664256396,0.4064235290070362,0.5330003036035291,8.913234027175919e-09,0.3807029543108715
data_derived|MODULE_0426,data_derived,8,0.20703718393308895,0.18831878952859366,0.16085464711299755,0.308847505002209,0.1836172669067977,0.2444268245001661,0.17080567674479835,0.3346626373690791,0.3689397944079039,0.06937836946444673,1.3814230910825702,0.5759318937964197,0.8634595059541619,0.0918636153477101,0.8056476993003061,0.1858631969534225,0.4999788349797314,0.6044326108506636,3.189810070925272e-11,0.4131886370278097
data_derived|MODULE_0427,data_derived,44,0.11536920518830378,0.466889855418488,0.07127795305440521,0.6537456926221751,0.135198756154431,0.3932849130480336,0.14818059054604985,-0.3840274639608532,0.6495209539892015,0.07106446774268968,0.0038367378087107774,0.7861628860747348,0.9575854850937996,2.674537211316012e-23,0.8245614437015378,0.2076734214933836,0.4949674945512636,0.4631707970885234,1.957820716622457e-07,0.378069480987213
data_derived|MODULE_0471,data_derived,5,-0.007842317573223068,0.9606874437360721,-0.06683397309624546,0.6740960987065281,-0.01581509145177807,0.9208155078088434,0.13153309307533573,-1.2332481231201189,0.8912583969498626,0.08609993326779677,-0.25196332293479246,0.9894149853912488,0.9575854850937996,0.7280269461563916,0.999999873896792,0.0464456596035543,0.2568328538508567,1.478425413265133,6.523734353783831e-25,0.3455733422808139
data_derived|MODULE_0473,data_derived,107,0.25661805836824364,0.1009038363095256,-0.030497901673645255,0.8479547205843854,0.25231153593067474,0.10695737190376005,0.1271849636652932,1.687716389797465,0.04573284202793423,0.09604660605650137,-0.8836559292118826,0.5136929078981881,0.4187872789123952,2.881403268914901e-86,0.999999873896792,0.1911768006283964,0.2767021184922859,0.6013750913031642,2.328688024891616e-10,0.395302693177749
data_derived|MODULE_0488,data_derived,11,0.019257246485358863,0.9036545916848394,-0.10813684564855361,0.49545360704491553,0.03673967398797675,0.8173205040069897,0.13189035420922704,-1.1893047561832115,0.882840117791007,0.08484516245608112,0.32922866257393707,0.9654665954039658,0.9575854850937996,0.0239765394632964,0.999999873896792,0.1511539178524824,0.2075916150657487,1.1220695725653562,8.257639607740204e-21,0.4071509695454399
data_derived|MODULE_0512,data_derived,75,0.19710358167367306,0.2108817243141004,-0.06761820485356777,0.6704876235092297,0.2443634386882427,0.11885130729687123,0.1161055116715675,0.9926956331378537,0.160429151841588,0.08665325234101864,-0.2755072247459648,0.5970356494447943,0.6397135788705899,1.7133277414423068e-91,0.972663855239328,0.2694249628986471,0.3920293918077888,0.3590243877625224,0.0002870173639198,0.3625091721406372
data_derived|MODULE_0522,data_derived,3,0.39682126920508715,0.009271339749022752,0.02831948012552774,0.8587009251880359,0.38848352848213824,0.011008898949254331,0.15429759825316386,2.271457140923267,0.0115596593412142,0.1356285255857967,-0.8837196132870441,0.4644200585751626,0.2179672702807326,0.5127574271340423,0.999999873896792,0.1858737753474596,0.1401152649713979,-1.293217244169817,1.5631772458645026e-23,0.2711955168793497
data_derived|MODULE_0531,data_derived,7,-0.21723219677827893,0.16700060593324925,-0.055767591631808465,0.7257522987313844,-0.2261152562438834,0.14989693907332458,0.11906816497700731,1.0959146379782507,0.1365580662676722,0.09091424488913653,-0.593147095879429,0.5606597962433852,0.6001290697602116,0.212699568071882,0.999999873896792,0.188223806268919,0.3671647927384848,0.917231694584446,5.0242688399847585e-18,0.3357131163827027
data_derived|MODULE_0532,data_derived,9,0.0011327792050211095,0.9943193538516961,0.06465555154812794,0.6841573356078879,0.03454989209465363,0.8280397188264276,0.15159199869040185,-1.8401774683381806,0.9671289065990467,0.07747774078034766,-0.19750796149673674,0.9989712988278042,0.9727058152387337,3.913289854976524e-08,0.999999873896792,0.3188311688311688,0.2127052684964894,1.1112530240793543,7.999101424729263e-22,0.365100423004602
data_derived|MODULE_0540,data_derived,30,-0.04139000941423285,0.7946675865664808,-0.04975514815900412,0.7543467702283185,-0.02392539476038221,0.8804519072377945,0.12352521546445579,-0.8803329093072088,0.8106605051515419,0.09887855406905417,-0.7327903950248765,0.9168730556052935,0.9575854850937996,2.4942310398933443e-16,0.9251396720017928,0.2283088599241049,0.4336616680058706,0.3113267845535474,0.0001139663943259,0.4150248389543715
data_derived|MODULE_0541,data_derived,20,-0.03171781774059107,0.8419485724977562,0.04217424117155516,0.7908632209364838,-0.026601794852221576,0.8671921991168742,0.12809990071550253,-1.0793690106608012,0.859788370055205,0.056177134882854564,-0.3009003933916685,0.9343379312986162,0.9575854850937996,7.57903523098308e-07,0.999999873896792,0.1709335539806453,0.4004955054740947,0.4718888222618526,3.7816998890308425e-07,0.4172200917135489
anchor|NOX2_complex,anchor,5,0.28946865531385585,0.06297234563610599,-0.015946045732220235,0.9201619343108018,0.3459044361119666,0.024843169951838228,0.16155609885149141,1.2357962525953445,0.10826715414903443,0.08774681995817364,-0.9085374525266213,0.5122798637865735,0.5479462852771833,0.0014056322323345,0.8950121216249531,0.289835953520164,0.5478635570202087,1.688508418982214,2.3587160901422466e-25,0.0265731149859474
anchor|NRF2_targets,anchor,4,0.09898747514646003,0.5328331835308434,0.09680905359834252,0.5419308601975378,0.21695061350516076,0.1675649107632239,0.11951256297282328,-0.2559826402429001,0.6010178790448787,0.11765654781382717,-0.3387292248980648,0.821597399541051,0.9575854850937996,0.117233764127732,0.8818086116253029,0.2697994987468671,0.6166956776364313,-0.2161604312295024,0.0220388530710668,-0.0553102214140627
