set,family,n_genes,internal_consistency,agreement_mean_4,agreement_min_4,agreement_mean_5,agreement_min_5,agreement_mean_ssgsea,agreement_min_ssgsea,agreement_mean_6,agreement_min_6,agreement_mean_gsva,agreement_min_gsva,bin
regulon|TRP53 mouse,regulon,104,0.005982511382183,0.22611188957639863,-0.25274471410805277,0.3099442788337523,-0.25274471410805277,0.4901454624761586,-0.055004004719074365,0.37579794729495253,-0.25274471410805277,0.5075052842173531,-0.09166883137967984,<0.02
pathway|Tie2 Signaling,pathway,14,0.0172390548482375,0.6952595885370051,0.5036669937418647,0.71897346316771,0.5036669937418647,0.7700812860303372,0.6590739280688824,0.7333573988257293,0.5036669937418647,0.7621252701417675,0.5477453307264865,<0.02
complex|THO complex (human),complex,5,-0.0947248649760257,0.4297357613839745,0.0766404668214665,0.5050255638559427,0.0766404668214665,0.6677414322217168,0.15586745462220347,0.5333304507597829,0.03427417172668334,0.5899402245674633,0.03427417172668334,<0.02
pathway|Cytosolic Iron-Sulfur Cluster Assembly,pathway,10,-0.0011933882448867,0.5192767397508397,0.3110748822091623,0.5756537478047605,0.3110748822091623,0.657853082140852,0.5359748243876569,0.5851010168539837,0.3110748822091623,0.6039955549524298,0.34843355954584326,<0.02
complex|MSH2-MSH6-PMS1-MLH1 complex (human),complex,3,-0.0449195989508357,0.3551109447153024,-0.5013680105961406,0.33332129999587157,-0.5013680105961406,0.3140534262428954,0.12116034029288568,0.42459249736998134,-0.5013680105961406,0.6071348921182006,0.367719799547575,<0.02
pathway|Carnitine Shuttle,pathway,12,0.0164100620780654,0.5932759080109508,0.43628714560859977,0.6064440474027261,0.43628714560859977,0.6426764367386738,0.5196623588877705,0.6257315618117126,0.40687541074711475,0.6643065906296861,0.40687541074711475,<0.02
pathway|ROBO Receptors Bind AKAP5,pathway,6,0.019702225685763,0.39233995564495205,-0.20111746582374765,0.4131843762158719,-0.3118999686116613,0.49292699933467465,-0.3118999686116613,0.4912189061513504,-0.3118999686116613,0.6472879660223073,-0.0057161953004080494,<0.02
complex|ITGA9-ITGB1-VEGFA complex (human),complex,3,-0.0074479657109459,0.19812566107539573,-0.6770669993119695,0.2299422904842389,-0.6770669993119695,0.28393877950621127,-0.31578292257903906,0.3311314072113643,-0.6770669993119695,0.533509640665615,0.1594162310181728,<0.02
complex|AP1 adaptor complex (human),complex,5,-0.012159328289552,0.2531170149289831,-0.27120634505100877,0.3744792408437402,-0.27120634505100877,0.6307591337903432,-0.15541962961760344,0.4692909100915975,-0.27120634505100877,0.6589142485873121,0.040481486291954846,<0.02
pathway|Listeria Monocytogenes Entry Into Host Cells,pathway,17,0.0045623117415943,0.021002050174515785,-0.6522444282980112,0.14381273874998907,-0.6522444282980112,0.39601422206158665,-0.490690381097726,0.2545379131741786,-0.6522444282980112,0.47598826202255784,0.06241679384355619,<0.02
pathway|Synthesis of PIPs at the Late Endosome Membrane,pathway,9,0.0081117358713391,0.5094875510500722,0.31427032936108495,0.5895578476569054,0.31427032936108495,0.7498387398216022,0.4490778322563886,0.6332481754839596,0.31427032936108495,0.7206288311380677,0.41420031882858704,<0.02
pathway|MAP2K and MAPK Activation,pathway,27,7.454306439055893e-05,0.27937598885567383,-0.13681937932922392,0.30135322727655717,-0.18462431405656396,0.3897691296660855,-0.18462431405656396,0.3608003587175616,-0.18462431405656396,0.4796946215995705,0.05819019168533732,<0.02
pathway|NOTCH1 Intracellular Domain Regulates Transcription,pathway,36,0.0137345392674645,0.10892176073669481,-0.4919927468468973,0.21337095874122544,-0.5164951131603728,0.44130049488210277,-0.5164951131603728,0.3120743108372359,-0.5164951131603728,0.5094810150292568,-0.1920100442683811,<0.02
complex|SWI-SNF chromatin remodeling-related-BRCA1 complex (human),complex,10,-0.0100271010043065,0.4606901746162546,0.07602375378797709,0.46831845560718116,0.07602375378797709,0.5229261481793864,0.19397452132783496,0.5243034133151949,0.07602375378797709,0.6362733287312227,0.35622382050199697,<0.02
complex|CTF18-CTF8-DCC1-RFC3 complex (human),complex,4,-0.0069243757508848,0.7323817939730733,0.5172757627907479,0.7833435910115942,0.5172757627907479,0.8544345427795449,0.7122487579959086,0.7794049136446849,0.4767807470424609,0.7715275589108662,0.4767807470424609,<0.02
pathway|PKMTs Methylate Histone Lysines,pathway,29,0.0104166183471797,0.3459081011568641,0.013657318933475361,0.4088604157500776,0.013657318933475361,0.5426571949037269,0.19481875940297214,0.4537726491511566,0.013657318933475361,0.5435971159533144,0.17314727624985118,<0.02
"complex|Ubiquitin E3 ligase (ASB6, TCEB1, TCEB2, CUL5, RNF7) (human)",complex,5,0.0122727051336169,0.26338012499017327,-0.12833730085471884,0.2979749317467236,-0.3011210507516966,0.3965676860783254,-0.3011210507516966,0.397981627067982,-0.3011210507516966,0.597995017710499,0.42215006413930783,<0.02
complex|53BP1-containing complex (human),complex,5,0.0145530949984306,0.15597422905414046,-0.537977021309714,0.3020528693797614,-0.537977021309714,0.5963875844387629,-0.18166001017415115,0.40768465587023683,-0.537977021309714,0.6189482288511877,-0.094350369624747,<0.02
complex|Ku antigen-YY1-alphaMyHC promoter complex (human),complex,3,-0.1027057108737142,0.44373281942549503,-0.07447787960273983,0.4964850580718755,-0.07447787960273983,0.6345810121893714,-0.047229979110519425,0.546414430435944,-0.07447787960273983,0.6462731751640807,0.16334112630018074,<0.02
"pathway|Signaling by PDGFRA Transmembrane, Juxtamembrane and Kinase Domain Mutants",pathway,11,0.018741002911539,0.5418548388166847,0.3487505412045392,0.6135936440766903,0.3487505412045392,0.7623907982816963,0.3709309719883907,0.6547473365503815,0.3487505412045392,0.7370547214977637,0.369719396060189,<0.02
pathway|Impaired BRCA2 Binding to PALB2,pathway,17,0.0180133967084902,0.4876094929328377,0.11516152087342357,0.5327517024331974,0.11516152087342357,0.6392259601599906,0.30812608596575486,0.5871578757906849,0.11516152087342357,0.6959702225056603,0.3683001233649852,<0.02
pathway|Interleukin-27 Signaling,pathway,9,-0.0188402189246427,0.3490217720757987,0.12218587308287604,0.4078604909515331,0.12218587308287604,0.5074150900669984,0.20336825201047395,0.449413043370082,0.12218587308287604,0.5325181482071798,0.20951716076241192,<0.02
pathway|Sema4D Mediated Inhibition of Cell Attachment and Migration,pathway,5,-0.0569691582513448,0.3812017575413371,0.09109324888187867,0.46918813829630307,0.09109324888187867,0.6044973392805085,0.1991604151340429,0.49186220720521073,0.09109324888187867,0.5372103450230261,0.32302472454129905,<0.02
pathway|SARS-CoV-1 Activates Modulates Innate Immune Responses,pathway,34,0.0079058546052561,0.06086982382864594,-0.5571639486503887,0.18568712583904987,-0.5571639486503887,0.4293234710606921,-0.2287871654165449,0.2886409109953298,-0.5571639486503887,0.4945484813078894,-0.03231104761286272,<0.02
"complex|TNF-alpha/NF-kappa B signaling complex (CHUK, KPNA3, NFKB2, NFKBIB, REL, IKBKG,  NFKB1, NFKBIE, RELB,  NFKBIA, RELA, TNIP2) (human)",complex,12,0.0077594506942332,0.4781860059945892,0.07945384235262633,0.5633948858391419,0.07945384235262633,0.7290951917320194,0.1828370728750636,0.6085571148365716,0.07945384235262633,0.698881572831431,0.2431067419986795,<0.02
pathway|RHOBTB GTPase Cycle,pathway,27,-0.009555573625667,0.3033104105680267,-0.18952096670659446,0.40235377325642857,-0.18952096670659446,0.5864908633797742,0.040840527996839356,0.4668663927493703,-0.18952096670659446,0.5958916317352537,0.18974623497372078,<0.02
pathway|Organic Cation Anion Zwitterion Transport,pathway,10,0.0174079606118441,0.6421339863476067,0.5036603993634933,0.6905433446759178,0.5036603993634933,0.7528725628766374,0.6871854401402734,0.6907395219201736,0.5036603993634933,0.6911318764086853,0.5109209771514541,<0.02
pathway|Cell-extracellular Matrix Interactions,pathway,13,-0.0089996902795227,0.3801461289734395,0.12784659761232153,0.49463271214278165,0.12784659761232153,0.6972670456298277,0.35295406931163137,0.5401840770447259,0.12784659761232153,0.6312868068486148,0.3067081391599678,<0.02
pathway|RHOQ GTPase Cycle,pathway,43,0.005353911519549,0.32454728900471,0.07537124828175905,0.4333589791549106,0.07537124828175905,0.6344602352186003,0.39948561007024497,0.5064317760836616,0.07537124828175905,0.6525773699411636,0.4041911975319048,<0.02
complex|BRCA1-BARD1-UbcH7c complex (human),complex,3,0.0162858575690994,0.6557185843363644,0.46299017220292016,0.7142249722896754,0.46299017220292016,0.8023627729879053,0.7097605383660517,0.7204147884762897,0.42074173891396355,0.7327944208495183,0.42074173891396355,<0.02
"complex|Retromer complex (SNX1, SNX2, VPS35, VPS29, VPS26B) (human)",complex,4,0.0032479714835139,0.20114028026671069,-0.45727749520383826,0.33849893761792604,-0.45727749520383826,0.5872024735089957,-0.37533688346267496,0.43215277241572486,-0.45727749520383826,0.6194604420113226,0.2226096156552045,<0.02
"complex|SNARE complex (VAMP3, VAMP4, VAMP8, STX6) (human)",complex,4,-0.0666282881088706,0.24407388080198153,-0.48390668991976665,0.3238616228506803,-0.48390668991976665,0.5073518793841755,-0.4130948901949324,0.4131908803252692,-0.48390668991976665,0.5918493952744471,0.010497505168252319,<0.02
complex|BRCA1-BARD1-UbcH5c complex (human),complex,3,-0.0213936783164305,0.29309930096481523,-0.5330770398995347,0.31991856437349553,-0.5368420625385589,0.36661533205111924,-0.5368420625385589,0.40606457844364596,-0.5368420625385589,0.5783566065839472,0.3727879338896646,<0.02
"complex|LAT-PLC-gamma-1-p85-GRB2-SOS signaling complex, C305 activated (human)",complex,5,-0.0017266292171315,0.6012570470575032,0.3698767192616697,0.6245153915402678,0.3698767192616697,0.6527355508433293,0.49423914190724905,0.6437460008305557,0.3698767192616697,0.682207219411132,0.45075129274470077,<0.02
complex|SHARP-CtBP complex (human),complex,3,-0.0413915677212427,0.4593285850884667,-0.07538427974944223,0.5207297794710992,-0.07538427974944223,0.6755793025764245,0.0961267872411815,0.5830017466583486,-0.07538427974944223,0.7075456810328469,0.28785677176348345,<0.02
"complex|Ubiquitin E3 ligase (WSB1, TCEB1, TCEB2, CUL5, RBX1) (human)",complex,5,-0.027907886049507,0.6902597710096369,0.5997931328166516,0.7488196102523044,0.5997931328166516,0.8273907806779845,0.6485395161939357,0.7448313283306447,0.5768375023815256,0.7368547644873255,0.5768375023815256,<0.02
"complex|Ubiquitin E3 ligase (SKP1A, FBXW8, CUL7, RBX1) (human)",complex,3,-0.021755816764259,0.27544301167547963,-0.6841881135613225,0.21386895751124904,-0.6971999437174616,0.16153047760921013,-0.6971999437174616,0.3307879630564005,-0.6971999437174616,0.5646259741467033,0.18904438744033508,<0.02
"complex|RICH1/AMOT polarity complex, Flag-Rich1 precipitated (human)",complex,8,0.0167444900322696,0.0910849856630996,-0.7118734073275461,0.18447540941164173,-0.7118734073275461,0.3310773301449563,-0.5912196534294465,0.28091655479018757,-0.7118734073275461,0.47379884554727913,0.2322674129534708,<0.02
complex|NuRD.1 complex (human),complex,8,-0.0318671848061886,0.214875932100014,-0.6505196678262709,0.3304007408963388,-0.6505196678262709,0.5744787047777858,-0.36239460553517117,0.42804565511045367,-0.6505196678262709,0.6233354835386835,-0.057198482536177764,<0.02
"complex|G protein complex (Btk, Gng2, Gnb1) (mouse)",complex,3,-0.1341571870275964,0.036423136600317596,-0.8784255178092903,0.20158419978972378,-0.8784255178092903,0.4981132100440173,-0.0762303687588618,0.30787518475386855,-0.8784255178092903,0.5204571546821583,-0.088494820924116,<0.02
complex|BRM-SIN3A complex (human),complex,15,0.0149268558935084,0.3101399083698665,-0.15400944425318494,0.39122918876074464,-0.20179860592481952,0.5929860422394768,-0.20179860592481952,0.46229009294581686,-0.20179860592481952,0.6044119013159615,-0.09836050048164864,<0.02
pathway|Signaling by FGFR2 in Disease,pathway,26,0.0109140459069023,0.3589837737146803,-0.014425160011884043,0.43770608675675093,-0.014425160011884043,0.5978107967048556,0.31243844097368795,0.4906339925410249,-0.014425160011884043,0.5964898041095728,0.176420051736641,<0.02
pathway|Translation of Structural Proteins 9694635,pathway,53,0.0166490681625242,0.018550704499432635,-0.5476149162909174,0.127255972766195,-0.5476149162909174,0.3488108840947122,-0.17373986643720707,0.2335666328620651,-0.5476149162909174,0.4461879530538053,-0.012745566602146463,<0.02
"complex|Ubiquitin E3 ligase (CSN1, CSN8, HRT1, SKP1, SKP2, CUL1, CUL2, CUL3) (human)",complex,7,-0.0160653274308824,0.5754361304475061,0.23449845763902014,0.6586175313940352,0.23449845763902014,0.812315011767834,0.6024910434999079,0.6947618154210521,0.23449845763902014,0.7670503834750859,0.5145159108429969,<0.02
pathway|Paradoxical Activation of RAF Signaling by Kinase Inactive BRAF,pathway,33,0.0137605051103626,0.4332270531759792,0.2546603935045619,0.4590558473252872,0.2546603935045619,0.5339718779587075,0.26849476680629064,0.49456625629742273,0.2546603935045619,0.5655870742416937,0.2993351625158295,<0.02
pathway|CLEC7A Inflammasome Pathway,pathway,6,-0.0720860256951434,0.35943262487622984,-0.2179921596748015,0.4664295366986776,-0.2179921596748015,0.6083100634945758,0.341146594365252,0.49312195300063283,-0.2179921596748015,0.546506785604543,-0.06668398437077205,<0.02
complex|NCOR-SIN3-HDAC-HESX1 complex (human),complex,5,-0.0383993029624098,0.2570065898281609,-0.5933298765473386,0.40362223745643594,-0.5933298765473386,0.6788346188773668,0.2995638103278458,0.4923307131560742,-0.5933298765473386,0.6697476645553506,0.23334101134175989,<0.02
complex|RFC2-RIalpha complex (human),complex,3,-0.1101541275665378,0.30492555188724646,-0.45348935534132556,0.40388377782480844,-0.45348935534132556,0.6172297652014402,-0.3132109729302638,0.49361894556955754,-0.45348935534132556,0.673089281059056,0.05718901191674513,<0.02
complex|Integrator complex (human),complex,12,0.0034730319396845,0.28960988750304684,-0.11706704287588302,0.40283471001302174,-0.11706704287588302,0.6268428401692091,0.05132399259668149,0.47698092873163067,-0.11706704287588302,0.6252733661688485,0.25074412009827796,<0.02
complex|Emerin architectural complex (human),complex,6,-0.0463401016693545,0.20772428717418645,-0.693211071858747,0.36236012508064724,-0.693211071858747,0.635788692546675,0.10463140349168208,0.4417256543068369,-0.693211071858747,0.6004567127592162,0.07894437769912653,<0.02
complex|Cyclin D1-associated protein complex (mouse),complex,3,-0.1313304326178956,0.5633705813514339,0.054456061737615136,0.6429583669365656,0.054456061737615136,0.7666597644933388,0.450999015055579,0.6319809353441284,0.008041908843935014,0.6100260721592543,0.008041908843935014,<0.02
complex|SMAD3-SKI-NCOR complex (human),complex,3,0.0135948487045996,0.6730807933337238,0.5152267472306499,0.7348331445091075,0.5152267472306499,0.848690716805821,0.6848096676083167,0.7554338613399861,0.4855410700176424,0.7966352950017432,0.4855410700176424,<0.02
complex|RAD51B-RAD51C-RAD51D-XRCC2-XRCC3 complex (human),complex,5,-0.0291013193925815,0.39927559588883893,-0.10005103989128297,0.3885852173010458,-0.24935870376984773,0.4447915676592199,-0.24935870376984773,0.4675679983901632,-0.24935870376984773,0.6255335605683978,0.1624116526501499,<0.02
complex|HDAC1-associated core complex cII (human),complex,9,-0.0361765260324778,0.09073476155881244,-0.6160133239370522,0.20805142615115974,-0.6160133239370522,0.4588876968627605,-0.5725936508967324,0.32239378363286214,-0.6160133239370522,0.5510784985962667,-0.13176878700306308,<0.02
regulon|NR3C2 human,regulon,5,-0.0384259559913844,0.5687609052082855,0.30614317813357955,0.64215547269815,0.30614317813357955,0.7476886926691027,0.4816188806269009,0.6398871492340604,0.2543280730807113,0.6353505023058821,0.2543280730807113,<0.02
regulon|TCF4 mouse,regulon,13,-0.0235559109292752,0.36701505148163543,-0.11227426932433036,0.4498832743744048,-0.11227426932433036,0.571924657809998,0.26720676256345316,0.46878220921177743,-0.11227426932433036,0.5065800788865227,0.019302475349330564,<0.02
complex|DNMT1-G9a-PCNA complex (human),complex,3,-0.0835123731387977,0.6543389518179697,0.24684357783766814,0.7222219147842313,0.24684357783766814,0.8078741299559802,0.6692413222067084,0.7071711924836858,0.24684357783766814,0.6770697478825948,0.3128565011743568,<0.02
pathway|Gastrin-CREB Signalling Pathway via PKC and MAPK,pathway,14,-0.016281972186768,0.30904944661334743,-0.04631615833023237,0.4267024484262344,-0.04631615833023237,0.6324900901454893,0.18844638547044623,0.4678177672809867,-0.04631615833023237,0.5500484049904913,-0.029909569113874726,<0.02
complex|SMAD3-E2F4/5-p107-DP1 complex (human),complex,4,-0.0351411843866465,0.4994859887701086,0.03710182810013962,0.525481055695725,0.03710182810013962,0.569755478860674,0.38375491119264865,0.5569596899649792,0.03710182810013962,0.619916958503488,0.08605275405613101,<0.02
complex|Integrator-RNAPII complex (human),complex,14,0.014508602414892,0.31253023847500705,-0.2940988052452606,0.3922882116773526,-0.2940988052452606,0.587697100525282,-0.18793903085798402,0.4625059590047719,-0.2940988052452606,0.6029414536596108,-0.03395487655724042,<0.02
complex|Rb-tal-1-E2A-Lmo2-Ldb1 complex (human),complex,3,-0.1574161263903771,0.1433438993852205,-0.7857063371313355,0.3116124346139234,-0.7857063371313355,0.620190770130317,-0.3032045870268749,0.4138188444713492,-0.7857063371313355,0.6182316641862011,0.1227067571516706,<0.02
pathway|Sulfur Amino Acid Metabolism,pathway,20,0.01392886012479,0.21867961849894726,-0.3476658804922622,0.3288577185157303,-0.3476658804922622,0.5613601712665756,-0.12750024353021397,0.4097002715455382,-0.3476658804922622,0.5713853776051538,0.03410640646816248,<0.02
complex|Emerin complex 24 (human),complex,12,-0.0171972919440205,0.27412645079539244,-0.195111870114482,0.33429680054580413,-0.2208291392018703,0.47170207162959876,-0.2208291392018703,0.402680339719822,-0.2208291392018703,0.5394474180678577,0.07489501141886114,<0.02
pathway|Signaling by Hippo,pathway,12,0.0037260737714515,0.32625901474050445,-0.0019962719570467817,0.40200792522139095,-0.0019962719570467817,0.5447378801094385,0.26927135759976617,0.462542308706889,-0.0019962719570467817,0.583611075677885,0.21969363857652152,<0.02
complex|TFIID complex (human),complex,11,0.0080404821012672,0.4706064267069792,0.1312614323906008,0.5562641250973199,0.1312614323906008,0.700051027912584,0.5989830546352791,0.576830657512006,0.1312614323906008,0.6179637223413781,0.2352664220540962,<0.02
"complex|Ubiquitin E3 ligase (SMAD3, BTRC, CUL1, SKP1A, RBX1) (human)",complex,4,0.000308471604377,0.6146778096074753,0.1706128211435729,0.6967697314717133,0.1706128211435729,0.8374343010885585,0.5656895693303461,0.7280142002329786,0.1706128211435729,0.7905031377555094,0.517258174497516,<0.02
pathway|AKT Phosphorylates Targets in the Nucleus,pathway,6,-0.0167200629209915,0.40604442295886667,0.027044432751802093,0.5090113252328375,0.027044432751802093,0.7049102224379322,0.1703412670065266,0.5533042688283898,-0.006004372720286608,0.6418901560194941,-0.006004372720286608,<0.02
pathway|Fructose Metabolism,pathway,5,-0.0091172300332283,0.44414118612774217,0.09946795376983919,0.4900837941782382,0.09946795376983919,0.5692387317250527,0.3940084660784491,0.5350212719172621,0.09946795376983919,0.62489622739531,0.32513322318166027,<0.02
pathway|RAB Geranylgeranylation,pathway,45,0.0084988628150299,0.0840666367013862,-0.5267923823749067,0.12311410861397051,-0.5267923823749067,0.2541591763281421,-0.37773295017913,0.20615666231660354,-0.5267923823749067,0.37224176972186973,-0.2872831228149928,<0.02
regulon|GABPA mouse,regulon,5,-0.0881019255122252,0.24577594214765383,-0.35891888820339646,0.23037577836222414,-0.46352999751058005,0.258322672037015,-0.46352999751058005,0.3061331881467763,-0.46352999751058005,0.45764800771588054,-0.1029591626890065,<0.02
regulon|SMAD7 mouse,regulon,6,-0.0420748052660251,0.3973546098643783,-0.07526599855759906,0.44987578176328535,-0.07526599855759906,0.5455483650334735,0.4014297929452003,0.48628674683672274,-0.07526599855759906,0.5591086769835976,0.2668898133318614,<0.02
pathway|Opioid Signalling,pathway,58,0.0187815863696625,0.30295335283209895,-0.13146572718121893,0.34316509942798984,-0.2320626467946012,0.4708522749693181,-0.2320626467946012,0.4052197797090498,-0.2320626467946012,0.5293291402711697,-0.05983131473844855,<0.02
pathway|EML4 and NUDC in Mitotic Spindle Formation,pathway,72,0.0188716542670787,0.16818527629654023,-0.34277148207076447,0.2616134842653465,-0.34277148207076447,0.4449515733647528,0.08090614886731391,0.3291024987437593,-0.34277148207076447,0.46408052770058505,-0.12391223171088094,<0.02
pathway|Recognition of DNA Damage by PCNA-containing Replication Complex,pathway,28,0.0174085447407524,0.11794950585727078,-0.5270635429347719,0.20814694382223536,-0.5270635429347719,0.40131334457435647,-0.38899486963015883,0.31231737520323405,-0.5270635429347719,0.5206582379652314,-0.045698444653700036,<0.02
regulon|ARNT human,regulon,12,0.0151011281762653,0.361630071178753,-0.23207032347960155,0.4173508853854259,-0.23207032347960155,0.5205774330373993,-0.041992726564275745,0.4774133200362409,-0.23207032347960155,0.5975381893378708,0.24876476063685857,<0.02
pathway|Activation of BH3-only Proteins,pathway,23,0.0013455017584442,0.2601744823162035,-0.12313969975430507,0.35743621805806736,-0.12313969975430507,0.5221903922502643,-0.10520505244017274,0.3872121705398392,-0.18365154614626966,0.4467640755033829,-0.18365154614626966,<0.02
complex|TNF-alpha/NF-kappa B signaling complex 10 (human),complex,9,0.0051880203579232,0.4324971361591588,0.11405613850665552,0.5096276249610978,0.11405613850665552,0.6697227035891435,0.16997597168555378,0.5624763294988723,0.11405613850665552,0.668173738574421,0.3196645236007836,<0.02
complex|MutS-alpha-PK-zeta complex (human),complex,3,-0.0894964516745859,0.3614034702230291,-0.5304700741654763,0.4139204226587319,-0.5304700741654763,0.5243749923572072,0.23435994847983027,0.49710598267528155,-0.5304700741654763,0.6634771027083811,0.40044025164624736,<0.02
complex|SRC-3 complex (human),complex,6,0.0137889513047807,0.5574434227314176,0.2796511564979273,0.6279602689285655,0.2796511564979273,0.7765466667712667,0.31719404487450076,0.6713232728082452,0.2796511564979273,0.7580492805676048,0.32195370761221326,<0.02
pathway|DAP12 Signaling,pathway,23,0.0097865723450725,0.2663221350415372,-0.15018494917436834,0.3089109658838706,-0.15018494917436834,0.39339669495520324,-0.04662791830373088,0.38087800146426976,-0.15018494917436834,0.5248120726250681,0.3037854373261764,<0.02
complex|COG5-COG6-COG7 subcomplex (human),complex,3,-0.1208320254858878,0.5422230498836619,0.19987607017999587,0.6204611834787909,0.19987607017999587,0.7771841699236532,0.3514005693195225,0.6573099121881982,0.19987607017999587,0.7310073696070127,0.2557351365392733,<0.02
complex|CF IIAm complex (Cleavage factor IIAm complex) (human),complex,13,-0.0127431000466523,0.2990976895155663,-0.259723286278138,0.4136222550094434,-0.259723286278138,0.6359824113465136,-0.012398393782944226,0.47043594043764353,-0.259723286278138,0.584063311294044,0.10698552889350693,<0.02
pathway|Recruitment of Mitotic Centrosome Proteins and Complexes,pathway,51,0.0150061216810651,0.28207343451063777,-0.05161194742877204,0.36971099597705004,-0.05161194742877204,0.5277178646533155,0.34305560065374335,0.4253535139356898,-0.05161194742877204,0.5366385498529691,0.17611022718663072,<0.02
complex|ESR1-RELA-BCL3-NCOA3 complex (human),complex,3,-0.1223247755012212,0.41262135052327437,-0.22767320189447549,0.5366819850165473,-0.22767320189447549,0.7636492896482627,0.42320425694662084,0.5989168431998448,-0.22767320189447549,0.7233865595664397,0.31693427931292006,<0.02
"complex|SNARE complex (STX4, VAMP1, VAMP7) (human)",complex,3,-0.1311676281600299,0.14975826101407752,-0.7608968448567264,0.32062773617271045,-0.7608968448567264,0.643855524384884,-0.16843902544620146,0.42655772188834357,-0.7608968448567264,0.63841769331961,0.06302967821541058,<0.02
pathway|Defective HDR Through Homologous Recomb Repair Due to PALB2 Loss of BRCA2 RAD51 RAD51C Binding Fnc,pathway,17,0.0180133967084902,0.4876094929328377,0.11516152087342357,0.5327517024331974,0.11516152087342357,0.6392259601599906,0.30812608596575486,0.5871578757906849,0.11516152087342357,0.6959702225056603,0.3683001233649852,<0.02
pathway|Signaling by NOTCH3,pathway,31,0.0061067688830185,0.15048330024392428,-0.3387941176153542,0.23694803605238532,-0.3387941176153542,0.4149310418377133,-0.05944301934171077,0.31772954343735493,-0.3387941176153542,0.47929255820729433,0.11787403534976351,<0.02
complex|SIN3-ING1b complex II (human),complex,16,0.0064731571076547,0.4935458978516121,0.15676445757703672,0.5904157381327753,0.15676445757703672,0.7588170066950299,0.6154292625905121,0.6290889924744048,0.15676445757703672,0.706435501157664,0.3717921659036053,<0.02
regulon|TP53 human,regulon,106,0.0082913054690813,0.25273383540134514,-0.09490288503827125,0.3207235713202373,-0.09490288503827125,0.4869231831219195,-0.027568973168382204,0.37987903523574906,-0.09490288503827125,0.49818996306677266,0.02306637010098386,<0.02
regulon|NRF1 human,regulon,14,0.0152034069014619,0.562358372306684,0.33654139509091047,0.5917978711372948,0.33654139509091047,0.6396834797063287,0.38082037211416697,0.6064789799227354,0.33654139509091047,0.6358411974936162,0.43374760528622913,<0.02
pathway|TRAF6 Mediated NF-kB Activation,pathway,20,0.0040768524389194,0.2404520155370237,-0.2339353174596549,0.34261362526669414,-0.2339353174596549,0.5710649121998126,-0.218431719539782,0.4124688124055054,-0.2339353174596549,0.5521791866831283,-0.1662634888679633,<0.02
pathway|Synthesis of Prostaglandins (PG) and Thromboxanes (TX),pathway,9,-0.0263439560611363,0.4468504928835846,0.13023319370934397,0.5018444414209081,0.13023319370934397,0.5879600059424567,0.4189504388955634,0.5427701251009105,0.13023319370934397,0.6246214924609157,0.335680694006992,<0.02
complex|Anti-HDAC2 complex (human),complex,16,0.0029877549400554,0.40452076206686266,-0.08737846673316567,0.4733479397500142,-0.08737846673316567,0.6302051685677578,0.13566932926367287,0.5347874990069953,-0.08737846673316567,0.6576666175209575,0.22313726445216522,<0.02
complex|TFTC complex (TATA-binding protein-free TAF-II-containing complex) (human),complex,16,0.0129977036002785,0.43480960200922564,0.22354585403340152,0.5149883353514417,0.22354585403340152,0.65071659421187,0.44975159918173846,0.5571762750711341,0.22354585403340152,0.6415521545105183,0.28489517377233714,<0.02
complex|CD98-LAT2-ITGB1 complex (human),complex,4,-0.0101520530499002,0.6452680748803522,0.29101995865398145,0.5219581354671151,0.21553332512564932,0.3184359184375072,0.21553332512564932,0.5446135273627813,0.20998798584277686,0.5899243111541139,0.20998798584277686,<0.02
complex|Axin-Dvl-Gsk-Frat1 complex (mouse),complex,4,0.0010954349810407,0.5555793512524573,-0.12174534813083976,0.5651092675469064,-0.12174534813083976,0.5890579977051177,0.17286992239503846,0.6213942019672914,-0.12174534813083976,0.7339640708080616,0.5919406703729372,<0.02
pathway|Biosynthesis of EPA-derived SPMs,pathway,4,-6.403942663968376e-05,0.2484534158093921,-0.4699121599454485,0.24774754957961864,-0.4699121599454485,0.29374648243190826,-0.46309029017977943,0.3414003975255341,-0.4699121599454485,0.5287060934173647,0.15157320518232295,<0.02
pathway|NR1H2 & NR1H3 Regulate Gene Expression Linked to Gluconeogenesis,pathway,4,0.0046820938547404,0.39738489339624494,-0.19127291816410502,0.5032258169411087,-0.19127291816410502,0.6970062309433278,0.12898171899860375,0.5731929818917098,-0.19127291816410502,0.7131273117929118,0.3973303676765053,<0.02
complex|12S U11 snRNP (human),complex,11,-0.0200779345882764,0.37081961487134124,0.11437458396864118,0.42405777334552985,0.11437458396864118,0.5019303225340128,0.3685748264215332,0.4497266960627914,0.11437458396864118,0.5010645414973147,0.16117660906930978,<0.02
regulon|RUNX3 human,regulon,24,0.0081156100671076,0.4435621540440153,0.012330746501282594,0.42457025152949485,0.012330746501282594,0.42019659976606355,0.05401770735244775,0.46791408229981535,0.012330746501282594,0.5546017438404565,0.2005836607461766,<0.02
regulon|STAT5A human,regulon,8,-0.0176232282210543,0.4236486600123979,0.0351691809495772,0.48556083872014566,0.0351691809495772,0.6179965027301298,0.05994902100853979,0.5295779106501222,0.0351691809495772,0.6176120545100752,0.12105751642476,<0.02
regulon|ETV5 mouse,regulon,4,-0.0620533024500943,0.6283464564410094,0.2599996211752227,0.6604470547534604,0.2599996211752227,0.6633482560314785,0.4823494712688465,0.6413999849560081,0.2599996211752227,0.6033058453611033,0.262530982455001,<0.02
pathway|RHOD GTPase Cycle,pathway,35,0.000753288294569,0.032835597730371126,-0.5898759541115491,0.14046734969805225,-0.5898759541115491,0.37131139786361694,-0.5712758818499637,0.24792727194613326,-0.5898759541115491,0.4628471164422951,-0.07384783149873905,<0.02
pathway|CD28 Co-Stimulation,pathway,22,0.003265840908306,0.21059482200127508,-0.15871854054711845,0.24896932342634895,-0.21489647260014502,0.36930999861397584,-0.21489647260014502,0.32486589702727403,-0.21489647260014502,0.4766590442291241,-0.10678799883105498,<0.02
complex|Gata1-Fog1-MeCP1 complex (mouse),complex,11,-0.0027892819154955,0.36886924273380756,-0.04525741499268753,0.45359168067967603,-0.1722868028271152,0.6508500838052282,-0.1722868028271152,0.5197245500575874,-0.1722868028271152,0.65199028881341,-0.10552975939214859,<0.02
pathway|RAC3 GTPase Cycle,pathway,63,0.0075844608143522,0.0841630615139347,-0.5217557188836445,0.16792820856717303,-0.5217557188836445,0.3668278721505193,-0.28696923942808283,0.27281725639197796,-0.5217557188836445,0.48259535204158793,0.015146226364039787,<0.02
"complex|LAT-PLC-gamma-1-p85-GRB2-CBL-VAV-SLP-76 signaling complex, C305 activated (human)",complex,7,-0.025040768761748,0.3916843631633642,-0.02427996233399357,0.4582976012962635,-0.02427996233399357,0.5650432982248759,0.5259170265502051,0.5046635582186154,-0.02427996233399357,0.5973954720633193,0.09602396337305581,<0.02
pathway|Constitutive Signaling by Overexpressed ERBB2,pathway,9,-0.0058557741915699,0.41534175537277696,0.19335567950053634,0.5001907361748594,0.19335567950053634,0.652839145231542,0.4971285216281994,0.5520504794709262,0.19335567950053634,0.6557699660630595,0.4493015537789595,<0.02
complex|Paf complex (human),complex,4,-0.0067070024858121,0.4018006573419226,-0.28367858297720405,0.5002952382189758,-0.28367858297720405,0.7023840230066314,-0.12698883008085202,0.5668913433601667,-0.28367858297720405,0.7000835536425487,0.046173328570964706,<0.02
complex|CDC5L core complex (human),complex,6,-0.0103494929159766,0.3085184512000638,-0.3596428357614975,0.36952146417504295,-0.3596428357614975,0.5437241865917964,-0.3341829831910034,0.44769886610526216,-0.3596428357614975,0.6040536699657008,-0.07415359721184964,<0.02
pathway|Synthesis of UDP-N-acetyl-glucosamine,pathway,7,-0.0528328491076486,0.1985278534832712,-0.37710611498024865,0.3369769953826843,-0.37710611498024865,0.5995774357610122,-0.09743779155978395,0.4119190510150902,-0.37710611498024865,0.5618031622799023,-0.04674562457382213,<0.02
complex|tRNA splicing endonuclease (human),complex,5,-0.0627335184162959,0.1676848817524869,-0.6569145751812774,0.22510642546430765,-0.6569145751812774,0.3727633299580357,-0.3959706573151065,0.33302716841482194,-0.6569145751812774,0.5488686543158506,0.05389729519109004,<0.02
pathway|Notch-HLH Transcription Pathway,pathway,23,0.0191098971748484,0.2774357760891764,-0.06786375296295094,0.33483634345418417,-0.0903050621813813,0.5031144448026857,-0.0903050621813813,0.4109761266472669,-0.0903050621813813,0.5632556930334325,0.0932774837375935,<0.02
pathway|Signaling by Moderate Kinase Activity BRAF Mutants,pathway,33,0.0137605051103626,0.4332270531759792,0.2546603935045619,0.4590558473252872,0.2546603935045619,0.5339718779587075,0.26849476680629064,0.49456625629742273,0.2546603935045619,0.5655870742416937,0.2993351625158295,<0.02
pathway|Electric Transmission Across Gap Junctions,pathway,3,0.015223344265134,0.47286444483733403,-0.22619162781010305,0.48197726252252915,-0.22619162781010305,0.5094497279592021,0.027617679211178577,0.5505023368883092,-0.22619162781010305,0.6875524856198693,0.5449392559210906,<0.02
pathway|NOTCH4 Intracellular Domain Regulates Transcription,pathway,13,0.0129244988342465,0.33076596478750914,-0.019684006017902177,0.41122743153514774,-0.09834155924278339,0.5807166753331858,-0.09834155924278339,0.4729562312218775,-0.09834155924278339,0.5964138305953371,0.06279967745776104,<0.02
pathway|Nephrin Family Interactions,pathway,15,-0.0134881463923253,0.4493597996947542,0.22191826043662263,0.544574253773525,0.22191826043662263,0.7290908557809945,0.4922169505937738,0.5879754365378992,0.22191826043662263,0.6747778020666477,0.36390449286185883,<0.02
pathway|Pyruvate Metabolism,pathway,33,0.0174285687753923,0.05911719498972532,-0.5445528647280327,0.19870333937900525,-0.5445528647280327,0.45440788975524116,-0.18186295201913608,0.28647109511385377,-0.5445528647280327,0.46200660658355097,-0.33625163706421624,<0.02
"complex|Ubiquitin E3 ligase (SKP1A, SKP2, CUL1, CKS1B, RBX1) (human)",complex,5,0.0186445378878895,0.590000218437576,0.24637298313070305,0.6720030719540101,0.24637298313070305,0.809100393153084,0.6204946910413351,0.6856112076832807,0.24637298313070305,0.7128274791418219,0.3663682068599755,<0.02
complex|Histone H3.3 complex (human),complex,7,-0.0343894942354208,0.3095527527085981,-0.01941557108411397,0.3574758635460243,-0.18471090257709083,0.5037261634484025,-0.18471090257709083,0.4382762305437436,-0.18471090257709083,0.5998769645391823,0.24445292290374604,<0.02
pathway|Signaling by TGFB Family Members,pathway,100,0.0179804758192263,0.16863088970251552,-0.30169711094209384,0.2627493769391523,-0.30169711094209384,0.47105787937098087,-0.19190857334588868,0.34222932999635464,-0.30169711094209384,0.5011892361107595,-0.10247751404357568,<0.02
pathway|Regulation of HMOX1 Expression and Activity,pathway,4,-0.0292274590237865,0.6603846212443876,0.3792888376573476,0.7164749012620141,0.3792888376573476,0.8185445612162354,0.4879885486681603,0.7319696064668385,0.36991292441904516,0.7629590168764869,0.36991292441904516,<0.02
complex|SRC-1 complex (human),complex,3,0.0042874847117143,0.8236760417635908,0.7110478827346637,0.8505976721087105,0.7110478827346637,0.903147603533849,0.7822691062982325,0.8574326430635012,0.7110478827346637,0.8711025849730831,0.7446845501750124,<0.02
pathway|DNA Double-Strand Break Repair,pathway,96,0.0125896605378704,0.07499102771452411,-0.44460905282982105,0.13496043061194724,-0.44460905282982105,0.27671567619627147,-0.3949708304921475,0.23021894201447746,-0.44460905282982105,0.42073596481953796,-0.008481616174735635,<0.02
"complex|Ubiquitin E3 ligase (DDB1, DDB2, CUL4A, CUL4B, RBX1) (human)",complex,5,-0.089998214111764,0.24099479661835707,-0.45361296184766675,0.19280073654593002,-0.5482298059334784,0.1445152167980657,-0.5482298059334784,0.2890788356439326,-0.5482298059334784,0.4816350338399379,0.18304180560150965,<0.02
complex|SMAD4-SNO-SKI complex (human),complex,3,0.0094331879367759,0.394498579988743,-0.45807527209000565,0.4991712472535331,-0.45807527209000565,0.6929640814096008,0.45196501823770713,0.5732321998282186,-0.45807527209000565,0.7213541049775894,0.3704459849985388,<0.02
"complex|Ubiquitin E3 ligase (Fbxo32, Skp1a, Cul1, Rbx1) (mouse)",complex,3,-0.059126881045412,0.46204892307191064,0.15074790834605103,0.5596732219476189,0.15074790834605103,0.7495432304722952,0.24222056260891212,0.5926305312428874,0.05161015805454765,0.6585451498334245,0.05161015805454765,<0.02
"complex|TNF-alpha/NF-kappa B signaling complex (CHUK, BTRC, NFKB2, PPP6C, REL, CUL1, IKBKE, SAPS2, SAPS1, ANKRD28, RELA, SKP1) (human)",complex,10,0.0062829592588984,0.5295535637766776,0.3662856870359575,0.5960004978675819,0.3662856870359575,0.7338802916290363,0.4502143065883041,0.6278627837627909,0.3662856870359575,0.6915873555532093,0.3993200069975189,<0.02
"complex|SNARE complex (VAMP4, STX6, STX16, VTI1a, VTI1b) (human)",complex,4,-0.0827587824210871,0.5751403572289537,0.13724956976328861,0.6602159602283451,0.13724956976328861,0.8064473192110242,0.4935356257644143,0.6772643584979612,0.13724956976328861,0.7113611550371937,0.18732614648612958,<0.02
pathway|PI3K Events in ERBB4 Signaling,pathway,6,0.0183892370468985,0.4706908684503069,0.06173898896368403,0.557302584288472,0.06173898896368403,0.693075798482554,0.27478190516392287,0.600917928964013,0.06173898896368403,0.6881486183150957,0.23178258704852206,<0.02
pathway|MET Activates PTPN11,pathway,4,-0.0195263878516305,0.5832811380681228,0.21925543191907437,0.657989589969014,0.21925543191907437,0.7572871736527589,0.677509871451005,0.6693735434837244,0.21925543191907437,0.6921414505131448,0.401201145133184,<0.02
complex|DAXX-Axin-p53-HIPK2 complex (human),complex,4,0.018294756343511,0.7105432823172043,0.4961398730735321,0.7316339800058952,0.3927087053933825,0.7963676095893183,0.3927087053933825,0.7646405038014763,0.3927087053933825,0.830653551392639,0.5564733036767651,<0.02
pathway|Signaling by ERBB2,pathway,36,0.0076793322994251,0.2096104926207527,-0.2727709976196915,0.2396239024488625,-0.33275968438484266,0.3290665358512945,-0.33275968438484266,0.3155659012441218,-0.33275968438484266,0.4674498988346407,-0.044549793811085495,<0.02
pathway|Signaling by FLT3 Fusion Proteins,pathway,18,0.0070656745631294,0.48244658641461174,0.3155069216698596,0.5409704775166968,0.3155069216698596,0.6830071619310473,0.3208605275405613,0.5874838834818598,0.3155069216698596,0.6805106954121857,0.3317273868666862,<0.02
"complex|Ubiquitin E3 ligase (FBXO31, SKP1A, CUL1, RBX1) (human)",complex,4,-0.0430455437578696,0.4118291859472629,-0.18401328055094524,0.5066451390134109,-0.18401328055094524,0.6964263802161662,-0.058242956565033394,0.5644856639520975,-0.18401328055094524,0.6801667138294708,0.11316443160048058,<0.02
complex|PLC-gamma-2-Lyn-FcR-gamma complex (human),complex,3,-0.012252275654555,0.5137298236350917,0.2574209067982812,0.5705178802123395,0.2574209067982812,0.6727410719532511,0.3817895113173098,0.5907445128164639,0.23240358909417583,0.6311977780247126,0.23240358909417583,<0.02
pathway|MAPK3 (ERK1) Activation,pathway,8,0.0173952568818546,0.5310375616841944,0.10703017609940363,0.5784561522514895,0.10703017609940363,0.6750460011414253,0.3116388501044474,0.5972590744659949,0.10703017609940363,0.6348649188950057,0.18796608977064863,<0.02
"complex|Ubiquitin E3 ligase (DDB1, CUL4A, RBX1) (human)",complex,3,-0.2532430106828587,0.1543464963880995,-0.7789168270484546,0.3164619428996251,-0.7789168270484546,0.5934933938968844,0.11531350649822486,0.3953887314394865,-0.7789168270484546,0.5532423085192091,0.07880096546200388,<0.02
complex|SMAD3-cSKI-SIN3A-HDAC1 complex (human),complex,4,-0.0024391354857796,0.41431893274942566,-0.3262116337415849,0.5140522796641629,-0.3262116337415849,0.7014649665240198,-0.004135954800792285,0.5904202222648304,-0.3262116337415849,0.7431561074661652,0.3863173902219913,<0.02
pathway|PTK6 Expression,pathway,4,-0.0338696409823467,0.6611987618916845,0.3240791852020219,0.7163349271451921,0.3240791852020219,0.79325960034875,0.7029959628102304,0.7268884171121432,0.3240791852020219,0.7479953970460455,0.39558506780963515,<0.02
complex|Ikaros-NuRD complex (mouse),complex,5,-0.033820393761297,0.554160120253712,0.4012322628827483,0.5395331540638953,0.12407999696940177,0.552924538859866,0.12407999696940177,0.5773975135357161,0.12407999696940177,0.6531262324793573,0.31819251875182647,<0.02
complex|VHL-TCEB1-TCEB2 complex (human),complex,3,0.0141089680452279,0.6475658256046088,0.4695533114697319,0.7051683136754938,0.4695533114697319,0.7831653657332704,0.5716682395459941,0.6997593848470037,0.4695533114697319,0.6889415271900239,0.48484295007089434,<0.02
pathway|TFAP2 (AP-2) Family Regulates Transcription of Cell Cycle Factors,pathway,3,-0.2021390972425164,0.6656562934944112,0.3704919851500687,0.7270970676365365,0.3704919851500687,0.8177043726026417,0.6347317379398426,0.6996231046430655,0.31519990962321914,0.6446751786561241,0.31519990962321914,<0.02
pathway|Constitutive Signaling by NOTCH1 PEST Domain Mutants,pathway,45,0.0123058454685723,0.21290898977098002,-0.21889788334967705,0.27603146766800574,-0.21889788334967705,0.4376289063860409,-0.17458139862107783,0.3517104642747039,-0.21889788334967705,0.5030684574881003,0.04785368704743969,<0.02
complex|SKI complex (human),complex,3,-0.1573746360576246,0.18556665680622472,-0.8274815863223983,0.35503208199844494,-0.8274815863223983,0.6657080926611463,0.18099128157380762,0.44880584640558,-0.8274815863223983,0.6363533752198502,0.21246705559865417,<0.02
"complex|Ubiquitin E3 ligase (ASB7, TCEB1, TCEB2, CUL5, RNF7) (human)",complex,5,-0.006008296262623,0.18421105352275935,-0.6563439134845468,0.25446493156362304,-0.6563439134845468,0.41513953576607976,-0.5033404227684515,0.3619475640402469,-0.6563439134845468,0.5769128289934947,0.11755338723468736,<0.02
complex|mPar6c-Mlgl-aPKC complex (mouse),complex,3,-0.1014659616917953,0.5040772295606429,0.13655331082343433,0.6036551900916975,0.13655331082343433,0.7911319734164497,0.34542190256626726,0.6576923405835217,0.13655331082343433,0.76576664156717,0.33793334848632445,<0.02
pathway|RUNX3 Regulates NOTCH Signaling,pathway,11,0.0014067682704238,0.3684404952398443,0.014144384475075681,0.40985757201075596,0.014144384475075681,0.5215919182219715,0.02950639131517139,0.4734594334020634,0.014144384475075681,0.6006631561846781,0.06682604366226148,<0.02
"complex|RNA endonuclease (SEN2deltaEx8, SEN54, CLP1) (human)",complex,3,-0.0597230790877899,0.24937214191615453,-0.7431822186960715,0.33078691606147714,-0.7431822186960715,0.4928126445989475,-0.022196426058815253,0.4283147461046418,-0.7431822186960715,0.6233704061909711,0.23115617322033533,<0.02
complex|Oligosaccharyltransferase complex (Stt3A variant) (human),complex,6,-0.0796282466185378,0.02041415269280235,-0.7689228177819524,0.1293871745693059,-0.7689228177819524,0.3228798813037703,-0.7536461884815621,0.23958907444813607,-0.7689228177819524,0.4599928742057964,0.13531621045339912,<0.02
pathway|Centrosome Maturation,pathway,51,0.0150061216810651,0.28207343451063777,-0.05161194742877204,0.36971099597705004,-0.05161194742877204,0.5277178646533155,0.34305560065374335,0.4253535139356898,-0.05161194742877204,0.5366385498529691,0.17611022718663072,<0.02
"complex|Ubiquitin E3 ligase (CUL1, RBX1, SKP1A) (human)",complex,3,-0.0367351798335335,0.447358251684433,-0.00936578515316966,0.5388947351371203,-0.00936578515316966,0.723731970326716,0.020567479516403114,0.5974674307970352,-0.00936578515316966,0.714612822116865,0.17444475111212132,<0.02
complex|MRIT complex (human),complex,3,-0.0856446154567724,0.37047087047850297,0.005503782835990519,0.37382980325210974,0.005503782835990519,0.39903274854992477,0.1219856371291576,0.42746610850606526,0.0019144180710242342,0.5347387190139764,0.0019144180710242342,<0.02
complex|BLM complex II (human),complex,6,-0.0153374426802033,0.3895575377537927,-0.2964919727862652,0.42389796129198387,-0.2964919727862652,0.5032931294035412,0.2011924862811313,0.4985183202639423,-0.2964919727862652,0.6477590382078589,0.427885291857432,<0.02
pathway|TNFR2 Non-Canonical NF-kB Pathway,pathway,66,0.0344674064232787,0.38277446471941373,0.06011137448452771,0.3983231688309935,0.06011137448452771,0.4635359840142331,0.09306371832754273,0.46273933966600406,0.06011137448452771,0.591571681336025,0.3331195679232825,0.02-0.10
pathway|RUNX1 Regulates Estrogen Receptor Mediated Transcription,pathway,5,0.0368141918585143,0.6471784192268483,0.2641517985677142,0.6061968406668437,0.2641517985677142,0.5695106776109732,0.36963557056423246,0.6598264441762371,0.2641517985677142,0.7670856511950237,0.5362413694383606,0.02-0.10
pathway|Signaling by NTRK1 (TRKA),pathway,87,0.0229265913962795,0.4640115961676015,0.17315483458541225,0.5066106749859961,0.17263586280048923,0.6060088567873197,0.17263586280048923,0.5427078419333365,0.17263586280048923,0.6149021758280171,0.27670985269127946,0.02-0.10
pathway|Macroautophagy,pathway,105,0.0246110871049988,0.3730353440762473,0.15499118036503148,0.42134121639895544,0.15499118036503148,0.5211686471536567,0.21634012243703954,0.4697401791618418,0.15499118036503148,0.5665381046876143,0.22808455371032962,0.02-0.10
pathway|Transcriptional Regulation by VENTX,pathway,25,0.0343146924483986,0.39974344647264876,-0.04530579705061745,0.4774651155696258,-0.04530579705061745,0.6268757007665379,0.32217423775043025,0.5298494131013186,-0.04530579705061745,0.634618008164704,0.22909563702092195,0.02-0.10
pathway|RUNX1 Regulates Transcription of Genes Involved in BCR Signaling,pathway,4,0.0864942653144426,0.8646598166036242,0.7570870044814334,0.8915550759162876,0.7570870044814334,0.9287375166301148,0.8907266400406966,0.8892297738276793,0.7570870044814334,0.8845791696504623,0.7793667045190471,0.02-0.10
pathway|Vpu Mediated Degradation of CD4,pathway,37,0.0630888076276425,0.2790395567459671,-0.09002944406374154,0.3428437042592082,-0.09002944406374154,0.47843164307827646,0.1872192637811042,0.4143410640485169,-0.09002944406374154,0.5573357836271342,0.13441300478913315,0.02-0.10
pathway|p53-Dependent G1 S DNA Damage Checkpoint,pathway,47,0.0528384594127974,0.33873223260052626,-0.14258770813992766,0.37925362111978583,-0.14258770813992766,0.4600596483978093,0.26475636020402366,0.44444424219269635,-0.14258770813992766,0.5748254843385177,0.24502799642389245,0.02-0.10
signature|mTORC1 Signaling,signature,160,0.0200582820473338,0.23023254279526215,-0.24880534900585555,0.3251763530299449,-0.24880534900585555,0.5386032084499878,-0.2194504876016062,0.39873119218700837,-0.24880534900585555,0.5458408705011353,-0.1537744477275925,0.02-0.10
pathway|IRAK1 Recruits IKK Complex Upon TLR7 8 or 9 Stimulation,pathway,14,0.0288211020506374,0.26785655368273,-0.21059930404408386,0.3238874076040425,-0.21059930404408386,0.4297055030287458,-0.0034229524520786657,0.397435244251161,-0.21059930404408386,0.5445309175453975,0.23178587084509333,0.02-0.10
pathway|Wax and Plasmalogen Biosynthesis,pathway,5,0.095312990442792,0.6592521952682392,0.38271963222488364,0.7199983304629529,0.38271963222488364,0.8338996007400276,0.579260933937979,0.7578016551031531,0.38271963222488364,0.8334083043835534,0.5763419300386617,0.02-0.10
complex|DNA synthesome complex (17 subunits) (human),complex,17,0.0218524794240844,0.4305374307036591,0.0446573983032245,0.45834280625033436,0.030929690121332162,0.5209539880765354,0.030929690121332162,0.5011230615322015,0.030929690121332162,0.586683572095936,0.3527142795293914,0.02-0.10
"pathway|SUMO Is Transferred From E1 to E2 (UBE2I, UBC9)",pathway,7,0.0396324162681275,0.2847392922240089,-0.4688017079613072,0.33585847353493803,-0.4688017079613072,0.45597307009655513,0.11961933521663365,0.42679437663191944,-0.4688017079613072,0.6086661828258826,0.3726673494544944,0.02-0.10
pathway|mRNA 3'-End Processing,pathway,37,0.0347588066034668,0.27618883189313403,-0.09166071370588044,0.3834961030031684,-0.09166071370588044,0.6117994941520842,-0.0066050805814419165,0.4413886948385173,-0.10603440811334437,0.5571738785092151,-0.10603440811334437,0.02-0.10
pathway|SARS-CoV-1 Modulates Host Translation Machinery,pathway,37,0.0670265274528676,0.29689202547123844,-0.031522280308688075,0.26091970256112973,-0.10034121288870128,0.18265261906760233,-0.10034121288870128,0.3197719210784312,-0.10034121288870128,0.437476358113034,0.08541822255414488,0.02-0.10
pathway|Polymerase Switching,pathway,14,0.0467176438740227,0.27242966039968924,-0.2481309895346379,0.3809330323806742,-0.2481309895346379,0.5968011936723331,-0.22557797837451699,0.4554831829232239,-0.2481309895346379,0.6045834840083228,-0.09795326384604562,0.02-0.10
pathway|Metabolism of Folate and Pterines,pathway,11,0.0661533836924297,0.7176898495231989,0.5358824745130358,0.7262797374021892,0.5358824745130358,0.725924851683539,0.672965981534998,0.7392049637720276,0.5150260493965059,0.7650554165117045,0.5150260493965059,0.02-0.10
pathway|Lagging Strand Synthesis,pathway,19,0.0509085829035397,0.3817748031940344,-0.03788181407070916,0.4390418194970094,-0.08587957701507723,0.5810336881299732,-0.08587957701507723,0.49724358265632185,-0.08587957701507723,0.6136471089749466,0.10132209847279497,0.02-0.10
pathway|Erythropoietin Activates RAS,pathway,13,0.0210042034286279,0.29844308274204656,-0.12022820141715027,0.3940619887883951,-0.12022820141715027,0.5875395502067596,0.013227749456115856,0.45792729337405524,-0.12022820141715027,0.5856579025453754,0.15109696831942504,0.02-0.10
pathway|Phospholipid Metabolism,pathway,134,0.0275689953353738,0.3576713624669802,-0.1701503573028601,0.4585235360147645,-0.1701503573028601,0.6544851036600545,0.3801966641772467,0.5238667004782074,-0.1701503573028601,0.6545530294050932,0.35382553169496844,0.02-0.10
pathway|Cytosolic Sensors of Pathogen-Associated DNA,pathway,53,0.0505964436278648,0.49831069668811073,0.13786005098959606,0.5691577310209065,0.13786005098959606,0.705923689106641,0.4306777716444242,0.6223923297330513,0.13786005098959606,0.7288615271573408,0.49574783080245255,0.02-0.10
"pathway|Nucleotide-binding Domain, Leucine Rich Repeat Containing Receptor (NLR) Signaling Pathways",pathway,51,0.0365721270703516,0.43034945519479906,0.10684825124073669,0.4835352559843247,0.10684825124073669,0.5896003058026459,0.4748446818413049,0.5286638435311047,0.10684825124073669,0.6189210186246645,0.25465314975221537,0.02-0.10
"pathway|Antigen Presentation Folding, Assembly and Peptide Loading of Class I MHC",pathway,28,0.020896009076676,0.07699794354918668,-0.675763873104523,0.1683491449708053,-0.675763873104523,0.37473175204350917,-0.6269144180710242,0.2574949274746662,-0.675763873104523,0.4357864924823877,-0.309054723944973,0.02-0.10
pathway|Processive Synthesis on the Lagging Strand,pathway,14,0.0483852014033525,0.5311866313440934,0.20191374289284883,0.5514276425446561,0.152817915164897,0.618950339068438,0.152817915164897,0.5922147935311292,0.152817915164897,0.6737890955040753,0.41995297160978884,0.02-0.10
pathway|MAP Kinase Activation,pathway,56,0.0275066832000137,0.3650158807617229,0.03071727765691464,0.4125407207234744,0.03071727765691464,0.5271266223915474,0.16288653656741456,0.47082780709860383,0.03071727765691464,0.5874019798488626,0.15063967269539238,0.02-0.10
pathway|Eukaryotic Translation Initiation,pathway,116,0.0402692742338769,0.2198616446271676,-0.3323483889123399,0.2537333104795009,-0.3323483889123399,0.3062477830797887,-0.12064757389789048,0.31562153269593934,-0.3323483889123399,0.4393979771288163,0.07001899535669058,0.02-0.10
complex|BLOC-2 (biogenesis of lysosome-related organelles complex 2) (human),complex,3,0.0959878848228363,0.7938291788759074,0.7017120885275634,0.8197017136301575,0.7017120885275634,0.8724560947427671,0.7413271458386477,0.838203831399672,0.7017120885275634,0.8752080669387003,0.7276947872516498,0.02-0.10
complex|MCM complex (human),complex,5,0.0884561266790056,0.7181581839392277,0.584631859445828,0.7618677685879067,0.584631859445828,0.8334540343584933,0.7493023831744823,0.7818506401309705,0.584631859445828,0.8218163832170982,0.6164923723957432,0.02-0.10
pathway|Cap-dependent Translation Initiation,pathway,116,0.0402692742338769,0.2198616446271676,-0.3323483889123399,0.2537333104795009,-0.3323483889123399,0.3062477830797887,-0.12064757389789048,0.31562153269593934,-0.3323483889123399,0.4393979771288163,0.07001899535669058,0.02-0.10
complex|Wave-2 complex (Rac-activated) (mouse),complex,4,0.0416538136831509,0.6971213915865171,0.5207951266866515,0.7403244228944154,0.5207951266866515,0.8205535336038358,0.5784505525429966,0.7472746527577326,0.49676781288220717,0.7611751124843668,0.49676781288220717,0.02-0.10
"complex|Ubiquitin E3 ligase (ASB2, TCEB1, TCEB2, CUL5, RNF7) (human)",complex,4,0.0274399923513473,0.3278177506700972,-0.38356627722126563,0.350615620106349,-0.38356627722126563,0.4271074969628885,-0.3332156270632421,0.4442318155221375,-0.38356627722126563,0.6314642063537145,0.46346640906581815,0.02-0.10
complex|SHARP-CtIP-RBP-Jkappa complex (human),complex,3,0.0593627445674722,0.7890450792805944,0.5830505676959877,0.829269952500486,0.5830505676959877,0.8962849591320443,0.771363011548744,0.8236052431326415,0.5696063469385546,0.8122758243969528,0.5696063469385546,0.02-0.10
pathway|Organic Cation Transport,pathway,9,0.0342809364548495,0.7181752714455637,0.5515302696949846,0.7551752806319886,0.5515302696949846,0.7998899340930137,0.7063028812756458,0.7520052762850311,0.5082967896229542,0.7456652675911168,0.5082967896229542,0.02-0.10
complex|Limd1-p62-Traf6-Prkcz complex (mouse),complex,3,0.0840954927067212,0.40026414859940557,-0.39624109970645316,0.49985939464738066,-0.39624109970645316,0.6844790371122194,0.23093564308211836,0.5765645178574157,-0.39624109970645316,0.729974764277486,0.41967215998284085,0.02-0.10
pathway|Aberrant Regulation of Mitotic Exit in Cancer Due to RB1 Defects,pathway,13,0.0778515965729818,0.4129092095499794,-0.009561266790055308,0.473928232546802,-0.009561266790055308,0.5979518343888971,0.17962112110486952,0.5405545976077633,-0.009561266790055308,0.6738073277296862,0.13823722007554848,0.02-0.10
"complex|TRBP containing complex (DICER, RPL7A, EIF6, MOV10 and subunits of the 60S ribosomal particle) (human)",complex,15,0.039406306839823,0.18663504621552965,-0.33786714889967234,0.27715817309417856,-0.33786714889967234,0.45400215686386874,-0.10009632972908615,0.3534868458100445,-0.33786714889967234,0.5061441912417765,0.14476247686462967,0.02-0.10
pathway|PTEN Regulation,pathway,97,0.0348046679279095,0.6634717273133265,0.5875879041788812,0.6583293157873376,0.5875879041788812,0.6585449665007322,0.6050467578010846,0.6829152497933819,0.5875879041788812,0.7320871178054705,0.633955147146367,0.02-0.10
complex|RalBP1-CCNB1-AP2A-NUMB-EPN1 complex (human),complex,4,0.0671859272007013,0.7797913351796265,0.6671945427438518,0.8214377839242137,0.6671945427438518,0.8620444641879296,0.7745924927752703,0.8015109149222486,0.6130582695396005,0.7616571769183187,0.6130582695396005,0.02-0.10
complex|TCF4-CTNNB1-CREBBP complex (human),complex,3,0.082319977054042,0.8321859529423343,0.7060435927207488,0.8675658581953559,0.7060435927207488,0.9179144998441406,0.7996386271250034,0.8636900492718154,0.7060435927207488,0.8559384314247339,0.7352679838343044,0.02-0.10
complex|JUND-FOSB-SMAD3-SMAD4 complex (human),complex,4,0.0875152882856555,0.7673692788450904,0.6492287522989136,0.8075356215052096,0.6492287522989136,0.8579314736129555,0.7190053684882726,0.8080510920379016,0.6492287522989136,0.8090820331032859,0.6627203484107151,0.02-0.10
complex|BRCA1 B complex (human),complex,3,0.0457904449567598,0.7221323398407602,0.5415340779946098,0.7792356260309974,0.5415340779946098,0.8698304773948387,0.7780100334448159,0.7916785634804238,0.5415340779946098,0.8165644383792765,0.5511981686527909,0.02-0.10
pathway|RUNX3 Regulates WNT Signaling,pathway,5,0.0236005130369841,0.5130674206359472,0.08601719193880292,0.5897714248728733,0.08601719193880292,0.7409176105777433,0.3545312855148228,0.6499716148652549,0.08601719193880292,0.7703719948500185,0.5501454083269025,0.02-0.10
pathway|Translesion Synthesis by POLI,pathway,15,0.0372488095366947,0.3508270142144165,0.017060644435064023,0.4774315197338385,0.017060644435064023,0.6850438968635167,0.36991241977666545,0.5196176908548031,0.017060644435064023,0.6039900330967324,0.21456094208310333,0.02-0.10
complex|ARC92-Mediator complex (human),complex,12,0.0634478409119608,0.7232267447309106,0.6421801380683422,0.7395484739825612,0.5369313569503523,0.7828313960507554,0.5369313569503523,0.764279451295314,0.5369313569503523,0.8137414059208192,0.6641939213292268,0.02-0.10
pathway|Transcription of the HIV Genome,pathway,54,0.0509938511712606,0.48041540879379885,0.1773048781807752,0.5545794470913051,0.1773048781807752,0.7158097363572653,0.3625542531198926,0.6152820281000205,0.1773048781807752,0.7366871901174512,0.41468189542271433,0.02-0.10
complex|NUMAC complex (nucleosomal methylation activator complex) (human),complex,10,0.0243086147159595,0.43883606549475856,0.17210432980256848,0.5225629728710098,0.17210432980256848,0.6847753324512066,0.19755712136463507,0.5634249087458767,0.14785801647346603,0.6451487804956106,0.14785801647346603,0.02-0.10
complex|RAD9-RAD1-HUS1-APE1 complex (human),complex,4,0.0200292326453153,0.4710685409858319,-0.048709524012566376,0.5650594207785762,-0.048709524012566376,0.7410983494717068,0.2111231072290591,0.6162135629507285,-0.048709524012566376,0.7185218472950332,0.15035014232988061,0.02-0.10
complex|ITGA9-ITGB1-ADAM15 complex (human),complex,3,0.0362336879854821,0.5982190395476651,0.1914996098855053,0.32852063737077286,-0.5546034929772133,-0.07525696144399159,-0.5546034929772133,0.41174383415939064,-0.5546034929772133,0.578190227736626,-0.0721769436416967,0.02-0.10
pathway|Hedgehog Ligand Biogenesis,pathway,42,0.0692355125544492,0.29966812816046356,-0.2688881214670661,0.39988601583251226,-0.2688881214670661,0.5828603126161123,0.06557481292965633,0.4662387206898784,-0.2688881214670661,0.5989441304046105,0.0773035422621477,0.02-0.10
pathway|Amplification of Signal From Unattached Kinetochores via a MAD2 Inhibitory Signal,pathway,63,0.0289073994019595,0.24408199563879693,-0.13773257135435268,0.33920212566135194,-0.13773257135435268,0.5148593650147635,0.29819444497185993,0.39679478965729853,-0.13773257135435268,0.5119801176491915,0.04865057202541373,0.02-0.10
pathway|SUMOylation of DNA Methylation Proteins,pathway,11,0.0786907126924011,0.531179337471425,0.35161321964080544,0.5532829591929789,0.35161321964080544,0.6135838833177483,0.4769498652466149,0.6118003788952138,0.35161321964080544,0.7288352182996832,0.45204170057586635,0.02-0.10
pathway|SARS-CoV-2 Targets Host Intracellular Signalling and Regulatory Pathways,pathway,9,0.0730873633073928,0.3661985961202756,-0.2456861576081235,0.4306087890500823,-0.2456861576081235,0.5295129705845185,0.2543958659064549,0.4951454018154442,-0.2456861576081235,0.6242186273461678,0.09710225469067865,0.02-0.10
pathway|SARS-CoV-2-host Interactions,pathway,163,0.0279408821729204,0.1924009510442378,-0.21043716379301017,0.2514708947570256,-0.21043716379301017,0.3708797973122805,-0.11206719269192887,0.307518338489048,-0.21043716379301017,0.41961322595309286,-0.003697028983764118,0.02-0.10
pathway|Synthesis of PIPs at the Early Endosome Membrane,pathway,14,0.0242026065523484,0.44813407610099837,0.19545875343996155,0.5264586353249234,0.17016808996547284,0.6933000838020285,0.17016808996547284,0.5619000785292864,0.11174248573995302,0.6327829649380121,0.11174248573995302,0.02-0.10
pathway|TNFR1-induced Proapoptotic Signaling,pathway,21,0.0213209156117556,0.36721909285638815,0.1274604609694048,0.4310367377648312,0.1274604609694048,0.5224388027832534,0.4337908995464926,0.4656138067442109,0.1274604609694048,0.5347679447029702,0.2936876456216325,0.02-0.10
signature|Myc Targets V1,signature,179,0.051194797626241,0.2967751646991308,-0.2508949105407141,0.39101331389008626,-0.2508949105407141,0.5954224121091561,-0.22061266790055306,0.4823286912769002,-0.2508949105407141,0.6649594460505279,0.12932401424381162,0.02-0.10
pathway|Interleukin-10 Signaling,pathway,29,0.0606053529300643,0.777300599831019,0.6664855968341207,0.7775529043601626,0.6664855968341207,0.7676068027263947,0.7263085690164627,0.7693976630947235,0.6431905001284889,0.7530871805638455,0.6431905001284889,0.02-0.10
signature|Mitotic Spindle,signature,146,0.0210255925317748,0.3899399266243034,0.02324360597893734,0.4575129484147647,0.02324360597893734,0.6234038480055613,0.08711616932385188,0.507269080328341,0.02324360597893734,0.6067813441554936,0.056323126711476226,0.02-0.10
pathway|POLB-Dependent Long Patch Base Excision Repair,pathway,7,0.0928391293524261,0.6533800212274824,0.43061927130240424,0.6422827463336069,0.43061927130240424,0.6292054440750999,0.5347298537488804,0.6710305129292101,0.43061927130240424,0.7285260461204164,0.4756334452009066,0.02-0.10
regulon|PPARG human,regulon,40,0.0227844110273811,0.520085320235865,0.363912119209342,0.5232251680921652,0.28766465348356435,0.5397008325931348,0.28766465348356435,0.5496863783590409,0.28766465348356435,0.6026087988927922,0.38945105792252255,0.02-0.10
"pathway|Cell Death Signalling via NRAGE, NRIF and NADE",pathway,50,0.049020473988212,0.4668460026455093,0.19851770775171376,0.5034235169332596,0.19851770775171376,0.589282088833935,0.3835106487350544,0.5625788120028823,0.19851770775171376,0.6808894021421275,0.2440525999996372,0.02-0.10
pathway|ABC-family Proteins Mediated Transport,pathway,65,0.0425906862546135,0.5533160320010734,0.4090638806738085,0.5494255274655265,0.35733686186974567,0.5641476659090336,0.35733686186974567,0.5732025164009341,0.35733686186974567,0.6207564942717492,0.40406334287220474,0.02-0.10
complex|Cofilin-actin-CAP1 complex (human),complex,3,0.0948459987083878,0.7654349173492183,0.6990316593504406,0.7915812867900593,0.6990316593504406,0.8352189758425258,0.700438093375077,0.8023705444108554,0.6990316593504406,0.8239490596524472,0.7014739971745805,0.02-0.10
pathway|ATF6 (ATF6-alpha) Activates Chaperone Genes,pathway,10,0.0264371289170782,0.5474517088263559,0.2827743149716384,0.6169009950039356,0.2827743149716384,0.7451176701475923,0.5504354485103412,0.6494575162268593,0.2827743149716384,0.7145705586727067,0.424045118345893,0.02-0.10
pathway|Orc1 Removal From Chromatin,pathway,46,0.0503554351577733,0.33396548513652086,-0.1696263046274827,0.4140577943093864,-0.1696263046274827,0.5834038616681179,0.2898489057524742,0.4777501616429365,-0.1696263046274827,0.6051348963100367,0.16496809232971665,0.02-0.10
pathway|SCF-beta-TrCP Mediated Degradation of Emi1,pathway,38,0.0709544081108809,0.30729482279088655,-0.20789029701892084,0.38941615610312763,-0.20789029701892084,0.5590351331848422,0.17925176694699702,0.46272770479704456,-0.20789029701892084,0.6093508021848782,0.2009990218182891,0.02-0.10
pathway|Transcriptional Regulation by RUNX2,pathway,73,0.0243907494300701,0.3993919915617228,0.10982400883202909,0.3355226108791702,-0.13258461321990236,0.3039859779915778,-0.13258461321990236,0.40326501466492937,-0.13258461321990236,0.5387498222364477,0.35493852215042593,0.02-0.10
pathway|ROS and RNS Production in Phagocytes,pathway,26,0.0709322253333033,0.4393804375226353,0.0010350104110107574,0.44901924721305625,0.0010350104110107574,0.47656256491150006,0.17600318215368288,0.5094493521599118,0.0010350104110107574,0.6303095620536231,0.2676516628552035,0.02-0.10
pathway|Peptide Chain Elongation,pathway,86,0.0513274177145869,0.2575644905767683,-0.20389025987379722,0.24033736306220135,-0.3086366637443041,0.21376648810713011,-0.3086366637443041,0.2948293534951826,-0.3086366637443041,0.40381333436114497,0.05945519585240987,0.02-0.10
complex|SNF2h-cohesin-NuRD complex (human),complex,16,0.0479308500467217,0.7502743331224352,0.6261079390105733,0.80025244256215,0.6261079390105733,0.8805163029700003,0.7866246034625284,0.8188190653212996,0.6261079390105733,0.8559523108395981,0.7102350310517964,0.02-0.10
pathway|Neddylation,pathway,166,0.0304419499110462,0.1000650559456359,-0.42813954637603185,0.2027035212780215,-0.42813954637603185,0.43115703226664365,-0.3375802296760507,0.3128687312432124,-0.42813954637603185,0.5331991511735941,0.020306361009189203,0.02-0.10
pathway|RUNX1 Regulates Transcription of Genes Involved in Interleukin Signaling,pathway,3,0.0882941339885198,0.7802435331202072,0.5944815680340807,0.819593254767652,0.5944815680340807,0.8860760732134665,0.6866894955394615,0.8320944605040383,0.5789219115218858,0.8570968719768113,0.5789219115218858,0.02-0.10
complex|TNF-alpha/NF-kappa B signaling complex 6 (human),complex,10,0.0826167832605147,0.6983987112639615,0.537872274221492,0.7526895991345064,0.537872274221492,0.8478188688119618,0.6117500621614106,0.774728040063074,0.537872274221492,0.8188049219202093,0.618141414083302,0.02-0.10
pathway|Association of TriC CCT With Target Proteins During Biosynthesis,pathway,32,0.026096971047138,0.4058383935876193,0.18758925243519958,0.4314363749070047,0.18758925243519958,0.5119351257343426,0.30163652303795824,0.48060072096217427,0.18758925243519958,0.5789294130725136,0.19802726330080245,0.02-0.10
complex|Emerin complex 32 (human),complex,17,0.0428377206972667,0.4057309890359752,0.03855668806178769,0.494171214791476,0.03855668806178769,0.6702609046549034,0.3194832288859304,0.5597570575038525,0.03855668806178769,0.6909287429286054,0.3852841117286596,0.02-0.10
complex|YWHAQ-CALM1-CABIN1 complex (human),complex,3,0.0803721863240647,0.6918153349131618,0.37931321412312463,0.7376932264038294,0.37931321412312463,0.8067684301695843,0.4814500625388557,0.7497698539930691,0.37931321412312463,0.7739231091715482,0.5721202307185533,0.02-0.10
pathway|Toll Like Receptor 7 8 (TLR7 8) Cascade,pathway,94,0.0248773625820084,0.33738651394593083,-0.0023974196620882987,0.4327726304042109,-0.0023974196620882987,0.6138118896794785,0.29790239309023603,0.4821238441039897,-0.0023974196620882987,0.5808262715035472,0.11918368672273272,0.02-0.10
pathway|GSK3B and BTRC CUL1-mediated-degradation of NFE2L2,pathway,40,0.0553067193663274,0.2397242051431158,-0.26131383454896,0.31939914423499205,-0.26131383454896,0.4964196385489622,-0.03398464136117154,0.400339376305688,-0.26131383454896,0.5622198404470802,0.18031713947833714,0.02-0.10
pathway|Signaling by NTRK3 (TRKC),pathway,12,0.0212801743774728,0.4625771304754524,0.008139320929527767,0.5356958646964577,0.008139320929527767,0.6878001848257063,0.2891664231364527,0.5741897893333557,0.008139320929527767,0.6511776386071518,0.13209484690067214,0.02-0.10
complex|BRCA1-BARD1-BACH1-DNA damage complex II (human),complex,8,0.0497346680335283,0.5207946633021608,-0.058197849417670054,0.612978878969919,-0.058197849417670054,0.7817498514924573,0.46914308502165236,0.6662885304217839,-0.058197849417670054,0.7729078333255137,0.49902570640436517,0.02-0.10
pathway|Cooperation of Prefoldin and TriC CCT in Actin and Tubulin Folding,pathway,22,0.0247580851211074,0.04951211135245759,-0.6480773374246103,0.18244394860753688,-0.6480773374246103,0.44031739601952563,-0.5191604160578411,0.28773660388813094,-0.6480773374246103,0.498321914449319,-0.18673490924440694,0.02-0.10
pathway|UCH Proteinases,pathway,66,0.0375360864345181,0.5711492572695955,0.4678804220848282,0.6100993142977946,0.4678804220848282,0.672448185001795,0.5878202563291246,0.6223418378497093,0.40280209802591255,0.646826884953539,0.40280209802591255,0.02-0.10
regulon|HES1 mouse,regulon,4,0.0620907339459471,0.811488137834413,0.6747264165596407,0.7280351418099662,0.4701594311134201,0.571618977202737,0.4466722949205009,0.7438825041679311,0.4466722949205009,0.7755772288838608,0.4466722949205009,0.02-0.10
pathway|G2 M Transition,pathway,124,0.0219697771503459,0.3321607826022401,0.06786851122827262,0.3504740158592138,0.06786851122827262,0.3973380995985861,0.22386785509411092,0.39152165865528105,0.06786851122827262,0.47361694424741546,0.21042092844541138,0.02-0.10
pathway|HS-GAG Degradation,pathway,17,0.0744801047752932,0.7100429923796115,0.5359551713363085,0.7071717235117865,0.5359551713363085,0.700415428810396,0.6680250240824321,0.7244208237961498,0.5359551713363085,0.7589190243648762,0.5682988099823505,0.02-0.10
pathway|Reversal of Alkylation Damage by DNA Dioxygenases,pathway,7,0.0299247736457529,0.18695334185378512,-0.6449348671838804,0.3387575420070465,-0.6449348671838804,0.6256521596095983,0.14427271054539945,0.43463700513769055,-0.6449348671838804,0.6263959313989784,0.054494897171237996,0.02-0.10
pathway|Amino Acids Regulate mTORC1,pathway,37,0.0533124915511998,0.44886952177082623,0.1813492568335069,0.48711101555453135,0.1813492568335069,0.5615722082571174,0.2047832687254988,0.5265012883760903,0.15459168902727013,0.6052818340192082,0.15459168902727013,0.02-0.10
pathway|Nucleotide Excision Repair,pathway,100,0.0366541173442819,0.5221144047269929,0.22766692643222824,0.5853189190243975,0.22766692643222824,0.7098193453324273,0.5834456278208917,0.6268850842257111,0.22766692643222824,0.7100174146283387,0.5516375488373779,0.02-0.10
pathway|Cross-presentation of Soluble Exogenous Antigens (Endosomes),pathway,33,0.077477841005437,0.3279565992981856,-0.15060584302760396,0.3986869178223934,-0.15060584302760396,0.5431887873293622,0.19223463324349777,0.46702515916852627,-0.15060584302760396,0.6037016418607919,0.28299394651995496,0.02-0.10
pathway|Signaling by CTNNB1 Phospho-Site Mutants,pathway,13,0.0624172621708907,0.5000573502489546,0.17762355695616558,0.5577172347771564,0.17762355695616558,0.6872414271993066,0.22170990680910477,0.6089850450934488,0.17762355695616558,0.7115206657260333,0.32183870723338853,0.02-0.10
complex|ARC complex (human),complex,16,0.0613396574522049,0.4097683028775312,-0.0668892497517881,0.5090657816722352,-0.0668892497517881,0.6901958453049473,0.34323148358606353,0.5612083162763881,-0.0668892497517881,0.6654933854846941,0.14630077604961525,0.02-0.10
pathway|JNK (c-Jun Kinases) Phosphorylation and Activation Mediated by Activated Human TAK1,pathway,18,0.0337057488623053,0.29118763658233326,-0.07307251035929055,0.28405096238862887,-0.07307251035929055,0.2931561473987899,0.16937325638274167,0.35923327500970054,-0.07307251035929055,0.5095979002518439,0.28591152747038096,0.02-0.10
pathway|VEGFR2 Mediated Cell Proliferation,pathway,18,0.0276597443247556,0.4918637062591513,0.22737484398840313,0.5827936314388779,0.22737484398840313,0.7447396086475049,0.6515760702163683,0.6330007587384969,0.22737484398840313,0.733415013337735,0.5491863384961739,0.02-0.10
pathway|Formation of a Pool of Free 40S Subunits,pathway,98,0.0472472992626223,0.2468406049445048,-0.31861734368066147,0.2334169429725806,-0.32938408502992716,0.22768970093024304,-0.32938408502992716,0.2980399900495876,-0.32938408502992716,0.42728608420360165,0.06597368791332489,0.02-0.10
pathway|Conversion From APC C Cdc20 to APC C Cdh1 in Late Anaphase,pathway,12,0.0705136199806947,0.414334214099277,-0.036389600690678536,0.4410499688673147,-0.06672998452230196,0.5219068144886901,-0.06672998452230196,0.5045060861649425,-0.06672998452230196,0.6314183207601984,-0.026087497699992423,0.02-0.10
pathway|Branched-chain Amino Acid Catabolism,pathway,20,0.0519200434765519,0.6359047768877049,0.4654357960044039,0.6808820773728496,0.4654357960044039,0.7786044975310533,0.5805476182745073,0.7111929450113494,0.4654357960044039,0.7718146802883493,0.5642960015595155,0.02-0.10
pathway|Formation of the Early Elongation Complex,pathway,27,0.0525412890483622,0.5658874539053326,0.2910231211539491,0.6361591230511288,0.2910231211539491,0.7725356449341663,0.46447288226225864,0.6701456759560606,0.2910231211539491,0.738118781765924,0.4291625768076451,0.02-0.10
pathway|Retrograde Transport at the Trans-Golgi-Network,pathway,36,0.0284213589827773,0.24407495118454858,-0.1728537455128796,0.3610303607761399,-0.1728537455128796,0.588171656839592,0.04926751523416782,0.43487317699886735,-0.1728537455128796,0.582558809444322,0.018237707135976448,0.02-0.10
complex|Condensin II (human),complex,5,0.0620393220118843,0.6481798482907369,0.39970979149957503,0.7150438055895312,0.39970979149957503,0.8336839437643209,0.669238616315442,0.7387812679344509,0.39970979149957503,0.78625619262429,0.5586853697871004,0.02-0.10
pathway|mRNA Decay by 3' to 5' Exoribonuclease,pathway,11,0.0466492456467129,0.6641739919133558,0.48411774972410354,0.69298550087042,0.48411774972410354,0.7650735209879505,0.5348464677295408,0.705346849107325,0.45275784437878147,0.730069545581135,0.45275784437878147,0.02-0.10
complex|BLOC1-BLOC2 complex (human),complex,10,0.0297967033826046,0.5571900960096176,0.35443466978477667,0.556856212748889,0.1933751664123129,0.600727717111577,0.1933751664123129,0.6098591071041838,0.1933751664123129,0.7158648958147734,0.48002916950785246,0.02-0.10
pathway|SMAD2 SMAD3 SMAD4 Heterotrimer Regulates Transcription,pathway,29,0.0452656953290131,0.5368243684881885,0.2652464681154933,0.5400869438243147,0.2652464681154933,0.5773739582746573,0.28341775714084705,0.5908051560359501,0.2652464681154933,0.6922415804592211,0.4457329101431902,0.02-0.10
pathway|Stabilization of P53,pathway,42,0.0565421844802874,0.2702926544921874,-0.21713768500872727,0.3292182223419853,-0.21713768500872727,0.4532077928734564,0.2437967442716282,0.4076161687438778,-0.21713768500872727,0.5644120615476627,0.24637832140961402,0.02-0.10
pathway|Integrin Signaling,pathway,17,0.0393061346693432,0.395497158239064,0.1466262586631194,0.42380334836970934,0.0560281845634315,0.5173182645735321,0.0560281845634315,0.4944103805910411,0.0560281845634315,0.6356244450337047,0.3567443863356401,0.02-0.10
"complex|mRNA decay complex (UPF1, UPF2, UPF3B, DCP2, XRN1, XRN2, EXOSC2, EXOSC4, EXOSC10, PARN) (human)",complex,10,0.0410110592782606,0.45344796197640513,0.18008437671210445,0.5315892382630807,0.18008437671210445,0.7022987611214742,0.2903227224880127,0.5872622708054002,0.18008437671210445,0.6986083358900392,0.3237270518597257,0.02-0.10
pathway|Formation of Paraxial Mesoderm,pathway,44,0.0285292685217341,0.2810645704822264,0.08925070041529286,0.2933322179289243,-0.019831477091924534,0.36342727988261225,-0.019831477091924534,0.34897965290718597,-0.019831477091924534,0.4602745228637091,0.13691403924624693,0.02-0.10
celltype|Natural Killer T Cells,celltype,81,0.0592596016714256,0.542749949306543,0.20450931692706512,0.6004722503286509,0.20450931692706512,0.7129591700552199,0.5189891699717404,0.6432701105692563,0.20450931692706512,0.7288658310504671,0.44358584692143765,0.02-0.10
pathway|ISG15 Antiviral Mechanism,pathway,67,0.0426922031281512,0.33787774528797127,-0.2080302735114892,0.4438033100848869,-0.2080302735114892,0.6414840506783608,0.11430225887802924,0.49992229495217216,-0.2080302735114892,0.6121602646867426,-0.11301425463519174,0.02-0.10
"pathway|Interleukin-3, Interleukin-5 and GM-CSF Signaling",pathway,39,0.0527555460144588,0.539254808452547,0.19912247946228528,0.4718557672279221,0.0710296457447154,0.41005999686790673,0.0710296457447154,0.5336162277221104,0.0710296457447154,0.6571371487104869,0.4847473404612243,0.02-0.10
"pathway|Platelet Activation, Signaling and Aggregation",pathway,165,0.0201318310225021,0.14814501070188899,-0.507672819867423,0.22172931727903733,-0.507672819867423,0.396634335432512,-0.14011646156010865,0.3142271009314005,-0.507672819867423,0.49922266823612677,0.1904463931012754,0.02-0.10
pathway|Protein Localization,pathway,120,0.055522134008651,0.4849140664459776,0.1329581142557313,0.5704900956675578,0.1329581142557313,0.7352021976386258,0.4010228327866613,0.6223072202432394,0.1329581142557313,0.7259414693946022,0.3232895709330816,0.02-0.10
pathway|Mitochondrial Fatty Acid Beta-Oxidation of Saturated Fatty Acids,pathway,8,0.0742646353927485,0.5290596593088598,0.03728469014891698,0.5961700368254081,0.03728469014891698,0.7222826959858291,0.4991192323927655,0.6502200054385234,0.03728469014891698,0.7583199426647539,0.49741873401589093,0.02-0.10
pathway|Mitochondrial Protein Import,pathway,47,0.0590227613866182,0.4905922453776241,0.2382374906646751,0.5636718869762953,0.2382374906646751,0.7091480647252755,0.4317709517160762,0.6059033735017317,0.2382374906646751,0.6903663465526042,0.3836453225963568,0.02-0.10
pathway|snRNP Assembly,pathway,44,0.0790776342629494,0.604807885457585,0.3168828673788573,0.6781911010385078,0.3168828673788573,0.8169853299317408,0.535295645679774,0.720046477134988,0.3168828673788573,0.8037572293279489,0.5115243909038759,0.02-0.10
complex|DSS1 complex (human),complex,11,0.0239529430749354,0.3031111767594414,-0.21272073427774285,0.41956218387819816,-0.21272073427774285,0.6512676644154014,0.023932255306252773,0.500633822191393,-0.21272073427774285,0.6627770988177828,0.30343864662142417,0.02-0.10
pathway|RUNX1 Regulates Transcription of Genes Involved in Differentiation of Keratinocytes,pathway,5,0.092276168674438,0.6156627727645978,0.15306092421847287,0.6860899388537817,0.15306092421847287,0.8107903583150602,0.6285460705047028,0.7254458820061099,0.15306092421847287,0.8041577683107665,0.5238854338007419,0.02-0.10
regulon|MEF2D human,regulon,5,0.0796571094587135,0.8047063151957858,0.6770733165870612,0.8403252801815082,0.6770733165870612,0.8875238445497378,0.85568940697687,0.8412923792701522,0.6770733165870612,0.8432265774474406,0.6949416997838794,0.02-0.10
"pathway|BMAL1 CLOCK,NPAS2 Activates Circadian Gene Expression",pathway,17,0.0200492913907453,0.33464430797960665,-0.1612828704286267,0.3761814425033775,-0.1612828704286267,0.4814498987824193,0.12460358692946283,0.4461994101005403,-0.1612828704286267,0.586235345294866,0.30387807184346743,0.02-0.10
complex|CCT complex (chaperonin containing TCP1 complex) (mouse),complex,8,0.0407888465481331,0.21822503735127988,-0.35263847365761625,0.3309525583106214,-0.35263847365761625,0.5591674548240276,-0.32733572534121286,0.42573221283678536,-0.35263847365761625,0.6152915218891131,0.15265420874327584,0.02-0.10
pathway|Prostacyclin Signalling Through Prostacyclin Receptor,pathway,13,0.0254202179754993,0.2567695914355091,-0.3244932604439488,0.3453303146977271,-0.3244932604439488,0.5225558985582326,0.15107667413492656,0.43248248359336583,-0.3244932604439488,0.6067868213846435,0.26003052935496745,0.02-0.10
pathway|Activation of PPARGC1A (PGC-1alpha) by Phosphorylation,pathway,6,0.0442739732946571,0.5957767721569235,0.2805077608397028,0.6497650281508129,0.2805077608397028,0.7469857705203228,0.5239281964693531,0.6623809835657926,0.2805077608397028,0.6876128943957514,0.31268738297020277,0.02-0.10
pathway|Signaling by AMER1 Mutants,pathway,12,0.076760415959445,0.7667199936353216,0.6634782161640219,0.7942242576534484,0.6634782161640219,0.8429651097982089,0.7630121501544882,0.8062589828145541,0.6634782161640219,0.8303284331367653,0.6853353248747585,0.02-0.10
pathway|Cargo Recognition for Clathrin-Mediated Endocytosis,pathway,74,0.0251088636859177,0.2380495288274507,-0.16170122665323233,0.3057281559496822,-0.16170122665323233,0.4333790552241862,0.019815241744325744,0.3832519408478155,-0.16170122665323233,0.5382995106440822,0.2814062023312547,0.02-0.10
"complex|RAF1-RAS complex, EGF induced (human)",complex,4,0.0456093757328455,0.6860442338034803,0.35365963380043647,0.749427505600647,0.35365963380043647,0.8623655223289489,0.657382753731424,0.7699327927353626,0.35365963380043647,0.810943367004794,0.5741928326352134,0.02-0.10
pathway|Translation of Structural Proteins 9683701,pathway,28,0.0450843326089562,0.3883570192401893,0.06376382375964659,0.45805811557443415,0.06376382375964659,0.5946546489867053,0.33999523763137096,0.5253762071837295,0.06376382375964659,0.66001239040232,0.34523274786833935,0.02-0.10
pathway|DAG and IP3 Signaling,pathway,25,0.028949230264131,0.5471687066157708,0.15640323233813716,0.5762548550351949,0.15640323233813716,0.6522623183598854,0.44522464309294196,0.6221772572519038,0.15640323233813716,0.7140220616853215,0.4590902956548002,0.02-0.10
pathway|Translesion Synthesis by POLK,pathway,15,0.0372488095366947,0.3508270142144165,0.017060644435064023,0.4774315197338385,0.017060644435064023,0.6850438968635167,0.36991241977666545,0.5196176908548031,0.017060644435064023,0.6039900330967324,0.21456094208310333,0.02-0.10
complex|FAS-FADD-CASP8-CASP10 complex (human),complex,4,0.0935597983930613,0.8379425847536947,0.6547390979640874,0.8148059820473715,0.6547390979640874,0.7774505087844391,0.7430783301403816,0.8195220991224335,0.6547390979640874,0.828954333272557,0.705738383608793,0.02-0.10
pathway|Interleukin-1 Signaling,pathway,91,0.0312743886208834,0.4793575135085934,0.15702422313861739,0.5122492384102679,0.15702422313861739,0.5943931739589268,0.34193130283252693,0.5401889150232665,0.15702422313861739,0.5960682682492633,0.30862719312487147,0.02-0.10
pathway|DNA Replication,pathway,88,0.0421305591376805,0.45639055769371434,0.11815138920457618,0.48506113791508226,0.11815138920457618,0.5718883459121428,0.20158078167786905,0.5212750868446154,0.11815138920457618,0.5937029847036819,0.17615352144689417,0.02-0.10
pathway|N-glycan Trimming and Elongation in the cis-Golgi,pathway,5,0.0273135370328279,0.5722376617670869,0.08896564600448097,0.645211801783552,0.08896564600448097,0.7807534866727368,0.4698550183459428,0.6611206834128502,0.08896564600448097,0.6929384466714466,0.23199499951293956,0.02-0.10
pathway|Regulation of CDH11 Function,pathway,8,0.0533029171827188,0.668714275635428,0.3965974735746124,0.6350051121035015,0.3965974735746124,0.5902934036478644,0.44798059334783685,0.6794732501784925,0.3965974735746124,0.7684095263284745,0.613701551016874,0.02-0.10
pathway|Vpr-mediated Nuclear Import of PICs,pathway,30,0.0633289497894816,0.39117420455636037,-0.07838290526133497,0.49926410587369874,-0.07838290526133497,0.7090566060736843,0.16047694039462718,0.56614145281739,-0.07838290526133497,0.6998961467047728,0.16671131387256333,0.02-0.10
pathway|Turbulent Flow Shear Stress Activates Signaling by PIEZO1 and Integrins in Endothelial Cells,pathway,25,0.0508098867855094,0.46316140439671266,0.22205227716049006,0.5361445741384101,0.22205227716049006,0.6794707528017199,0.46523335606281996,0.5729729700637115,0.22205227716049006,0.6466297619143142,0.26684687902501325,0.02-0.10
complex|P2X7 receptor signalling complex (human),complex,9,0.0243064951011341,0.3720682697752558,-0.10296950401300053,0.4861889315624294,-0.10296950401300053,0.6799712822309754,0.4271601129980193,0.5323050220540795,-0.10296950401300053,0.6245372030373796,0.2976710393869533,0.02-0.10
pathway|SUMOylation,pathway,135,0.0263946972811892,0.16508254025276548,-0.22927422584450868,0.24447671523537604,-0.22927422584450868,0.4404355101993846,-0.20599950211600698,0.34176156277866393,-0.22927422584450868,0.5363312578652397,0.14351235509952268,0.02-0.10
pathway|GTP Hydrolysis and Joining of the 60S Ribosomal Subunit,pathway,109,0.0412779892455248,0.19085571335492724,-0.3965591886655627,0.2141215053830142,-0.3965591886655627,0.2612389708152745,-0.2019596064551742,0.2829771866741995,-0.3965591886655627,0.4206885492565703,0.02945633232674178,0.02-0.10
pathway|RNA Polymerase II Transcription Termination,pathway,44,0.0440396146028244,0.4434550546198095,0.26257233610835357,0.5251657011369026,0.26257233610835357,0.6995044046046103,0.35987000898355903,0.5747179183072404,0.26257233610835357,0.6738223526479163,0.3367982271000422,0.02-0.10
signature|Reactive Oxygen Species Pathway,signature,43,0.0588195601190486,0.6156626001888305,0.4246445190000446,0.6449686794158238,0.4246445190000446,0.7100413738022022,0.5779135846229276,0.6834950803382819,0.4246445190000446,0.7605478821831981,0.47480946138108754,0.02-0.10
regulon|PAX5 human,regulon,14,0.0523978746086418,0.5306722358040358,0.09438644615882001,0.5884656288899315,0.09438644615882001,0.6967445377984276,0.5620961236340402,0.6301839506448684,0.09438644615882001,0.7136205941547427,0.46433204070476725,0.02-0.10
regulon|HDAC3 mouse,regulon,6,0.0508736420935661,0.5428343742114241,-0.07596138950735856,0.6400019785196589,-0.07596138950735856,0.8094209153867628,0.42693020333056436,0.6850218627047215,-0.07596138950735856,0.7750616310748472,0.439781200894651,0.02-0.10
pathway|NEP NS2 Interacts With the Cellular Export Machinery,pathway,29,0.0965196913172561,0.609347913285642,0.3447089002175536,0.6824726957331122,0.3447089002175536,0.8178716432910935,0.5419074909893822,0.7168835369651532,0.3447089002175536,0.7857052194292352,0.43752367654858154,0.02-0.10
pathway|Killing Mechanisms,pathway,10,0.0511759803444058,0.6971574259870433,0.5817901265898132,0.6826422575319422,0.5378757130023488,0.6481249855291604,0.5378757130023488,0.7022151903652992,0.5378757130023488,0.7413610560320129,0.5971469082486389,0.02-0.10
pathway|Cell Recruitment (Pro-Inflammatory Response),pathway,23,0.038960229943859,0.5869842674665002,0.4241162511359264,0.6157675188959193,0.4241162511359264,0.6575735464496419,0.5252988673154784,0.6355510732656595,0.4241162511359264,0.6751181820051398,0.43953517948917553,0.02-0.10
pathway|FasL CD95L Signaling,pathway,4,0.0935597983930613,0.8379425847536947,0.6547390979640874,0.8148059820473715,0.6547390979640874,0.7774505087844391,0.7430783301403816,0.8195220991224335,0.6547390979640874,0.828954333272557,0.705738383608793,0.02-0.10
complex|NuA4/Tip60 HAT complex (human),complex,15,0.0353081958611718,0.16172336704947454,-0.4064652472510905,0.30298542288282626,-0.4064652472510905,0.5964508132291327,-0.07754137307746424,0.39467483351059923,-0.4064652472510905,0.578053654766145,-0.12334264159928998,0.02-0.10
pathway|RHOB GTPase Cycle,pathway,42,0.0215297255637936,0.20855575568416437,-0.4009542357849854,0.3197887900711772,-0.4009542357849854,0.5505939693133911,-0.32934079076966366,0.41638178918764995,-0.4009542357849854,0.6095677874205954,-0.02350607743178448,0.02-0.10
pathway|Rev-mediated Nuclear Export of HIV RNA,pathway,30,0.077510211784822,0.5617628315206519,0.2083049214750354,0.6340687500988573,0.2083049214750354,0.7759010191505409,0.4133045967680834,0.6740181504696664,0.2083049214750354,0.7539169512112844,0.34999756469786014,0.02-0.10
pathway|Metabolism of Carbohydrates,pathway,187,0.0427638964731173,0.7411031091372738,0.6241632758614853,0.777306516925762,0.6241632758614853,0.8410645407346378,0.6913589517925947,0.7913766068337599,0.6207017152838261,0.8195167866497559,0.6207017152838261,0.02-0.10
pathway|Regulated Proteolysis of p75NTR,pathway,10,0.066071821569922,0.7002241053998399,0.6061703177635931,0.7496913055661258,0.6061703177635931,0.8407333770467247,0.7061605026463617,0.7663971094262999,0.6061703177635931,0.7998087171466479,0.6276516546773664,0.02-0.10
pathway|Glycogen Storage Diseases,pathway,11,0.0804190638403386,0.5831159649321364,0.3689533313683978,0.6476394157030859,0.3689533313683978,0.7375421412604434,0.6070775291965668,0.6592729163629039,0.358427385859745,0.6825399176825396,0.358427385859745,0.02-0.10
complex|ILK-PARVB-ARHGEF6 complex (human),complex,3,0.0966936714615059,0.5059120515447989,-0.016431574735498354,0.5225584277482846,-0.016431574735498354,0.5908002616169641,0.04079266378759836,0.591539492851481,-0.016431574735498354,0.7295016230578734,0.5845293372731111,0.02-0.10
pathway|IRAK1 Recruits IKK Complex,pathway,14,0.0288211020506374,0.26785655368273,-0.21059930404408386,0.3238874076040425,-0.21059930404408386,0.4297055030287458,-0.0034229524520786657,0.397435244251161,-0.21059930404408386,0.5445309175453975,0.23178587084509333,0.02-0.10
pathway|M-decay Degradation of Maternal mRNAs by Maternally Stored Factors,pathway,28,0.0366871037336775,0.22502160781984223,-0.433514515425381,0.33449599739072633,-0.433514515425381,0.5364938007831233,0.20897057072658592,0.4115147673692404,-0.433514515425381,0.5655523073262688,-0.1480095463843881,0.02-0.10
regulon|TFAP2C human,regulon,6,0.0753363422844216,0.7728182956179475,0.5545591469941875,0.6016151661048188,0.22105801132360378,0.3397044348762896,0.22105801132360378,0.6482447455516033,0.22105801132360378,0.7415039044451726,0.3192802870409455,0.02-0.10
pathway|APC Cdc20 Mediated Degradation of Cell Cycle Proteins Prior to Satisfation of the Checkpoint,pathway,47,0.0751632288230516,0.39131185777134303,-0.042163790518638125,0.4251674989599204,-0.042163790518638125,0.5229153074562396,0.21184963903410503,0.49124429727851204,-0.042163790518638125,0.6233978939156956,0.29192642608688685,0.02-0.10
pathway|Regulation of Gene Expression by Hypoxia-inducible Factor,pathway,7,0.0654111202338302,0.6132484689714693,0.5102927482859236,0.6687088265037678,0.5102927482859236,0.7706109060723185,0.611973147975863,0.7067438914353307,0.5102927482859236,0.7828140212984561,0.5568207532002936,0.02-0.10
complex|NCOR1 complex (human),complex,10,0.0976638236769093,0.7538365972328465,0.5134089249455711,0.7627607504341103,0.5134089249455711,0.7798364723922013,0.6766647466088619,0.7784010149905304,0.5134089249455711,0.8096815441033705,0.5460535951150276,0.02-0.10
pathway|Signaling by ALK in Cancer,pathway,75,0.0229918557060811,0.3035793710828839,-0.08898323429771297,0.34809795897727336,-0.08898323429771297,0.45830178315286185,0.1808671840330768,0.4128875630569339,-0.08898323429771297,0.5424667712162551,0.24495066940724816,0.02-0.10
celltype|Neutrophils,celltype,132,0.0499635786910348,0.6141069082476212,0.4513318396813542,0.6451522174654583,0.4513318396813542,0.7150904895045529,0.5047515450639132,0.6716988079094527,0.4513318396813542,0.7247919887974417,0.551855700230542,0.02-0.10
pathway|Nuclear Events Mediated by NFE2L2,pathway,75,0.0320928333275315,0.3169154408839206,0.08872752757303201,0.3332467843240398,0.08872752757303201,0.3943587135383009,0.09168100789037893,0.4011752519179385,0.08872752757303201,0.5370321871057357,0.284856793350328,0.02-0.10
pathway|Calcineurin Activates NFAT,pathway,8,0.024444490186892,0.34324828783479827,-0.3704502944350773,0.4223789306360203,-0.3704502944350773,0.6065600057058725,-0.1887629747486227,0.5045662630844567,-0.3704502944350773,0.6689409279813295,0.1334099100561743,0.02-0.10
"complex|Ubiquitin E3 ligase (VHL, TCEB1, TCEB2, CUL2) (human)",complex,4,0.0449818344499645,0.7822967763972004,0.6575004600015152,0.8298222955098418,0.6575004600015152,0.8892222256189791,0.8416688313796798,0.8175596175874085,0.6575004600015152,0.7930342617425424,0.6603429987769371,0.02-0.10
complex|BRCA1-core RNA polymerase II complex (human),complex,13,0.0461421761304867,0.48267342392177687,0.170631217462858,0.5476777622890183,0.170631217462858,0.6550402734013174,0.49881058403671286,0.588457974050576,0.170631217462858,0.6700183975736915,0.4371408963345046,0.02-0.10
pathway|Alternative Complement Activation,pathway,4,0.0487802293152652,0.541964394604787,0.15620376727969992,0.24875673555157135,-0.34369768960780395,-0.19718578378442267,-0.34369768960780395,0.33800660578169184,-0.34369768960780395,0.5165063462419329,-0.22170990680910477,0.02-0.10
complex|TBP-TAF complex (human),complex,3,0.0620726946708374,0.5952249082838433,0.26276076584038316,0.6655899000781746,0.26276076584038316,0.7953534274414411,0.492274607292064,0.7055423291717489,0.26276076584038316,0.7854471873588975,0.5009254148131311,0.02-0.10
pathway|RNA Pol II CTD Phosphorylation and Interaction With CE During HIV Infection,pathway,25,0.065560895180988,0.6137020623919294,0.38113064978315736,0.6803930854431665,0.38113064978315736,0.8037421222696572,0.49333311238416705,0.7134277566059768,0.38113064978315736,0.7794970989315969,0.5072435875892445,0.02-0.10
pathway|Major Pathway of rRNA Processing in the Nucleolus and Cytosol,pathway,164,0.0438541722486049,0.44574648879566237,0.10859754831430422,0.5186812033814163,0.10859754831430422,0.6403501802950594,0.22565374332997803,0.5415268712220151,0.10859754831430422,0.5872182069032124,0.23997873169464556,0.02-0.10
complex|PIDDsome complex (human),complex,3,0.0610895541773549,0.7750433095985626,0.5948451833445577,0.747837178306512,0.5693562445734504,0.6976552670854188,0.5693562445734504,0.7647734770852714,0.5693562445734504,0.7986460746427906,0.5763848229921872,0.02-0.10
signature|Unfolded Protein Response,signature,96,0.0431713095488339,0.5268509917975327,0.3564253088843791,0.6001199904859618,0.3564253088843791,0.7310005747548787,0.4910204512440601,0.6344298896218394,0.3564253088843791,0.7030496878935946,0.38714072334843713,0.02-0.10
pathway|TRAF6 Mediated Induction of NFkB and MAP Kinases Upon TLR7 8 or 9 Activation,pathway,90,0.0230229217974722,0.2729605701625957,-0.10994378170756632,0.362768449890835,-0.10994378170756632,0.5527289959223021,0.14881184314489507,0.42268661798870155,-0.10994378170756632,0.5425229541844347,0.052954292084726864,0.02-0.10
pathway|Chaperone Mediated Autophagy,pathway,18,0.0210627106748577,0.0810674305660999,-0.5622960186086475,0.1600258139129484,-0.5622960186086475,0.27194216724078524,-0.04720379833839934,0.242528515299893,-0.5622960186086475,0.40753391807378225,0.22901533833137516,0.02-0.10
pathway|trans-Golgi Network Vesicle Budding,pathway,57,0.0272657751697597,0.17646681978111647,-0.2764839107705296,0.223045896314192,-0.2764839107705296,0.3415057384058237,-0.2152184736608544,0.3143595403338106,-0.2764839107705296,0.49698682837304775,0.20890346788184208,0.02-0.10
pathway|Pre-NOTCH Processing in Golgi,pathway,16,0.035448787850909,0.340141800984652,-0.26558083356150897,0.4303362737728701,-0.26558083356150897,0.6237466092863037,0.2179554826768841,0.511221132784304,-0.26558083356150897,0.672990850807172,0.27921415505839314,0.02-0.10
complex|FAS-FADD-CASP10 complex (human),complex,3,0.0424116887287001,0.5485915937306356,-0.14107328041981274,0.5757518359077806,-0.14107328041981274,0.6396087239998587,0.18239601259862973,0.6389746285879018,-0.14107328041981274,0.7654202139481445,0.609637302334643,0.02-0.10
pathway|APC C Cdc20 Mediated Degradation of Cyclin B,pathway,15,0.0875610951592378,0.3941444351840058,0.0840650613375494,0.3695711155559712,0.0840650613375494,0.36450613870789234,0.1541126841359007,0.4487673422577588,0.0840650613375494,0.607159795661334,0.3828969123007453,0.02-0.10
pathway|Mitotic G1 Phase and G1 S Transition,pathway,103,0.0286617012279294,0.45236729495195066,0.05346437067205535,0.49228202706150404,0.05346437067205535,0.5860633874186018,0.28450552542996616,0.5383011641062306,0.05346437067205535,0.6303394381956833,0.35260739682436604,0.02-0.10
pathway|Translesion Synthesis by Y Family DNA Polymerases Bypasses Lesions on DNA Template,pathway,32,0.0346259348636108,0.46331921752225197,0.25563031372647466,0.5133605463928737,0.25563031372647466,0.597118306894069,0.4041371948473791,0.5358267202483737,0.1866973606621091,0.5807590679593743,0.1866973606621091,0.02-0.10
pathway|Hedgehog 'Off' State,pathway,69,0.0258968073371185,0.3705105855055435,0.1369681476333471,0.31186104704577533,-0.11594067603987403,0.2971752745254542,-0.11594067603987403,0.3741073050979099,-0.11594067603987403,0.49859982120217905,0.1990649024629308,0.02-0.10
pathway|Toll Like Receptor 2 (TLR2) Cascade,pathway,98,0.0201940619672168,0.26598108310986396,-0.14610730482406292,0.3406381660363734,-0.14610730482406292,0.5143522279984958,0.06969428840471474,0.4011335919231342,-0.14610730482406292,0.5221244436966558,0.05361588249937764,0.02-0.10
celltype|Dendritic Cells,celltype,157,0.0410958548604152,0.6030456737862311,0.44812483362993605,0.6122206112864873,0.44812483362993605,0.640673145421083,0.49697155019420164,0.6259409657108301,0.44812483362993605,0.6533816745595159,0.4709972694369093,0.02-0.10
pathway|SUMOylation of Transcription Cofactors,pathway,35,0.0258109442432686,0.20911400166977898,-0.2549396045069325,0.3197578327674391,-0.2549396045069325,0.5341260488630479,0.00798373218170601,0.41359736283754894,-0.2549396045069325,0.6012764229777687,0.2997383403145328,0.02-0.10
pathway|Selenoamino Acid Metabolism,pathway,98,0.0415730879744765,0.26257916265741693,-0.13399979435226375,0.24816972959541964,-0.2548286629650074,0.23541694833482843,-0.2548286629650074,0.3020384586475584,-0.2548286629650074,0.40977591675183617,0.07140847052202055,0.02-0.10
celltype|Osteoclasts,celltype,112,0.0405885725047291,0.539148331660538,0.21849063521813786,0.5972584092430975,0.21849063521813786,0.7022292124148404,0.3875783355521642,0.6226605351118588,0.21849063521813786,0.6734647868493819,0.3800816637984219,0.02-0.10
complex|TNF-alpha/NF-kappa B signaling complex 5 (human),complex,21,0.0263207390845634,0.37769204409412055,0.13728131118439835,0.441110658139773,0.13728131118439835,0.5783252141150509,0.16266478606184528,0.49862827701717927,0.10953480231203755,0.613663514771992,0.10953480231203755,0.02-0.10
pathway|MyD88 Deficiency (TLR2 4),pathway,13,0.0433201396850453,0.14825833917047693,-0.3590609474948858,0.19438174878760867,-0.3860860365187085,0.3632005806551771,-0.3860860365187085,0.295191867146824,-0.3860860365187085,0.49681210386525476,0.027898663734279034,0.02-0.10
pathway|Inactivation of CSF3 (G-CSF) Signaling,pathway,20,0.0343932451839408,0.2049111898379913,-0.356508300837421,0.2647942136506934,-0.39552689114740613,0.42244606832284737,-0.39552689114740613,0.36697167157230876,-0.39552689114740613,0.5713265874155397,0.15556304185472608,0.02-0.10
regulon|ATF6 human,regulon,10,0.1049387927395525,0.6015366447189058,0.17534517165711827,0.6572601629613336,0.17534517165711827,0.7617036384675115,0.4968855065151702,0.699840128227763,0.17534517165711827,0.7850000587606216,0.3886237104716605,0.10-0.30
pathway|Activated NTRK2 Signals Through CDK5,pathway,4,0.1420297521764385,0.8688626154881774,0.7758051052126695,0.8902945813438425,0.7758051052126695,0.9156160799298206,0.8770497126343475,0.8868119533510298,0.769557193825311,0.8798466973654042,0.769557193825311,0.10-0.30
pathway|Activation of NOXA and Translocation to Mitochondria,pathway,4,0.1036807336933972,0.8718616407664507,0.7501292909986548,0.8980928255355238,0.7501292909986548,0.9315113037594722,0.9070147525191847,0.8884262121110367,0.7501292909986548,0.8690929852620626,0.7655765634405867,0.10-0.30
pathway|Ca2+ Activated K+ Channels,pathway,6,0.1183849978172477,0.8633719585402077,0.7247248188497656,0.8575066999872704,0.7179580498213044,0.8384476809566062,0.7179580498213044,0.8575745103183845,0.7179580498213044,0.857710130980613,0.7465018685912653,0.10-0.30
pathway|Purine Ribonucleoside Monophosphate Biosynthesis,pathway,11,0.1046592249737036,0.6156738968348723,0.358822359514043,0.6774939981803028,0.358822359514043,0.8039219033107974,0.4941383154770577,0.7177083043093407,0.358822359514043,0.7981369165674166,0.45768966423830737,0.10-0.30
complex|CyclinD3-CDK4-CDK6-p21 complex (human),complex,4,0.1137773159723349,0.7168729292073971,0.4565175038089354,0.771993736138299,0.4565175038089354,0.8678458225176305,0.7518782344049756,0.801866067937294,0.4565175038089354,0.8616107315352843,0.733798748526254,0.10-0.30
pathway|Diseases of Base Excision Repair,pathway,3,0.2095045332698351,0.8723503701743746,0.7651810263715213,0.891899613545393,0.7651810263715213,0.9256350740301347,0.7883015846798731,0.8935361582099197,0.7321632117982415,0.8968092475389733,0.7321632117982415,0.10-0.30
pathway|SMAC(DIABLO)-mediated Dissociation of IAP Caspase Complexes,pathway,6,0.1151312537656987,0.7670634748097663,0.5230256671320813,0.8092488073029805,0.5230256671320813,0.8817549794858852,0.7237126269044014,0.8251564239204415,0.5230256671320813,0.8569716571553638,0.5998048371320092,0.10-0.30
pathway|IRE1alpha Activates Chaperones,pathway,42,0.1063613354046695,0.8092373235665571,0.7226428764238597,0.8344627685356185,0.7226428764238597,0.8786919680659733,0.789908087453504,0.8439877866080376,0.7226428764238597,0.8630378227528759,0.7328515484171051,0.10-0.30
complex|JBP1-pICln complex (human),complex,3,0.2221581827955825,0.7723788513177484,0.5095885203405608,0.789015519958682,0.5095885203405608,0.832805851938906,0.5705962059519958,0.8163720454694455,0.5095885203405608,0.8710850964909721,0.6987777959924548,0.10-0.30
pathway|SMAC (DIABLO) Binds to IAPs,pathway,6,0.1151312537656987,0.7670634748097663,0.5230256671320813,0.8092488073029805,0.5230256671320813,0.8817549794858852,0.7237126269044014,0.8251564239204415,0.5230256671320813,0.8569716571553638,0.5998048371320092,0.10-0.30
pathway|Arachidonate Production From DAG,pathway,5,0.1667390492580445,0.7593296995946264,0.5903594245100285,0.7727829225510081,0.5903594245100285,0.7952384178602224,0.6939502236776198,0.7947793779271478,0.5903594245100285,0.8387722886794272,0.6468222963200271,0.10-0.30
pathway|Nef Mediated CD4 Down-regulation,pathway,8,0.1927673555865832,0.7708061042055508,0.5755524603094244,0.8175771747206628,0.5755524603094244,0.8899991814229464,0.7319947694986776,0.8286198118160687,0.5755524603094244,0.8507050860068806,0.6080280006610118,0.10-0.30
pathway|Synthesis of GDP-mannose,pathway,6,0.2295426502581421,0.8582426593486826,0.7399276443703187,0.8849703170997619,0.7399276443703187,0.9217135119921556,0.8425892979157438,0.8860469887839865,0.7090351184579641,0.888200332152436,0.7090351184579641,0.10-0.30
"complex|Ecsit complex (ECSIT, NDUFS3, NDUFAF1) (human)",complex,3,0.2557797837451701,0.7990752630096423,0.5561061307564674,0.8451968693628908,0.5561061307564674,0.9207131405109272,0.7903348008352278,0.8590507222462256,0.5561061307564674,0.8867584280128955,0.6296423072679135,0.10-0.30
regulon|WWTR1 human,regulon,5,0.1232015293697438,0.7609449217876282,0.5962557014343679,0.8060372913702014,0.5962557014343679,0.8865550005012569,0.6931220653702371,0.8255358755122147,0.5962557014343679,0.8645330437962416,0.627593862745993,0.10-0.30
complex|Nup 107-160 subcomplex (human),complex,9,0.1453374787587535,0.8347697824084349,0.7331322395700255,0.859021304144069,0.7331322395700255,0.9048664552018278,0.7696829154038032,0.8687353156649447,0.7196778080092919,0.8881633387066958,0.7196778080092919,0.10-0.30
pathway|Diseases Associated With N-glycosylation of Proteins,pathway,19,0.1084716961558178,0.6582862327817379,0.31153709688345577,0.7156819033916086,0.31153709688345577,0.8177491906460931,0.5901912708123727,0.749326148304607,0.31153709688345577,0.8166146381306039,0.5186997144404749,0.10-0.30
complex|MRN complex (MRE11-RAD50-NBN complex) (human),complex,3,0.126882849339582,0.745307321524368,0.46316307513566185,0.7721894815937465,0.4084341734329026,0.8320143769014969,0.4084341734329026,0.8044239881759289,0.4084341734329026,0.868893001340294,0.5806623787162707,0.10-0.30
regulon|FOSL1 mouse,regulon,5,0.10452506196491,0.5073124064972075,0.19169216688185242,0.6010226254654712,0.19169216688185242,0.7586996257248056,0.2364813672327391,0.627634818026824,0.19169216688185242,0.6808592031495294,0.20568426578346377,0.10-0.30
complex|Smrt-Sin3A-Hdac7 complex (mouse),complex,3,0.1394481064172918,0.5897194675510017,0.045100671504728795,0.682047502178438,0.045100671504728795,0.8456692313724348,0.5476514943261702,0.7276225179612095,0.045100671504728795,0.8187725495267528,0.435188670922568,0.10-0.30
complex|TRF1-TIN2 complex (human),complex,3,0.2393315727000827,0.7596299640699641,0.49653322600042094,0.7437985477173573,0.49653322600042094,0.7133018024682389,0.5545057055512955,0.7693843071664347,0.49653322600042094,0.8205558260645894,0.590216133947023,0.10-0.30
"complex|TRF-Rap1 complex I, 2MD (human)",complex,4,0.2239675220890924,0.8200250842989182,0.626809403012611,0.7713776696833378,0.5266500028751319,0.6974554716722726,0.5266500028751319,0.800877138149364,0.5266500028751319,0.8598760750814163,0.6936511673214923,0.10-0.30
"complex|Death-inducing signaling complex DISC (type I cells associated), stimulated (human)",complex,3,0.1720234294105126,0.8552638131425606,0.7539927197863256,0.8394640391039146,0.7325551190050978,0.8262896745530883,0.7325551190050978,0.8520426246928084,0.7325551190050978,0.8771997958705959,0.769073358892112,0.10-0.30
complex|HSP70-BAG5-PARK2 complex (human),complex,3,0.1572244590923358,0.8548065431450874,0.6960350307182089,0.8668528106786738,0.6960350307182089,0.8849127996186356,0.7134994062369031,0.8749945200674134,0.6960350307182089,0.8912779388448927,0.7756872754467395,0.10-0.30
complex|NCOR-HDAC3 complex (human),complex,5,0.1614348259029559,0.6578461957874976,0.3015916181665534,0.7199026905425565,0.3015916181665534,0.8409193267074869,0.5153599213769368,0.7479985049026392,0.3015916181665534,0.8041901336228042,0.4411848768209278,0.10-0.30
complex|NELF complex (Negative elongation factor complex) (human),complex,4,0.1960975185173159,0.8920876852537303,0.8046254599195465,0.9119144672813911,0.8046254599195465,0.9423724291246673,0.8559224977068239,0.9078019540680453,0.7340779961226086,0.8995769276413537,0.7340779961226086,0.10-0.30
complex|RPAP1-RPB2-RPB3 complex (human),complex,3,0.1104274225844508,0.7936611238235134,0.5604166159339993,0.832007154618623,0.5604166159339993,0.9014868566778638,0.787553505092514,0.849973203217959,0.5604166159339993,0.885905300416631,0.7014989032737367,0.10-0.30
pathway|Establishment of Sister Chromatid Cohesion,pathway,8,0.1836832920491637,0.8271122736418873,0.7049108965420952,0.8513316831807103,0.7049108965420952,0.8877289994982289,0.8424643634120207,0.8607480216684124,0.7049108965420952,0.8795806986438166,0.7425708784058821,0.10-0.30
regulon|RBMX human,regulon,5,0.1834058512192745,0.6894042102049366,0.43412737689290354,0.7147779836330821,0.43412737689290354,0.7554411372280311,0.44575260939512984,0.7442498999532058,0.43412737689290354,0.8031937325934532,0.6121433843657992,0.10-0.30
regulon|RFXAP human,regulon,13,0.1218921104258961,0.5404690108823399,0.21826827232628043,0.5677080963995912,0.21826827232628043,0.5702635603856752,0.3151822147178837,0.5810023529714649,0.21826827232628043,0.6075908661152122,0.33657243190627684,0.10-0.30
pathway|Alpha-protein Kinase 1 Signaling Pathway,pathway,8,0.1170480620406749,0.45176035852602636,0.16823389620078236,0.3883758818466746,0.16823389620078236,0.2926255009459635,0.17405645571538353,0.4637151305851476,0.16823389620078236,0.6143936280620934,0.28993083741922915,0.10-0.30
"complex|eIF3 complex (EIF3S6, EIF3S5, EIF3S4, EIF3S3, EIF3S6IP, EIF3S2, EIF3S9, EIF3S12,  EIF3S10, EIF3S8,  EIF3S1, EIF3S7, PCID1) (human)",complex,13,0.1008672659036331,0.36323127129395766,-0.30284037790556273,0.4250055650348565,-0.30284037790556273,0.5487038007481984,0.2510285783095054,0.4962452904953008,-0.30284037790556273,0.6387247414161896,0.401106981615164,0.10-0.30
complex|RAF1-MAP2K1-YWHAE complex (human),complex,3,0.1529266017974334,0.8132585307267032,0.7059077409180741,0.8375933485183016,0.7059077409180741,0.8791795351393945,0.7494839297431612,0.8513467727247959,0.7059077409180741,0.8788536211377853,0.7094788831934036,0.10-0.30
pathway|Synthesis of diphthamide-EEF2,pathway,5,0.1537073416241842,0.7497818131644874,0.5814160130454551,0.7964756765746667,0.5814160130454551,0.8742933150276961,0.7106758181550488,0.8147055975956857,0.5765248898101533,0.8511654396377235,0.5765248898101533,0.10-0.30
complex|TIP49-TIP48-BAF53 complex (human),complex,3,0.1747911051942289,0.8350988405160482,0.7018443874112271,0.8648525530794755,0.7018443874112271,0.9172629811798745,0.7315417945130473,0.874143175073636,0.7018443874112271,0.8927244190619575,0.7155701524640949,0.10-0.30
complex|HES1 promoter-Notch enhancer complex (human),complex,11,0.1007262612159193,0.45704558115467103,-0.15797543367190314,0.5659433153879856,-0.15797543367190314,0.7715917649756936,0.20597161833237576,0.6258555083866314,-0.15797543367190314,0.745679894383923,0.06590799547710396,0.10-0.30
pathway|Regulation of PTEN Localization,pathway,8,0.1092098681535152,0.30878499095603656,-0.14382141959704575,0.21710915448323864,-0.274976331883454,0.07583118338819565,-0.274976331883454,0.31817894502225086,-0.274976331883454,0.5203185261002753,0.06077431784481172,0.10-0.30
complex|ITGA4-ITGB1-CD53 complex (human),complex,3,0.1116852110414795,0.5956452983082311,0.13163253301812078,0.632630232519654,0.13163253301812078,0.7128761125894489,0.16233923945147122,0.6869604988547416,0.13163253301812078,0.795621031524917,0.4903000732632092,0.10-0.30
complex|FYB-CARMA1-BCL-10-MALT1 complex (human),complex,3,0.2450874544057322,0.837016405018229,0.6911823499567019,0.8718839676499218,0.6911823499567019,0.9272742918578738,0.8889241407633187,0.8807331665989896,0.6911823499567019,0.8984315644971247,0.8136530541679159,0.10-0.30
pathway|p75NTR Recruits Signalling Complexes,pathway,11,0.1009472095373319,0.42598617720532556,0.0057696405559270565,0.49295846139124855,0.0057696405559270565,0.6257357722612051,0.3831447327120607,0.5599254462843452,0.0057696405559270565,0.6938594160705387,0.5073564181632944,0.10-0.30
complex|RB1-HDAC1-BRG1 complex (human),complex,3,0.1769210926028148,0.6320132396967306,0.2150979058590623,0.6632992576643706,0.2150979058590623,0.740579289705198,0.32218704139997717,0.715327333668027,0.2150979058590623,0.8193834856753404,0.5753065566322192,0.10-0.30
complex|Decapping complex (human),complex,4,0.1310418042161395,0.8622898087141694,0.7730136674965996,0.8645020630758724,0.7730136674965996,0.8812770070568872,0.7825153424034808,0.8652991295803926,0.7460635940313544,0.866893262589433,0.7460635940313544,0.10-0.30
complex|DNA ligase III-XRCC1-PNK-DNA-pol III multiprotein complex (human),complex,4,0.2058763840633828,0.8984733324242621,0.8059536614241655,0.919143442934821,0.8059536614241655,0.9506014556089891,0.8861814879417906,0.918934080300268,0.8013394193504291,0.9185153550311626,0.8013394193504291,0.10-0.30
complex|hNURF complex (human),complex,3,0.2260122739227847,0.8616256063589408,0.7363692111880872,0.8881899441779135,0.7363692111880872,0.9308685108782514,0.8266506837633235,0.895574370056547,0.7363692111880872,0.9103432218138146,0.7367879514024173,0.10-0.30
complex|Agap11-AP3 complex (mouse),complex,3,0.1847808047681411,0.7120189970969539,0.3938794334310665,0.765054160007071,0.3938794334310665,0.8634438008191813,0.5408274401001545,0.7987104428064757,0.3938794334310665,0.8660230084052852,0.6105952595309934,0.10-0.30
data_derived|MODULE_0045,data_derived,5,0.3266863114372612,0.8702403332753063,0.7495347523791227,0.8938714462369711,0.7495347523791227,0.9373700254418008,0.7565105919728878,0.9028674021716864,0.7300596315427275,0.9208593140411168,0.7300596315427275,>=0.30
data_derived|MODULE_0340,data_derived,9,0.3261278079634981,0.9266245159923586,0.8510287826450367,0.9349867057449919,0.8510287826450367,0.9472699686388399,0.8837982685662037,0.93538252832364,0.8465495576726627,0.9361741734809362,0.8465495576726627,>=0.30
data_derived|MODULE_0488,data_derived,12,0.4071509695454399,0.9556783039967843,0.9166837194618634,0.9636303778704207,0.9166837194618634,0.9748959256006728,0.9306170630550978,0.9613477644784779,0.8998665654235177,0.9567825376945926,0.8998665654235177,>=0.30
data_derived|MODULE_0303,data_derived,7,0.3434743051142375,0.9156771403626894,0.8333926940075543,0.9325681327297664,0.8333926940075543,0.9585962127455337,0.8930246307926064,0.93229792620597,0.8255611443693136,0.9317575131583771,0.8255611443693136,>=0.30
pathway|Maturation of Protein E 9694493,pathway,4,0.3026512322628827,0.7105678143073689,0.5393547822145909,0.7444966773101624,0.5393547822145909,0.7633105487408934,0.6349928564470565,0.7401177139508988,0.47801836657647034,0.7313597872323713,0.47801836657647034,>=0.30
data_derived|MODULE_0112,data_derived,27,0.4514454832599998,0.9551510578374028,0.9098567396326201,0.9558999946327085,0.9098567396326201,0.9554743335025548,0.9492780682101071,0.9542021215598325,0.8989905310518501,0.9508063754140803,0.8989905310518501,>=0.30
data_derived|MODULE_0209,data_derived,15,0.3727917865634201,0.8494912484611596,0.7033339838933966,0.8785792349685178,0.7033339838933966,0.9317759638066765,0.7416570917114567,0.8923241124877633,0.7033339838933966,0.9198138675262552,0.7202892075320235,>=0.30
data_derived|MODULE_0328,data_derived,16,0.3906312686481006,0.935938659746891,0.8728385833298689,0.9451177284417481,0.8728385833298689,0.9619356716748717,0.8913367450137503,0.9477706793188486,0.8721533159030714,0.9530765810730497,0.8721533159030714,>=0.30
data_derived|MODULE_0231,data_derived,5,0.3175203753612365,0.88990169374941,0.7804317068577091,0.9095800161110477,0.7804317068577091,0.9450825910791041,0.8071701070661376,0.9164382946883192,0.7804317068577091,0.930154851842862,0.7937752008644706,>=0.30
complex|Vps29-Vps35-Vps26a complex (mouse),complex,3,0.3878962777759738,0.8275132422677292,0.6954794355012861,0.8543809101518625,0.6954794355012861,0.8979408944599815,0.7144561397927592,0.8639443246746282,0.6736608256512616,0.88307115372016,0.6736608256512616,>=0.30
data_derived|MODULE_0446,data_derived,7,0.3598176306597582,0.8886316796572163,0.7690473404087012,0.9037307304545802,0.7690473404087012,0.928700180933277,0.8233764090177936,0.911759881707879,0.7690473404087012,0.9278181842144768,0.803826954966915,>=0.30
data_derived|MODULE_0281,data_derived,13,0.359587173964386,0.8606407780033486,0.7368437074590292,0.8872660558847562,0.7368437074590292,0.9360932536057425,0.7604879292979018,0.8993459748720571,0.7290168693188439,0.9235058128466586,0.7290168693188439,>=0.30
data_derived|MODULE_0532,data_derived,11,0.365100423004602,0.9262559973470642,0.8672443109296393,0.9394534352723583,0.8672443109296393,0.9627063053265555,0.8915542107405345,0.9427875055555616,0.8609970400938866,0.9494556461219684,0.8609970400938866,>=0.30
data_derived|MODULE_0224,data_derived,11,0.3215537276850067,0.8828102083516057,0.7574722872677419,0.8801029144468682,0.7574722872677419,0.8786490587345668,0.7823632813556172,0.8889934374560057,0.7574722872677419,0.9067744834742802,0.7718271423987302,>=0.30
data_derived|MODULE_0040,data_derived,172,0.6862171905127167,0.9853036198192919,0.9686589932050476,0.9885111857065059,0.9686589932050476,0.9911198042098317,0.9823088828998495,0.9851488451522434,0.9552127339331327,0.9784241640437188,0.9552127339331327,>=0.30
data_derived|MODULE_0376,data_derived,13,0.4037755404913732,0.8360161723603899,0.6996785023194696,0.8649375390832473,0.6996785023194696,0.9179283602322957,0.7239997889915852,0.8812679931049462,0.6996785023194696,0.9139289011483441,0.7186413825640768,>=0.30
data_derived|MODULE_0531,data_derived,8,0.3357131163827027,0.8845125416125184,0.7857772702731034,0.9089135042500665,0.7857772702731034,0.9518368376117718,0.8350015744943374,0.9168480012641091,0.7857772702731034,0.9327169952921943,0.7957857025210372,>=0.30
data_derived|MODULE_0273,data_derived,16,0.3367943712049875,0.916494251306549,0.8456266104535763,0.932246792035256,0.8456266104535763,0.9580810606974991,0.8761465438617525,0.9352967395569564,0.8456266104535763,0.9413966346003573,0.8530759744639239,>=0.30
complex|Hsp110-Hsc70-Hsp25 complex (mouse),complex,3,0.3711012616669012,0.859424759978031,0.6996507019663843,0.8866313123853896,0.6996507019663843,0.9314137369033866,0.8593069983800392,0.8971041464724135,0.6996507019663843,0.918049814646461,0.799481549309931,>=0.30
data_derived|MODULE_0304,data_derived,8,0.3300460620004731,0.8935652315305603,0.7987379710331394,0.9105520772677014,0.7987379710331394,0.9415954646456083,0.8271613582103958,0.9164204923605851,0.7829504324191782,0.9281573225463532,0.7829504324191782,>=0.30
data_derived|MODULE_0219,data_derived,7,0.4684412545851972,0.9061614181700685,0.8212510451563363,0.9248437479937817,0.8212510451563363,0.9557658315031334,0.8446245971624399,0.9270219255807789,0.7938734397141329,0.9313782807547735,0.7938734397141329,>=0.30
data_derived|MODULE_0297,data_derived,6,0.334350207271271,0.9353224516443582,0.881946001750068,0.9467158047682096,0.881946001750068,0.9621466147225446,0.8959260315353216,0.9435708443789985,0.8531417015344435,0.9372809236005766,0.8531417015344435,>=0.30
data_derived|MODULE_0041,data_derived,5,0.3884837267699234,0.8769540764675406,0.7514035205351923,0.9016645187298525,0.7514035205351923,0.942231399219021,0.7884886625994184,0.9082472369355145,0.7514035205351923,0.9214126733468383,0.7849148349507927,>=0.30
data_derived|MODULE_0298,data_derived,51,0.397367381085629,0.9565312370709029,0.9210394314153277,0.9639392203832813,0.9210394314153277,0.9768986047537327,0.9307881174466193,0.9640467039426693,0.9098315880896433,0.9642616710614458,0.9098315880896433,>=0.30
data_derived|MODULE_0547,data_derived,9,0.3049959622089213,0.8078759528368865,0.6629836945306793,0.8276910717799606,0.6620954788126164,0.8678848701213469,0.6620954788126164,0.8450213752438561,0.6421677875539029,0.8796819821716468,0.6421677875539029,>=0.30
data_derived|MODULE_0229,data_derived,8,0.3638761776425347,0.8661142664516115,0.7696811443223668,0.8880513937257435,0.7696811443223668,0.9234421297026048,0.8605734463947634,0.898198069198663,0.7696811443223668,0.9184914201445015,0.8001785889445803,>=0.30
data_derived|MODULE_0025,data_derived,5,0.3663986481367233,0.9221475038579179,0.8499247589374492,0.9354449431108003,0.8499247589374492,0.9566262562714511,0.8594485773467422,0.9387225466409147,0.8499247589374492,0.9452777537011434,0.8683327369167113,>=0.30
"complex|EIF3 complex (EIF3B, EIF3G, EIF3I) (human)",complex,3,0.5160310528081741,0.9018437946114296,0.8330539422228853,0.9087163961978296,0.8330539422228853,0.9165869304228099,0.8352992631347204,0.9106331202751234,0.8261260900636135,0.914466568429711,0.8261260900636135,>=0.30
data_derived|MODULE_0541,data_derived,22,0.4172200917135489,0.9130350518908043,0.830710252726995,0.9298195096787383,0.830710252726995,0.9605880752710186,0.8579782047149985,0.9362423518979559,0.830710252726995,0.9490880363363908,0.8424247364546056,>=0.30
data_derived|MODULE_0233,data_derived,85,0.3901854254056722,0.9772179290252571,0.9589666419538022,0.9807172678826198,0.9589666419538022,0.9857789522485877,0.9672210051411534,0.9786428046806012,0.9483479942770401,0.9744938782765639,0.9483479942770401,>=0.30
data_derived|MODULE_0026,data_derived,13,0.3875027093603579,0.8975737995395282,0.8075984466840956,0.912678894790657,0.8075984466840956,0.9424407403459136,0.8361037835710065,0.9225292394571454,0.8075984466840956,0.9422299287901218,0.8079488611439043,>=0.30
data_derived|MODULE_0299,data_derived,5,0.3310854141637173,0.8866982299643841,0.7553181558604063,0.9054493169814233,0.7553181558604063,0.938980120281132,0.7768525772474629,0.9112935248445464,0.7553181558604063,0.9229819405707926,0.7754231727806881,>=0.30
pathway|Maturation of Protein E 9683683,pathway,4,0.3026512322628827,0.7105678143073689,0.5393547822145909,0.7444966773101624,0.5393547822145909,0.7633105487408934,0.6349928564470565,0.7401177139508988,0.47801836657647034,0.7313597872323713,0.47801836657647034,>=0.30
data_derived|MODULE_0512,data_derived,96,0.3625091721406372,0.960155690660633,0.917552368387384,0.9680641493948634,0.917552368387384,0.9791317482708249,0.9643427192981708,0.9664776681778162,0.917552368387384,0.9633047057437215,0.926664472637446,>=0.30
data_derived|MODULE_0348,data_derived,6,0.757917979023931,0.9656360523943274,0.9375043336588615,0.9635566949417795,0.9375043336588615,0.9546496583499987,0.9314976566981632,0.9557630757547552,0.9254725759337816,0.940175837380707,0.9254725759337816,>=0.30
data_derived|MODULE_0275,data_derived,8,0.3010957796600473,0.860208668973363,0.7257512753244603,0.8880832001902217,0.7257512753244603,0.934326860142308,0.8116100559257927,0.8962658880096669,0.7257512753244603,0.9126312636485572,0.7354593564175002,>=0.30
data_derived|MODULE_0342,data_derived,12,0.3508330701239101,0.9030495649089757,0.8079974239844653,0.9215656823417401,0.8079974239844653,0.9551470607815178,0.8467446687064063,0.9287878071090411,0.8079974239844653,0.9432320566436438,0.8153555686069849,>=0.30
complex|PCNA-MSH2-MSH6 complex (human),complex,3,0.3648362214212784,0.9272354035400121,0.8390273799272309,0.9020187319893938,0.8044858265415463,0.8467383504054057,0.7769168533731641,0.9018062386125912,0.7769168533731641,0.9013812518589861,0.7769168533731641,>=0.30
complex|SWAP complex (mouse),complex,3,0.3523611607191175,0.8726865627385406,0.7593150123090621,0.8963860062693497,0.7593150123090621,0.9389747155988262,0.7654526937701107,0.9015352867975196,0.7003944879427121,0.9118338478538595,0.7003944879427121,>=0.30
data_derived|MODULE_0473,data_derived,140,0.395302693177749,0.9842504556505242,0.9734944062396024,0.9863685182151452,0.9734944062396024,0.9884227025924808,0.9766082148273039,0.9826613126956885,0.9596381947901365,0.9752469016567751,0.9596381947901365,>=0.30
