family,signature,n_genes,n_annotated,coverage_annotation,n_present,coverage,pass_coverage,pass_min_size,pass_max_size,主解析,感度分析
乳がん予後,ABBA,111,100,0.9009,95,0.8559,True,True,True,True,True
乳がん予後,ADORNO,2,1,0.5,1,0.5,False,False,True,False,False
乳がん予後,BEN-PORATH-EXP1,367,321,0.8747,255,0.6948,True,True,False,True,False
乳がん予後,BEN-PORATH-PRC2,631,581,0.9208,178,0.2821,False,True,True,False,False
乳がん予後,BUESS,30,28,0.9333,25,0.8333,True,True,True,True,True
乳がん予後,BUFFA,3,3,1.0,3,1.0,True,True,True,True,True
乳がん予後,CARTER,70,63,0.9,60,0.8571,True,True,True,True,True
乳がん予後,CHANG,355,316,0.8901,297,0.8366,True,True,False,True,False
乳がん予後,CHI,136,117,0.8603,92,0.6765,True,True,True,True,True
乳がん予後,CRAWFORD,377,327,0.8674,291,0.7719,True,True,False,True,False
乳がん予後,DAI,35,30,0.8571,28,0.8,True,True,True,True,True
乳がん予後,GLINSKY,11,11,1.0,10,0.9091,True,True,True,True,True
乳がん予後,HALLSTROM,78,69,0.8846,54,0.6923,True,True,True,True,True
乳がん予後,HE,6,0,0.0,0,0.0,False,False,True,False,False
乳がん予後,HU,13,10,0.7692,10,0.7692,True,True,True,True,True
乳がん予後,HUA,1345,1230,0.9145,1053,0.7829,True,True,False,True,False
乳がん予後,IVSHINA,17,16,0.9412,16,0.9412,True,True,True,True,True
乳がん予後,KOK,179,159,0.8883,138,0.7709,True,True,True,True,True
乳がん予後,KORKOLA,21,20,0.9524,15,0.7143,True,True,True,True,True
乳がん予後,LIU,167,142,0.8503,133,0.7964,True,True,True,True,True
乳がん予後,MA,30,29,0.9667,28,0.9333,True,True,True,True,True
乳がん予後,MILLER,18,18,1.0,15,0.8333,True,True,True,True,True
乳がん予後,MORI,156,125,0.8013,102,0.6538,True,True,True,True,True
乳がん予後,PAIK,16,15,0.9375,13,0.8125,True,True,True,True,True
乳がん予後,PAWITAN,46,40,0.8696,34,0.7391,True,True,True,True,True
乳がん予後,PEI,2,2,1.0,2,1.0,True,False,True,False,False
乳がん予後,RAMASWAMY,16,16,1.0,14,0.875,True,True,True,True,True
乳がん予後,REUTER,714,641,0.8978,528,0.7395,True,True,False,True,False
乳がん予後,RHODES,67,60,0.8955,58,0.8657,True,True,True,True,True
乳がん予後,SAAL,162,140,0.8642,123,0.7593,True,True,True,True,True
乳がん予後,SHIPITSIN,56,51,0.9107,48,0.8571,True,True,True,True,True
乳がん予後,SORLIE,15,15,1.0,12,0.8,True,True,True,True,True
乳がん予後,SOTIRIOU-93,343,328,0.9563,272,0.793,True,True,False,True,False
乳がん予後,SOTIRIOU-GGI,90,79,0.8778,73,0.8111,True,True,True,True,True
乳がん予後,META-PCNA,129,117,0.907,93,0.7209,True,True,True,True,True
乳がん予後,TAUBE,242,228,0.9421,174,0.719,True,True,True,True,True
乳がん予後,TAVAZOIE,6,6,1.0,5,0.8333,True,True,True,True,True
乳がん予後,VALASTYAN,6,6,1.0,5,0.8333,True,True,True,True,True
乳がん予後,VANTVEER,60,52,0.8667,43,0.7167,True,True,True,True,True
乳がん予後,WANG-76,68,57,0.8382,42,0.6176,True,True,True,True,True
乳がん予後,WANG-ALK5T204D,239,207,0.8661,131,0.5481,False,True,True,False,False
乳がん予後,WELM,3,3,1.0,2,0.6667,True,False,True,False,False
乳がん予後,WEST,468,415,0.8868,325,0.6944,True,True,False,True,False
乳がん予後,WHITFIELD,587,512,0.8722,465,0.7922,True,True,False,True,False
乳がん予後,WONG-ESC,335,313,0.9343,301,0.8985,True,True,False,True,False
乳がん予後,WONG-MITOCHON,217,197,0.9078,182,0.8387,True,True,True,True,True
乳がん予後,WONG-PROTEAS,46,46,1.0,45,0.9783,True,True,True,True,True
乳がん予後,YU,14,13,0.9286,8,0.5714,False,True,True,False,False
meta-PCNA,super_PCNA,129,117,0.907,93,0.7209,True,True,True,True,True
増殖,benporath2008prolifGO,374,336,0.8984,301,0.8048,True,True,False,True,False
増殖,benporath2008prolifperiodic,647,568,0.8779,515,0.796,True,True,False,True,False
増殖,benporath2008prolifcluster,147,126,0.8571,119,0.8095,True,True,True,True,True
増殖,allprolif,1003,873,0.8704,788,0.7856,True,True,False,True,False
非がん,HAYASHI07-LAUGHTER,26,23,0.8846,12,0.4615,False,True,True,False,False
非がん,KRISHNAN2007DEFEAT,163,0,0.0,0,0.0,False,False,True,False,False
非がん,RINN2006SKINPOS,259,233,0.8996,181,0.6988,True,True,True,True,True
MSigDB c2,CHESLER_D6MIT150_TRANSCRIPTION_FACTORS_GLOCUS,9,9,1.0,5,0.5556,False,True,True,False,False
MSigDB c2,DEATHPATHWAY,32,32,1.0,31,0.9688,True,True,True,True,True
MSigDB c2,MRNA_PROCESSING,40,26,0.65,24,0.6,True,True,True,True,True
MSigDB c2,LE_MYELIN_DN,94,90,0.9574,71,0.7553,True,True,True,True,True
MSigDB c2,TCAPOPTOSISPATHWAY,8,6,0.75,4,0.5,False,True,True,False,False
MSigDB c2,MRNA_PROCESSING_REACTOME,102,80,0.7843,76,0.7451,True,True,True,True,True
MSigDB c2,ATP_SYNTHESIS,21,19,0.9048,13,0.619,True,True,True,True,True
MSigDB c2,ROSS_CBF,77,71,0.9221,53,0.6883,True,True,True,True,True
MSigDB c2,AGUIRRE_PANCREAS_CHR12,55,48,0.8727,46,0.8364,True,True,True,True,True
MSigDB c2,CCR3PATHWAY,21,21,1.0,13,0.619,True,True,True,True,True
MSigDB c2,NEUTROPHILPATHWAY,8,8,1.0,8,1.0,True,True,True,True,True
MSigDB c2,INOSITOL_METABOLISM,5,5,1.0,4,0.8,True,True,True,True,True
MSigDB c2,TRYPTOPHAN_METABOLISM,56,53,0.9464,22,0.3929,False,True,True,False,False
MSigDB c2,ELECTRON_TRANSPORTER_ACTIVITY,111,106,0.955,72,0.6486,True,True,True,True,True
MSigDB c2,ACETYLCHOLINE_SYNTHESIS,8,8,1.0,4,0.5,False,True,True,False,False
MSigDB c2,ALTERNATIVEPATHWAY,6,6,1.0,3,0.5,False,True,True,False,False
MSigDB c2,BYSTRYKH_SCP2_CIS_TRANSCRIPTS_GLOCUS,5,5,1.0,4,0.8,True,True,True,True,True
MSigDB c2,PGC1APATHWAY,23,23,1.0,15,0.6522,True,True,True,True,True
MSigDB c2,ST_INTERFERON_GAMMA_PATHWAY,9,9,1.0,7,0.7778,True,True,True,True,True
MSigDB c2,HUMAN_MITODB_6_2002,383,354,0.9243,310,0.8094,True,True,False,True,False
MSigDB c2,CITRATE_CYCLE_TCA_CYCLE,21,20,0.9524,18,0.8571,True,True,True,True,True
MSigDB c2,ST_WNT_CA2_CYCLIC_GMP_PATHWAY,19,19,1.0,10,0.5263,False,True,True,False,False
MSigDB c2,BIOSYNTHESIS_OF_STEROIDS,14,13,0.9286,13,0.9286,True,True,True,True,True
MSigDB c2,KENNY_WNT_UP,47,41,0.8723,37,0.7872,True,True,True,True,True
MSigDB c2,TYPE_III_SECRETION_SYSTEM,21,19,0.9048,13,0.619,True,True,True,True,True
MSigDB c2,TGF_BETA_SIGNALING_PATHWAY,48,48,1.0,39,0.8125,True,True,True,True,True
MSigDB c2,PMLPATHWAY,13,13,1.0,11,0.8462,True,True,True,True,True
MSigDB c2,CHEOK_MP_DN,7,5,0.7143,4,0.5714,False,True,True,False,False
MSigDB c2,CALCINEURINPATHWAY,18,18,1.0,16,0.8889,True,True,True,True,True
MSigDB c2,ST_INTERLEUKIN_13_PATHWAY,7,7,1.0,5,0.7143,True,True,True,True,True
MSigDB c2,PANTOTHENATE_AND_COA_BIOSYNTHESIS,12,12,1.0,8,0.6667,True,True,True,True,True
MSigDB c2,AGUIRRE_PANCREAS_CHR9,24,19,0.7917,18,0.75,True,True,True,True,True
MSigDB c2,RANPATHWAY,4,4,1.0,4,1.0,True,True,True,True,True
MSigDB c2,GLYCEROPHOSPHOLIPID_METABOLISM,50,47,0.94,32,0.64,True,True,True,True,True
MSigDB c2,RANKLPATHWAY,12,12,1.0,7,0.5833,False,True,True,False,False
MSigDB c2,D4GDIPATHWAY,12,12,1.0,11,0.9167,True,True,True,True,True
MSigDB c2,NELSON_ANDROGEN_DN,13,13,1.0,9,0.6923,True,True,True,True,True
MSigDB c2,ICHIBA_GVHD,241,230,0.9544,174,0.722,True,True,True,True,True
MSigDB c2,NITROGEN_METABOLISM,21,21,1.0,8,0.381,False,True,True,False,False
MSigDB c2,KREBPATHWAY,8,8,1.0,7,0.875,True,True,True,True,True
MSigDB c2,JISON_SICKLE_CELL,31,31,1.0,27,0.871,True,True,True,True,True
MSigDB c2,TARTE_PC,79,75,0.9494,69,0.8734,True,True,True,True,True
MSigDB c2,BYSTROM_IL5_DN,58,57,0.9828,54,0.931,True,True,True,True,True
MSigDB c2,ST_DIFFERENTIATION_PATHWAY_IN_PC12_CELLS,42,42,1.0,34,0.8095,True,True,True,True,True
MSigDB c2,CORDERO_KRAS_KD_VS_CONTROL_DN,54,50,0.9259,34,0.6296,True,True,True,True,True
MSigDB c2,TERCPATHWAY,6,6,1.0,6,1.0,True,True,True,True,True
MSigDB c2,TNFR1PATHWAY,28,28,1.0,27,0.9643,True,True,True,True,True
MSigDB c2,OVARIAN_INFERTILITY_GENES,25,25,1.0,15,0.6,True,True,True,True,True
MSigDB c2,SHEPARD_CRASH_AND_BURN_MUT_VS_WT_UP,145,123,0.8483,103,0.7103,True,True,True,True,True
MSigDB c2,INTRINSICPATHWAY,22,22,1.0,8,0.3636,False,True,True,False,False
MSigDB c2,RARRXRPATHWAY,14,14,1.0,14,1.0,True,True,True,True,True
MSigDB c2,EXTRINSICPATHWAY,13,13,1.0,5,0.3846,False,True,True,False,False
MSigDB c2,ECMPATHWAY,22,22,1.0,21,0.9545,True,True,True,True,True
MSigDB c2,BRENTANI_IMMUNE_FUNCTION,52,49,0.9423,32,0.6154,True,True,True,True,True
MSigDB c2,HOX_GENES,53,53,1.0,27,0.5094,False,True,True,False,False
MSigDB c2,ZHAN_TONSIL_PCBC,41,41,1.0,37,0.9024,True,True,True,True,True
MSigDB c2,KREBS_TCA_CYCLE,32,30,0.9375,28,0.875,True,True,True,True,True
MSigDB c2,ELECTRON_TRANSPORT_CHAIN,98,77,0.7857,67,0.6837,True,True,True,True,True
MSigDB c2,RASPATHWAY,21,20,0.9524,20,0.9524,True,True,True,True,True
MSigDB c2,SKP2E2FPATHWAY,9,9,1.0,8,0.8889,True,True,True,True,True
MSigDB c2,ROSS_PML_RAR,78,66,0.8462,47,0.6026,True,True,True,True,True
MSigDB c2,ST_TUMOR_NECROSIS_FACTOR_PATHWAY,28,27,0.9643,26,0.9286,True,True,True,True,True
MSigDB c2,NO2IL12PATHWAY,15,15,1.0,8,0.5333,False,True,True,False,False
MSigDB c2,GLEEVECPATHWAY,22,22,1.0,22,1.0,True,True,True,True,True
MSigDB c2,ZUCCHI_EPITHELIAL_DN,42,41,0.9762,34,0.8095,True,True,True,True,True
MSigDB c2,SA_PTEN_PATHWAY,17,16,0.9412,15,0.8824,True,True,True,True,True
MSigDB c2,CIRCADIANPATHWAY,6,6,1.0,6,1.0,True,True,True,True,True
MSigDB c2,LEI_HOXC8_UP,11,11,1.0,6,0.5455,False,True,True,False,False
MSigDB c2,BBCELLPATHWAY,4,4,1.0,3,0.75,True,True,True,True,True
MSigDB c2,KERATINOCYTEPATHWAY,43,43,1.0,36,0.8372,True,True,True,True,True
MSigDB c2,CELL_MOTILITY,102,96,0.9412,74,0.7255,True,True,True,True,True
MSigDB c2,CHEMICALPATHWAY,20,20,1.0,19,0.95,True,True,True,True,True
MSigDB c2,HIFPATHWAY,13,13,1.0,12,0.9231,True,True,True,True,True
MSigDB c2,METHIONINEPATHWAY,5,4,0.8,3,0.6,True,True,True,True,True
MSigDB c2,BRENTANI_CYTOSKELETON,19,19,1.0,11,0.5789,False,True,True,False,False
MSigDB c2,PARK_HSC_VS_MPP_DN,15,14,0.9333,11,0.7333,True,True,True,True,True
MSigDB c2,PASSERINI_APOPTOSIS,41,41,1.0,35,0.8537,True,True,True,True,True
MSigDB c2,LEE_CIP_DN,66,64,0.9697,21,0.3182,False,True,True,False,False
MSigDB c2,CASPASEPATHWAY,21,21,1.0,20,0.9524,True,True,True,True,True
MSigDB c2,ASTON_DEPRESSION_DN,151,140,0.9272,100,0.6623,True,True,True,True,True
MSigDB c2,BADPATHWAY,22,22,1.0,19,0.8636,True,True,True,True,True
MSigDB c2,ST_ERK1_ERK2_MAPK_PATHWAY,29,29,1.0,26,0.8966,True,True,True,True,True
MSigDB c2,STANELLE_E2F1_UP,28,27,0.9643,22,0.7857,True,True,True,True,True
MSigDB c2,TSP1PATHWAY,7,7,1.0,7,1.0,True,True,True,True,True
MSigDB c2,ARENRF2PATHWAY,13,13,1.0,11,0.8462,True,True,True,True,True
MSigDB c2,CHESLER_D6MIT150_CIS_GLOCUS,7,7,1.0,4,0.5714,False,True,True,False,False
MSigDB c2,FERRANDO_T_CELL_DIFFERENTIATION_PATHWAY,21,18,0.8571,8,0.381,False,True,True,False,False
MSigDB c2,SA_G2_AND_M_PHASES,8,7,0.875,7,0.875,True,True,True,True,True
MSigDB c2,N_GLYCAN_BIOSYNTHESIS,22,21,0.9545,19,0.8636,True,True,True,True,True
MSigDB c2,SIG_CD40PATHWAYMAP,33,32,0.9697,29,0.8788,True,True,True,True,True
MSigDB c2,FLAGELLAR_ASSEMBLY,21,19,0.9048,13,0.619,True,True,True,True,True
MSigDB c2,SIG_PIP3_SIGNALING_IN_CARDIAC_MYOCTES,64,62,0.9688,56,0.875,True,True,True,True,True
MSigDB c2,TGFBPATHWAY,14,13,0.9286,13,0.9286,True,True,True,True,True
MSigDB c2,SHIPP_DLBCL_CURED_DN,34,31,0.9118,27,0.7941,True,True,True,True,True
MSigDB c2,1_2_DICHLOROETHANE_DEGRADATION,8,8,1.0,6,0.75,True,True,True,True,True
MSigDB c2,GRANDVAUX_IFN_NOT_IRF3_UP,14,14,1.0,13,0.9286,True,True,True,True,True
MSigDB c2,UEDA_MOUSE_SCN,81,75,0.9259,64,0.7901,True,True,True,True,True
MSigDB c2,CACAMPATHWAY,14,14,1.0,8,0.5714,False,True,True,False,False
MSigDB c2,BYSTRYKH_FGF3_TARGETS_GLOCUS,8,8,1.0,6,0.75,True,True,True,True,True
MSigDB c2,YEN_MYC_WT,9,8,0.8889,6,0.6667,True,True,True,True,True
MSigDB c2,GPCRPATHWAY,34,34,1.0,29,0.8529,True,True,True,True,True
MSigDB c2,BLYMPHOCYTEPATHWAY,10,10,1.0,7,0.7,True,True,True,True,True
MSigDB c2,LIMONENE_AND_PINENE_DEGRADATION,12,12,1.0,10,0.8333,True,True,True,True,True
MSigDB c2,GOLUB_ALL_VS_AML_UP,19,19,1.0,18,0.9474,True,True,True,True,True
MSigDB c2,CHOLESTEROL_BIOSYNTHESIS,16,13,0.8125,12,0.75,True,True,True,True,True
MSigDB c2,HOUSTIS_ROS,32,31,0.9688,27,0.8438,True,True,True,True,True
MSigDB c2,LONGEVITYPATHWAY,13,13,1.0,11,0.8462,True,True,True,True,True
MSigDB c2,GLUCONEOGENESIS,53,52,0.9811,34,0.6415,True,True,True,True,True
MSigDB c2,HADDAD_HSC_CD7_DN,80,71,0.8875,51,0.6375,True,True,True,True,True
MSigDB c2,MITOCHONDRIAL_FATTY_ACID_BETAOXIDATION,15,14,0.9333,13,0.8667,True,True,True,True,True
MSigDB c2,SA_DIACYLGLYCEROL_SIGNALING,10,10,1.0,2,0.2,False,False,True,False,False
MSigDB c2,BASSO_REGULATORY_HUBS,132,114,0.8636,108,0.8182,True,True,True,True,True
MSigDB c2,REDUCTIVE_CARBOXYLATE_CYCLE_CO2_FIXATION,9,9,1.0,9,1.0,True,True,True,True,True
MSigDB c2,REELINPATHWAY,7,7,1.0,4,0.5714,False,True,True,False,False
MSigDB c2,BYSTRYKH_HSC_CIS_GLOCUS,107,92,0.8598,76,0.7103,True,True,True,True,True
MSigDB c2,PS1PATHWAY,12,12,1.0,11,0.9167,True,True,True,True,True
MSigDB c2,RABPATHWAY,9,9,1.0,8,0.8889,True,True,True,True,True
MSigDB c2,SCHUMACHER_MYC_DN,8,8,1.0,6,0.75,True,True,True,True,True
MSigDB c2,UNDERHILL_PROLIFERATION,18,17,0.9444,17,0.9444,True,True,True,True,True
MSigDB c2,DAVIES_MGUS_MM,36,33,0.9167,26,0.7222,True,True,True,True,True
MSigDB c2,CERAMIDEPATHWAY,21,21,1.0,21,1.0,True,True,True,True,True
MSigDB c2,LEI_HOXC8_DN,15,15,1.0,12,0.8,True,True,True,True,True
MSigDB c2,SHHPATHWAY,14,14,1.0,11,0.7857,True,True,True,True,True
MSigDB c2,GANGLIOSIDE_BIOSYNTHESIS,8,8,1.0,6,0.75,True,True,True,True,True
MSigDB c2,SRCRPTPPATHWAY,10,9,0.9,8,0.8,True,True,True,True,True
MSigDB c2,BRENTANI_SIGNALING,180,178,0.9889,143,0.7944,True,True,True,True,True
MSigDB c2,CHESLER_BRAIN_CIS_GENES,60,55,0.9167,47,0.7833,True,True,True,True,True
MSigDB c2,ONE_CARBON_POOL_BY_FOLATE,15,15,1.0,11,0.7333,True,True,True,True,True
MSigDB c2,ROSS_CBF_MYH,51,48,0.9412,38,0.7451,True,True,True,True,True
MSigDB c2,PROTEASOMEPATHWAY,20,20,1.0,18,0.9,True,True,True,True,True
MSigDB c2,LIZUKA_L0_GR_L1,14,13,0.9286,8,0.5714,False,True,True,False,False
MSigDB c2,LIZUKA_L1_SM_G1,9,8,0.8889,8,0.8889,True,True,True,True,True
MSigDB c2,CELL_SURFACE_RECEPTOR_LINKED_SIGNAL_TRANSDUCTION,127,121,0.9528,67,0.5276,False,True,True,False,False
MSigDB c2,ST_GA12_PATHWAY,22,22,1.0,18,0.8182,True,True,True,True,True
MSigDB c2,RBPATHWAY,13,12,0.9231,11,0.8462,True,True,True,True,True
MSigDB c2,CDK5PATHWAY,12,12,1.0,11,0.9167,True,True,True,True,True
MSigDB c2,GAMMA_HEXACHLOROCYCLOHEXANE_DEGRADATION,32,29,0.9062,6,0.1875,False,True,True,False,False
MSigDB c2,MAPKPATHWAY,85,85,1.0,79,0.9294,True,True,True,True,True
MSigDB c2,HEME_BIOSYNTHESIS,9,9,1.0,8,0.8889,True,True,True,True,True
MSigDB c2,O_GLYCAN_BIOSYNTHESIS,14,13,0.9286,10,0.7143,True,True,True,True,True
MSigDB c2,EEA1PATHWAY,7,7,1.0,5,0.7143,True,True,True,True,True
MSigDB c2,PKCPATHWAY,6,6,1.0,4,0.6667,True,True,True,True,True
MSigDB c2,BRENTANI_REPAIR,36,34,0.9444,31,0.8611,True,True,True,True,True
MSigDB c2,CHESLER_BRAIN_ONLY_SUBSET,23,20,0.8696,16,0.6957,True,True,True,True,True
MSigDB c2,GABAPATHWAY,12,12,1.0,5,0.4167,False,True,True,False,False
MSigDB c2,FERRANDO_TAL1_NEIGHBORS,17,16,0.9412,11,0.6471,True,True,True,True,True
MSigDB c2,AGUIRRE_PANCREAS_CHR1,27,23,0.8519,21,0.7778,True,True,True,True,True
MSigDB c2,CREMPATHWAY,7,7,1.0,4,0.5714,False,True,True,False,False
MSigDB c2,BYSTRYKH_HSC_BRAIN_TRANS_GLOCUS,163,155,0.9509,120,0.7362,True,True,True,True,True
MSigDB c2,GPCRDB_CLASS_A_RHODOPSIN_LIKE2,13,11,0.8462,3,0.2308,False,True,True,False,False
MSigDB c2,CHAUHAN_2ME2,48,43,0.8958,40,0.8333,True,True,True,True,True
MSigDB c2,GALACTOSE_METABOLISM,24,24,1.0,17,0.7083,True,True,True,True,True
MSigDB c2,PENG_LEUCINE_UP,101,91,0.901,76,0.7525,True,True,True,True,True
MSigDB c2,NUCLEOTIDE_GPCRS,9,8,0.8889,5,0.5556,False,True,True,False,False
MSigDB c2,CCR5PATHWAY,17,17,1.0,15,0.8824,True,True,True,True,True
MSigDB c2,STILBENE_COUMARINE_AND_LIGNIN_BIOSYNTHESIS,10,10,1.0,4,0.4,False,True,True,False,False
MSigDB c2,DNAFRAGMENTPATHWAY,10,10,1.0,9,0.9,True,True,True,True,True
MSigDB c2,LEE_MYC_TGFA_DN,62,60,0.9677,25,0.4032,False,True,True,False,False
MSigDB c2,NTHIPATHWAY,22,21,0.9545,19,0.8636,True,True,True,True,True
MSigDB c2,IRINOTECAN_PATHWAY_PHARMGKB,18,17,0.9444,3,0.1667,False,True,True,False,False
MSigDB c2,GLOBOSIDE_METABOLISM,13,13,1.0,11,0.8462,True,True,True,True,True
MSigDB c2,ST_G_ALPHA_S_PATHWAY,12,12,1.0,10,0.8333,True,True,True,True,True
MSigDB c2,LIZUKA_G1_SM_G2,25,23,0.92,23,0.92,True,True,True,True,True
MSigDB c2,CFTRPATHWAY,11,11,1.0,8,0.7273,True,True,True,True,True
MSigDB c2,GOLDRATH_HP,142,134,0.9437,123,0.8662,True,True,True,True,True
MSigDB c2,HEMATOPOESIS_RELATED_TRANSCRIPTION_FACTORS,83,82,0.988,58,0.6988,True,True,True,True,True
MSigDB c2,LAMB_CYCLIN_D1_UP,15,15,1.0,14,0.9333,True,True,True,True,True
MSigDB c2,PAR1PATHWAY,19,19,1.0,14,0.7368,True,True,True,True,True
MSigDB c2,GNATENKO_PLATELET,46,37,0.8043,32,0.6957,True,True,True,True,True
MSigDB c2,CYSTEINE_METABOLISM,8,7,0.875,6,0.75,True,True,True,True,True
MSigDB c2,PDGFPATHWAY,26,26,1.0,25,0.9615,True,True,True,True,True
MSigDB c2,KIM_TH_CELLS_UP,43,40,0.9302,35,0.814,True,True,True,True,True
MSigDB c2,SHEPARD_BMYB_MORPHOLINO_DN,163,153,0.9387,108,0.6626,True,True,True,True,True
MSigDB c2,BYSTRYKH_HSC_BRAIN_CIS_GLOCUS,50,45,0.9,40,0.8,True,True,True,True,True
MSigDB c2,ZELLER_MYC_DN,7,7,1.0,7,1.0,True,True,True,True,True
MSigDB c2,LEE_ACOX1_DN,65,64,0.9846,28,0.4308,False,True,True,False,False
MSigDB c2,IL3PATHWAY,15,15,1.0,14,0.9333,True,True,True,True,True
MSigDB c2,PROTEASOME,17,17,1.0,15,0.8824,True,True,True,True,True
MSigDB c2,ETCPATHWAY,9,8,0.8889,7,0.7778,True,True,True,True,True
MSigDB c2,ST_G_ALPHA_I_PATHWAY,34,34,1.0,24,0.7059,True,True,True,True,True
MSigDB c2,PENG_GLUCOSE_UP,35,30,0.8571,22,0.6286,True,True,True,True,True
MSigDB c2,SMITH_HTERT_UP,98,91,0.9286,81,0.8265,True,True,True,True,True
MSigDB c2,SLRPPATHWAY,5,5,1.0,4,0.8,True,True,True,True,True
MSigDB c2,EGFPATHWAY,26,26,1.0,24,0.9231,True,True,True,True,True
MSigDB c2,LEE_MYC_UP,52,48,0.9231,36,0.6923,True,True,True,True,True
MSigDB c2,GPCRS_CLASS_C_METABOTROPIC_GLUTAMATE_PHEROMONE,12,12,1.0,3,0.25,False,True,True,False,False
MSigDB c2,MENSSEN_MYC_UP,28,25,0.8929,25,0.8929,True,True,True,True,True
MSigDB c2,PGC,335,312,0.9313,275,0.8209,True,True,False,True,False
MSigDB c2,LIZUKA_L0_SM_L1,19,17,0.8947,16,0.8421,True,True,True,True,True
MSigDB c2,THELPERPATHWAY,13,11,0.8462,9,0.6923,True,True,True,True,True
MSigDB c2,ABRAHAM_MM_VS_AL_UP,19,19,1.0,18,0.9474,True,True,True,True,True
MSigDB c2,NUTT_GBN_VS_AO_DN,8,7,0.875,4,0.5,False,True,True,False,False
MSigDB c2,DNA_DAMAGE_SIGNALING,89,85,0.9551,78,0.8764,True,True,True,True,True
MSigDB c2,JECHLINGER_EMT_UP,54,53,0.9815,45,0.8333,True,True,True,True,True
MSigDB c2,PYRIMIDINE_METABOLISM,58,53,0.9138,49,0.8448,True,True,True,True,True
MSigDB c2,IL22BPPATHWAY,13,13,1.0,10,0.7692,True,True,True,True,True
MSigDB c2,DER_IFNA_UP,65,63,0.9692,58,0.8923,True,True,True,True,True
MSigDB c2,MTA3PATHWAY,10,10,1.0,8,0.8,True,True,True,True,True
MSigDB c2,BIOPEPTIDESPATHWAY,37,37,1.0,29,0.7838,True,True,True,True,True
MSigDB c2,MPRPATHWAY,23,22,0.9565,17,0.7391,True,True,True,True,True
MSigDB c2,IL1RPATHWAY,32,31,0.9688,23,0.7188,True,True,True,True,True
MSigDB c2,ST_DICTYOSTELIUM_DISCOIDEUM_CAMP_CHEMOTAXIS_PATHWAY,32,31,0.9688,25,0.7812,True,True,True,True,True
MSigDB c2,RAC1PATHWAY,22,22,1.0,21,0.9545,True,True,True,True,True
MSigDB c2,KANNAN_P53_UP,36,34,0.9444,32,0.8889,True,True,True,True,True
MSigDB c2,GCRPATHWAY,17,17,1.0,13,0.7647,True,True,True,True,True
MSigDB c2,CELL_CYCLE_KEGG,86,77,0.8953,70,0.814,True,True,True,True,True
MSigDB c2,PENG_GLUTAMINE_UP,220,192,0.8727,169,0.7682,True,True,True,True,True
MSigDB c2,SPPAPATHWAY,21,21,1.0,16,0.7619,True,True,True,True,True
MSigDB c2,WELCH_GATA1,24,23,0.9583,14,0.5833,False,True,True,False,False
MSigDB c2,RHOPATHWAY,30,30,1.0,26,0.8667,True,True,True,True,True
MSigDB c2,PYK2PATHWAY,28,28,1.0,26,0.9286,True,True,True,True,True
MSigDB c2,UREACYCLEPATHWAY,6,6,1.0,4,0.6667,True,True,True,True,True
MSigDB c2,PLK3PATHWAY,7,7,1.0,7,1.0,True,True,True,True,True
MSigDB c2,STEMPATHWAY,15,14,0.9333,3,0.2,False,True,True,False,False
MSigDB c2,FRASOR_ER_UP,30,29,0.9667,28,0.9333,True,True,True,True,True
MSigDB c2,TCA,15,15,1.0,14,0.9333,True,True,True,True,True
MSigDB c2,LEE_MYC_TGFA_UP,59,56,0.9492,43,0.7288,True,True,True,True,True
MSigDB c2,FLECHNER_KIDNEY_TRANSPLANT_WELL_PBL_DN,41,39,0.9512,36,0.878,True,True,True,True,True
MSigDB c2,HEPARAN_SULFATE_BIOSYNTHESIS,8,8,1.0,4,0.5,False,True,True,False,False
MSigDB c2,DORSAM_HOXA9_UP,32,30,0.9375,27,0.8438,True,True,True,True,True
MSigDB c2,ASBCELLPATHWAY,8,8,1.0,3,0.375,False,True,True,False,False
MSigDB c2,PASSERINI_TRANSCRIPTION,70,67,0.9571,54,0.7714,True,True,True,True,True
MSigDB c2,CTLA4PATHWAY,19,17,0.8947,10,0.5263,False,True,True,False,False
MSigDB c2,SIG_CHEMOTAXIS,44,43,0.9773,38,0.8636,True,True,True,True,True
MSigDB c2,BECKER_ESTROGEN_RESPONSIVE_SUBSET_2,9,9,1.0,9,1.0,True,True,True,True,True
MSigDB c2,HINATA_NFKB_UP,107,105,0.9813,79,0.7383,True,True,True,True,True
MSigDB c2,MUSCLE_MYOSIN,14,13,0.9286,4,0.2857,False,True,True,False,False
MSigDB c2,IL10PATHWAY,13,13,1.0,8,0.6154,True,True,True,True,True
MSigDB c2,DER_IFNB_DN,8,7,0.875,4,0.5,False,True,True,False,False
MSigDB c2,MRNA_BINDING_ACTIVITY,8,8,1.0,7,0.875,True,True,True,True,True
MSigDB c2,LIZUKA_G2_GR_G3,24,23,0.9583,16,0.6667,True,True,True,True,True
MSigDB c2,AMINOACYL_TRNA_BIOSYNTHESIS,21,4,0.1905,4,0.1905,False,True,True,False,False
MSigDB c2,NUCLEOTIDE_SUGARS_METABOLISM,5,5,1.0,5,1.0,True,True,True,True,True
MSigDB c2,ST_IL_13_PATHWAY,7,7,1.0,5,0.7143,True,True,True,True,True
MSigDB c2,PASSERINI_EM,34,33,0.9706,27,0.7941,True,True,True,True,True
MSigDB c2,NING_COPD_DN,118,110,0.9322,98,0.8305,True,True,True,True,True
MSigDB c2,PEPTIDE_GPCRS,70,64,0.9143,15,0.2143,False,True,True,False,False
MSigDB c2,BILE_ACID_BIOSYNTHESIS,27,27,1.0,11,0.4074,False,True,True,False,False
MSigDB c2,SA_PROGRAMMED_CELL_DEATH,12,12,1.0,12,1.0,True,True,True,True,True
MSigDB c2,HYPERTROPHY_MODEL,17,16,0.9412,10,0.5882,False,True,True,False,False
MSigDB c2,ASTON_OLIGODENDROGLIA_MYELINATION_SUBSET,16,16,1.0,4,0.25,False,True,True,False,False
MSigDB c2,ST_P38_MAPK_PATHWAY,37,35,0.9459,32,0.8649,True,True,True,True,True
MSigDB c2,FOSBPATHWAY,5,5,1.0,4,0.8,True,True,True,True,True
MSigDB c2,KLEIN_PEL_DN,56,50,0.8929,42,0.75,True,True,True,True,True
MSigDB c2,CDC42RACPATHWAY,14,14,1.0,13,0.9286,True,True,True,True,True
MSigDB c2,AGUIRRE_PANCREAS_CHR19,69,66,0.9565,55,0.7971,True,True,True,True,True
MSigDB c2,BLOOD_CLOTTING_CASCADE,21,21,1.0,9,0.4286,False,True,True,False,False
MSigDB c2,EIF4PATHWAY,23,22,0.9565,20,0.8696,True,True,True,True,True
MSigDB c2,SIG_IL4RECEPTOR_IN_B_LYPHOCYTES,27,27,1.0,27,1.0,True,True,True,True,True
MSigDB c2,SHEPARD_GENES_COMMON_BW_CB_MO,62,60,0.9677,42,0.6774,True,True,True,True,True
MSigDB c2,DCPATHWAY,21,21,1.0,8,0.381,False,True,True,False,False
MSigDB c2,ACTINYPATHWAY,18,18,1.0,14,0.7778,True,True,True,True,True
MSigDB c2,MYOSINPATHWAY,13,13,1.0,9,0.6923,True,True,True,True,True
MSigDB c2,KANNAN_P53_DN,15,15,1.0,12,0.8,True,True,True,True,True
MSigDB c2,BETAOXIDATIONPATHWAY,6,6,1.0,5,0.8333,True,True,True,True,True
MSigDB c2,PASSERINI_ADHESION,36,34,0.9444,31,0.8611,True,True,True,True,True
MSigDB c2,MITRPATHWAY,9,9,1.0,4,0.4444,False,True,True,False,False
MSigDB c2,SANA_TNFA_ENDOTHELIAL_DN,82,72,0.878,64,0.7805,True,True,True,True,True
MSigDB c2,LEPTINPATHWAY,10,10,1.0,8,0.8,True,True,True,True,True
MSigDB c2,TCRAPATHWAY,12,10,0.8333,8,0.6667,True,True,True,True,True
MSigDB c2,ARGININE_AND_PROLINE_METABOLISM,43,41,0.9535,28,0.6512,True,True,True,True,True
MSigDB c2,TARTE_MATURE_PC,406,386,0.9507,262,0.6453,True,True,False,True,False
MSigDB c2,WILLERT_WNT_NCCIT_ALL_UP,20,20,1.0,19,0.95,True,True,True,True,True
MSigDB c2,FETAL_LIVER_VS_ADULT_LIVER_GNF2,68,67,0.9853,36,0.5294,False,True,True,False,False
MSigDB c2,AGUIRRE_PANCREAS_CHR18,16,12,0.75,12,0.75,True,True,True,True,True
MSigDB c2,WELCSH_BRCA_DN,11,11,1.0,11,1.0,True,True,True,True,True
MSigDB c2,PENG_LEUCINE_DN,140,133,0.95,130,0.9286,True,True,True,True,True
MSigDB c2,BYSTRYKH_RUNX1_TARGETS_GLOCUS,11,11,1.0,6,0.5455,False,True,True,False,False
MSigDB c2,KENNY_WNT_DN,41,39,0.9512,34,0.8293,True,True,True,True,True
MSigDB c2,TOB1PATHWAY,18,16,0.8889,10,0.5556,False,True,True,False,False
MSigDB c2,PLCDPATHWAY,4,4,1.0,2,0.5,False,False,True,False,False
MSigDB c2,AMINOSUGARS_METABOLISM,15,15,1.0,13,0.8667,True,True,True,True,True
MSigDB c2,IL7PATHWAY,16,16,1.0,15,0.9375,True,True,True,True,True
MSigDB c2,CROONQUIST_RAS_STROMA_UP,23,22,0.9565,17,0.7391,True,True,True,True,True
MSigDB c2,CHEOK_LDMTX_MP_UP,5,5,1.0,5,1.0,True,True,True,True,True
MSigDB c2,GLYCEROLIPID_METABOLISM,45,42,0.9333,22,0.4889,False,True,True,False,False
MSigDB c2,WONG_IFNA_HCC_RESISTANT_VS_SENSITIVE_UP,15,14,0.9333,9,0.6,True,True,True,True,True
MSigDB c2,CHESLER_BRAIN_TRANS_GENES,6,6,1.0,5,0.8333,True,True,True,True,True
MSigDB c2,CDMACPATHWAY,15,15,1.0,11,0.7333,True,True,True,True,True
MSigDB c2,ABRAHAM_MM_VS_AL_DN,22,22,1.0,21,0.9545,True,True,True,True,True
MSigDB c2,WNT_SIGNALING,60,59,0.9833,43,0.7167,True,True,True,True,True
MSigDB c2,FMLPPATHWAY,37,37,1.0,29,0.7838,True,True,True,True,True
MSigDB c2,TELPATHWAY,15,15,1.0,13,0.8667,True,True,True,True,True
MSigDB c2,GLUTAMATE_METABOLISM,24,22,0.9167,17,0.7083,True,True,True,True,True
MSigDB c2,CHONDROITIN,8,8,1.0,4,0.5,False,True,True,False,False
MSigDB c2,LIZUKA_G1_GR_G2,12,11,0.9167,9,0.75,True,True,True,True,True
MSigDB c2,NUTT_GBN_VS_AO_UP,8,8,1.0,7,0.875,True,True,True,True,True
MSigDB c2,BECKER_TAMOXIFEN_RESISTANT_UP,40,39,0.975,33,0.825,True,True,True,True,True
MSigDB c2,SHEPARD_CRASH_AND_BURN_MUT_VS_WT_DN,150,143,0.9533,93,0.62,True,True,True,True,True
MSigDB c2,IL17PATHWAY,15,12,0.8,8,0.5333,False,True,True,False,False
MSigDB c2,CBLPATHWAY,12,12,1.0,10,0.8333,True,True,True,True,True
MSigDB c2,HBXPATHWAY,8,7,0.875,7,0.875,True,True,True,True,True
MSigDB c2,CHREBPPATHWAY,17,17,1.0,15,0.8824,True,True,True,True,True
MSigDB c2,NUCLEAR_RECEPTORS,40,40,1.0,29,0.725,True,True,True,True,True
MSigDB c2,STARCH_AND_SUCROSE_METABOLISM,44,44,1.0,18,0.4091,False,True,True,False,False
MSigDB c2,KIM_TH_CELLS_DN,16,14,0.875,13,0.8125,True,True,True,True,True
MSigDB c2,PENTOSE_PHOSPHATE_PATHWAY,23,23,1.0,19,0.8261,True,True,True,True,True
MSigDB c2,BRENTANI_TRANSPORT,6,6,1.0,4,0.6667,True,True,True,True,True
MSigDB c2,RADAEVA_IFNA_UP,51,50,0.9804,46,0.902,True,True,True,True,True
MSigDB c2,AKTPATHWAY,14,14,1.0,13,0.9286,True,True,True,True,True
MSigDB c2,VALINE_LEUCINE_AND_ISOLEUCINE_DEGRADATION,36,35,0.9722,31,0.8611,True,True,True,True,True
MSigDB c2,INFLAMPATHWAY,29,28,0.9655,8,0.2759,False,True,True,False,False
MSigDB c2,PEART_HISTONE_UP,51,49,0.9608,46,0.902,True,True,True,True,True
MSigDB c2,BRENTANI_CELL_CYCLE,79,73,0.9241,68,0.8608,True,True,True,True,True
MSigDB c2,PTC1PATHWAY,10,9,0.9,8,0.8,True,True,True,True,True
MSigDB c2,ST_JAK_STAT_PATHWAY,9,9,1.0,8,0.8889,True,True,True,True,True
MSigDB c2,TARTE_BCELL,36,34,0.9444,30,0.8333,True,True,True,True,True
MSigDB c2,WELCSH_BRCA_UP,37,34,0.9189,31,0.8378,True,True,True,True,True
MSigDB c2,KUROKAWA_5FU_IFN_SENSITIVE_VS_RESISTANT_DN,32,29,0.9062,25,0.7812,True,True,True,True,True
MSigDB c2,FATTY_ACID_METABOLISM,85,82,0.9647,43,0.5059,False,True,True,False,False
MSigDB c2,PASSERINI_INFLAMMATION,25,22,0.88,18,0.72,True,True,True,True,True
MSigDB c2,PARK_HSC_VS_MPP_UP,15,13,0.8667,12,0.8,True,True,True,True,True
MSigDB c2,TUBBYPATHWAY,7,7,1.0,3,0.4286,False,True,True,False,False
MSigDB c2,BOTULINPATHWAY,5,5,1.0,2,0.4,False,False,True,False,False
MSigDB c2,GOLDRATH_CYTOLYTIC,18,17,0.9444,11,0.6111,True,True,True,True,True
MSigDB c2,AGUIRRE_PANCREAS_CHR7,42,35,0.8333,25,0.5952,False,True,True,False,False
MSigDB c2,YAGI_AML_PROGNOSIS,30,30,1.0,25,0.8333,True,True,True,True,True
MSigDB c2,ALANINE_AND_ASPARTATE_METABOLISM,21,17,0.8095,9,0.4286,False,True,True,False,False
MSigDB c2,TALL1PATHWAY,15,15,1.0,12,0.8,True,True,True,True,True
MSigDB c2,SHIPP_DLBCL_CURED_UP,30,30,1.0,12,0.4,False,True,True,False,False
MSigDB c2,BENZOATE_DEGRADATION_VIA_COA_LIGATION,10,10,1.0,10,1.0,True,True,True,True,True
MSigDB c2,COMPPATHWAY,16,16,1.0,10,0.625,True,True,True,True,True
MSigDB c2,SIG_REGULATION_OF_THE_ACTIN_CYTOSKELETON_BY_RHO_GTPASES,35,34,0.9714,28,0.8,True,True,True,True,True
MSigDB c2,FLECHNER_KIDNEY_TRANSPLANT_REJECTION_UP,86,81,0.9419,76,0.8837,True,True,True,True,True
MSigDB c2,S1P_SIGNALING,22,21,0.9545,18,0.8182,True,True,True,True,True
MSigDB c2,ELECTRON_TRANSPORT,75,73,0.9733,36,0.48,False,True,True,False,False
MSigDB c2,FASPATHWAY,27,27,1.0,27,1.0,True,True,True,True,True
MSigDB c2,IONPATHWAY,4,4,1.0,3,0.75,True,True,True,True,True
MSigDB c2,FATTY_ACID_SYNTHESIS,16,16,1.0,15,0.9375,True,True,True,True,True
MSigDB c2,ST_GRANULE_CELL_SURVIVAL_PATHWAY,26,25,0.9615,19,0.7308,True,True,True,True,True
MSigDB c2,PHOTOSYNTHESIS,22,20,0.9091,14,0.6364,True,True,True,True,True
MSigDB c2,PASSERINI_SIGNAL,329,311,0.9453,237,0.7204,True,True,False,True,False
MSigDB c2,LEE_ACOX1_UP,60,58,0.9667,48,0.8,True,True,True,True,True
MSigDB c2,HUMAN_CD34_ENRICHED_TRANSCRIPTION_FACTORS,176,168,0.9545,148,0.8409,True,True,True,True,True
MSigDB c2,IFNAPATHWAY,8,8,1.0,5,0.625,True,True,True,True,True
MSigDB c2,LIZUKA_G2_SM_G3,9,9,1.0,9,1.0,True,True,True,True,True
MSigDB c2,CHEOK_MP_UP,5,5,1.0,5,1.0,True,True,True,True,True
MSigDB c2,COMPLEMENT_ACTIVATION_CLASSICAL,15,15,1.0,10,0.6667,True,True,True,True,True
MSigDB c2,UEDA_MOUSE_LIVER,135,127,0.9407,108,0.8,True,True,True,True,True
MSigDB c2,RNA_POLYMERASE,14,14,1.0,14,1.0,True,True,True,True,True
MSigDB c2,PHENYLALANINE_METABOLISM,22,21,0.9545,12,0.5455,False,True,True,False,False
MSigDB c2,GLYCOSAMINOGLYCAN_DEGRADATION,11,11,1.0,9,0.8182,True,True,True,True,True
MSigDB c2,AGPCRPATHWAY,11,11,1.0,8,0.7273,True,True,True,True,True
MSigDB c2,PARKINPATHWAY,10,9,0.9,6,0.6,True,True,True,True,True
MSigDB c2,VITCBPATHWAY,11,11,1.0,7,0.6364,True,True,True,True,True
MSigDB c2,CELL2CELLPATHWAY,13,13,1.0,10,0.7692,True,True,True,True,True
MSigDB c2,ARGININECPATHWAY,6,6,1.0,4,0.6667,True,True,True,True,True
MSigDB c2,CD40PATHWAY,13,12,0.9231,12,0.9231,True,True,True,True,True
MSigDB c2,G13_SIGNALING_PATHWAY,40,39,0.975,31,0.775,True,True,True,True,True
MSigDB c2,BECKER_IFN_INDUCIBLE_SUBSET_1,6,6,1.0,6,1.0,True,True,True,True,True
MSigDB c2,APOPTOSIS,69,68,0.9855,60,0.8696,True,True,True,True,True
MSigDB c2,HADDAD_HSC_CD10_UP,276,225,0.8152,164,0.5942,False,True,True,False,False
MSigDB c2,CHESLER_BRAIN_HIGHEST_VARIANCE_GENES,25,23,0.92,18,0.72,True,True,True,True,True
MSigDB c2,ZELLER_MYC_UP,23,23,1.0,20,0.8696,True,True,True,True,True
MSigDB c2,HOGERKORP_ANTI_CD44_UP,21,21,1.0,13,0.619,True,True,True,True,True
MSigDB c2,CELL_CYCLE_CHECKPOINT,24,23,0.9583,22,0.9167,True,True,True,True,True
MSigDB c2,ALKALOID_BIOSYNTHESIS_II,5,4,0.8,3,0.6,True,True,True,True,True
MSigDB c2,CHEN_LUNG_SURVIVAL,21,19,0.9048,13,0.619,True,True,True,True,True
MSigDB c2,BUTANOATE_METABOLISM,27,27,1.0,22,0.8148,True,True,True,True,True
MSigDB c2,ZHAN_TONSIL_BONEMARROW,40,37,0.925,29,0.725,True,True,True,True,True
MSigDB c2,METHIONINE_METABOLISM,12,11,0.9167,8,0.6667,True,True,True,True,True
MSigDB c2,SULFUR_METABOLISM,9,9,1.0,4,0.4444,False,True,True,False,False
MSigDB c2,IGF1PATHWAY,20,20,1.0,19,0.95,True,True,True,True,True
MSigDB c2,POMEROY_DESMOPLASIC_VS_CLASSIC_MD_UP,45,43,0.9556,33,0.7333,True,True,True,True,True
MSigDB c2,CHANG_SERUM_RESPONSE_UP,137,128,0.9343,115,0.8394,True,True,True,True,True
MSigDB c2,BLOOD_GROUP_GLYCOLIPID_BIOSYNTHESIS_NEOLACTOSERIES,7,6,0.8571,3,0.4286,False,True,True,False,False
MSigDB c2,CELL_PROLIFERATION,200,191,0.955,134,0.67,True,True,True,True,True
MSigDB c2,BRENTANI_ANGIOGENESIS,9,8,0.8889,8,0.8889,True,True,True,True,True
MSigDB c2,BRENTANI_DEATH,69,68,0.9855,59,0.8551,True,True,True,True,True
MSigDB c2,EICOSANOID_SYNTHESIS,17,17,1.0,11,0.6471,True,True,True,True,True
MSigDB c2,WIELAND_HEPATITIS_B_INDUCED,112,103,0.9196,91,0.8125,True,True,True,True,True
MSigDB c2,IL2RBPATHWAY,34,34,1.0,33,0.9706,True,True,True,True,True
MSigDB c2,CROONQUIST_RAS_STROMA_DN,21,20,0.9524,18,0.8571,True,True,True,True,True
MSigDB c2,DNA_POLYMERASE,8,7,0.875,6,0.75,True,True,True,True,True
MSigDB c2,INOSITOL_PHOSPHATE_METABOLISM,23,23,1.0,19,0.8261,True,True,True,True,True
MSigDB c2,NKTPATHWAY,28,28,1.0,13,0.4643,False,True,True,False,False
MSigDB c2,METHANE_METABOLISM,13,13,1.0,8,0.6154,True,True,True,True,True
MSigDB c2,FATTY_ACID_DEGRADATION,25,25,1.0,20,0.8,True,True,True,True,True
MSigDB c2,AGUIRRE_PANCREAS_CHR8,54,41,0.7593,38,0.7037,True,True,True,True,True
MSigDB c2,FATTY_ACID_BIOSYNTHESIS_PATH_2,9,9,1.0,9,1.0,True,True,True,True,True
MSigDB c2,SHEPARD_BMYB_MORPHOLINO_UP,150,137,0.9133,105,0.7,True,True,True,True,True
MSigDB c2,STURLA_SONIC_HEDGEHOG,16,16,1.0,11,0.6875,True,True,True,True,True
MSigDB c2,GOLUB_ALL_VS_AML_DN,16,15,0.9375,12,0.75,True,True,True,True,True
MSigDB c2,PROTEASOME_DEGRADATION,30,28,0.9333,26,0.8667,True,True,True,True,True
MSigDB c2,APOPTOSIS_KEGG,48,47,0.9792,41,0.8542,True,True,True,True,True
MSigDB c2,G2PATHWAY,23,22,0.9565,21,0.913,True,True,True,True,True
MSigDB c2,BCRPATHWAY,34,34,1.0,31,0.9118,True,True,True,True,True
MSigDB c2,DISTECHE_XINACTIVATED_GENES,19,17,0.8947,16,0.8421,True,True,True,True,True
MSigDB c2,PHENYLALANINE_TYROSINE_AND_TRYPTOPHAN_BIOSYNTHESIS,9,8,0.8889,5,0.5556,False,True,True,False,False
MSigDB c2,DER_IFNB_UP,90,87,0.9667,80,0.8889,True,True,True,True,True
MSigDB c2,FOLATE_BIOSYNTHESIS,9,8,0.8889,6,0.6667,True,True,True,True,True
MSigDB c2,GLYCOGEN_METABOLISM,34,33,0.9706,29,0.8529,True,True,True,True,True
MSigDB c2,MANALO_HYPOXIA_DN,77,71,0.9221,68,0.8831,True,True,True,True,True
MSigDB c2,MRNA_SPLICING,47,40,0.8511,38,0.8085,True,True,True,True,True
MSigDB c2,CHESLER_HIGHEST_FOLD_RANGE_GENES,38,36,0.9474,27,0.7105,True,True,True,True,True
MSigDB c2,TCRMOLECULE,5,3,0.6,2,0.4,False,False,True,False,False
MSigDB c2,MAGRANGEAS_MULTIPLE_MYELOMA_IGG_VS_IGA_DN,16,16,1.0,12,0.75,True,True,True,True,True
MSigDB c2,FEEDERPATHWAY,9,9,1.0,6,0.6667,True,True,True,True,True
MSigDB c2,CELL_CYCLE_REGULATOR,19,18,0.9474,18,0.9474,True,True,True,True,True
MSigDB c2,P53PATHWAY,16,16,1.0,16,1.0,True,True,True,True,True
MSigDB c2,PROSTAGLANDIN_AND_LEUKOTRIENE_METABOLISM,32,31,0.9688,16,0.5,False,True,True,False,False
MSigDB c2,LEE_MYC_E2F1_DN,62,60,0.9677,30,0.4839,False,True,True,False,False
MSigDB c2,BYSTROM_IL5_UP,41,40,0.9756,32,0.7805,True,True,True,True,True
MSigDB c2,CROONQUIST_IL6_STARVE_UP,33,32,0.9697,31,0.9394,True,True,True,True,True
MSigDB c2,AMIPATHWAY,23,21,0.913,17,0.7391,True,True,True,True,True
MSigDB c2,ST_ADRENERGIC,34,34,1.0,22,0.6471,True,True,True,True,True
MSigDB c2,ST_INTEGRIN_SIGNALING_PATHWAY,78,76,0.9744,67,0.859,True,True,True,True,True
MSigDB c2,ZUCCHI_EPITHELIAL_UP,41,37,0.9024,35,0.8537,True,True,True,True,True
MSigDB c2,CHESLER_D6MIT150_NEURAL_TARGETS_GLOCUS,8,8,1.0,2,0.25,False,False,True,False,False
MSigDB c2,ST_GAQ_PATHWAY,27,25,0.9259,22,0.8148,True,True,True,True,True
MSigDB c2,NELSON_ANDROGEN_UP,60,54,0.9,47,0.7833,True,True,True,True,True
MSigDB c2,CAPROLACTAM_DEGRADATION,5,5,1.0,5,1.0,True,True,True,True,True
MSigDB c2,VOBESITYPATHWAY,7,7,1.0,5,0.7143,True,True,True,True,True
MSigDB c2,LIN_WNT_UP,49,47,0.9592,45,0.9184,True,True,True,True,True
MSigDB c2,CDC25PATHWAY,9,8,0.8889,7,0.7778,True,True,True,True,True
MSigDB c2,RECKPATHWAY,9,9,1.0,9,1.0,True,True,True,True,True
MSigDB c2,CARM1PATHWAY,13,13,1.0,12,0.9231,True,True,True,True,True
MSigDB c2,GLYCOLYSIS,53,52,0.9811,34,0.6415,True,True,True,True,True
MSigDB c2,MTORPATHWAY,22,21,0.9545,20,0.9091,True,True,True,True,True
MSigDB c2,ST_GA13_PATHWAY,35,34,0.9714,30,0.8571,True,True,True,True,True
MSigDB c2,ROME_INSULIN_2F_UP,181,160,0.884,145,0.8011,True,True,True,True,True
MSigDB c2,VANTVEER_BREAST_OUTCOME_GOOD_VS_POOR_DN,63,58,0.9206,50,0.7937,True,True,True,True,True
MSigDB c2,BROCKE_IL6,135,125,0.9259,110,0.8148,True,True,True,True,True
MSigDB c2,GLYOXYLATE_AND_DICARBOXYLATE_METABOLISM,12,12,1.0,9,0.75,True,True,True,True,True
MSigDB c2,TH1TH2PATHWAY,17,17,1.0,7,0.4118,False,True,True,False,False
MSigDB c2,RNAPATHWAY,9,9,1.0,9,1.0,True,True,True,True,True
MSigDB c2,BECKER_CANCER_ASSOCIATED_SUBSET_1,9,9,1.0,7,0.7778,True,True,True,True,True
MSigDB c2,POMEROY_DESMOPLASIC_VS_CLASSIC_MD_DN,41,38,0.9268,29,0.7073,True,True,True,True,True
MSigDB c2,ROME_INSULIN_2F_DN,26,21,0.8077,12,0.4615,False,True,True,False,False
MSigDB c2,HCC_SURVIVAL_GOOD_VS_POOR_DN,127,117,0.9213,109,0.8583,True,True,True,True,True
MSigDB c2,FBW7PATHWAY,8,8,1.0,8,1.0,True,True,True,True,True
MSigDB c2,EIF2PATHWAY,9,9,1.0,9,1.0,True,True,True,True,True
MSigDB c2,LOTEM_LEUKEMIA_UP,22,22,1.0,18,0.8182,True,True,True,True,True
MSigDB c2,BECKER_CANCER_ASSOCIATED_SUBSET_2,13,12,0.9231,11,0.8462,True,True,True,True,True
MSigDB c2,FRASOR_ER_DN,60,57,0.95,51,0.85,True,True,True,True,True
MSigDB c2,LYMPHOCYTEPATHWAY,9,9,1.0,9,1.0,True,True,True,True,True
MSigDB c2,CELL_DEATH,12,11,0.9167,10,0.8333,True,True,True,True,True
MSigDB c2,ST_STAT3_PATHWAY,11,11,1.0,9,0.8182,True,True,True,True,True
MSigDB c2,CHEOK_HDMTX_DN,4,4,1.0,4,1.0,True,True,True,True,True
MSigDB c2,G_PROTEIN_SIGNALING,93,90,0.9677,61,0.6559,True,True,True,True,True
MSigDB c2,SA_BONE_MORPHOGENETIC,4,4,1.0,4,1.0,True,True,True,True,True
MSigDB c2,TENEDINI_MEGAKARYOCYTIC_GENES,53,51,0.9623,36,0.6792,True,True,True,True,True
MSigDB c2,SA_B_CELL_RECEPTOR_COMPLEXES,24,24,1.0,23,0.9583,True,True,True,True,True
MSigDB c2,PORPHYRIN_AND_CHLOROPHYLL_METABOLISM,26,25,0.9615,14,0.5385,False,True,True,False,False
MSigDB c2,G1PATHWAY,26,25,0.9615,24,0.9231,True,True,True,True,True
MSigDB c2,CELL_CYCLE_CHECKPOINT_II,9,9,1.0,8,0.8889,True,True,True,True,True
MSigDB c2,BRENTANI_CELL_ADHESION,93,90,0.9677,70,0.7527,True,True,True,True,True
MSigDB c2,ACE2PATHWAY,12,12,1.0,4,0.3333,False,True,True,False,False
MSigDB c2,ERK5PATHWAY,17,17,1.0,15,0.8824,True,True,True,True,True
MSigDB c2,AKAP13PATHWAY,7,7,1.0,6,0.8571,True,True,True,True,True
MSigDB c2,HCC_SURVIVAL_GOOD_VS_POOR_UP,132,125,0.947,60,0.4545,False,True,True,False,False
MSigDB c2,TERTPATHWAY,7,7,1.0,6,0.8571,True,True,True,True,True
MSigDB c2,ERYTHPATHWAY,15,15,1.0,4,0.2667,False,True,True,False,False
MSigDB c2,INSULINPATHWAY,21,21,1.0,19,0.9048,True,True,True,True,True
MSigDB c2,TARTE_PLASMA_BLASTIC,294,268,0.9116,254,0.8639,True,True,False,True,False
MSigDB c2,SIG_INSULIN_RECEPTOR_PATHWAY_IN_CARDIAC_MYOCYTES,49,48,0.9796,45,0.9184,True,True,True,True,True
MSigDB c2,BREAST_CANCER_ESTROGEN_SIGNALING,92,92,1.0,79,0.8587,True,True,True,True,True
MSigDB c2,TUMOR_SUPRESSOR,24,24,1.0,20,0.8333,True,True,True,True,True
MSigDB c2,ST_T_CELL_SIGNAL_TRANSDUCTION,44,42,0.9545,31,0.7045,True,True,True,True,True
MSigDB c2,ERBB3PATHWAY,5,5,1.0,3,0.6,True,True,True,True,True
MSigDB c2,CELLCYCLEPATHWAY,23,22,0.9565,21,0.913,True,True,True,True,True
MSigDB c2,SMITH_HCV_INDUCED_HCC_UP,33,30,0.9091,25,0.7576,True,True,True,True,True
MSigDB c2,JECHLINGER_EMT_DN,39,37,0.9487,36,0.9231,True,True,True,True,True
MSigDB c2,MITOCHONDRIA,394,359,0.9112,316,0.802,True,True,False,True,False
MSigDB c2,BREAST_DUCTAL_CARCINOMA_GENES,19,18,0.9474,18,0.9474,True,True,True,True,True
MSigDB c2,ROSS_MLL_FUSION,83,74,0.8916,62,0.747,True,True,True,True,True
MSigDB c2,LAIRPATHWAY,16,15,0.9375,11,0.6875,True,True,True,True,True
MSigDB c2,STEROID_BIOSYNTHESIS,9,9,1.0,2,0.2222,False,False,True,False,False
MSigDB c2,MAPKKK_CASCADE,9,9,1.0,8,0.8889,True,True,True,True,True
MSigDB c2,SALMONELLAPATHWAY,12,12,1.0,10,0.8333,True,True,True,True,True
MSigDB c2,SMALL_LIGAND_GPCRS,14,13,0.9286,3,0.2143,False,True,True,False,False
MSigDB c2,HIVNEFPATHWAY,54,52,0.963,50,0.9259,True,True,True,True,True
MSigDB c2,GRANDVAUX_IRF3_UP,13,13,1.0,12,0.9231,True,True,True,True,True
MSigDB c2,HDACPATHWAY,30,30,1.0,21,0.7,True,True,True,True,True
MSigDB c2,ERBB4PATHWAY,6,6,1.0,3,0.5,False,True,True,False,False
MSigDB c2,AHSPPATHWAY,13,12,0.9231,7,0.5385,False,True,True,False,False
MSigDB c2,RADIATION_SENSITIVITY,24,23,0.9583,22,0.9167,True,True,True,True,True
MSigDB c2,ROSS_CBF_LEUKEMIA,64,62,0.9688,45,0.7031,True,True,True,True,True
MSigDB c2,ST_TYPE_I_INTERFERON_PATHWAY,8,8,1.0,6,0.75,True,True,True,True,True
MSigDB c2,KUROKAWA_5FU_IFN_SENSITIVE_VS_RESISTANT_UP,7,7,1.0,7,1.0,True,True,True,True,True
MSigDB c2,CELL_GROWTH_AND_OR_MAINTENANCE,59,54,0.9153,44,0.7458,True,True,True,True,True
MSigDB c2,LEE_MYC_E2F1_UP,54,52,0.963,42,0.7778,True,True,True,True,True
MSigDB c2,FLUMAZENILPATHWAY,9,9,1.0,3,0.3333,False,True,True,False,False
MSigDB c2,ALKPATHWAY,32,32,1.0,21,0.6562,True,True,True,True,True
MSigDB c2,ATMPATHWAY,19,18,0.9474,16,0.8421,True,True,True,True,True
MSigDB c2,ASTON_DEPRESSION_UP,43,38,0.8837,26,0.6047,True,True,True,True,True
MSigDB c2,RIBOSOMAL_PROTEINS,136,94,0.6912,87,0.6397,True,True,True,True,True
MSigDB c2,APOPTOSIS_GENMAPP,43,42,0.9767,38,0.8837,True,True,True,True,True
MSigDB c2,P35ALZHEIMERSPATHWAY,11,11,1.0,10,0.9091,True,True,True,True,True
MSigDB c2,LE_MYELIN_UP,92,87,0.9457,79,0.8587,True,True,True,True,True
MSigDB c2,CTLPATHWAY,12,10,0.8333,8,0.6667,True,True,True,True,True
MSigDB c2,FERNANDEZ_MYC_TARGETS,177,174,0.9831,144,0.8136,True,True,True,True,True
MSigDB c2,ACETAMINOPHENPATHWAY,6,5,0.8333,1,0.1667,False,False,True,False,False
MSigDB c2,BRENTANI_TRANSPORT_OF_VESICLES,22,21,0.9545,19,0.8636,True,True,True,True,True
MSigDB c2,FLECHNER_KIDNEY_TRANSPLANT_WELL_PBL_UP,149,133,0.8926,121,0.8121,True,True,True,True,True
MSigDB c2,TPOPATHWAY,22,22,1.0,19,0.8636,True,True,True,True,True
MSigDB c2,UREA_CYCLE_AND_METABOLISM_OF_AMINO_GROUPS,20,20,1.0,12,0.6,True,True,True,True,True
MSigDB c2,GPCRDB_OTHER,64,51,0.7969,13,0.2031,False,True,True,False,False
MSigDB c2,SETPATHWAY,11,11,1.0,10,0.9091,True,True,True,True,True
MSigDB c2,ROSS_FAB_M7,68,63,0.9265,42,0.6176,True,True,True,True,True
MSigDB c2,MOOTHA_VOXPHOS,77,59,0.7662,55,0.7143,True,True,True,True,True
MSigDB c2,ANDROGEN_GENES,49,45,0.9184,21,0.4286,False,True,True,False,False
MSigDB c2,FLECHNER_KIDNEY_TRANSPLANT_REJECTION_PBL_DN,49,46,0.9388,42,0.8571,True,True,True,True,True
MSigDB c2,RNA_TRANSCRIPTION_REACTOME,37,37,1.0,34,0.9189,True,True,True,True,True
MSigDB c2,PHOSPHATIDYLINOSITOL_SIGNALING_SYSTEM,86,81,0.9419,68,0.7907,True,True,True,True,True
MSigDB c2,PPARAPATHWAY,52,50,0.9615,40,0.7692,True,True,True,True,True
MSigDB c2,CROONQUIST_IL6_RAS_UP,23,23,1.0,18,0.7826,True,True,True,True,True
MSigDB c2,SHEPARD_NEG_REG_OF_CELL_PROLIFERATION,105,98,0.9333,67,0.6381,True,True,True,True,True
MSigDB c2,1_AND_2_METHYLNAPHTHALENE_DEGRADATION,7,7,1.0,0,0.0,False,False,True,False,False
MSigDB c2,DER_IFNG_DN,8,7,0.875,6,0.75,True,True,True,True,True
MSigDB c2,PELP1PATHWAY,7,7,1.0,7,1.0,True,True,True,True,True
MSigDB c2,MARSHALL_SPLEEN_BAL,19,18,0.9474,13,0.6842,True,True,True,True,True
MSigDB c2,SANA_IFNG_ENDOTHELIAL_UP,69,64,0.9275,56,0.8116,True,True,True,True,True
MSigDB c2,SPRYPATHWAY,18,18,1.0,16,0.8889,True,True,True,True,True
MSigDB c2,PENTOSE_AND_GLUCURONATE_INTERCONVERSIONS,18,18,1.0,6,0.3333,False,True,True,False,False
MSigDB c2,PTDINSPATHWAY,22,21,0.9545,21,0.9545,True,True,True,True,True
MSigDB c2,MONOAMINE_GPCRS,32,32,1.0,2,0.0625,False,False,True,False,False
MSigDB c2,TESTIS_EXPRESSED_GENES,60,55,0.9167,21,0.35,False,True,True,False,False
MSigDB c2,C21_STEROID_HORMONE_METABOLISM,11,11,1.0,2,0.1818,False,False,True,False,False
MSigDB c2,CELL_ADHESION,173,163,0.9422,100,0.578,False,True,True,False,False
MSigDB c2,UCALPAINPATHWAY,16,16,1.0,11,0.6875,True,True,True,True,True
MSigDB c2,CLASSICPATHWAY,13,13,1.0,10,0.7692,True,True,True,True,True
MSigDB c2,PEPIPATHWAY,7,2,0.2857,2,0.2857,False,False,True,False,False
MSigDB c2,SANA_TNFA_ENDOTHELIAL_UP,78,74,0.9487,64,0.8205,True,True,True,True,True
MSigDB c2,POMEROY_MD_TREATMENT_GOOD_VS_POOR_UP,30,25,0.8333,21,0.7,True,True,True,True,True
MSigDB c2,SCHUMACHER_MYC_UP,51,47,0.9216,42,0.8235,True,True,True,True,True
MSigDB c2,BRENTANI_CANCER_TESTIS,12,11,0.9167,2,0.1667,False,False,True,False,False
MSigDB c2,LAMB_CYCLIN_D3_GLOCUS,15,15,1.0,14,0.9333,True,True,True,True,True
MSigDB c2,CHANG_SERUM_RESPONSE_DN,117,104,0.8889,101,0.8632,True,True,True,True,True
MSigDB c2,41BBPATHWAY,18,18,1.0,13,0.7222,True,True,True,True,True
MSigDB c2,AKAPCENTROSOMEPATHWAY,11,10,0.9091,8,0.7273,True,True,True,True,True
MSigDB c2,IL6PATHWAY,21,21,1.0,20,0.9524,True,True,True,True,True
MSigDB c2,MSPPATHWAY,6,6,1.0,4,0.6667,True,True,True,True,True
MSigDB c2,CORDERO_KRAS_KD_VS_CONTROL_UP,71,63,0.8873,58,0.8169,True,True,True,True,True
MSigDB c2,MALATEXPATHWAY,8,8,1.0,8,1.0,True,True,True,True,True
MSigDB c2,CHEOK_HDMTX_UP,6,6,1.0,4,0.6667,True,True,True,True,True
MSigDB c2,NICOTINATE_AND_NICOTINAMIDE_METABOLISM,14,13,0.9286,10,0.7143,True,True,True,True,True
MSigDB c2,EDG1PATHWAY,22,22,1.0,17,0.7727,True,True,True,True,True
MSigDB c2,BLOOD_GROUP_GLYCOLIPID_BIOSYNTHESIS_LACTOSERIES,7,7,1.0,2,0.2857,False,False,True,False,False
MSigDB c2,GSK3PATHWAY,26,26,1.0,23,0.8846,True,True,True,True,True
MSigDB c2,GOLDRATH_CELLCYCLE,32,30,0.9375,30,0.9375,True,True,True,True,True
MSigDB c2,MATRIX_METALLOPROTEINASES,32,32,1.0,19,0.5938,False,True,True,False,False
MSigDB c2,GPCRDB_CLASS_C_METABOTROPIC_GLUTAMATE_PHEROMONE,13,13,1.0,4,0.3077,False,True,True,False,False
MSigDB c2,UBIQUITIN_MEDIATED_PROTEOLYSIS,23,23,1.0,22,0.9565,True,True,True,True,True
MSigDB c2,PROLIFERATION_GENES,356,340,0.9551,235,0.6601,True,True,False,True,False
MSigDB c2,CARDIACEGFPATHWAY,16,16,1.0,13,0.8125,True,True,True,True,True
MSigDB c2,BCL2_FAMILY_AND_REG_NETWORK,21,21,1.0,19,0.9048,True,True,True,True,True
MSigDB c2,LDLPATHWAY,6,6,1.0,5,0.8333,True,True,True,True,True
MSigDB c2,MAGRANGEAS_MULTIPLE_MYELOMA_IGG_VS_IGA_UP,16,16,1.0,12,0.75,True,True,True,True,True
MSigDB c2,ST_PAC1_RECEPTOR_PATHWAY,6,6,1.0,4,0.6667,True,True,True,True,True
MSigDB c2,RELAPATHWAY,16,16,1.0,15,0.9375,True,True,True,True,True
MSigDB c2,METPATHWAY,35,35,1.0,33,0.9429,True,True,True,True,True
MSigDB c2,PURINE_METABOLISM,113,94,0.8319,68,0.6018,True,True,True,True,True
MSigDB c2,CARBON_FIXATION,21,20,0.9524,16,0.7619,True,True,True,True,True
MSigDB c2,OKUMURA_MC_LPS,172,160,0.9302,128,0.7442,True,True,True,True,True
MSigDB c2,SHEPARD_CELL_PROLIFERATION,200,191,0.955,134,0.67,True,True,True,True,True
MSigDB c2,INTEGRIN_MEDIATED_CELL_ADHESION_KEGG,92,89,0.9674,69,0.75,True,True,True,True,True
MSigDB c2,TNFR2PATHWAY,18,17,0.9444,16,0.8889,True,True,True,True,True
MSigDB c2,P38MAPKPATHWAY,39,39,1.0,35,0.8974,True,True,True,True,True
MSigDB c2,PASSERINI_OXIDATION,19,18,0.9474,15,0.7895,True,True,True,True,True
MSigDB c2,AT1RPATHWAY,33,33,1.0,29,0.8788,True,True,True,True,True
MSigDB c2,SMITH_HTERT_DN,59,56,0.9492,50,0.8475,True,True,True,True,True
MSigDB c2,NO1PATHWAY,28,28,1.0,16,0.5714,False,True,True,False,False
MSigDB c2,BRENTANI_DNA_METHYLATION_AND_MODIFICATION,21,20,0.9524,18,0.8571,True,True,True,True,True
MSigDB c2,SIG_PIP3_SIGNALING_IN_B_LYMPHOCYTES,33,33,1.0,28,0.8485,True,True,True,True,True
MSigDB c2,SHIPP_FL_VS_DLBCL_DN,38,37,0.9737,35,0.9211,True,True,True,True,True
MSigDB c2,CELL_CYCLE,76,67,0.8816,63,0.8289,True,True,True,True,True
MSigDB c2,CYTOKINEPATHWAY,20,19,0.95,2,0.1,False,False,True,False,False
MSigDB c2,WNT_TARGETS,23,23,1.0,15,0.6522,True,True,True,True,True
MSigDB c2,TRKAPATHWAY,12,12,1.0,9,0.75,True,True,True,True,True
MSigDB c2,CSKPATHWAY,23,21,0.913,17,0.7391,True,True,True,True,True
MSigDB c2,LEE_DENA_DN,73,72,0.9863,29,0.3973,False,True,True,False,False
MSigDB c2,CK1PATHWAY,17,17,1.0,12,0.7059,True,True,True,True,True
MSigDB c2,STREPTOMYCIN_BIOSYNTHESIS,8,8,1.0,6,0.75,True,True,True,True,True
MSigDB c2,P53_SIGNALING,89,84,0.9438,74,0.8315,True,True,True,True,True
MSigDB c2,SANA_IFNG_ENDOTHELIAL_DN,87,80,0.9195,72,0.8276,True,True,True,True,True
MSigDB c2,NOTCHPATHWAY,5,5,1.0,5,1.0,True,True,True,True,True
MSigDB c2,CASPASE_ACTIVITY,8,8,1.0,6,0.75,True,True,True,True,True
MSigDB c2,TRANSLATION_FACTORS,38,36,0.9474,31,0.8158,True,True,True,True,True
MSigDB c2,GPCRS_CLASS_B_SECRETIN_LIKE,22,13,0.5909,2,0.0909,False,False,True,False,False
MSigDB c2,BRENTANI_TRANSCRIPTION_FACTORS,62,62,1.0,50,0.8065,True,True,True,True,True
MSigDB c2,CHEOK_LDMTX_MP_DN,3,2,0.6667,0,0.0,False,False,True,False,False
MSigDB c2,N_GLYCAN_DEGRADATION,14,13,0.9286,10,0.7143,True,True,True,True,True
MSigDB c2,VEGFPATHWAY,25,25,1.0,24,0.96,True,True,True,True,True
MSigDB c2,ASTIER_BCELL,59,53,0.8983,40,0.678,True,True,True,True,True
MSigDB c2,LEE_MYC_DN,60,55,0.9167,29,0.4833,False,True,True,False,False
MSigDB c2,S1PPATHWAY,7,7,1.0,7,1.0,True,True,True,True,True
MSigDB c2,LEE_CIP_UP,60,58,0.9667,42,0.7,True,True,True,True,True
MSigDB c2,SIG_BCR_SIGNALING_PATHWAY,46,46,1.0,43,0.9348,True,True,True,True,True
MSigDB c2,OXIDATIVE_PHOSPHORYLATION,60,58,0.9667,47,0.7833,True,True,True,True,True
MSigDB c2,LIZUKA_L1_GR_G1,22,22,1.0,18,0.8182,True,True,True,True,True
MSigDB c2,IL5PATHWAY,10,10,1.0,4,0.4,False,True,True,False,False
MSigDB c2,NUCLEOTIDE_METABOLISM,14,13,0.9286,11,0.7857,True,True,True,True,True
MSigDB c2,ATRBRCAPATHWAY,21,20,0.9524,15,0.7143,True,True,True,True,True
MSigDB c2,POMEROY_MD_TREATMENT_GOOD_VS_POOR_DN,24,24,1.0,22,0.9167,True,True,True,True,True
MSigDB c2,ACE_INHIBITOR_PATHWAY_PHARMGKB,8,8,1.0,4,0.5,False,True,True,False,False
MSigDB c2,NOS1PATHWAY,21,21,1.0,12,0.5714,False,True,True,False,False
MSigDB c2,BRENTANI_PROTEIN_MODIFICATION,141,138,0.9787,115,0.8156,True,True,True,True,True
MSigDB c2,FRUCTOSE_AND_MANNOSE_METABOLISM,25,25,1.0,20,0.8,True,True,True,True,True
MSigDB c2,NFKBPATHWAY,23,22,0.9565,20,0.8696,True,True,True,True,True
MSigDB c2,SARSPATHWAY,10,10,1.0,7,0.7,True,True,True,True,True
MSigDB c2,GLYCOLYSISPATHWAY,9,9,1.0,7,0.7778,True,True,True,True,True
MSigDB c2,TIDPATHWAY,18,18,1.0,13,0.7222,True,True,True,True,True
MSigDB c2,PASSERINI_IMMUNE,23,20,0.8696,15,0.6522,True,True,True,True,True
MSigDB c2,PLCPATHWAY,7,7,1.0,5,0.7143,True,True,True,True,True
MSigDB c2,LU_IL4BCELL,66,59,0.8939,46,0.697,True,True,True,True,True
MSigDB c2,BYSTRYKH_HSC_TRANS_GLOCUS,780,738,0.9462,552,0.7077,True,True,False,True,False
MSigDB c2,GPCRS_CLASS_A_RHODOPSIN_LIKE,129,122,0.9457,33,0.2558,False,True,True,False,False
MSigDB c2,SA_TRKA_RECEPTOR,15,15,1.0,14,0.9333,True,True,True,True,True
MSigDB c2,FREEPATHWAY,10,9,0.9,6,0.6,True,True,True,True,True
MSigDB c2,BYSTRYKH_FLI1_TARGETS_GLOCUS,9,8,0.8889,4,0.4444,False,True,True,False,False
MSigDB c2,EPOPATHWAY,19,19,1.0,18,0.9474,True,True,True,True,True
MSigDB c2,DREAMPATHWAY,13,13,1.0,11,0.8462,True,True,True,True,True
MSigDB c2,FIBRINOLYSISPATHWAY,12,12,1.0,5,0.4167,False,True,True,False,False
MSigDB c2,MAGRANGEAS_MULTIPLE_MYELOMA_IGL_VS_IGK_DN,27,27,1.0,18,0.6667,True,True,True,True,True
MSigDB c2,IFNGPATHWAY,6,6,1.0,5,0.8333,True,True,True,True,True
MSigDB c2,FERRANDO_LYL1_NEIGHBORS,12,10,0.8333,8,0.6667,True,True,True,True,True
MSigDB c2,CELL_ADHESION_MOLECULE_ACTIVITY,108,107,0.9907,62,0.5741,False,True,True,False,False
MSigDB c2,PENG_GLUCOSE_DN,126,121,0.9603,100,0.7937,True,True,True,True,True
MSigDB c2,SODDPATHWAY,10,10,1.0,9,0.9,True,True,True,True,True
MSigDB c2,GPCRS_CLASS_A_RHODOPSIN_LIKE_2,10,10,1.0,4,0.4,False,True,True,False,False
MSigDB c2,SELENOAMINO_ACID_METABOLISM,12,11,0.9167,7,0.5833,False,True,True,False,False
MSigDB c2,HISTIDINE_METABOLISM,24,22,0.9167,14,0.5833,False,True,True,False,False
MSigDB c2,WNTPATHWAY,24,23,0.9583,21,0.875,True,True,True,True,True
MSigDB c2,CYANOAMINO_ACID_METABOLISM,5,5,1.0,2,0.4,False,False,True,False,False
MSigDB c2,PTENPATHWAY,16,16,1.0,15,0.9375,True,True,True,True,True
MSigDB c2,CELL_ADHESION_RECEPTOR_ACTIVITY,33,33,1.0,25,0.7576,True,True,True,True,True
MSigDB c2,CHIARETTI_T_ALL,264,232,0.8788,168,0.6364,True,True,True,True,True
MSigDB c2,PROSTAGLANDIN_SYNTHESIS_REGULATION,29,29,1.0,17,0.5862,False,True,True,False,False
MSigDB c2,CXCR4PATHWAY,23,23,1.0,19,0.8261,True,True,True,True,True
MSigDB c2,ST_B_CELL_ANTIGEN_RECEPTOR,39,38,0.9744,33,0.8462,True,True,True,True,True
MSigDB c2,PYRUVATE_METABOLISM,37,36,0.973,30,0.8108,True,True,True,True,True
MSigDB c2,ST_INTERLEUKIN_4_PATHWAY,26,25,0.9615,21,0.8077,True,True,True,True,True
MSigDB c2,VANTVEER_BREAST_OUTCOME_GOOD_VS_POOR_UP,25,20,0.8,18,0.72,True,True,True,True,True
MSigDB c2,GHPATHWAY,25,25,1.0,21,0.84,True,True,True,True,True
MSigDB c2,ARAPPATHWAY,13,12,0.9231,11,0.8462,True,True,True,True,True
MSigDB c2,COLLER_MYC_UP,18,16,0.8889,16,0.8889,True,True,True,True,True
MSigDB c2,STRIATED_MUSCLE_CONTRACTION,38,36,0.9474,9,0.2368,False,True,True,False,False
MSigDB c2,FERRANDO_CHEMO_RESPONSE_PATHWAY,10,10,1.0,9,0.9,True,True,True,True,True
MSigDB c2,CROONQUIST_IL6_STROMA_UP,38,36,0.9474,31,0.8158,True,True,True,True,True
MSigDB c2,G1_TO_S_CELL_CYCLE_REACTOME,67,59,0.8806,54,0.806,True,True,True,True,True
MSigDB c2,NFATPATHWAY,52,52,1.0,36,0.6923,True,True,True,True,True
MSigDB c2,NGFPATHWAY,18,18,1.0,17,0.9444,True,True,True,True,True
MSigDB c2,GLUTATHIONE_METABOLISM,31,30,0.9677,20,0.6452,True,True,True,True,True
MSigDB c2,EGFR_SMRTEPATHWAY,10,10,1.0,9,0.9,True,True,True,True,True
MSigDB c2,IL2PATHWAY,22,22,1.0,20,0.9091,True,True,True,True,True
MSigDB c2,ST_WNT_BETA_CATENIN_PATHWAY,31,31,1.0,23,0.7419,True,True,True,True,True
MSigDB c2,MRPPATHWAY,6,6,1.0,3,0.5,False,True,True,False,False
MSigDB c2,LYSINE_BIOSYNTHESIS,5,4,0.8,3,0.6,True,True,True,True,True
MSigDB c2,MANALO_HYPOXIA_UP,92,90,0.9783,76,0.8261,True,True,True,True,True
MSigDB c2,P53HYPOXIAPATHWAY,19,19,1.0,17,0.8947,True,True,True,True,True
MSigDB c2,FCER1PATHWAY,37,37,1.0,36,0.973,True,True,True,True,True
MSigDB c2,PROPANOATE_METABOLISM,31,30,0.9677,25,0.8065,True,True,True,True,True
MSigDB c2,SA_FAS_SIGNALING,7,6,0.8571,6,0.8571,True,True,True,True,True
MSigDB c2,PITX2PATHWAY,14,14,1.0,12,0.8571,True,True,True,True,True
MSigDB c2,GATA3PATHWAY,16,16,1.0,12,0.75,True,True,True,True,True
MSigDB c2,BETA_ALANINE_METABOLISM,27,26,0.963,16,0.5926,False,True,True,False,False
MSigDB c2,KERATAN_SULFATE_BIOSYNTHESIS,10,9,0.9,8,0.8,True,True,True,True,True
MSigDB c2,IGF1RPATHWAY,15,15,1.0,15,1.0,True,True,True,True,True
MSigDB c2,CREBPATHWAY,26,26,1.0,21,0.8077,True,True,True,True,True
MSigDB c2,ST_JNK_MAPK_PATHWAY,40,37,0.925,34,0.85,True,True,True,True,True
MSigDB c2,GLYCINE_SERINE_AND_THREONINE_METABOLISM,37,33,0.8919,20,0.5405,False,True,True,False,False
MSigDB c2,REN_E2F1_TARGETS,36,33,0.9167,31,0.8611,True,True,True,True,True
MSigDB c2,TNF_AND_FAS_NETWORK,16,16,1.0,15,0.9375,True,True,True,True,True
MSigDB c2,GO_ROS,27,24,0.8889,19,0.7037,True,True,True,True,True
MSigDB c2,WONG_IFNA_HCC_RESISTANT_VS_SENSITIVE_DN,31,28,0.9032,23,0.7419,True,True,True,True,True
MSigDB c2,GLYCOGEN,19,18,0.9474,13,0.6842,True,True,True,True,True
MSigDB c2,HOGERKORP_ANTI_CD44_DN,12,12,1.0,9,0.75,True,True,True,True,True
MSigDB c2,DORSAM_HOXA9_DN,30,29,0.9667,26,0.8667,True,True,True,True,True
MSigDB c2,IL12PATHWAY,22,20,0.9091,11,0.5,False,True,True,False,False
MSigDB c2,AGUIRRE_PANCREAS_CHR17,65,58,0.8923,51,0.7846,True,True,True,True,True
MSigDB c2,IL18PATHWAY,6,6,1.0,2,0.3333,False,False,True,False,False
MSigDB c2,GLUCOCORTICOID_MINERALOCORTICOID_METABOLISM,8,8,1.0,2,0.25,False,False,True,False,False
MSigDB c2,CROONQUIST_IL6_RAS_DN,23,22,0.9565,21,0.913,True,True,True,True,True
MSigDB c2,DAVIES_N,19,17,0.8947,14,0.7368,True,True,True,True,True
MSigDB c2,GPCRDB_CLASS_A_RHODOPSIN_LIKE,169,159,0.9408,34,0.2012,False,True,True,False,False
MSigDB c2,EPHA4PATHWAY,10,10,1.0,7,0.7,True,True,True,True,True
MSigDB c2,INSULIN_SIGNALING,95,93,0.9789,73,0.7684,True,True,True,True,True
MSigDB c2,FLECHNER_KIDNEY_TRANSPLANT_REJECTION_DN,525,483,0.92,388,0.739,True,True,False,True,False
MSigDB c2,INTEGRINPATHWAY,35,35,1.0,31,0.8857,True,True,True,True,True
MSigDB c2,YE_INTRAMETASTATIC_HCC_UP,22,22,1.0,18,0.8182,True,True,True,True,True
MSigDB c2,LYSINE_DEGRADATION,32,31,0.9688,26,0.8125,True,True,True,True,True
MSigDB c2,SHIPP_FL_VS_DLBCL_UP,33,31,0.9394,23,0.697,True,True,True,True,True
MSigDB c2,ERKPATHWAY,29,29,1.0,25,0.8621,True,True,True,True,True
MSigDB c2,GRANDVAUX_IRF3_DN,20,20,1.0,15,0.75,True,True,True,True,True
MSigDB c2,ROS,5,5,1.0,5,1.0,True,True,True,True,True
MSigDB c2,CALCIUM_REGULATION_IN_CARDIAC_CELLS,139,139,1.0,76,0.5468,False,True,True,False,False
MSigDB c2,RACCYCDPATHWAY,22,22,1.0,22,1.0,True,True,True,True,True
MSigDB c2,P27PATHWAY,12,12,1.0,12,1.0,True,True,True,True,True
MSigDB c2,IL4PATHWAY,11,11,1.0,10,0.9091,True,True,True,True,True
MSigDB c2,ANDROGEN_AND_ESTROGEN_METABOLISM,30,29,0.9667,7,0.2333,False,True,True,False,False
MSigDB c2,STRESSPATHWAY,25,25,1.0,22,0.88,True,True,True,True,True
MSigDB c2,PLCEPATHWAY,12,12,1.0,8,0.6667,True,True,True,True,True
MSigDB c2,PASSERINI_PROLIFERATION,63,61,0.9683,48,0.7619,True,True,True,True,True
MSigDB c2,RIBOFLAVIN_METABOLISM,10,8,0.8,6,0.6,True,True,True,True,True
MSigDB c2,CHESLER_BRAIN_NEURAL_HIGH_GENES,22,21,0.9545,14,0.6364,True,True,True,True,True
MSigDB c2,CIRCADIAN_EXERCISE,42,40,0.9524,37,0.881,True,True,True,True,True
MSigDB c2,EOSINOPHILSPATHWAY,8,8,1.0,3,0.375,False,True,True,False,False
MSigDB c2,MCALPAINPATHWAY,24,24,1.0,19,0.7917,True,True,True,True,True
MSigDB c2,EGF_RECEPTOR_SIGNALING_PATHWAY,13,13,1.0,10,0.7692,True,True,True,True,True
MSigDB c2,YAMA_RECURRENT_HCC_UP,11,11,1.0,10,0.9091,True,True,True,True,True
MSigDB c2,MEF2DPATHWAY,20,18,0.9,15,0.75,True,True,True,True,True
MSigDB c2,RADAEVA_IFNA_DN,10,6,0.6,5,0.5,False,True,True,False,False
MSigDB c2,GRAEBER_BETA2_INTEGRINS,11,11,1.0,10,0.9091,True,True,True,True,True
MSigDB c2,BECKER_TAMOXIFEN_RESISTANT_DN,51,47,0.9216,41,0.8039,True,True,True,True,True
MSigDB c2,NEUROTRANSMITTERSPATHWAY,6,6,1.0,0,0.0,False,False,True,False,False
MSigDB c2,SA_MMP_CYTOKINE_CONNECTION,15,15,1.0,12,0.8,True,True,True,True,True
MSigDB c2,PEART_HISTONE_DN,74,70,0.9459,66,0.8919,True,True,True,True,True
MSigDB c2,NING_COPD_UP,143,126,0.8811,108,0.7552,True,True,True,True,True
MSigDB c2,UBIQUINONE_BIOSYNTHESIS,15,15,1.0,14,0.9333,True,True,True,True,True
MSigDB c2,KLEIN_PEL_UP,49,47,0.9592,35,0.7143,True,True,True,True,True
MSigDB c2,SASAKI_TCELL_LYMPHOMA_VS_CD4_UP,164,151,0.9207,134,0.8171,True,True,True,True,True
MSigDB c2,MITOCHONDRIAPATHWAY,19,19,1.0,18,0.9474,True,True,True,True,True
MSigDB c2,GPCRDB_CLASS_B_SECRETIN_LIKE,22,13,0.5909,2,0.0909,False,False,True,False,False
MSigDB c2,ST_FAS_SIGNALING_PATHWAY,60,57,0.95,50,0.8333,True,True,True,True,True
MSigDB c2,PENG_RAPAMYCIN_DN,181,165,0.9116,159,0.8785,True,True,True,True,True
MSigDB c2,AGUIRRE_PANCREAS_CHR22,55,48,0.8727,41,0.7455,True,True,True,True,True
MSigDB c2,ST_MYOCYTE_AD_PATHWAY,23,23,1.0,11,0.4783,False,True,True,False,False
MSigDB c2,HADDAD_HSC_CD7_UP,65,60,0.9231,39,0.6,True,True,True,True,True
MSigDB c2,TRNA_SYNTHETASES,19,2,0.1053,1,0.0526,False,False,True,False,False
MSigDB c2,STATIN_PATHWAY_PHARMGKB,18,18,1.0,11,0.6111,True,True,True,True,True
MSigDB c2,COLLER_MYC_DN,6,4,0.6667,4,0.6667,True,True,True,True,True
MSigDB c2,STAT3PATHWAY,8,7,0.875,7,0.875,True,True,True,True,True
MSigDB c2,ARFPATHWAY,16,16,1.0,16,1.0,True,True,True,True,True
MSigDB c2,SA_REG_CASCADE_OF_CYCLIN_EXPR,13,13,1.0,11,0.8462,True,True,True,True,True
MSigDB c2,LEE_E2F1_DN,59,57,0.9661,27,0.4576,False,True,True,False,False
MSigDB c2,LEE_DENA_UP,59,58,0.9831,46,0.7797,True,True,True,True,True
MSigDB c2,NDKDYNAMINPATHWAY,19,19,1.0,16,0.8421,True,True,True,True,True
MSigDB c2,PASSERINI_GROWTH,33,31,0.9394,22,0.6667,True,True,True,True,True
MSigDB c2,FLECHNER_KIDNEY_TRANSPLANT_WELL_DN,20,19,0.95,17,0.85,True,True,True,True,True
MSigDB c2,INFLAMMATORY_RESPONSE_PATHWAY,29,29,1.0,18,0.6207,True,True,True,True,True
MSigDB c2,HSP27PATHWAY,15,15,1.0,10,0.6667,True,True,True,True,True
MSigDB c2,HINATA_NFKB_DN,19,19,1.0,9,0.4737,False,True,True,False,False
MSigDB c2,FETAL_LIVER_ENRICHED_TRANSCRIPTION_FACTORS,71,64,0.9014,59,0.831,True,True,True,True,True
MSigDB c2,VALINE_LEUCINE_AND_ISOLEUCINE_BIOSYNTHESIS,7,5,0.7143,4,0.5714,False,True,True,False,False
MSigDB c2,VIPPATHWAY,27,27,1.0,23,0.8519,True,True,True,True,True
MSigDB c2,YEN_MYC_MUT,4,4,1.0,4,1.0,True,True,True,True,True
MSigDB c2,EPONFKBPATHWAY,11,11,1.0,9,0.8182,True,True,True,True,True
MSigDB c2,SA_CASPASE_CASCADE,15,15,1.0,14,0.9333,True,True,True,True,True
MSigDB c2,NKCELLSPATHWAY,20,20,1.0,14,0.7,True,True,True,True,True
MSigDB c2,CHAUVIN_ANDROGEN_REGULATED_GENES,42,40,0.9524,28,0.6667,True,True,True,True,True
MSigDB c2,GLYCOLYSIS_AND_GLUCONEOGENESIS,43,42,0.9767,28,0.6512,True,True,True,True,True
MSigDB c2,FXRPATHWAY,6,6,1.0,3,0.5,False,True,True,False,False
MSigDB c2,AGUIRRE_PANCREAS_CHR6,30,28,0.9333,26,0.8667,True,True,True,True,True
MSigDB c2,CALCINEURIN_NF_AT_SIGNALING,93,90,0.9677,61,0.6559,True,True,True,True,True
MSigDB c2,TOLLPATHWAY,34,32,0.9412,28,0.8235,True,True,True,True,True
MSigDB c2,MUNSHI_MM_UP,65,64,0.9846,54,0.8308,True,True,True,True,True
MSigDB c2,ETSPATHWAY,18,18,1.0,18,1.0,True,True,True,True,True
MSigDB c2,PENG_RAPAMYCIN_UP,153,138,0.902,108,0.7059,True,True,True,True,True
MSigDB c2,PENG_GLUTAMINE_DN,243,227,0.9342,212,0.8724,True,True,False,True,False
MSigDB c2,BRENTANI_HORMONAL_FUNCTION,12,11,0.9167,6,0.5,False,True,True,False,False
MSigDB c2,ACHPATHWAY,13,13,1.0,9,0.6923,True,True,True,True,True
MSigDB c2,IGF1MTORPATHWAY,20,19,0.95,18,0.9,True,True,True,True,True
MSigDB c2,DRUG_RESISTANCE_AND_METABOLISM,96,96,1.0,73,0.7604,True,True,True,True,True
MSigDB c2,BIOGENIC_AMINE_SYNTHESIS,15,15,1.0,2,0.1333,False,False,True,False,False
MSigDB c2,MONOCYTEPATHWAY,11,11,1.0,11,1.0,True,True,True,True,True
MSigDB c2,MAGRANGEAS_MULTIPLE_MYELOMA_IGL_VS_IGK_UP,13,13,1.0,9,0.6923,True,True,True,True,True
MSigDB c2,FLECHNER_KIDNEY_TRANSPLANT_REJECTION_PBL_UP,63,60,0.9524,57,0.9048,True,True,True,True,True
MSigDB c2,GSPATHWAY,6,6,1.0,5,0.8333,True,True,True,True,True
MSigDB c2,FLECHNER_KIDNEY_TRANSPLANT_WELL_UP,544,493,0.9062,447,0.8217,True,True,False,True,False
MSigDB c2,TCRPATHWAY,44,42,0.9545,37,0.8409,True,True,True,True,True
MSigDB c2,GOLDRATH_MEMORY,55,54,0.9818,41,0.7455,True,True,True,True,True
MSigDB c2,TERPENOID_BIOSYNTHESIS,4,4,1.0,4,1.0,True,True,True,True,True
MSigDB c2,LEE_E2F1_UP,60,58,0.9667,47,0.7833,True,True,True,True,True
MSigDB c2,GLYCOSPHINGOLIPID_METABOLISM,24,19,0.7917,15,0.625,True,True,True,True,True
MSigDB c2,ASCORBATE_AND_ALDARATE_METABOLISM,8,8,1.0,6,0.75,True,True,True,True,True
MSigDB c2,SMOOTH_MUSCLE_CONTRACTION,140,137,0.9786,94,0.6714,True,True,True,True,True
MSigDB c2,CARM_ERPATHWAY,26,25,0.9615,24,0.9231,True,True,True,True,True
MSigDB c2,TYROSINE_METABOLISM,32,31,0.9688,13,0.4062,False,True,True,False,False
MSigDB c2,HCMVPATHWAY,16,16,1.0,15,0.9375,True,True,True,True,True
MSigDB c2,ROSS_AML1_ETO,79,65,0.8228,45,0.5696,False,True,True,False,False
MSigDB c2,PASSERINI_COMPLEMENT,9,8,0.8889,8,0.8889,True,True,True,True,True
MSigDB c2,SYNTHESIS_AND_DEGRADATION_OF_KETONE_BODIES,4,4,1.0,4,1.0,True,True,True,True,True
MSigDB c2,PPARGPATHWAY,7,7,1.0,7,1.0,True,True,True,True,True
MSigDB c2,BHATTACHARYA_ESC_UP,65,62,0.9538,52,0.8,True,True,True,True,True
MSigDB c2,OSAWA_TNFA_HEPATOCYTE_UP,9,8,0.8889,7,0.7778,True,True,True,True,True
MSigDB c2,TCYTOTOXICPATHWAY,13,11,0.8462,9,0.6923,True,True,True,True,True
MSigDB c2,MAPK_CASCADE,30,30,1.0,26,0.8667,True,True,True,True,True
MSigDB c2,SA_G1_AND_S_PHASES,15,15,1.0,14,0.9333,True,True,True,True,True
MSigDB c2,CELL_CYCLE_ARREST,29,29,1.0,25,0.8621,True,True,True,True,True
MSigDB c2,DNA_REPLICATION_REACTOME,44,36,0.8182,34,0.7727,True,True,True,True,True
MSigDB c2,SHEPARD_POS_REG_OF_CELL_PROLIFERATION,91,88,0.967,48,0.5275,False,True,True,False,False
MSigDB c2,ST_PHOSPHOINOSITIDE_3_KINASE_PATHWAY,33,32,0.9697,29,0.8788,True,True,True,True,True
MSigDB c2,DER_IFNG_UP,62,60,0.9677,53,0.8548,True,True,True,True,True
MSigDB c2,HASLINGER_B_CLL_17P13,16,15,0.9375,11,0.6875,True,True,True,True,True
MSigDB c2,RUIZ_TENASCIN_TARGETS,79,73,0.9241,58,0.7342,True,True,True,True,True
MSigDB c2,SASAKI_ATL_UP,164,151,0.9207,134,0.8171,True,True,True,True,True
MSigDB c2,YAO_P4_KO_VS_WT_UP,72,69,0.9583,49,0.6806,True,True,True,True,True
MSigDB c2,ZHAN_MM_CD138_CD1_VS_REST,42,40,0.9524,28,0.6667,True,True,True,True,True
MSigDB c2,SCHRAETS_MLL_UP,34,33,0.9706,29,0.8529,True,True,True,True,True
MSigDB c2,ABBUD_LIF_DN,24,23,0.9583,19,0.7917,True,True,True,True,True
MSigDB c2,SANSOM_APC_LOSS4_UP,110,106,0.9636,81,0.7364,True,True,True,True,True
MSigDB c2,NAKAJIMA_MCSMBP_EOS,29,26,0.8966,15,0.5172,False,True,True,False,False
MSigDB c2,TAKEDA_NUP8_HOXA9_8D_UP,145,130,0.8966,85,0.5862,False,True,True,False,False
MSigDB c2,STEFFEN_AML_PML_PLZF_TRGT,45,42,0.9333,34,0.7556,True,True,True,True,True
MSigDB c2,BROWN_GRAN_MONO_DIFFERENTIATION,124,122,0.9839,94,0.7581,True,True,True,True,True
MSigDB c2,LEE_TCELLS10_UP,180,155,0.8611,129,0.7167,True,True,True,True,True
MSigDB c2,WALKER_MM_SNP_DIFF,44,40,0.9091,34,0.7727,True,True,True,True,True
MSigDB c2,NADLER_OBESITY_UP,51,50,0.9804,46,0.902,True,True,True,True,True
MSigDB c2,SANSOM_APC_5_DN,331,317,0.9577,227,0.6858,True,True,False,True,False
MSigDB c2,ADDYA_K562_HEMIN_TREATMENT,70,67,0.9571,52,0.7429,True,True,True,True,True
MSigDB c2,ZHANG_EFT_EWSFLI1_UP,83,78,0.9398,71,0.8554,True,True,True,True,True
MSigDB c2,ZHAN_MULTIPLE_MYELOMA_SUBCLASSES_DIFF,30,30,1.0,29,0.9667,True,True,True,True,True
MSigDB c2,SCHURINGA_STAT5A_UP,22,22,1.0,11,0.5,False,True,True,False,False
MSigDB c2,HADDAD_CD45CD7_PLUS_VS_MINUS_UP,65,60,0.9231,39,0.6,True,True,True,True,True
MSigDB c2,MA_ATRA_EMP_DN,30,30,1.0,21,0.7,True,True,True,True,True
MSigDB c2,GALINDO_ACT_UP,77,71,0.9221,61,0.7922,True,True,True,True,True
MSigDB c2,VERNELL_PRB_CLSTR2,18,15,0.8333,14,0.7778,True,True,True,True,True
MSigDB c2,HASLINGER_B_CLL_MUTATED,15,14,0.9333,8,0.5333,False,True,True,False,False
MSigDB c2,CROMER_HYPOPHARYNGEAL_MET_VS_NON_UP,69,65,0.942,61,0.8841,True,True,True,True,True
MSigDB c2,BOQUEST_CD31PLUS_VS_CD31MINUS_DN,253,239,0.9447,184,0.7273,True,True,True,True,True
MSigDB c2,NAKAJIMA_MCS_UP,93,89,0.957,47,0.5054,False,True,True,False,False
MSigDB c2,ZHAN_MM_CD1_VS_CD2_DN,48,40,0.8333,35,0.7292,True,True,True,True,True
MSigDB c2,GUO_HEX_UP,76,72,0.9474,64,0.8421,True,True,True,True,True
MSigDB c2,MOREAUX_TACI_XG_13_UP,7,7,1.0,6,0.8571,True,True,True,True,True
MSigDB c2,WANG_HOXA9_VS_MEIS1_DN,22,21,0.9545,16,0.7273,True,True,True,True,True
MSigDB c2,HOFMANN_MDS_CD34_LOW_RISK,50,49,0.98,37,0.74,True,True,True,True,True
MSigDB c2,ALCALAY_AML_NPMC_UP,133,115,0.8647,93,0.6992,True,True,True,True,True
MSigDB c2,LEE_TCELLS8_UP,180,155,0.8611,129,0.7167,True,True,True,True,True
MSigDB c2,FALT_BCLL_IG_MUTATED_VS_WT_UP,43,40,0.9302,35,0.814,True,True,True,True,True
MSigDB c2,HEDVAT_ELF_UP,10,9,0.9,6,0.6,True,True,True,True,True
MSigDB c2,FLOTHO_CASP8AP2_MRD_DIFF,81,75,0.9259,64,0.7901,True,True,True,True,True
MSigDB c2,XU_ATRA_PLUSNSC_UP,15,14,0.9333,13,0.8667,True,True,True,True,True
MSigDB c2,ZHAN_MMPC_PC,21,21,1.0,14,0.6667,True,True,True,True,True
MSigDB c2,STOSSI_ER_UP,47,44,0.9362,27,0.5745,False,True,True,False,False
MSigDB c2,YU_CMYC_UP,37,35,0.9459,34,0.9189,True,True,True,True,True
MSigDB c2,MOREAUX_TACI_HI_IN_PPC_UP,68,55,0.8088,49,0.7206,True,True,True,True,True
MSigDB c2,FERRARI_4HPR_UP,23,21,0.913,16,0.6957,True,True,True,True,True
MSigDB c2,ABBUD_LIF_GH3_UP,12,12,1.0,9,0.75,True,True,True,True,True
MSigDB c2,PARK_MSCS_LIN2,40,38,0.95,33,0.825,True,True,True,True,True
MSigDB c2,PARK_RARALPHA_UP,39,38,0.9744,32,0.8205,True,True,True,True,True
MSigDB c2,FERRANDO_MLL_T_ALL_UP,85,80,0.9412,67,0.7882,True,True,True,True,True
MSigDB c2,HOFMANN_MANTEL_LYMPHOMA_VS_LYMPH_NODES_DN,40,39,0.975,27,0.675,True,True,True,True,True
MSigDB c2,LIAN_MYELOID_DIFF_TF,34,32,0.9412,31,0.9118,True,True,True,True,True
MSigDB c2,ZHAN_MM_MOLECULAR_CLASSI_UP,58,51,0.8793,37,0.6379,True,True,True,True,True
MSigDB c2,MATSUDA_VALPHAINKT_DIFF,393,378,0.9618,289,0.7354,True,True,False,True,False
MSigDB c2,MOREAUX_TACI_BAFF_DN,8,8,1.0,6,0.75,True,True,True,True,True
MSigDB c2,MOREAUX_TACI_XG_13_DN,10,7,0.7,7,0.7,True,True,True,True,True
MSigDB c2,WANG_MLL_CBP_VS_GMP_UP,37,35,0.9459,27,0.7297,True,True,True,True,True
MSigDB c2,HASLINGER_B_CLL_13Q14,18,17,0.9444,14,0.7778,True,True,True,True,True
MSigDB c2,HOFMANN_MDS_CD34_HIGH_RISK,28,28,1.0,17,0.6071,True,True,True,True,True
MSigDB c2,LIAN_MYELOID_DIFF_RECEPTORS,34,31,0.9118,23,0.6765,True,True,True,True,True
MSigDB c2,HOFMANN_MANTEL_LYMPHOMA_VS_LYMPH_NODES_UP,46,43,0.9348,37,0.8043,True,True,True,True,True
MSigDB c2,GUO_HEX_DN,59,56,0.9492,44,0.7458,True,True,True,True,True
MSigDB c2,MENSE_HYPOXIA_DN,3,1,0.3333,1,0.3333,False,False,True,False,False
MSigDB c2,SANSOM_APC_4_DN,66,65,0.9848,46,0.697,True,True,True,True,True
MSigDB c2,HEDVAT_ELF_DN,3,2,0.6667,2,0.6667,True,False,True,False,False
MSigDB c2,ZHAN_MMPC_EARLYVS,46,46,1.0,40,0.8696,True,True,True,True,True
MSigDB c2,HSIAO_LIVER_SPECIFIC_GENES,247,241,0.9757,105,0.4251,False,True,True,False,False
MSigDB c2,ROTH_HTERT_DIFF,31,30,0.9677,28,0.9032,True,True,True,True,True
MSigDB c2,GILDEA_BLADDER_UP,29,25,0.8621,24,0.8276,True,True,True,True,True
MSigDB c2,HOFMANN_MDS_CD34_LOW_AND_HIGH_RISK,45,42,0.9333,31,0.6889,True,True,True,True,True
MSigDB c2,ZHAN_PCS_MULTIPLE_MYELOMA_SPKD,23,21,0.913,14,0.6087,True,True,True,True,True
MSigDB c2,MUNSHI_MM_VS_PCS_DN,11,10,0.9091,9,0.8182,True,True,True,True,True
MSigDB c2,ASTIER_FN_DIFF,60,54,0.9,41,0.6833,True,True,True,True,True
MSigDB c2,ZHAN_MM_CD138_LB_VS_REST,36,30,0.8333,25,0.6944,True,True,True,True,True
MSigDB c2,HASLINGER_B_CLL_11Q23,20,18,0.9,13,0.65,True,True,True,True,True
MSigDB c2,LEI_MYB_REGULATED_GENES,320,300,0.9375,271,0.8469,True,True,False,True,False
MSigDB c2,BROWN_MYELOID_PROLIF_AND_SELF_RENEWAL,96,90,0.9375,76,0.7917,True,True,True,True,True
MSigDB c2,ROTH_HTERT_DN,9,9,1.0,4,0.4444,False,True,True,False,False
MSigDB c2,NEMETH_TNF_UP,80,78,0.975,70,0.875,True,True,True,True,True
MSigDB c2,LI_FETAL_VS_WT_KIDNEY_DN,157,143,0.9108,130,0.828,True,True,True,True,True
MSigDB c2,TAKEDA_NUP8_HOXA9_16D_UP,161,150,0.9317,88,0.5466,False,True,True,False,False
MSigDB c2,HESS_HOXAANMEIS1_DN,65,61,0.9385,53,0.8154,True,True,True,True,True
MSigDB c2,PARK_RARALPHA_MOD,60,57,0.95,50,0.8333,True,True,True,True,True
MSigDB c2,CHIARETTI_T_ALL_DIFF,287,254,0.885,183,0.6376,True,True,True,True,True
MSigDB c2,WALLACE_JAK2_DIFF,30,23,0.7667,18,0.6,True,True,True,True,True
MSigDB c2,HALMOS_CEBP_DN,44,40,0.9091,30,0.6818,True,True,True,True,True
MSigDB c2,NADLER_OBESITY_DN,36,36,1.0,28,0.7778,True,True,True,True,True
MSigDB c2,BOQUEST_CD31PLUS_VS_CD31MINUS_UP,628,575,0.9156,463,0.7373,True,True,False,True,False
MSigDB c2,HOFFMANN_BIVSBII_LGBII,102,100,0.9804,78,0.7647,True,True,True,True,True
MSigDB c2,FERRANDO_MLL_T_ALL_DN,83,76,0.9157,67,0.8072,True,True,True,True,True
MSigDB c2,WANG_HOXA9_VS_MEIS1_UP,28,27,0.9643,17,0.6071,True,True,True,True,True
MSigDB c2,NEMETH_TNF_DN,30,28,0.9333,25,0.8333,True,True,True,True,True
MSigDB c2,TAKEDA_NUP8_HOXA9_3D_UP,169,154,0.9112,115,0.6805,True,True,True,True,True
MSigDB c2,GALE_FLT3ANDAPL_DN,18,18,1.0,17,0.9444,True,True,True,True,True
MSigDB c2,ZHAN_MM_CD1_VS_CD2_UP,85,71,0.8353,59,0.6941,True,True,True,True,True
MSigDB c2,NADLER_OBESITY_HYPERGLYCEMIA,42,38,0.9048,28,0.6667,True,True,True,True,True
MSigDB c2,RORIE_ES_PNET_UP,26,24,0.9231,21,0.8077,True,True,True,True,True
MSigDB c2,ZHAN_MM_CD138_PR_VS_REST,43,36,0.8372,29,0.6744,True,True,True,True,True
MSigDB c2,CHEN_HOXA5_TARGETS_UP,209,185,0.8852,167,0.799,True,True,True,True,True
MSigDB c2,HALMOS_CEBP_UP,50,47,0.94,33,0.66,True,True,True,True,True
MSigDB c2,HOFFMANN_BIVSBII_BI,96,92,0.9583,77,0.8021,True,True,True,True,True
MSigDB c2,YU_CMYC_DN,43,40,0.9302,32,0.7442,True,True,True,True,True
MSigDB c2,NUMATA_G_CSF_DIFF,18,17,0.9444,15,0.8333,True,True,True,True,True
MSigDB c2,ZHAN_MULTIPLE_MYELOMA_VS_NORMAL_UP,59,49,0.8305,44,0.7458,True,True,True,True,True
MSigDB c2,HOHENKIRK_MONOCYTE_DEND_UP,108,104,0.963,86,0.7963,True,True,True,True,True
MSigDB c2,TAVOR_CEBP_DN,31,30,0.9677,23,0.7419,True,True,True,True,True
MSigDB c2,HOHENKIRK_MONOCYTE_DEND_DN,117,111,0.9487,92,0.7863,True,True,True,True,True
MSigDB c2,WANG_MLL_CBP_VS_GMP_DN,40,35,0.875,34,0.85,True,True,True,True,True
MSigDB c2,TAKEDA_NUP8_HOXA9_6H_DN,38,37,0.9737,30,0.7895,True,True,True,True,True
MSigDB c2,TAKEDA_NUP8_HOXA9_16D_DN,208,174,0.8365,135,0.649,True,True,True,True,True
MSigDB c2,HADDAD_HPCLYMPHO_ENRICHED,287,236,0.8223,174,0.6063,True,True,True,True,True
MSigDB c2,PARK_MSCS_BOTH,41,37,0.9024,34,0.8293,True,True,True,True,True
MSigDB c2,GREENBAUM_E2A_DN,15,14,0.9333,12,0.8,True,True,True,True,True
MSigDB c2,MOREAUX_TACI_BAFF_UP,7,4,0.5714,3,0.4286,False,True,True,False,False
MSigDB c2,NGUYEN_KERATO_UP,27,27,1.0,22,0.8148,True,True,True,True,True
MSigDB c2,ZHAN_MM_CD138_CD2_VS_REST,39,33,0.8462,22,0.5641,False,True,True,False,False
MSigDB c2,HASLINGER_B_CLL_12,17,14,0.8235,12,0.7059,True,True,True,True,True
MSigDB c2,ABBUD_LIF_UP,41,39,0.9512,31,0.7561,True,True,True,True,True
MSigDB c2,ABRAHAM_AL_VS_MM_UP,23,23,1.0,21,0.913,True,True,True,True,True
MSigDB c2,KNUDSEN_PMNS_UP,72,69,0.9583,55,0.7639,True,True,True,True,True
MSigDB c2,NICK_RHAPC_UP,28,24,0.8571,22,0.7857,True,True,True,True,True
MSigDB c2,CHEN_HOXA5_TARGETS_DN,42,36,0.8571,33,0.7857,True,True,True,True,True
MSigDB c2,GERY_CEBP_TARGETS,112,108,0.9643,81,0.7232,True,True,True,True,True
MSigDB c2,VERHAAK_AML_NPM1_MUT_VS_WT_UP,185,169,0.9135,112,0.6054,True,True,True,True,True
MSigDB c2,KANG_TERT_UP,83,80,0.9639,51,0.6145,True,True,True,True,True
MSigDB c2,BASSO_GERMINAL_CENTER_CD40_DN,71,65,0.9155,39,0.5493,False,True,True,False,False
MSigDB c2,ZHAN_MM_CD138_MF_VS_REST,47,39,0.8298,31,0.6596,True,True,True,True,True
MSigDB c2,IRITANI_ADPROX_VASC,151,145,0.9603,129,0.8543,True,True,True,True,True
MSigDB c2,BASSO_HCL_DIFF,86,81,0.9419,66,0.7674,True,True,True,True,True
MSigDB c2,JAIN_NEMO_DIFF,75,67,0.8933,63,0.84,True,True,True,True,True
MSigDB c2,YANG_OSTECLASTS_SIG,40,38,0.95,20,0.5,False,True,True,False,False
MSigDB c2,ZHAN_MMPC_SIMAL,49,45,0.9184,41,0.8367,True,True,True,True,True
MSigDB c2,TAKEDA_NUP8_HOXA9_10D_UP,176,160,0.9091,101,0.5739,False,True,True,False,False
MSigDB c2,ROTH_HTERT_UP,14,14,1.0,13,0.9286,True,True,True,True,True
MSigDB c2,HOFFMANN_BIVSBII_IMVM,81,77,0.9506,59,0.7284,True,True,True,True,True
MSigDB c2,TAKEDA_NUP8_HOXA9_6H_UP,79,68,0.8608,41,0.519,False,True,True,False,False
MSigDB c2,IRITANI_ADPROX_LYMPH,122,113,0.9262,102,0.8361,True,True,True,True,True
MSigDB c2,LI_FETAL_VS_WT_KIDNEY_UP,175,166,0.9486,155,0.8857,True,True,True,True,True
MSigDB c2,STAEGE_EFTS_UP,30,26,0.8667,10,0.3333,False,True,True,False,False
MSigDB c2,GALE_FLT3ANDAPL_UP,53,45,0.8491,42,0.7925,True,True,True,True,True
MSigDB c2,GAY_YY1_UP,195,186,0.9538,117,0.6,True,True,True,True,True
MSigDB c2,HOFFMANN_BIVSBII_BI_TABLE2,201,190,0.9453,161,0.801,True,True,True,True,True
MSigDB c2,KNUDSEN_PMNS_DN,213,200,0.939,182,0.8545,True,True,True,True,True
MSigDB c2,GAY_YY1_DN,242,232,0.9587,172,0.7107,True,True,True,True,True
MSigDB c2,FALT_BCLL_IG_MUTATED_VS_WT_DN,46,42,0.913,38,0.8261,True,True,True,True,True
MSigDB c2,PARK_MSCS_DIFF,32,29,0.9062,25,0.7812,True,True,True,True,True
MSigDB c2,VERNELL_PRB_CLSTR1,63,59,0.9365,55,0.873,True,True,True,True,True
MSigDB c2,ALCALAY_AML_NPMC_DN,179,171,0.9553,143,0.7989,True,True,True,True,True
MSigDB c2,KANG_TERT_DN,97,95,0.9794,53,0.5464,False,True,True,False,False
MSigDB c2,LINDSTEDT_DEND_8H_VS_48H_DN,63,62,0.9841,53,0.8413,True,True,True,True,True
MSigDB c2,LEE_TCELLS9_UP,28,25,0.8929,19,0.6786,True,True,True,True,True
MSigDB c2,HESS_HOXAANMEIS1_UP,65,61,0.9385,53,0.8154,True,True,True,True,True
MSigDB c2,YAO_P4_KO_VS_WT_DN,16,15,0.9375,9,0.5625,False,True,True,False,False
MSigDB c2,NGUYEN_KERATO_DN,81,74,0.9136,64,0.7901,True,True,True,True,True
MSigDB c2,MOREAUX_TACI_HI_VS_LOW_UP,399,360,0.9023,213,0.5338,False,True,False,False,False
MSigDB c2,LINDSTEDT_DEND_UP,49,48,0.9796,43,0.8776,True,True,True,True,True
MSigDB c2,ZHAN_MMPC_SIM_BC_AND_MM,45,42,0.9333,34,0.7556,True,True,True,True,True
MSigDB c2,LINDSTEDT_DEND_8H_VS_48H_UP,66,64,0.9697,48,0.7273,True,True,True,True,True
MSigDB c2,LEE_TCELLS3_UP,97,81,0.8351,67,0.6907,True,True,True,True,True
MSigDB c2,CHIARETTI_ZAP70_DIFF,67,60,0.8955,48,0.7164,True,True,True,True,True
MSigDB c2,IRITANI_ADPROX_DN,59,56,0.9492,47,0.7966,True,True,True,True,True
MSigDB c2,HOGERKORP_CD44_DN,23,22,0.9565,15,0.6522,True,True,True,True,True
MSigDB c2,TAKEDA_NUP8_HOXA9_10D_DN,146,134,0.9178,89,0.6096,True,True,True,True,True
MSigDB c2,BENNETT_SLE_UP,27,27,1.0,23,0.8519,True,True,True,True,True
MSigDB c2,XU_ATRA_UP,15,14,0.9333,13,0.8667,True,True,True,True,True
MSigDB c2,ABRAHAM_AL_VS_MM_DN,18,18,1.0,17,0.9444,True,True,True,True,True
MSigDB c2,MENSE_HYPOXIA_UP,97,82,0.8454,74,0.7629,True,True,True,True,True
MSigDB c2,MARCINIAK_CHOP_DIFF,20,19,0.95,16,0.8,True,True,True,True,True
MSigDB c2,ZHAN_MMPC_SIM,41,36,0.878,34,0.8293,True,True,True,True,True
MSigDB c2,DORSEY_DOXYCYCLINE_UP,31,30,0.9677,20,0.6452,True,True,True,True,True
MSigDB c2,HADDAD_CD45CD7_PLUS_VS_MINUS_DN,80,71,0.8875,51,0.6375,True,True,True,True,True
MSigDB c2,TAKEDA_NUP8_HOXA9_8D_DN,202,184,0.9109,118,0.5842,False,True,True,False,False
MSigDB c2,NAKAJIMA_MCSMBP_MAST,46,44,0.9565,36,0.7826,True,True,True,True,True
MSigDB c2,LIAN_MYELOID_DIFF_GRANULE,24,22,0.9167,16,0.6667,True,True,True,True,True
MSigDB c2,ZHAN_MM_CD138_MS_VS_REST,41,39,0.9512,31,0.7561,True,True,True,True,True
MSigDB c2,MA_ATRA_EMP_UP,33,32,0.9697,27,0.8182,True,True,True,True,True
MSigDB c2,RADMACHER_AMLNORMALKARYTYPE_SIG,75,67,0.8933,56,0.7467,True,True,True,True,True
MSigDB c2,CROMER_HYPOPHARYNGEAL_MET_VS_NON_DN,74,70,0.9459,61,0.8243,True,True,True,True,True
MSigDB c2,NOUZOVA_CPG_METHLTD,58,48,0.8276,28,0.4828,False,True,True,False,False
MSigDB c2,ZHAN_MM_CD138_HP_VS_REST,47,40,0.8511,33,0.7021,True,True,True,True,True
MSigDB c2,XU_ATRA_DN,12,9,0.75,7,0.5833,False,True,True,False,False
MSigDB c2,TAVOR_CEBP_UP,49,46,0.9388,41,0.8367,True,True,True,True,True
MSigDB c2,YAGI_AML_PROG_ASSOC,117,105,0.8974,85,0.7265,True,True,True,True,True
MSigDB c2,XU_CBP_UP,22,20,0.9091,18,0.8182,True,True,True,True,True
MSigDB c2,VERHAAK_AML_NPM1_MUT_VS_WT_DN,242,221,0.9132,155,0.6405,True,True,True,True,True
MSigDB c2,JISON_SICKLECELL_DIFF,350,320,0.9143,275,0.7857,True,True,False,True,False
MSigDB c2,RORIE_ES_PNET_DN,27,26,0.963,10,0.3704,False,True,True,False,False
MSigDB c2,APPEL_IMATINIB_UP,31,31,1.0,29,0.9355,True,True,True,True,True
MSigDB c2,MENSE_HYPOXIA_TRANSPORTER_GENES,46,46,1.0,29,0.6304,True,True,True,True,True
MSigDB c2,YAGI_AML_PROG_FAB,183,177,0.9672,139,0.7596,True,True,True,True,True
MSigDB c2,ZHAN_MM_MOLECULAR_CLASSI_DN,43,37,0.8605,28,0.6512,True,True,True,True,True
MSigDB c2,MOREAUX_TACI_HI_VS_LOW_DN,162,134,0.8272,123,0.7593,True,True,True,True,True
MSigDB c2,RAY_P210_DIFF,53,52,0.9811,43,0.8113,True,True,True,True,True
MSigDB c2,ZHAN_MMPC_LATEVS,45,42,0.9333,35,0.7778,True,True,True,True,True
MSigDB c2,ABBUD_LIF_GH3_DN,5,5,1.0,1,0.2,False,False,True,False,False
MSigDB c2,XU_CBP_DN,35,34,0.9714,30,0.8571,True,True,True,True,True
MSigDB c2,IGLESIAS_E2FMINUS_DN,14,11,0.7857,3,0.2143,False,True,True,False,False
MSigDB c2,LEE_TCELLS4_UP,50,46,0.92,40,0.8,True,True,True,True,True
MSigDB c2,HOGERKORP_CD44_TEMPORALLY_UP,11,10,0.9091,8,0.7273,True,True,True,True,True
MSigDB c2,SCHURINGA_STAT5A_DN,17,15,0.8824,12,0.7059,True,True,True,True,True
MSigDB c2,HOGERKORP_CD44_TEMPORALLY_DN,14,14,1.0,10,0.7143,True,True,True,True,True
MSigDB c2,IGLESIAS_E2FMINUS_UP,137,136,0.9927,127,0.927,True,True,True,True,True
MSigDB c2,MUNSHI_MM_VS_PCS_UP,78,75,0.9615,62,0.7949,True,True,True,True,True
MSigDB c2,VANASSE_BCL2_TARGETS,84,77,0.9167,56,0.6667,True,True,True,True,True
MSigDB c2,MARTINELLI_IFNS_DIFF,23,18,0.7826,10,0.4348,False,True,True,False,False
MSigDB c2,KAMMINGA_EZH2_TARGETS,35,34,0.9714,31,0.8857,True,True,True,True,True
MSigDB c2,ZHAN_MULTIPLE_MYELOMA_VS_NORMAL_DN,40,39,0.975,30,0.75,True,True,True,True,True
MSigDB c2,BASSO_GERMINAL_CENTER_CD40_UP,98,90,0.9184,79,0.8061,True,True,True,True,True
MSigDB c2,HASLINGER_B_CLL_6Q21,9,8,0.8889,7,0.7778,True,True,True,True,True
MSigDB c2,GNATENKO_PLATELET_UP,46,37,0.8043,32,0.6957,True,True,True,True,True
MSigDB c2,HANSON_NFKAPPB_IND,17,17,1.0,9,0.5294,False,True,True,False,False
MSigDB c2,LEE_TCELLS5_UP,20,16,0.8,11,0.55,False,True,True,False,False
MSigDB c2,RUTELLA_HEMATOGFSNDCS_DIFF,626,572,0.9137,493,0.7875,True,True,False,True,False
MSigDB c2,FALT_BCLL_DN,48,46,0.9583,46,0.9583,True,True,True,True,True
MSigDB c2,SANSOM_APC_LOSS5_UP,76,71,0.9342,66,0.8684,True,True,True,True,True
MSigDB c2,LEE_TCELLS1_UP,180,155,0.8611,129,0.7167,True,True,True,True,True
MSigDB c2,GREENBAUM_E2A_UP,33,30,0.9091,27,0.8182,True,True,True,True,True
MSigDB c2,RUTELLA_HEPATGFSNDCS_UP,159,145,0.9119,122,0.7673,True,True,True,True,True
MSigDB c2,XU_ATRA_PLUSNSC_DN,12,12,1.0,12,1.0,True,True,True,True,True
MSigDB c2,NOUZOVA_CPG_H4_UP,111,87,0.7838,83,0.7477,True,True,True,True,True
MSigDB c2,LEE_TCELLS6_UP,26,24,0.9231,15,0.5769,False,True,True,False,False
MSigDB c2,BRUNO_IL3_DN,62,54,0.871,44,0.7097,True,True,True,True,True
MSigDB c2,MOREAUX_TACI_HI_IN_BMPC,92,78,0.8478,47,0.5109,False,True,True,False,False
MSigDB c2,LEE_TCELLS7_UP,13,13,1.0,10,0.7692,True,True,True,True,True
MSigDB c2,TAKEDA_NUP8_HOXA9_3D_DN,30,27,0.9,16,0.5333,False,True,True,False,False
MSigDB c2,IRITANI_ADPROX_UP,25,22,0.88,22,0.88,True,True,True,True,True
MSigDB c2,KRETZSCHMAR_IL6_DIFF,135,125,0.9259,110,0.8148,True,True,True,True,True
MSigDB c2,HOGERKORP_CD44_UP,22,21,0.9545,12,0.5455,False,True,True,False,False
MSigDB c2,MENSE_HYPOXIA_APOPTOSIS_GENES,11,11,1.0,11,1.0,True,True,True,True,True
MSigDB c2,KUMAR_HOXA_DIFF,348,338,0.9713,244,0.7011,True,True,False,True,False
MSigDB c2,LEE_TCELLS2_UP,1042,899,0.8628,746,0.7159,True,True,False,True,False
MSigDB c2,FALT_BCLL_UP,46,40,0.8696,38,0.8261,True,True,True,True,True
MSigDB c2,LINDSTEDT_DEND_DN,63,62,0.9841,53,0.8413,True,True,True,True,True
MSigDB c2,UVB_NHEK3_C8,65,61,0.9385,57,0.8769,True,True,True,True,True
MSigDB c2,HYPOXIA_FIBRO_UP,18,17,0.9444,17,0.9444,True,True,True,True,True
MSigDB c2,UVC_HIGH_D9_DN,19,16,0.8421,15,0.7895,True,True,True,True,True
MSigDB c2,DAC_BLADDER_UP,28,26,0.9286,21,0.75,True,True,True,True,True
MSigDB c2,BRCA_PROGNOSIS_POS,38,34,0.8947,31,0.8158,True,True,True,True,True
MSigDB c2,GAMMA_UNIQUE_FIBRO_DN,61,59,0.9672,44,0.7213,True,True,True,True,True
MSigDB c2,H2O2_CSBDIFF_C1,30,27,0.9,24,0.8,True,True,True,True,True
MSigDB c2,HSC_EARLYPROGENITORS_SHARED,423,383,0.9054,321,0.7589,True,True,False,True,False
MSigDB c2,HSC_HSC_ADULT,282,254,0.9007,191,0.6773,True,True,True,True,True
MSigDB c2,HG_PROGERIA_DN,25,22,0.88,21,0.84,True,True,True,True,True
MSigDB c2,ET743PT650_COLONCA_DN,40,37,0.925,35,0.875,True,True,True,True,True
MSigDB c2,MMC_RES_XENOGRAFTS_UP,11,11,1.0,7,0.6364,True,True,True,True,True
MSigDB c2,OXSTRESS_RPE_H2O2TBH_DN,29,29,1.0,28,0.9655,True,True,True,True,True
MSigDB c2,CMV_HCMV_TIMECOURSE_20HRS_UP,78,71,0.9103,63,0.8077,True,True,True,True,True
MSigDB c2,UVB_NHEK2_UP,64,59,0.9219,50,0.7812,True,True,True,True,True
MSigDB c2,ADIP_HUMAN_UP,61,58,0.9508,38,0.623,True,True,True,True,True
MSigDB c2,AGED_MOUSE_NEOCORTEX_DN,54,51,0.9444,30,0.5556,False,True,True,False,False
MSigDB c2,RETT_UP,38,35,0.9211,23,0.6053,True,True,True,True,True
MSigDB c2,DFOSB_BRAIN_8WKS_UP,40,38,0.95,22,0.55,False,True,True,False,False
MSigDB c2,HDACI_COLON_CURSUL_DN,13,13,1.0,12,0.9231,True,True,True,True,True
MSigDB c2,HDACI_COLON_TSA_UP,110,99,0.9,84,0.7636,True,True,True,True,True
MSigDB c2,UV_ESR_OLD_UNREG,18,18,1.0,15,0.8333,True,True,True,True,True
MSigDB c2,METHOTREXATE_PROBCELL_DN,12,11,0.9167,11,0.9167,True,True,True,True,True
MSigDB c2,AD12_ANY_DN,26,22,0.8462,19,0.7308,True,True,True,True,True
MSigDB c2,CMV_HCMV_TIMECOURSE_16HRS_UP,51,46,0.902,40,0.7843,True,True,True,True,True
MSigDB c2,HIPPOCAMPUS_DEVELOPMENT_POSTNATAL,45,43,0.9556,31,0.6889,True,True,True,True,True
MSigDB c2,ADIPOCYTE_BRCA_UP,10,10,1.0,8,0.8,True,True,True,True,True
MSigDB c2,GH_GHRHR_KO_24HRS_UP,136,122,0.8971,86,0.6324,True,True,True,True,True
MSigDB c2,BRCA2_BRCA1_DN,40,35,0.875,29,0.725,True,True,True,True,True
MSigDB c2,RESISTANCE_XENOGRAFTS_UP,28,25,0.8929,19,0.6786,True,True,True,True,True
MSigDB c2,IDX_TSA_DN_CLUSTER4,26,22,0.8462,21,0.8077,True,True,True,True,True
MSigDB c2,VEGF_HUVEC_2HRS_UP,28,24,0.8571,14,0.5,False,True,True,False,False
MSigDB c2,TSADAC_RKOSILENT_UP,19,17,0.8947,10,0.5263,False,True,True,False,False
MSigDB c2,AGED_MOUSE_HIPPOCAMPUS_MULTI_UP,19,19,1.0,17,0.8947,True,True,True,True,True
MSigDB c2,IFN_BETA_GLIOMA_UP,62,60,0.9677,45,0.7258,True,True,True,True,True
MSigDB c2,ALZHEIMERS_INCIPIENT_UP,325,301,0.9262,247,0.76,True,True,False,True,False
MSigDB c2,HSC_MATURE_SHARED,239,205,0.8577,167,0.6987,True,True,True,True,True
MSigDB c2,UVB_NHEK1_C3,13,13,1.0,10,0.7692,True,True,True,True,True
MSigDB c2,TPA_SKIN_UP,20,18,0.9,13,0.65,True,True,True,True,True
MSigDB c2,P21_ANY_DN,35,30,0.8571,29,0.8286,True,True,True,True,True
MSigDB c2,HYPERME_COLONCA_SW48,16,15,0.9375,10,0.625,True,True,True,True,True
MSigDB c2,HEARTFAILURE_ATRIA_DN,108,97,0.8981,95,0.8796,True,True,True,True,True
MSigDB c2,BRCA1_OVEREXP_PROSTATE_UP,154,140,0.9091,121,0.7857,True,True,True,True,True
MSigDB c2,UV_ESR_WS_UNREG,11,11,1.0,9,0.8182,True,True,True,True,True
MSigDB c2,HUMAN_TISSUE_PANCREAS,39,34,0.8718,19,0.4872,False,True,True,False,False
MSigDB c2,HDACI_COLON_SUL48HRS_DN,80,72,0.9,59,0.7375,True,True,True,True,True
MSigDB c2,TGZ_ADIP_UP,15,15,1.0,13,0.8667,True,True,True,True,True
MSigDB c2,HBX_NL_DN,16,15,0.9375,13,0.8125,True,True,True,True,True
MSigDB c2,INOS_ALL_UP,53,51,0.9623,47,0.8868,True,True,True,True,True
MSigDB c2,AGED_MOUSE_CORTEX_UP,31,28,0.9032,25,0.8065,True,True,True,True,True
MSigDB c2,HDACI_COLON_TSA48HRS_UP,38,33,0.8684,24,0.6316,True,True,True,True,True
MSigDB c2,OXSTRESS_RPETHREE_DN,27,26,0.963,24,0.8889,True,True,True,True,True
MSigDB c2,MMS_HUMAN_LYMPH_LOW_4HRS_DN,15,14,0.9333,13,0.8667,True,True,True,True,True
MSigDB c2,BREASTCA_THREE_CLASSES,40,35,0.875,35,0.875,True,True,True,True,True
MSigDB c2,TPA_SENS_MIDDLE_DN,292,273,0.9349,210,0.7192,True,True,False,True,False
MSigDB c2,MKK6EE_UP,10,9,0.9,8,0.8,True,True,True,True,True
MSigDB c2,REOVIRUS_HEK293_UP,221,205,0.9276,183,0.8281,True,True,True,True,True
MSigDB c2,CMV_HCMV_TIMECOURSE_1HR_DN,33,31,0.9394,23,0.697,True,True,True,True,True
MSigDB c2,ET743_SARCOMA_24HRS_UP,9,8,0.8889,7,0.7778,True,True,True,True,True
MSigDB c2,UVC_XPCS_ALL_DN,436,386,0.8853,356,0.8165,True,True,False,True,False
MSigDB c2,IL6_FIBRO_UP,45,42,0.9333,37,0.8222,True,True,True,True,True
MSigDB c2,CISPLATIN_PROBCELL_UP,17,15,0.8824,15,0.8824,True,True,True,True,True
MSigDB c2,HSC_LATEPROGENITORS_SHARED,425,373,0.8776,322,0.7576,True,True,False,True,False
MSigDB c2,WERNER_FIBRO_UP,53,43,0.8113,38,0.717,True,True,True,True,True
MSigDB c2,UV-CMV_UNIQUE_HCMV_6HRS_DN,74,67,0.9054,54,0.7297,True,True,True,True,True
MSigDB c2,AGEING_BRAIN_DN,119,109,0.916,73,0.6134,True,True,True,True,True
MSigDB c2,UVC_TTD_8HR_DN,151,137,0.9073,117,0.7748,True,True,True,True,True
MSigDB c2,TNFALPHA_ADIP_UP,10,10,1.0,8,0.8,True,True,True,True,True
MSigDB c2,AD12_24HRS_DN,18,15,0.8333,13,0.7222,True,True,True,True,True
MSigDB c2,TPA_RESIST_LATE_UP,34,32,0.9412,28,0.8235,True,True,True,True,True
MSigDB c2,CIS_RESIST_LUNG_UP,10,10,1.0,10,1.0,True,True,True,True,True
MSigDB c2,CALRES_MOUSE_NEOCORTEX_UP,57,53,0.9298,38,0.6667,True,True,True,True,True
MSigDB c2,NAB_LUNG_DN,52,50,0.9615,36,0.6923,True,True,True,True,True
MSigDB c2,HSC_LTHSC_SHARED,257,235,0.9144,172,0.6693,True,True,True,True,True
MSigDB c2,OXSTRESS_RPE_H2O2HNE_DN,31,31,1.0,29,0.9355,True,True,True,True,True
MSigDB c2,GENOTOXINS_4HRS_DISCR,35,30,0.8571,23,0.6571,True,True,True,True,True
MSigDB c2,TNFALPHA_4HRS_UP,38,34,0.8947,31,0.8158,True,True,True,True,True
MSigDB c2,IFNALPHA_NL_HCC_UP,18,17,0.9444,16,0.8889,True,True,True,True,True
MSigDB c2,CMV_UV-CMV_COMMON_HCMV_6HRS_DN,28,26,0.9286,21,0.75,True,True,True,True,True
MSigDB c2,ET743_RESIST_UP,17,17,1.0,15,0.8824,True,True,True,True,True
MSigDB c2,UVC_LOW_ALL_UP,19,18,0.9474,17,0.8947,True,True,True,True,True
MSigDB c2,ALZHEIMERS_DISEASE_DN,1057,972,0.9196,765,0.7237,True,True,False,True,False
MSigDB c2,VHL_NORMAL_UP,415,349,0.841,316,0.7614,True,True,False,True,False
MSigDB c2,CMV_HCMV_TIMECOURSE_16HRS_DN,19,17,0.8947,15,0.7895,True,True,True,True,True
MSigDB c2,VEGF_MMMEC_6HRS_UP,49,47,0.9592,36,0.7347,True,True,True,True,True
MSigDB c2,BCNU_GLIOMA_NOMGMT_24HRS_UP,13,13,1.0,9,0.6923,True,True,True,True,True
MSigDB c2,STEMCELL_COMMON_DN,61,56,0.918,40,0.6557,True,True,True,True,True
MSigDB c2,P53_BRCA1_UP,32,30,0.9375,25,0.7812,True,True,True,True,True
MSigDB c2,BRCA_BRCA1_NEG,138,127,0.9203,112,0.8116,True,True,True,True,True
MSigDB c2,UVC_HIGH_D4_DN,45,42,0.9333,39,0.8667,True,True,True,True,True
MSigDB c2,SERUM_FIBROBLAST_CORE_DN,180,159,0.8833,151,0.8389,True,True,True,True,True
MSigDB c2,CANCER_NEOPLASTIC_META_UP,60,54,0.9,54,0.9,True,True,True,True,True
MSigDB c2,BCRABL_HL60_CDNA_UP,14,13,0.9286,13,0.9286,True,True,True,True,True
MSigDB c2,HDACI_COLON_TSABUT_DN,20,18,0.9,17,0.85,True,True,True,True,True
MSigDB c2,SARCOMAS_HISTIOCYTOMA_UP,13,13,1.0,11,0.8462,True,True,True,True,True
MSigDB c2,LAL_KO_6MO_UP,63,61,0.9683,36,0.5714,False,True,True,False,False
MSigDB c2,HBX_HCC_DN,22,21,0.9545,20,0.9091,True,True,True,True,True
MSigDB c2,MYC_TARGETS,42,41,0.9762,38,0.9048,True,True,True,True,True
MSigDB c2,GAMMA-UV_FIBRO_DN,39,38,0.9744,32,0.8205,True,True,True,True,True
MSigDB c2,GH_EXOGENOUS_EARLY_UP,28,23,0.8214,16,0.5714,False,True,True,False,False
MSigDB c2,SARCOMAS_SYNOVIAL_DN,12,10,0.8333,10,0.8333,True,True,True,True,True
MSigDB c2,UVC_XPCS_ALL_UP,60,57,0.95,49,0.8167,True,True,True,True,True
MSigDB c2,HYPOXIA_REVIEW,80,77,0.9625,62,0.775,True,True,True,True,True
MSigDB c2,TNFALPHA_TGZ_ADIP_DN,28,27,0.9643,20,0.7143,True,True,True,True,True
MSigDB c2,HUMAN_TISSUE_SALIVARY,10,8,0.8,4,0.4,False,True,True,False,False
MSigDB c2,BLEO_HUMAN_LYMPH_HIGH_24HRS_UP,91,87,0.956,78,0.8571,True,True,True,True,True
MSigDB c2,MAMMARY_DEV_UP,55,53,0.9636,43,0.7818,True,True,True,True,True
MSigDB c2,CMV_HCMV_TIMECOURSE_10HRS_DN,15,13,0.8667,12,0.8,True,True,True,True,True
MSigDB c2,WERNERONLY_FIBRO_UP,29,25,0.8621,23,0.7931,True,True,True,True,True
MSigDB c2,CALRES_RHESUS_DN,57,54,0.9474,40,0.7018,True,True,True,True,True
MSigDB c2,DAC_CGI_BLADDER_UP,11,9,0.8182,8,0.7273,True,True,True,True,True
MSigDB c2,BRG1_ALAB_UP,40,36,0.9,31,0.775,True,True,True,True,True
MSigDB c2,AS3_HEK293_DN,12,11,0.9167,10,0.8333,True,True,True,True,True
MSigDB c2,UVC_TTD_4HR_DN,269,237,0.881,213,0.7918,True,True,False,True,False
MSigDB c2,TPA_SENS_LATE_DN,227,215,0.9471,168,0.7401,True,True,True,True,True
MSigDB c2,4NQO_UNIQUE_FIBRO_DN,11,11,1.0,10,0.9091,True,True,True,True,True
MSigDB c2,UVC_TTD_ALL_UP,74,67,0.9054,58,0.7838,True,True,True,True,True
MSigDB c2,UVB_NHEK4_6HRS_DN,18,18,1.0,14,0.7778,True,True,True,True,True
MSigDB c2,CREB_BRAIN_2WKS_UP,24,23,0.9583,18,0.75,True,True,True,True,True
MSigDB c2,LVAD_HEARTFAILURE_DN,38,38,1.0,27,0.7105,True,True,True,True,True
MSigDB c2,STEMCELL_COMMON_UP,172,157,0.9128,151,0.8779,True,True,True,True,True
MSigDB c2,CIS_RESIST_GASTRIC_UP,15,13,0.8667,13,0.8667,True,True,True,True,True
MSigDB c2,HDACI_COLON_CLUSTER7,15,11,0.7333,9,0.6,True,True,True,True,True
MSigDB c2,NI2_MOUSE_UP,40,39,0.975,34,0.85,True,True,True,True,True
MSigDB c2,HDACI_COLON_SUL12HRS_DN,27,23,0.8519,20,0.7407,True,True,True,True,True
MSigDB c2,UVC_TTD_4HR_UP,58,52,0.8966,46,0.7931,True,True,True,True,True
MSigDB c2,UVB_NHEK3_C4,12,10,0.8333,9,0.75,True,True,True,True,True
MSigDB c2,ADIPOGENESIS_HMSC_CLASS5_UP,9,8,0.8889,8,0.8889,True,True,True,True,True
MSigDB c2,BAF57_BT549_DN,309,282,0.9126,225,0.7282,True,True,False,True,False
MSigDB c2,HUMAN_TISSUE_TESTIS,56,53,0.9464,29,0.5179,False,True,True,False,False
MSigDB c2,RETT_DN,14,13,0.9286,10,0.7143,True,True,True,True,True
MSigDB c2,CANCERDRUGS_PROBCELL_DN,13,12,0.9231,12,0.9231,True,True,True,True,True
MSigDB c2,UVB_NHEK3_C6,28,26,0.9286,25,0.8929,True,True,True,True,True
MSigDB c2,TPA_RESIST_EARLY_DN,74,67,0.9054,49,0.6622,True,True,True,True,True
MSigDB c2,STRESS_IONIZING_SPECIFIC_UP,14,14,1.0,14,1.0,True,True,True,True,True
MSigDB c2,CREB_BRAIN_8WKS_DN,44,43,0.9773,34,0.7727,True,True,True,True,True
MSigDB c2,GH_GHRHR_KO_6HRS_UP,68,61,0.8971,44,0.6471,True,True,True,True,True
MSigDB c2,AGEING_KIDNEY_SPECIFIC_DN,123,111,0.9024,93,0.7561,True,True,True,True,True
MSigDB c2,4NQO_UNIQUE_FIBRO_UP,22,21,0.9545,18,0.8182,True,True,True,True,True
MSigDB c2,SHH_UP,9,9,1.0,6,0.6667,True,True,True,True,True
MSigDB c2,P21_EARLY_DN,13,10,0.7692,9,0.6923,True,True,True,True,True
MSigDB c2,STEMCELL_NEURAL_UP,1720,1553,0.9029,1456,0.8465,True,True,False,True,False
MSigDB c2,GH_IGF_CHONDROCYTES_UP,10,8,0.8,8,0.8,True,True,True,True,True
MSigDB c2,TSADAC_RKOEXP_UP,14,11,0.7857,6,0.4286,False,True,True,False,False
MSigDB c2,MMS_HUMAN_LYMPH_HIGH_24HRS_DN,12,12,1.0,11,0.9167,True,True,True,True,True
MSigDB c2,UVB_NHEK3_C2,39,34,0.8718,34,0.8718,True,True,True,True,True
MSigDB c2,BLEO_MOUSE_LYMPH_HIGH_24HRS_DN,33,29,0.8788,27,0.8182,True,True,True,True,True
MSigDB c2,ATRIA_UP,186,172,0.9247,134,0.7204,True,True,True,True,True
MSigDB c2,GENOTOXINS_ALL_24HRS_REG,26,24,0.9231,22,0.8462,True,True,True,True,True
MSigDB c2,VLB_RES_XENOGRAFTS_UP,9,9,1.0,6,0.6667,True,True,True,True,True
MSigDB c2,SARCOMAS_GISTROMAL_UP,11,10,0.9091,6,0.5455,False,True,True,False,False
MSigDB c2,CMV_HCMV_TIMECOURSE_ALL_UP,443,407,0.9187,351,0.7923,True,True,False,True,False
MSigDB c2,POD1_KO_MOST_UP,29,28,0.9655,22,0.7586,True,True,True,True,True
MSigDB c2,BRCA_PROGNOSIS_NEG,88,78,0.8864,72,0.8182,True,True,True,True,True
MSigDB c2,BRACX_UP,21,18,0.8571,15,0.7143,True,True,True,True,True
MSigDB c2,DSRNA_DN,15,14,0.9333,13,0.8667,True,True,True,True,True
MSigDB c2,HDACI_COLON_SUL_DN,209,181,0.866,154,0.7368,True,True,True,True,True
MSigDB c2,POD1_KO_DN,680,609,0.8956,527,0.775,True,True,False,True,False
MSigDB c2,IGF1_NIH3T3_UP,34,29,0.8529,22,0.6471,True,True,True,True,True
MSigDB c2,TIS7_OVEREXP_DN,18,16,0.8889,14,0.7778,True,True,True,True,True
MSigDB c2,H2O2_CSBRESCUED_C2_UP,8,8,1.0,7,0.875,True,True,True,True,True
MSigDB c2,PRMT5_KD_UP,179,162,0.905,152,0.8492,True,True,True,True,True
MSigDB c2,ZMPSTE24_KO_DN,31,29,0.9355,19,0.6129,True,True,True,True,True
MSigDB c2,DAC_IFN_BLADDER_UP,17,17,1.0,14,0.8235,True,True,True,True,True
MSigDB c2,DAC_PANC50_UP,43,43,1.0,24,0.5581,False,True,True,False,False
MSigDB c2,CANTHARIDIN_UP,11,10,0.9091,9,0.8182,True,True,True,True,True
MSigDB c2,BRACX_DN,11,8,0.7273,3,0.2727,False,True,True,False,False
MSigDB c2,UVC_TTD_ALL_DN,329,289,0.8784,258,0.7842,True,True,False,True,False
MSigDB c2,AGED_MOUSE_HYPOTH_DN,38,36,0.9474,30,0.7895,True,True,True,True,True
MSigDB c2,HPV31_DN,48,46,0.9583,35,0.7292,True,True,True,True,True
MSigDB c2,ADIPOGENESIS_HMSC_CLASS3_UP,64,57,0.8906,50,0.7812,True,True,True,True,True
MSigDB c2,HSC_HSCANDPROGENITORS_ADULT,572,514,0.8986,395,0.6906,True,True,False,True,False
MSigDB c2,CMV_HCMV_TIMECOURSE_24HRS_DN,42,38,0.9048,34,0.8095,True,True,True,True,True
MSigDB c2,OXSTRESS_RPETWO_DN,104,102,0.9808,94,0.9038,True,True,True,True,True
MSigDB c2,TPA_RESIST_MIDDLE_DN,107,98,0.9159,70,0.6542,True,True,True,True,True
MSigDB c2,HDACI_COLON_CLUSTER8,11,9,0.8182,6,0.5455,False,True,True,False,False
MSigDB c2,TSA_HEPATOMA_CANCER_UP,39,37,0.9487,33,0.8462,True,True,True,True,True
MSigDB c2,METASTASIS_ADENOCARC_DN,34,33,0.9706,19,0.5588,False,True,True,False,False
MSigDB c2,HDACI_COLON_CURSUL_UP,39,36,0.9231,35,0.8974,True,True,True,True,True
MSigDB c2,P21_P53_LATE_DN,9,8,0.8889,6,0.6667,True,True,True,True,True
MSigDB c2,HIPPOCAMPUS_DEVELOPMENT_NEONATAL,25,24,0.96,17,0.68,True,True,True,True,True
MSigDB c2,COCAINE_BRAIN_5D_UP,63,57,0.9048,42,0.6667,True,True,True,True,True
MSigDB c2,AGED_RHESUS_UP,190,184,0.9684,121,0.6368,True,True,True,True,True
MSigDB c2,HDACI_COLON_SUL30MIN_DN,37,34,0.9189,32,0.8649,True,True,True,True,True
MSigDB c2,UV-4NQO_FIBRO_UP,26,25,0.9615,21,0.8077,True,True,True,True,True
MSigDB c2,TGFBETA_ALL_UP,79,79,1.0,74,0.9367,True,True,True,True,True
MSigDB c2,HEATSHOCK_OLD_UP,12,11,0.9167,8,0.6667,True,True,True,True,True
MSigDB c2,HDACI_COLON_CUR48HRS_UP,58,52,0.8966,49,0.8448,True,True,True,True,True
MSigDB c2,OXSTRESS_BREASTCA_DN,10,9,0.9,9,0.9,True,True,True,True,True
MSigDB c2,CMV_HCMV_TIMECOURSE_14HRS_DN,39,35,0.8974,30,0.7692,True,True,True,True,True
MSigDB c2,MYOD_NIH3T3_DN,53,49,0.9245,43,0.8113,True,True,True,True,True
MSigDB c2,ELONGINA_KO_UP,161,150,0.9317,131,0.8137,True,True,True,True,True
MSigDB c2,GENOTOXINS_24HRS_DISCR,36,32,0.8889,27,0.75,True,True,True,True,True
MSigDB c2,HYPOPHYSECTOMY_RAT_UP,35,32,0.9143,27,0.7714,True,True,True,True,True
MSigDB c2,VHL_RCC_UP,104,87,0.8365,85,0.8173,True,True,True,True,True
MSigDB c2,BRCA1_SW480_DN,17,17,1.0,16,0.9412,True,True,True,True,True
MSigDB c2,HDACI_COLON_BUT30MIN_DN,35,29,0.8286,28,0.8,True,True,True,True,True
MSigDB c2,AGED_MOUSE_CEREBELLUM_DN,45,43,0.9556,28,0.6222,True,True,True,True,True
MSigDB c2,ICF_UP,10,8,0.8,7,0.7,True,True,True,True,True
MSigDB c2,HDACI_COLON_TSA2HRS_UP,54,49,0.9074,45,0.8333,True,True,True,True,True
MSigDB c2,IFNA_HCMV_6HRS_UP,50,46,0.92,40,0.8,True,True,True,True,True
MSigDB c2,DFOSB_BRAIN_2WKS_UP,37,28,0.7568,16,0.4324,False,True,True,False,False
MSigDB c2,POD1_KO_MOST_DN,26,24,0.9231,15,0.5769,False,True,True,False,False
MSigDB c2,HUMAN_TISSUE_THYMUS,15,15,1.0,9,0.6,True,True,True,True,True
MSigDB c2,5FU_RESIST_GASTRIC_DN,16,16,1.0,16,1.0,True,True,True,True,True
MSigDB c2,UVC_TTD-XPCS_COMMON_DN,134,114,0.8507,104,0.7761,True,True,True,True,True
MSigDB c2,SARCOMAS_LIPOSARCOMA_DN,11,11,1.0,10,0.9091,True,True,True,True,True
MSigDB c2,BRCA_BRCA1_POS,97,88,0.9072,74,0.7629,True,True,True,True,True
MSigDB c2,CMV_HCMV_TIMECOURSE_8HRS_UP,19,19,1.0,14,0.7368,True,True,True,True,True
MSigDB c2,ET743_SARCOMA_UP,68,62,0.9118,56,0.8235,True,True,True,True,True
MSigDB c2,FSH_OVARY_MCV152_DN,44,43,0.9773,40,0.9091,True,True,True,True,True
MSigDB c2,IFN_ALL_UP,18,18,1.0,17,0.9444,True,True,True,True,True
MSigDB c2,VEGF_MMMEC_12HRS_UP,29,28,0.9655,21,0.7241,True,True,True,True,True
MSigDB c2,UVC_XPCS_8HR_UP,57,54,0.9474,47,0.8246,True,True,True,True,True
MSigDB c2,NF90_UP,24,23,0.9583,21,0.875,True,True,True,True,True
MSigDB c2,HDACI_COLON_SUL_UP,121,109,0.9008,104,0.8595,True,True,True,True,True
MSigDB c2,OXSTRESS_BREASTCA_UP,29,26,0.8966,24,0.8276,True,True,True,True,True
MSigDB c2,ROS_MOUSE_AORTA_UP,26,24,0.9231,22,0.8462,True,True,True,True,True
MSigDB c2,HDACI_COLON_BUT_UP,166,152,0.9157,132,0.7952,True,True,True,True,True
MSigDB c2,IFN_BETA_GLIOMA_DN,42,41,0.9762,38,0.9048,True,True,True,True,True
MSigDB c2,DIAB_NEPH_UP,60,54,0.9,41,0.6833,True,True,True,True,True
MSigDB c2,HDACI_COLON_CUR12HRS_UP,20,18,0.9,18,0.9,True,True,True,True,True
MSigDB c2,ADIP_VS_PREADIP_DN,36,34,0.9444,33,0.9167,True,True,True,True,True
MSigDB c2,PLATELET_EXPRESSED,34,29,0.8529,25,0.7353,True,True,True,True,True
MSigDB c2,HTERT_UP,67,61,0.9104,53,0.791,True,True,True,True,True
MSigDB c2,HBX_HEP_UP,17,17,1.0,14,0.8235,True,True,True,True,True
MSigDB c2,CIS_XPC_DN,178,162,0.9101,143,0.8034,True,True,True,True,True
MSigDB c2,UVB_NHEK4_6HRS_UP,28,26,0.9286,24,0.8571,True,True,True,True,True
MSigDB c2,GH_GHRHR_KO_24HRS_DN,157,134,0.8535,122,0.7771,True,True,True,True,True
MSigDB c2,CMV_HCMV_TIMECOURSE_20HRS_DN,36,29,0.8056,27,0.75,True,True,True,True,True
MSigDB c2,UVB_NHEK3_ALL,376,352,0.9362,323,0.859,True,True,False,True,False
MSigDB c2,PARP_KO_UP,30,29,0.9667,29,0.9667,True,True,True,True,True
MSigDB c2,NOVA2_KO_SPLICING,38,38,1.0,27,0.7105,True,True,True,True,True
MSigDB c2,HDACI_COLON_BUT2HRS_DN,11,11,1.0,11,1.0,True,True,True,True,True
MSigDB c2,HDACI_COLON_CLUSTER10,40,33,0.825,29,0.725,True,True,True,True,True
MSigDB c2,LH_GRANULOSA_DN,74,72,0.973,68,0.9189,True,True,True,True,True
MSigDB c2,CITED1_KO_WT_DN,13,12,0.9231,7,0.5385,False,True,True,False,False
MSigDB c2,HSC_HSC_SHARED,213,192,0.9014,149,0.6995,True,True,True,True,True
MSigDB c2,IGF_VS_PDGF_DN,41,39,0.9512,34,0.8293,True,True,True,True,True
MSigDB c2,BRG1_H1299_UP,36,32,0.8889,28,0.7778,True,True,True,True,True
MSigDB c2,5FU_RESIST_GASTRIC_UP,20,18,0.9,17,0.85,True,True,True,True,True
MSigDB c2,IL1_CORNEA_DN,72,69,0.9583,57,0.7917,True,True,True,True,True
MSigDB c2,HDACI_COLON_CUR24HRS_DN,23,21,0.913,17,0.7391,True,True,True,True,True
MSigDB c2,TNFALPHA_ADIP_DN,59,57,0.9661,47,0.7966,True,True,True,True,True
MSigDB c2,ALZHEIMERS_DISEASE_UP,1399,1294,0.9249,1062,0.7591,True,True,False,True,False
MSigDB c2,TSADAC_HYPERMETH_OVCA_UP,17,12,0.7059,8,0.4706,False,True,True,False,False
MSigDB c2,BLEO_HUMAN_LYMPH_HIGH_4HRS_UP,20,20,1.0,19,0.95,True,True,True,True,True
MSigDB c2,ET743_SARCOMA_72HRS_DN,207,191,0.9227,180,0.8696,True,True,True,True,True
MSigDB c2,UVC_LOW_C2_DN,18,17,0.9444,13,0.7222,True,True,True,True,True
MSigDB c2,MYOD_NIH3T3_UP,81,77,0.9506,52,0.642,True,True,True,True,True
MSigDB c2,CMV-CHX_HCMV_6HRS_DN,12,12,1.0,8,0.6667,True,True,True,True,True
MSigDB c2,IDX_TSA_DN_CLUSTER6,25,18,0.72,17,0.68,True,True,True,True,True
MSigDB c2,HYPOXIA_REG_UP,35,31,0.8857,30,0.8571,True,True,True,True,True
MSigDB c2,HDACI_COLON_SUL16HRS_DN,71,60,0.8451,50,0.7042,True,True,True,True,True
MSigDB c2,AGED_RHESUS_DN,106,95,0.8962,78,0.7358,True,True,True,True,True
MSigDB c2,HEARTFAILURE_ATRIA_UP,24,22,0.9167,16,0.6667,True,True,True,True,True
MSigDB c2,HSC_MATURE_FETAL,306,268,0.8758,213,0.6961,True,True,False,True,False
MSigDB c2,TPA_RESIST_EARLY_UP,29,27,0.931,18,0.6207,True,True,True,True,True
MSigDB c2,SARCOMAS_LIPOSARCOMA_UP,10,9,0.9,6,0.6,True,True,True,True,True
MSigDB c2,BRCA_ER_NEG,888,812,0.9144,678,0.7635,True,True,False,True,False
MSigDB c2,P53GENES_ALL,17,16,0.9412,15,0.8824,True,True,True,True,True
MSigDB c2,MTX_RES_XENOGRAFTS_UP,11,8,0.7273,5,0.4545,False,True,True,False,False
MSigDB c2,HDACI_COLON_SUL24HRS_DN,125,110,0.88,89,0.712,True,True,True,True,True
MSigDB c2,HDACI_COLON_CLUSTER9,60,50,0.8333,44,0.7333,True,True,True,True,True
MSigDB c2,IL6_SCAR_FIBRO_UP,23,22,0.9565,21,0.913,True,True,True,True,True
MSigDB c2,GH_GHRHR_KO_6HRS_DN,31,27,0.871,22,0.7097,True,True,True,True,True
MSigDB c2,HTERT_DN,68,60,0.8824,54,0.7941,True,True,True,True,True
MSigDB c2,FSH_GRANULOSA_UP,73,65,0.8904,55,0.7534,True,True,True,True,True
MSigDB c2,UVB_SCC_DN,99,90,0.9091,85,0.8586,True,True,True,True,True
MSigDB c2,TSA_HEPATOMA_UP,36,30,0.8333,27,0.75,True,True,True,True,True
MSigDB c2,AGEING_KIDNEY_DN,118,100,0.8475,79,0.6695,True,True,True,True,True
MSigDB c2,AS3_FIBRO_C2,29,29,1.0,28,0.9655,True,True,True,True,True
MSigDB c2,DOX_RESIST_GASTRIC_UP,40,37,0.925,34,0.85,True,True,True,True,True
MSigDB c2,CMV_HCMV_TIMECOURSE_48HRS_DN,105,101,0.9619,73,0.6952,True,True,True,True,True
MSigDB c2,HDACI_COLON_SUL12HRS_UP,24,21,0.875,20,0.8333,True,True,True,True,True
MSigDB c2,CMV_HCMV_TIMECOURSE_48HRS_UP,64,55,0.8594,43,0.6719,True,True,True,True,True
MSigDB c2,STEMCELL_EMBRYONIC_UP,1259,1140,0.9055,1022,0.8118,True,True,False,True,False
MSigDB c2,PITUITARY_FETAL_DN,9,9,1.0,7,0.7778,True,True,True,True,True
MSigDB c2,IDX_TSA_UP_CLUSTER5,100,85,0.85,84,0.84,True,True,True,True,True
MSigDB c2,VEGF_MMMEC_ALL_UP,92,87,0.9457,68,0.7391,True,True,True,True,True
MSigDB c2,LVAD_HEARTFAILURE_UP,84,78,0.9286,63,0.75,True,True,True,True,True
MSigDB c2,CMV_HCMV_TIMECOURSE_8HRS_DN,14,14,1.0,12,0.8571,True,True,True,True,True
MSigDB c2,BRCA1_MES_UP,39,37,0.9487,34,0.8718,True,True,True,True,True
MSigDB c2,HDACI_COLON_TSA24HRS_DN,9,8,0.8889,7,0.7778,True,True,True,True,True
MSigDB c2,TGFBETA_C2_UP,18,18,1.0,16,0.8889,True,True,True,True,True
MSigDB c2,REFRACTORY_GASTRIC_UP,82,67,0.8171,49,0.5976,False,True,True,False,False
MSigDB c2,BCNU_GLIOMA_MGMT_24HRS_DN,31,31,1.0,19,0.6129,True,True,True,True,True
MSigDB c2,UVC_HIGH_D5_DN,33,29,0.8788,26,0.7879,True,True,True,True,True
MSigDB c2,METHOTREXATE_PROBCELL_UP,18,16,0.8889,14,0.7778,True,True,True,True,True
MSigDB c2,CANCER_UNDIFFERENTIATED_META_UP,67,61,0.9104,59,0.8806,True,True,True,True,True
MSigDB c2,CMV_HCMV_TIMECOURSE_14HRS_UP,44,41,0.9318,36,0.8182,True,True,True,True,True
MSigDB c2,ELONGINA_KO_DN,170,159,0.9353,130,0.7647,True,True,True,True,True
MSigDB c2,STRESS_ARSENIC_SPECIFIC_UP,136,123,0.9044,107,0.7868,True,True,True,True,True
MSigDB c2,CALRES_MOUSE_UP,28,27,0.9643,19,0.6786,True,True,True,True,True
MSigDB c2,BRCA1_SW480_UP,25,24,0.96,23,0.92,True,True,True,True,True
MSigDB c2,TGFBETA_C1_UP,16,16,1.0,16,1.0,True,True,True,True,True
MSigDB c2,ET743_HELA_DN,17,13,0.7647,12,0.7059,True,True,True,True,True
MSigDB c2,GN_CAMP_GRANULOSA_DN,59,57,0.9661,54,0.9153,True,True,True,True,True
MSigDB c2,AGED_MOUSE_MUSCLE_DN,31,30,0.9677,23,0.7419,True,True,True,True,True
MSigDB c2,EGF_HDMEC_UP,43,40,0.9302,36,0.8372,True,True,True,True,True
MSigDB c2,AGED_MOUSE_HIPPOCAMPUS_ANY_DN,40,38,0.95,26,0.65,True,True,True,True,True
MSigDB c2,ET743_HELA_UP,56,51,0.9107,43,0.7679,True,True,True,True,True
MSigDB c2,P21_P53_EARLY_DN,12,10,0.8333,9,0.75,True,True,True,True,True
MSigDB c2,GH_EXOGENOUS_LATE_UP,72,58,0.8056,32,0.4444,False,True,True,False,False
MSigDB c2,GN_CAMP_GRANULOSA_UP,51,46,0.902,36,0.7059,True,True,True,True,True
MSigDB c2,TGFBETA_C5_UP,17,17,1.0,15,0.8824,True,True,True,True,True
MSigDB c2,HDACI_COLON_BUT48HRS_DN,111,95,0.8559,83,0.7477,True,True,True,True,True
MSigDB c2,ADIP_VS_FIBRO_DN,26,25,0.9615,25,0.9615,True,True,True,True,True
MSigDB c2,AGEING_BRAIN_UP,192,178,0.9271,157,0.8177,True,True,True,True,True
MSigDB c2,IFNALPHA_HCC_UP,29,28,0.9655,26,0.8966,True,True,True,True,True
MSigDB c2,IDX_TSA_UP_CLUSTER3,89,86,0.9663,82,0.9213,True,True,True,True,True
MSigDB c2,UVB_NHEK1_UP,170,156,0.9176,119,0.7,True,True,True,True,True
MSigDB c2,LAL_KO_3MO_UP,47,45,0.9574,29,0.617,True,True,True,True,True
MSigDB c2,CMV_ALL_UP,92,83,0.9022,73,0.7935,True,True,True,True,True
MSigDB c2,HYPOPHYSECTOMY_RAT_DN,48,48,1.0,39,0.8125,True,True,True,True,True
MSigDB c2,PREADIP_VS_FIBRO_UP,12,12,1.0,11,0.9167,True,True,True,True,True
MSigDB c2,UVC_XPCS_4HR_UP,13,13,1.0,10,0.7692,True,True,True,True,True
MSigDB c2,HDACI_COLON_BUT16HRS_UP,40,36,0.9,33,0.825,True,True,True,True,True
MSigDB c2,CMV_UV-CMV_COMMON_HCMV_6HRS_UP,18,18,1.0,16,0.8889,True,True,True,True,True
MSigDB c2,ESR_FIBROBLAST_DN,16,15,0.9375,13,0.8125,True,True,True,True,True
MSigDB c2,PITUITARY_FETAL_UP,17,15,0.8824,13,0.7647,True,True,True,True,True
MSigDB c2,CARIES_PULP_HIGH_UP,92,86,0.9348,59,0.6413,True,True,True,True,True
MSigDB c2,IDX_TSA_DN_CLUSTER2,64,59,0.9219,55,0.8594,True,True,True,True,True
MSigDB c2,BUT_TSA_UP,18,17,0.9444,17,0.9444,True,True,True,True,True
MSigDB c2,TNFALPHA_TGZ_ADIP_UP,14,14,1.0,11,0.7857,True,True,True,True,True
MSigDB c2,MMS_MOUSE_LYMPH_HIGH_24HRS_UP,20,20,1.0,18,0.9,True,True,True,True,True
MSigDB c2,WERNER_FIBRO_DN,152,138,0.9079,117,0.7697,True,True,True,True,True
MSigDB c2,CMV-UV_HCMV_6HRS_UP,117,109,0.9316,84,0.7179,True,True,True,True,True
MSigDB c2,EMT_UP,62,59,0.9516,48,0.7742,True,True,True,True,True
MSigDB c2,HSC_LTHSC_ADULT,348,320,0.9195,217,0.6236,True,True,False,True,False
MSigDB c2,IDX_TSA_UP_CLUSTER2,60,60,1.0,55,0.9167,True,True,True,True,True
MSigDB c2,TPA_RESIST_MIDDLE_UP,45,41,0.9111,32,0.7111,True,True,True,True,True
MSigDB c2,TGFBETA_EARLY_UP,46,46,1.0,44,0.9565,True,True,True,True,True
MSigDB c2,BRCA_ER_POS,481,428,0.8898,398,0.8274,True,True,False,True,False
MSigDB c2,GH_EXOGENOUS_ANY_UP,267,225,0.8427,110,0.412,False,True,True,False,False
MSigDB c2,HDACI_COLON_BUT24HRS_DN,105,88,0.8381,77,0.7333,True,True,True,True,True
MSigDB c2,CMV_8HRS_DN,44,43,0.9773,42,0.9545,True,True,True,True,True
MSigDB c2,CMV_24HRS_DN,70,68,0.9714,60,0.8571,True,True,True,True,True
MSigDB c2,ADIPOGENESIS_HMSC_CLASS2_UP,14,13,0.9286,12,0.8571,True,True,True,True,True
MSigDB c2,HBX_HEP_DN,13,13,1.0,10,0.7692,True,True,True,True,True
MSigDB c2,STRESS_P53_SPECIFIC_UP,13,12,0.9231,12,0.9231,True,True,True,True,True
MSigDB c2,IFN_BETA_UP,63,61,0.9683,58,0.9206,True,True,True,True,True
MSigDB c2,ET743_SARCOMA_72HRS_UP,64,58,0.9062,53,0.8281,True,True,True,True,True
MSigDB c2,HUMAN_TISSUE_KIDNEY,11,11,1.0,1,0.0909,False,False,True,False,False
MSigDB c2,UVC_HIGH_D2_DN,36,34,0.9444,31,0.8611,True,True,True,True,True
MSigDB c2,PRMT5_KD_DN,25,23,0.92,16,0.64,True,True,True,True,True
MSigDB c2,AGEING_LYMPH_DN,16,12,0.75,8,0.5,False,True,True,False,False
MSigDB c2,TSADAC_PANC50_UP,40,37,0.925,17,0.425,False,True,True,False,False
MSigDB c2,ADIPOGENESIS_HMSC_CLASS8_DN,32,29,0.9062,27,0.8438,True,True,True,True,True
MSigDB c2,ERM_KO_SERTOLI_DN,18,17,0.9444,11,0.6111,True,True,True,True,True
MSigDB c2,CMV_HCMV_TIMECOURSE_18HRS_DN,19,17,0.8947,16,0.8421,True,True,True,True,True
MSigDB c2,P21_ANY_UP,11,11,1.0,8,0.7273,True,True,True,True,True
MSigDB c2,IFNA_UV-CMV_COMMON_HCMV_6HRS_UP,27,24,0.8889,21,0.7778,True,True,True,True,True
MSigDB c2,TSA_CD4_UP,27,26,0.963,24,0.8889,True,True,True,True,True
MSigDB c2,HSC_STHSC_SHARED,28,24,0.8571,17,0.6071,True,True,True,True,True
MSigDB c2,UVB_NHEK2_DN,79,72,0.9114,64,0.8101,True,True,True,True,True
MSigDB c2,AS3_FIBRO_C4,18,17,0.9444,16,0.8889,True,True,True,True,True
MSigDB c2,TPA_SENS_MIDDLE_UP,65,62,0.9538,51,0.7846,True,True,True,True,True
MSigDB c2,RIBAVIRIN_RSV_UP,22,22,1.0,20,0.9091,True,True,True,True,True
MSigDB c2,HDACI_COLON_CLUSTER4,14,14,1.0,13,0.9286,True,True,True,True,True
MSigDB c2,AS3_HEK293_UP,10,9,0.9,6,0.6,True,True,True,True,True
MSigDB c2,HSC_LTHSC_FETAL,257,235,0.9144,172,0.6693,True,True,True,True,True
MSigDB c2,UV_UNIQUE_FIBRO_DN,31,31,1.0,22,0.7097,True,True,True,True,True
MSigDB c2,UVB_NHEK1_C4,13,11,0.8462,7,0.5385,False,True,True,False,False
MSigDB c2,UVC_HIGH_D7_DN,31,26,0.8387,25,0.8065,True,True,True,True,True
MSigDB c2,ICF_DN,11,11,1.0,9,0.8182,True,True,True,True,True
MSigDB c2,VENTRICLES_UP,193,181,0.9378,144,0.7461,True,True,True,True,True
MSigDB c2,MOUSE_TISSUE_TESTIS,30,27,0.9,14,0.4667,False,True,True,False,False
MSigDB c2,HSC_LATEPROGENITORS_ADULT,431,379,0.8794,327,0.7587,True,True,False,True,False
MSigDB c2,P21_MIDDLE_DN,15,14,0.9333,14,0.9333,True,True,True,True,True
MSigDB c2,UVC_HIGH_D6_DN,29,26,0.8966,24,0.8276,True,True,True,True,True
MSigDB c2,HSC_EARLYPROGENITORS_FETAL,423,383,0.9054,321,0.7589,True,True,False,True,False
MSigDB c2,TPA_SENS_EARLY_UP,48,46,0.9583,38,0.7917,True,True,True,True,True
MSigDB c2,TGFBETA_LATE_UP,33,33,1.0,30,0.9091,True,True,True,True,True
MSigDB c2,CMV_HCMV_TIMECOURSE_18HRS_UP,71,68,0.9577,64,0.9014,True,True,True,True,True
MSigDB c2,AGED_MOUSE_NEOCORTEX_UP,66,64,0.9697,56,0.8485,True,True,True,True,True
MSigDB c2,CANTHARIDIN_DN,46,44,0.9565,42,0.913,True,True,True,True,True
MSigDB c2,ADIP_DIFF_CLUSTER5,38,34,0.8947,30,0.7895,True,True,True,True,True
MSigDB c2,UVC_LOW_A2_UP,10,10,1.0,10,1.0,True,True,True,True,True
MSigDB c2,INSULIN_ADIP_INSENS_UP,21,18,0.8571,15,0.7143,True,True,True,True,True
MSigDB c2,FSH_GRANULOSA_DN,74,72,0.973,68,0.9189,True,True,True,True,True
MSigDB c2,IGFR_IR_UP,18,17,0.9444,14,0.7778,True,True,True,True,True
MSigDB c2,CAMPTOTHECIN_PROBCELL_UP,22,20,0.9091,17,0.7727,True,True,True,True,True
MSigDB c2,UVC_HIGH_ALL_DN,278,254,0.9137,239,0.8597,True,True,False,True,False
MSigDB c2,HEMATOP_STEM_ALL_UP,37,28,0.7568,18,0.4865,False,True,True,False,False
MSigDB c2,BRG1_ALAB_DN,36,32,0.8889,24,0.6667,True,True,True,True,True
MSigDB c2,JNK_UP,29,27,0.931,24,0.8276,True,True,True,True,True
MSigDB c2,HDACI_COLON_CUR16HRS_DN,10,10,1.0,9,0.9,True,True,True,True,True
MSigDB c2,XPB_TTD-CS_UP,25,23,0.92,18,0.72,True,True,True,True,True
MSigDB c2,DOX_RESIST_GASTRIC_DN,16,15,0.9375,15,0.9375,True,True,True,True,True
MSigDB c2,UVB_NHEK3_C0,78,76,0.9744,69,0.8846,True,True,True,True,True
MSigDB c2,CARIES_PULP_DN,70,63,0.9,42,0.6,True,True,True,True,True
MSigDB c2,ADIP_DIFF_CLUSTER2,39,36,0.9231,32,0.8205,True,True,True,True,True
MSigDB c2,MOUSE_TISSUE_KIDNEY,12,11,0.9167,3,0.25,False,True,True,False,False
MSigDB c2,PDGF_ES_UP,18,16,0.8889,14,0.7778,True,True,True,True,True
MSigDB c2,CREB_BRAIN_8WKS_UP,75,68,0.9067,44,0.5867,False,True,True,False,False
MSigDB c2,AGED_MOUSE_CEREBELLUM_UP,61,58,0.9508,44,0.7213,True,True,True,True,True
MSigDB c2,TNFALPHA_ALL_UP,72,65,0.9028,59,0.8194,True,True,True,True,True
MSigDB c2,INSULIN_NIH3T3_UP,17,16,0.9412,13,0.7647,True,True,True,True,True
MSigDB c2,OXSTRESS_RPE_HNETBH_DN,45,43,0.9556,38,0.8444,True,True,True,True,True
MSigDB c2,IRS1_KO_ADIP_DN,106,99,0.934,75,0.7075,True,True,True,True,True
MSigDB c2,AGEING_KIDNEY_SPECIFIC_UP,177,152,0.8588,133,0.7514,True,True,True,True,True
MSigDB c2,AGEING_KIDNEY_UP,382,329,0.8613,286,0.7487,True,True,False,True,False
MSigDB c2,SERUM_FIBROBLAST_CELLCYCLE,126,111,0.881,104,0.8254,True,True,True,True,True
MSigDB c2,P21_P53_MIDDLE_DN,23,21,0.913,20,0.8696,True,True,True,True,True
MSigDB c2,COCAINE_BRAIN_4WKS_UP,62,57,0.9194,40,0.6452,True,True,True,True,True
MSigDB c2,4NQO_ESR_OLD_UNREG,10,10,1.0,8,0.8,True,True,True,True,True
MSigDB c2,TNFALPHA_30MIN_UP,38,35,0.9211,30,0.7895,True,True,True,True,True
MSigDB c2,TFF2_KO_UP,24,23,0.9583,13,0.5417,False,True,True,False,False
MSigDB c2,BCRABL_HL60_AFFY_UP,13,11,0.8462,9,0.6923,True,True,True,True,True
MSigDB c2,BRCA1_OVEREXP_UP,154,142,0.9221,132,0.8571,True,True,True,True,True
MSigDB c2,DNMT1_KO_UP,73,68,0.9315,58,0.7945,True,True,True,True,True
MSigDB c2,HPV31_UP,52,46,0.8846,36,0.6923,True,True,True,True,True
MSigDB c2,HIPPOCAMPUS_DEVELOPMENT_PRENATAL,32,27,0.8438,24,0.75,True,True,True,True,True
MSigDB c2,IDX_TSA_UP_CLUSTER4,37,35,0.9459,33,0.8919,True,True,True,True,True
MSigDB c2,CMV_ALL_DN,101,98,0.9703,89,0.8812,True,True,True,True,True
MSigDB c2,HSC_INTERMEDIATEPROGENITORS_SHARED,116,104,0.8966,92,0.7931,True,True,True,True,True
MSigDB c2,HDACI_COLON_BUT16HRS_DN,105,87,0.8286,80,0.7619,True,True,True,True,True
MSigDB c2,UVC_HIGH_ALL_UP,19,17,0.8947,12,0.6316,True,True,True,True,True
MSigDB c2,CITED1_KO_HET_UP,26,23,0.8846,17,0.6538,True,True,True,True,True
MSigDB c2,HUMAN_TISSUE_LIVER,35,35,1.0,7,0.2,False,True,True,False,False
MSigDB c2,TSA_HEPATOMA_CANCER_DN,15,14,0.9333,14,0.9333,True,True,True,True,True
MSigDB c2,IGF_VS_PDGF_UP,67,60,0.8955,20,0.2985,False,True,True,False,False
MSigDB c2,ALZHEIMERS_INCIPIENT_DN,140,134,0.9571,110,0.7857,True,True,True,True,True
MSigDB c2,OLDWERNER_FIBRO_DN,95,87,0.9158,75,0.7895,True,True,True,True,True
MSigDB c2,DAC_FIBRO_UP,19,17,0.8947,15,0.7895,True,True,True,True,True
MSigDB c2,CMV_IE86_UP,50,46,0.92,44,0.88,True,True,True,True,True
MSigDB c2,CALRES_MOUSE_NEOCORTEX_DN,65,60,0.9231,46,0.7077,True,True,True,True,True
MSigDB c2,POD1_KO_UP,385,346,0.8987,285,0.7403,True,True,False,True,False
MSigDB c2,AS3_FIBRO_UP,42,41,0.9762,38,0.9048,True,True,True,True,True
MSigDB c2,UV-CMV_UNIQUE_HCMV_6HRS_UP,101,93,0.9208,70,0.6931,True,True,True,True,True
MSigDB c2,HDACI_COLON_TSA12HRS_UP,22,21,0.9545,16,0.7273,True,True,True,True,True
MSigDB c2,UVB_NHEK3_C1,56,53,0.9464,46,0.8214,True,True,True,True,True
MSigDB c2,MIDDLEAGE_UP,13,12,0.9231,9,0.6923,True,True,True,True,True
MSigDB c2,RCC_NL_UP,490,426,0.8694,391,0.798,True,True,False,True,False
MSigDB c2,UVC_TTD_8HR_UP,21,20,0.9524,15,0.7143,True,True,True,True,True
MSigDB c2,UV_UNIQUE_FIBRO_UP,22,21,0.9545,21,0.9545,True,True,True,True,True
MSigDB c2,CPR_LOW_LIVER_UP,17,16,0.9412,10,0.5882,False,True,True,False,False
MSigDB c2,HBX_HCC_UP,16,14,0.875,12,0.75,True,True,True,True,True
MSigDB c2,DSRNA_UP,37,36,0.973,34,0.9189,True,True,True,True,True
MSigDB c2,VEGF_HUVEC_UP,14,12,0.8571,8,0.5714,False,True,True,False,False
MSigDB c2,MMS_MOUSE_LYMPH_HIGH_4HRS_UP,34,32,0.9412,30,0.8824,True,True,True,True,True
MSigDB c2,IDX_TSA_UP_CLUSTER1,23,22,0.9565,20,0.8696,True,True,True,True,True
MSigDB c2,DAC_FIBRO_DN,11,9,0.8182,9,0.8182,True,True,True,True,True
MSigDB c2,XPB_TTD-CS_DN,25,25,1.0,18,0.72,True,True,True,True,True
MSigDB c2,HSC_HSCANDPROGENITORS_FETAL,561,504,0.8984,387,0.6898,True,True,False,True,False
MSigDB c2,IFN_ANY_UP,79,77,0.9747,73,0.9241,True,True,True,True,True
MSigDB c2,TSA_CD4_DN,18,18,1.0,13,0.7222,True,True,True,True,True
MSigDB c2,WERNERONLY_FIBRO_DN,58,52,0.8966,43,0.7414,True,True,True,True,True
MSigDB c2,BCRABL_HL60_AFFY_DN,10,9,0.9,8,0.8,True,True,True,True,True
MSigDB c2,GAMMA_ESR_WS_UNREG,27,25,0.9259,24,0.8889,True,True,True,True,True
MSigDB c2,CANCERDRUGS_PROBCELL_UP,20,16,0.8,14,0.7,True,True,True,True,True
MSigDB c2,CPR_LOW_LIVER_DN,22,21,0.9545,16,0.7273,True,True,True,True,True
MSigDB c2,UVC_TTD-XPCS_COMMON_UP,22,21,0.9545,16,0.7273,True,True,True,True,True
MSigDB c2,IDX_TSA_DN_CLUSTER1,42,37,0.881,35,0.8333,True,True,True,True,True
MSigDB c2,ROS_MOUSE_AORTA_DN,76,73,0.9605,59,0.7763,True,True,True,True,True
MSigDB c2,CMV_HCMV_TIMECOURSE_10HRS_UP,10,8,0.8,8,0.8,True,True,True,True,True
MSigDB c2,BRG1_SW13_UP,50,46,0.92,31,0.62,True,True,True,True,True
MSigDB c2,BREASTCA_TWO_CLASSES,134,120,0.8955,116,0.8657,True,True,True,True,True
MSigDB c2,UVC_HIGH_D1_DN,14,13,0.9286,13,0.9286,True,True,True,True,True
MSigDB c2,REOVIRUS_HEK293_DN,218,198,0.9083,172,0.789,True,True,True,True,True
MSigDB c2,CORTEX_ENRICHMENT_EARLY_UP,12,12,1.0,10,0.8333,True,True,True,True,True
MSigDB c2,INSULIN_ADIP_SENS_DN,16,14,0.875,14,0.875,True,True,True,True,True
MSigDB c2,RIBAVIRIN_RSV_DN,40,38,0.95,32,0.8,True,True,True,True,True
MSigDB c2,HSC_MATURE_ADULT,317,276,0.8707,230,0.7256,True,True,False,True,False
MSigDB c2,TPA_SKIN_DN,16,14,0.875,11,0.6875,True,True,True,True,True
MSigDB c2,MYOD_BRG1_UP,27,27,1.0,10,0.3704,False,True,True,False,False
MSigDB c2,CAMPTOTHECIN_PROBCELL_DN,28,23,0.8214,22,0.7857,True,True,True,True,True
MSigDB c2,CIS_RESIST_LUNG_DN,11,11,1.0,11,1.0,True,True,True,True,True
MSigDB c2,ADIP_DIFF_CLUSTER1,55,49,0.8909,45,0.8182,True,True,True,True,True
MSigDB c2,BRCA2_BRCA1_UP,47,42,0.8936,39,0.8298,True,True,True,True,True
MSigDB c2,DNMT1_KO_DN,16,16,1.0,15,0.9375,True,True,True,True,True
MSigDB c2,UVB_NHEK1_DN,248,222,0.8952,209,0.8427,True,True,False,True,False
MSigDB c2,STRESS_ARSENIC_SPECIFIC_DN,25,25,1.0,24,0.96,True,True,True,True,True
MSigDB c2,HDACI_COLON_CUR_DN,47,43,0.9149,37,0.7872,True,True,True,True,True
MSigDB c2,GH_EXOGENOUS_EARLY_DN,8,8,1.0,5,0.625,True,True,True,True,True
MSigDB c2,TSADAC_HYPOMETH_HYPERAC_OVCA_UP,14,9,0.6429,7,0.5,False,True,True,False,False
MSigDB c2,BCNU_GLIOMA_NOMGMT_48HRS_UP,18,18,1.0,12,0.6667,True,True,True,True,True
MSigDB c2,H2O2_CSBCOMBINED,12,12,1.0,10,0.8333,True,True,True,True,True
MSigDB c2,E2F1_DNA_UP,11,11,1.0,10,0.9091,True,True,True,True,True
MSigDB c2,HDACI_COLON_SUL16HRS_UP,38,33,0.8684,32,0.8421,True,True,True,True,True
MSigDB c2,TGFBETA_C4_UP,11,11,1.0,10,0.9091,True,True,True,True,True
MSigDB c2,STRESS_GENOTOXIC_SPECIFIC_UP,34,29,0.8529,23,0.6765,True,True,True,True,True
MSigDB c2,SERUM_FIBROBLAST_CORE_UP,186,164,0.8817,143,0.7688,True,True,True,True,True
MSigDB c2,CMV_24HRS_UP,71,65,0.9155,60,0.8451,True,True,True,True,True
MSigDB c2,SARCOMAS_SYNOVIAL_UP,12,12,1.0,6,0.5,False,True,True,False,False
MSigDB c2,IDX_TSA_DN_CLUSTER5,40,38,0.95,37,0.925,True,True,True,True,True
MSigDB c2,CMV_HCMV_TIMECOURSE_12HRS_UP,26,25,0.9615,22,0.8462,True,True,True,True,True
MSigDB c2,TPA_RESIST_LATE_DN,62,59,0.9516,44,0.7097,True,True,True,True,True
MSigDB c2,SARCOMAS_SCHWANNOMA_UP,13,13,1.0,8,0.6154,True,True,True,True,True
MSigDB c2,OLD_FIBRO_UP,57,49,0.8596,39,0.6842,True,True,True,True,True
MSigDB c2,GAMMA-UV_FIBRO_UP,35,33,0.9429,29,0.8286,True,True,True,True,True
MSigDB c2,HSC_HSCANDPROGENITORS_SHARED,561,504,0.8984,387,0.6898,True,True,False,True,False
MSigDB c2,HDACI_COLON_SUL2HRS_UP,11,10,0.9091,10,0.9091,True,True,True,True,True
MSigDB c2,METASTASIS_ADENOCARC_UP,14,13,0.9286,11,0.7857,True,True,True,True,True
MSigDB c2,UVB_SCC_UP,84,73,0.869,65,0.7738,True,True,True,True,True
MSigDB c2,CALRES_RHESUS_UP,66,66,1.0,53,0.803,True,True,True,True,True
MSigDB c2,EMT_DN,53,51,0.9623,48,0.9057,True,True,True,True,True
MSigDB c2,HYPOXIA_NORMAL_UP,209,189,0.9043,169,0.8086,True,True,True,True,True
MSigDB c2,BCNU_GLIOMA_NOMGMT_48HRS_DN,31,28,0.9032,19,0.6129,True,True,True,True,True
MSigDB c2,UVC_XPCS_8HR_DN,373,335,0.8981,308,0.8257,True,True,False,True,False
MSigDB c2,UV-4NQO_FIBRO_DN,26,26,1.0,23,0.8846,True,True,True,True,True
MSigDB c2,INNEREAR_UP,40,37,0.925,24,0.6,True,True,True,True,True
MSigDB c2,TPA_SENS_LATE_UP,51,50,0.9804,41,0.8039,True,True,True,True,True
MSigDB c2,HDACI_COLON_CLUSTER5,23,21,0.913,20,0.8696,True,True,True,True,True
MSigDB c2,IRS1_KO_ADIP_UP,95,85,0.8947,68,0.7158,True,True,True,True,True
MSigDB c2,INSULIN_ADIP_SENS_UP,12,12,1.0,11,0.9167,True,True,True,True,True
MSigDB c2,GH_AUTOCRINE_UP,200,159,0.795,102,0.51,False,True,True,False,False
MSigDB c2,GH_EXOGENOUS_ANY_DN,85,81,0.9529,42,0.4941,False,True,True,False,False
MSigDB c2,DIAB_NEPH_DN,351,329,0.9373,286,0.8148,True,True,False,True,False
MSigDB c2,CMV_HCMV_6HRS_UP,23,22,0.9565,20,0.8696,True,True,True,True,True
MSigDB c2,BLEO_MOUSE_LYMPH_LOW_24HRS_DN,26,24,0.9231,24,0.9231,True,True,True,True,True
MSigDB c2,UVC_LOW_C1_DN,12,11,0.9167,11,0.9167,True,True,True,True,True
MSigDB c2,HDACI_COLON_CUR2HRS_UP,26,23,0.8846,22,0.8462,True,True,True,True,True
MSigDB c2,4NQO_ESR_WS_UNREG,34,31,0.9118,28,0.8235,True,True,True,True,True
MSigDB c2,UVB_NHEK1_C1,52,49,0.9423,42,0.8077,True,True,True,True,True
MSigDB c2,AD12_32HRS_DN,14,12,0.8571,12,0.8571,True,True,True,True,True
MSigDB c2,OLDAGE_DN,45,41,0.9111,38,0.8444,True,True,True,True,True
MSigDB c2,AGED_MOUSE_RETINA_ANY_UP,21,20,0.9524,16,0.7619,True,True,True,True,True
MSigDB c2,CPR_NULL-LOW_LIVER_UP,18,17,0.9444,9,0.5,False,True,True,False,False
MSigDB c2,UVB_NHEK4_24HRS_DN,18,18,1.0,13,0.7222,True,True,True,True,True
MSigDB c2,TPA_SENS_EARLY_DN,271,255,0.941,191,0.7048,True,True,True,True,True
MSigDB c2,TNFA_NFKB_DEP_UP,18,18,1.0,13,0.7222,True,True,True,True,True
MSigDB c2,HIF1_TARGETS,34,33,0.9706,27,0.7941,True,True,True,True,True
MSigDB c2,CMV_HCMV_TIMECOURSE_6HRS_DN,48,45,0.9375,41,0.8542,True,True,True,True,True
MSigDB c2,HDACI_COLON_SUL2HRS_DN,15,11,0.7333,9,0.6,True,True,True,True,True
MSigDB c2,HSC_INTERMEDIATEPROGENITORS_ADULT,126,114,0.9048,101,0.8016,True,True,True,True,True
MSigDB c2,HDACI_COLON_BUT12HRS_UP,42,38,0.9048,36,0.8571,True,True,True,True,True
MSigDB c2,O6BG_RESIST_MEDULLOBLASTOMA_DN,48,41,0.8542,35,0.7292,True,True,True,True,True
MSigDB c2,CIS_XPC_UP,146,133,0.911,103,0.7055,True,True,True,True,True
MSigDB c2,OLDWERNER_FIBRO_UP,24,18,0.75,15,0.625,True,True,True,True,True
MSigDB c2,HDACI_COLON_BUT12HRS_DN,71,62,0.8732,57,0.8028,True,True,True,True,True
MSigDB c2,OLDONLY_FIBRO_DN,49,45,0.9184,38,0.7755,True,True,True,True,True
MSigDB c2,ZMPSTE24_KO_UP,31,29,0.9355,24,0.7742,True,True,True,True,True
MSigDB c2,AS3_FIBRO_C3,42,41,0.9762,38,0.9048,True,True,True,True,True
MSigDB c2,TSA_PANC50_UP,39,35,0.8974,23,0.5897,False,True,True,False,False
MSigDB c2,NI2_LUNG_DN,20,18,0.9,17,0.85,True,True,True,True,True
MSigDB c2,IRS_KO_ADIP_DN,36,34,0.9444,26,0.7222,True,True,True,True,True
MSigDB c2,UVB_NHEK1_C6,118,102,0.8644,93,0.7881,True,True,True,True,True
MSigDB c2,GH_HYPOPHYSECTOMY_RAT_UP,14,14,1.0,10,0.7143,True,True,True,True,True
MSigDB c2,CITED1_KO_WT_UP,16,15,0.9375,12,0.75,True,True,True,True,True
MSigDB c2,SARCOMAS_LEIOMYOSARCOMA_CALP_UP,12,10,0.8333,7,0.5833,False,True,True,False,False
MSigDB c2,GH_AUTOCRINE_DN,116,106,0.9138,92,0.7931,True,True,True,True,True
MSigDB c2,HDACI_COLON_TSA_DN,60,53,0.8833,47,0.7833,True,True,True,True,True
MSigDB c2,OLD_FIBRO_DN,144,132,0.9167,113,0.7847,True,True,True,True,True
MSigDB c2,UVB_NHEK3_C7,52,49,0.9423,42,0.8077,True,True,True,True,True
MSigDB c2,HEARTFAILURE_VENTRICLE_DN,65,63,0.9692,53,0.8154,True,True,True,True,True
MSigDB c2,UVC_XPCS_4HR_DN,213,184,0.8638,167,0.784,True,True,True,True,True
MSigDB c2,HDACI_COLON_BUT2HRS_UP,66,60,0.9091,55,0.8333,True,True,True,True,True
MSigDB c2,LH_GRANULOSA_UP,75,67,0.8933,57,0.76,True,True,True,True,True
MSigDB c2,HDACI_COLON_CUR_UP,100,92,0.92,88,0.88,True,True,True,True,True
MSigDB c2,MMS_HUMAN_LYMPH_HIGH_24HRS_UP,18,18,1.0,16,0.8889,True,True,True,True,True
MSigDB c2,P21_P53_ANY_DN,44,39,0.8864,35,0.7955,True,True,True,True,True
MSigDB c2,HYPOXIA_RCC_NOVHL_UP,63,55,0.873,53,0.8413,True,True,True,True,True
MSigDB c2,HSC_LATEPROGENITORS_FETAL,433,380,0.8776,327,0.7552,True,True,False,True,False
MSigDB c2,UVC_LOW_C3_DN,19,18,0.9474,14,0.7368,True,True,True,True,True
MSigDB c2,INOS_ALL_DN,75,70,0.9333,61,0.8133,True,True,True,True,True
MSigDB c2,AS3_FIBRO_C1,29,29,1.0,28,0.9655,True,True,True,True,True
MSigDB c2,BCNU_GLIOMA_MGMT_48HRS_DN,155,151,0.9742,84,0.5419,False,True,True,False,False
MSigDB c2,ADIP_DIFF_CLUSTER3,33,32,0.9697,27,0.8182,True,True,True,True,True
MSigDB c2,HDACI_COLON_CUR24HRS_UP,36,32,0.8889,31,0.8611,True,True,True,True,True
MSigDB c2,PARP_KO_DN,14,14,1.0,13,0.9286,True,True,True,True,True
MSigDB c2,BRCA1KO_MEF_DN,76,71,0.9342,67,0.8816,True,True,True,True,True
MSigDB c2,ET743_SARCOMA_24HRS_DN,101,93,0.9208,88,0.8713,True,True,True,True,True
MSigDB c2,TCELL_ANERGIC_UP,78,74,0.9487,53,0.6795,True,True,True,True,True
MSigDB c2,GH_EXOGENOUS_ALL_UP,54,49,0.9074,23,0.4259,False,True,True,False,False
MSigDB c2,GH_HYPOPHYSECTOMY_RAT_DN,15,15,1.0,13,0.8667,True,True,True,True,True
MSigDB c2,HDACI_COLON_BUT48HRS_UP,91,85,0.9341,70,0.7692,True,True,True,True,True
MSigDB c2,HBX_NL_UP,22,20,0.9091,19,0.8636,True,True,True,True,True
MSigDB c2,OLDONLY_FIBRO_UP,33,31,0.9394,24,0.7273,True,True,True,True,True
MSigDB c2,HSC_STHSC_ADULT,35,30,0.8571,21,0.6,True,True,True,True,True
MSigDB c2,UVB_NHEK3_C5,33,33,1.0,32,0.9697,True,True,True,True,True
MSigDB c2,ADIPOCYTE_PPARG_UP,16,15,0.9375,12,0.75,True,True,True,True,True
MSigDB c2,SARCOMAS_LEIOMYOSARCOMA_UP,10,9,0.9,7,0.7,True,True,True,True,True
MSigDB c2,ADIP_VS_PREADIP_UP,35,34,0.9714,30,0.8571,True,True,True,True,True
MSigDB c2,MIDDLEAGE_DN,14,13,0.9286,12,0.8571,True,True,True,True,True
MSigDB c2,BCRABL_HL60_CDNA_DN,28,28,1.0,20,0.7143,True,True,True,True,True
MSigDB c2,O6BG_RESIST_MEDULLOBLASTOMA_UP,25,20,0.8,15,0.6,True,True,True,True,True
MSigDB c2,DAC_PANC_UP,363,342,0.9421,206,0.5675,False,True,False,False,False
MSigDB c2,CPR_NULL_LIVER_UP,34,32,0.9412,23,0.6765,True,True,True,True,True
MSigDB c2,GENOTOXINS_ALL_4HRS_REG,27,27,1.0,23,0.8519,True,True,True,True,True
MSigDB c2,NI2_MOUSE_DN,45,44,0.9778,32,0.7111,True,True,True,True,True
MSigDB c2,ET743_SARCOMA_6HRS_UP,29,28,0.9655,27,0.931,True,True,True,True,True
MSigDB c2,CORTEX_ENRICHMENT_LATE_UP,20,20,1.0,17,0.85,True,True,True,True,True
MSigDB c2,HDACI_COLON_CLUSTER6,40,32,0.8,26,0.65,True,True,True,True,True
MSigDB c2,UVC_LOW_ALL_DN,55,51,0.9273,43,0.7818,True,True,True,True,True
MSigDB c2,AD12_48HRS_DN,14,12,0.8571,11,0.7857,True,True,True,True,True
MSigDB c2,HDACI_COLON_SUL24HRS_UP,61,54,0.8852,50,0.8197,True,True,True,True,True
MSigDB c2,INSULIN_ADIP_INSENS_DN,16,13,0.8125,11,0.6875,True,True,True,True,True
MSigDB c2,AGED_MOUSE_HIPPOCAMPUS_ANY_UP,43,42,0.9767,35,0.814,True,True,True,True,True
MSigDB c2,BCNU_GLIOMA_MGMT_48HRS_UP,18,18,1.0,11,0.6111,True,True,True,True,True
MSigDB c2,UVC_HIGH_D8_DN,28,27,0.9643,26,0.9286,True,True,True,True,True
MSigDB c2,CMV_HCMV_TIMECOURSE_24HRS_UP,71,65,0.9155,56,0.7887,True,True,True,True,True
MSigDB c2,BAF57_BT549_UP,223,206,0.9238,168,0.7534,True,True,True,True,True
MSigDB c2,UVB_NHEK3_C3,17,14,0.8235,13,0.7647,True,True,True,True,True
MSigDB c2,JNK_DN,32,31,0.9688,25,0.7812,True,True,True,True,True
MSigDB c2,GAMMA_ESR_OLD_UNREG,25,24,0.96,21,0.84,True,True,True,True,True
MSigDB c2,CITED1_KO_HET_DN,31,28,0.9032,22,0.7097,True,True,True,True,True
MSigDB c2,NF90_DN,38,35,0.9211,29,0.7632,True,True,True,True,True
MSigDB c2,HDACI_COLON_TSA2HRS_DN,20,19,0.95,16,0.8,True,True,True,True,True
MSigDB c2,HSC_EARLYPROGENITORS_ADULT,426,385,0.9038,323,0.7582,True,True,False,True,False
MSigDB c2,STEMCELL_HEMATOPOIETIC_UP,1360,1223,0.8993,1101,0.8096,True,True,False,True,False
MSigDB c2,UVC_HIGH_D3_DN,44,42,0.9545,41,0.9318,True,True,True,True,True
MSigDB c2,CMV_HCMV_TIMECOURSE_4HRS_DN,33,29,0.8788,23,0.697,True,True,True,True,True
MSigDB c2,FSH_OVARY_MCV152_UP,61,51,0.8361,47,0.7705,True,True,True,True,True
MSigDB c2,CALRES_MOUSE_DN,40,37,0.925,31,0.775,True,True,True,True,True
MSigDB c2,VEGF_HUVEC_30MIN_UP,23,20,0.8696,11,0.4783,False,True,True,False,False
MSigDB c2,ADIP_DIFF_UP,69,67,0.971,55,0.7971,True,True,True,True,True
MSigDB c2,HSC_HSC_FETAL,227,205,0.9031,160,0.7048,True,True,True,True,True
MSigDB c2,HSC_STHSC_FETAL,28,24,0.8571,17,0.6071,True,True,True,True,True
MSigDB c2,AS3_FIBRO_DN,31,29,0.9355,25,0.8065,True,True,True,True,True
MSigDB c2,GH_EXOGENOUS_MIDDLE_UP,113,95,0.8407,39,0.3451,False,True,True,False,False
MSigDB c2,IFN_GAMMA_UP,39,39,1.0,36,0.9231,True,True,True,True,True
MSigDB c2,CMV_HCMV_6HRS_DN,52,48,0.9231,43,0.8269,True,True,True,True,True
MSigDB c2,AGED_MOUSE_MUSCLE_UP,30,30,1.0,26,0.8667,True,True,True,True,True
MSigDB c2,3AB_GAMMA_DN,11,9,0.8182,7,0.6364,True,True,True,True,True
MSigDB c2,HDACI_COLON_SUL48HRS_UP,82,74,0.9024,72,0.878,True,True,True,True,True
MSigDB c2,IGFR_IR_DN,7,7,1.0,7,1.0,True,True,True,True,True
MSigDB c2,FSH_HUMAN_GRANULOSA_UP,13,12,0.9231,9,0.6923,True,True,True,True,True
MSigDB c2,GH_EXOGENOUS_LATE_DN,71,67,0.9437,34,0.4789,False,True,True,False,False
MSigDB c2,TZD_ADIP_DN,14,13,0.9286,13,0.9286,True,True,True,True,True
MSigDB c2,STRESS_GENOTOXIC_SPECIFIC_DN,42,41,0.9762,35,0.8333,True,True,True,True,True
MSigDB c2,HDACI_COLON_BUT_DN,236,203,0.8602,184,0.7797,True,True,True,True,True
MSigDB c2,ERM_KO_TESTES_DN,20,18,0.9,12,0.6,True,True,True,True,True
MSigDB c2,CMV-UV_HCMV_6HRS_DN,101,92,0.9109,74,0.7327,True,True,True,True,True
MSigDB c2,CMV_8HRS_UP,31,28,0.9032,24,0.7742,True,True,True,True,True
MSigDB c2,GAMMA_UNIQUE_FIBRO_UP,9,9,1.0,8,0.8889,True,True,True,True,True
MSigDB c2,BRCA1_OVEREXP_DN,103,90,0.8738,85,0.8252,True,True,True,True,True
MSigDB c2,HYPOXIA_RCC_UP,95,83,0.8737,77,0.8105,True,True,True,True,True
MSigDB c2,IL6_SCAR_FIBRO_DN,8,6,0.75,5,0.625,True,True,True,True,True
MSigDB c2,HDACI_COLON_TSABUT_UP,64,59,0.9219,52,0.8125,True,True,True,True,True
MSigDB c2,AGED_MOUSE_CORTEX_DN,44,39,0.8864,33,0.75,True,True,True,True,True
MSigDB c2,ET743_SARCOMA_DN,249,228,0.9157,216,0.8675,True,True,False,True,False
MSigDB c2,HDACI_COLON_TSA30MIN_DN,13,11,0.8462,11,0.8462,True,True,True,True,True
MSigDB c2,IFN_ALPHA_UP,39,38,0.9744,37,0.9487,True,True,True,True,True
MSigDB c2,ESR_FIBROBLAST_UP,49,46,0.9388,42,0.8571,True,True,True,True,True
MSigDB c2,TSADAC_HYPERMETH_HYPERAC_OVCA_UP,11,8,0.7273,6,0.5455,False,True,True,False,False
MSigDB c2,IDX_TSA_DN_CLUSTER3,74,71,0.9595,64,0.8649,True,True,True,True,True
MSigDB c2,ADIP_HUMAN_DN,25,25,1.0,22,0.88,True,True,True,True,True
MSigDB c2,HDACI_COLON_BUT24HRS_UP,68,62,0.9118,57,0.8382,True,True,True,True,True
MSigDB c2,IFNALPHA_RESIST_DN,17,15,0.8824,13,0.7647,True,True,True,True,True
MSigDB c2,HSC_INTERMEDIATEPROGENITORS_FETAL,142,129,0.9085,113,0.7958,True,True,True,True,True
MSigDB c2,ADIPOGENESIS_HMSC_CLASS1_UP,18,16,0.8889,10,0.5556,False,True,True,False,False
MSigDB c2,HEATSHOCK_YOUNG_UP,12,12,1.0,11,0.9167,True,True,True,True,True
MSigDB c2,AGED_MOUSE_RETINA_ANY_DN,12,11,0.9167,9,0.75,True,True,True,True,True
MSigDB c2,ET743_SARCOMA_48HRS_DN,173,162,0.9364,153,0.8844,True,True,True,True,True
MSigDB c2,CMV_HCMV_TIMECOURSE_12HRS_DN,14,14,1.0,14,1.0,True,True,True,True,True
MSigDB c2,IFNALPHA_NL_UP,27,26,0.963,24,0.8889,True,True,True,True,True
MSigDB c2,IL1_CORNEA_UP,62,60,0.9677,42,0.6774,True,True,True,True,True
MSigDB c2,AGED_MOUSE_HYPOTH_UP,43,38,0.8837,36,0.8372,True,True,True,True,True
MSigDB c2,H2O2_CSBRESCUED_UP,53,51,0.9623,43,0.8113,True,True,True,True,True
MSigDB c2,UVB_NHEK1_C2,21,18,0.8571,14,0.6667,True,True,True,True,True
MSigDB c2,TGFBETA_C3_UP,12,12,1.0,12,1.0,True,True,True,True,True
MSigDB c2,VEGF_MMMEC_3HRS_UP,64,60,0.9375,47,0.7344,True,True,True,True,True
MSigDB c2,IRS_KO_ADIP_UP,28,25,0.8929,17,0.6071,True,True,True,True,True
MSigDB c2,NAB_LUNG_UP,26,24,0.9231,21,0.8077,True,True,True,True,True
MSigDB c2,H2O2_CSBDIFF_C2,33,32,0.9697,28,0.8485,True,True,True,True,True
MSigDB c2,CARIES_PULP_UP,206,190,0.9223,150,0.7282,True,True,True,True,True
MSigDB c2,ADIP_VS_FIBRO_UP,33,33,1.0,29,0.8788,True,True,True,True,True
MSigDB c2,CPR_NULL_LIVER_DN,19,16,0.8421,12,0.6316,True,True,True,True,True
MSigDB c2,CMV_HCMV_TIMECOURSE_ALL_DN,395,360,0.9114,298,0.7544,True,True,False,True,False
MSigDB c2,BLEO_MOUSE_LYMPH_HIGH_4HRS_UP,10,10,1.0,10,1.0,True,True,True,True,True
MSigDB c2,BRCA1_OVEREXP_PROSTATE_DN,73,73,1.0,65,0.8904,True,True,True,True,True
MSigDB c2,HUMAN_TISSUE_PLACENTA,19,18,0.9474,12,0.6316,True,True,True,True,True
MSigDB c2,H2O2_CSBRESCUED_C1_UP,42,40,0.9524,33,0.7857,True,True,True,True,True
MSigDB c2,TSADAC_HYPOMETH_OVCA_UP,51,38,0.7451,34,0.6667,True,True,True,True,True
MSigDB c2,STRESS_TPA_SPECIFIC_UP,44,43,0.9773,37,0.8409,True,True,True,True,True
MSigDB c2,IDX_TSA_UP_CLUSTER6,161,150,0.9317,129,0.8012,True,True,True,True,True
MSigDB c2,HDACI_COLON_TSA48HRS_DN,10,8,0.8,8,0.8,True,True,True,True,True
MSigDB c2,TSA_RKO_UP,15,14,0.9333,11,0.7333,True,True,True,True,True
MSigDB c2,ADIP_DIFF_CLUSTER4,34,34,1.0,31,0.9118,True,True,True,True,True
MSigDB c2,ET743_RESIST_DN,40,38,0.95,33,0.825,True,True,True,True,True
MSigDB c2,MYC_ONCOGENIC_SIGNATURE,192,167,0.8698,150,0.7812,True,True,True,True,True
MSigDB c2,E2F3_ONCOGENIC_SIGNATURE,228,193,0.8465,164,0.7193,True,True,True,True,True
MSigDB c2,RAS_ONCOGENIC_SIGNATURE,245,226,0.9224,175,0.7143,True,True,True,True,True
MSigDB c2,SRC_ONCOGENIC_SIGNATURE,58,53,0.9138,48,0.8276,True,True,True,True,True
MSigDB c2,CTNNB1_oncogenic_signature,77,61,0.7922,55,0.7143,True,True,True,True,True
MSigDB c2,HSA00010_GLYCOLYSIS_AND_GLUCONEOGENESIS,64,63,0.9844,39,0.6094,True,True,True,True,True
MSigDB c2,HSA00020_CITRATE_CYCLE,29,27,0.931,23,0.7931,True,True,True,True,True
MSigDB c2,HSA00030_PENTOSE_PHOSPHATE_PATHWAY,26,26,1.0,21,0.8077,True,True,True,True,True
MSigDB c2,HSA00031_INOSITOL_METABOLISM,2,2,1.0,2,1.0,True,False,True,False,False
MSigDB c2,HSA00040_PENTOSE_AND_GLUCURONATE_INTERCONVERSIONS,25,25,1.0,7,0.28,False,True,True,False,False
MSigDB c2,HSA00051_FRUCTOSE_AND_MANNOSE_METABOLISM,42,38,0.9048,32,0.7619,True,True,True,True,True
MSigDB c2,HSA00052_GALACTOSE_METABOLISM,32,32,1.0,23,0.7188,True,True,True,True,True
MSigDB c2,HSA00053_ASCORBATE_AND_ALDARATE_METABOLISM,9,9,1.0,7,0.7778,True,True,True,True,True
MSigDB c2,HSA00061_FATTY_ACID_BIOSYNTHESIS,6,6,1.0,5,0.8333,True,True,True,True,True
MSigDB c2,HSA00062_FATTY_ACID_ELONGATION_IN_MITOCHONDRIA,10,10,1.0,10,1.0,True,True,True,True,True
MSigDB c2,HSA00071_FATTY_ACID_METABOLISM,47,45,0.9574,31,0.6596,True,True,True,True,True
MSigDB c2,HSA00072_SYNTHESIS_AND_DEGRADATION_OF_KETONE_BODIES,9,9,1.0,8,0.8889,True,True,True,True,True
MSigDB c2,HSA00100_BIOSYNTHESIS_OF_STEROIDS,24,22,0.9167,19,0.7917,True,True,True,True,True
MSigDB c2,HSA00120_BILE_ACID_BIOSYNTHESIS,38,38,1.0,20,0.5263,False,True,True,False,False
MSigDB c2,HSA00130_UBIQUINONE_BIOSYNTHESIS,15,8,0.5333,7,0.4667,False,True,True,False,False
MSigDB c2,HSA00140_C21_STEROID_HORMONE_METABOLISM,11,11,1.0,2,0.1818,False,False,True,False,False
MSigDB c2,HSA00150_ANDROGEN_AND_ESTROGEN_METABOLISM,54,52,0.963,20,0.3704,False,True,True,False,False
MSigDB c2,HSA00190_OXIDATIVE_PHOSPHORYLATION,128,98,0.7656,79,0.6172,True,True,True,True,True
MSigDB c2,HSA00220_UREA_CYCLE_AND_METABOLISM_OF_AMINO_GROUPS,30,28,0.9333,20,0.6667,True,True,True,True,True
MSigDB c2,HSA00230_PURINE_METABOLISM,143,133,0.9301,95,0.6643,True,True,True,True,True
MSigDB c2,HSA00232_CAFFEINE_METABOLISM,7,7,1.0,1,0.1429,False,False,True,False,False
MSigDB c2,HSA00240_PYRIMIDINE_METABOLISM,87,83,0.954,72,0.8276,True,True,True,True,True
MSigDB c2,HSA00251_GLUTAMATE_METABOLISM,31,28,0.9032,22,0.7097,True,True,True,True,True
MSigDB c2,HSA00252_ALANINE_AND_ASPARTATE_METABOLISM,33,28,0.8485,17,0.5152,False,True,True,False,False
MSigDB c2,HSA00260_GLYCINE_SERINE_AND_THREONINE_METABOLISM,45,41,0.9111,26,0.5778,False,True,True,False,False
MSigDB c2,HSA00271_METHIONINE_METABOLISM,17,16,0.9412,12,0.7059,True,True,True,True,True
MSigDB c2,HSA00272_CYSTEINE_METABOLISM,17,16,0.9412,9,0.5294,False,True,True,False,False
MSigDB c2,HSA00280_VALINE_LEUCINE_AND_ISOLEUCINE_DEGRADATION,44,43,0.9773,40,0.9091,True,True,True,True,True
MSigDB c2,HSA00290_VALINE_LEUCINE_AND_ISOLEUCINE_BIOSYNTHESIS,12,9,0.75,7,0.5833,False,True,True,False,False
MSigDB c2,HSA00300_LYSINE_BIOSYNTHESIS,4,3,0.75,2,0.5,False,False,True,False,False
MSigDB c2,HSA00310_LYSINE_DEGRADATION,47,47,1.0,40,0.8511,True,True,True,True,True
MSigDB c2,HSA00330_ARGININE_AND_PROLINE_METABOLISM,34,31,0.9118,20,0.5882,False,True,True,False,False
MSigDB c2,HSA00340_HISTIDINE_METABOLISM,41,38,0.9268,26,0.6341,True,True,True,True,True
MSigDB c2,HSA00350_TYROSINE_METABOLISM,59,51,0.8644,28,0.4746,False,True,True,False,False
MSigDB c2,HSA00360_PHENYLALANINE_METABOLISM,30,23,0.7667,11,0.3667,False,True,True,False,False
MSigDB c2,HSA00361_GAMMA_HEXACHLOROCYCLOHEXANE_DEGRADATION,23,20,0.8696,11,0.4783,False,True,True,False,False
MSigDB c2,HSA00363_BISPHENOL_A_DEGRADATION,14,14,1.0,9,0.6429,True,True,True,True,True
MSigDB c2,HSA00380_TRYPTOPHAN_METABOLISM,60,55,0.9167,38,0.6333,True,True,True,True,True
MSigDB c2,HSA00400_PHENYLALANINE_TYROSINE_AND_TRYPTOPHAN_BIOSYNTHESIS,9,8,0.8889,6,0.6667,True,True,True,True,True
MSigDB c2,HSA00401_NOVOBIOCIN_BIOSYNTHESIS,3,3,1.0,2,0.6667,True,False,True,False,False
MSigDB c2,HSA00410_BETA_ALANINE_METABOLISM,25,24,0.96,16,0.64,True,True,True,True,True
MSigDB c2,HSA00430_TAURINE_AND_HYPOTAURINE_METABOLISM,6,6,1.0,2,0.3333,False,False,True,False,False
MSigDB c2,HSA00440_AMINOPHOSPHONATE_METABOLISM,16,15,0.9375,13,0.8125,True,True,True,True,True
MSigDB c2,HSA00450_SELENOAMINO_ACID_METABOLISM,26,24,0.9231,19,0.7308,True,True,True,True,True
MSigDB c2,HSA00460_CYANOAMINO_ACID_METABOLISM,6,6,1.0,3,0.5,False,True,True,False,False
MSigDB c2,HSA00471_D_GLUTAMINE_AND_D_GLUTAMATE_METABOLISM,4,4,1.0,2,0.5,False,False,True,False,False
MSigDB c2,HSA00472_D_ARGININE_AND_D_ORNITHINE_METABOLISM,1,1,1.0,0,0.0,False,False,True,False,False
MSigDB c2,HSA00480_GLUTATHIONE_METABOLISM,37,36,0.973,24,0.6486,True,True,True,True,True
MSigDB c2,HSA00500_STARCH_AND_SUCROSE_METABOLISM,84,82,0.9762,43,0.5119,False,True,True,False,False
MSigDB c2,HSA00510_N_GLYCAN_BIOSYNTHESIS,42,41,0.9762,35,0.8333,True,True,True,True,True
MSigDB c2,HSA00511_N_GLYCAN_DEGRADATION,16,15,0.9375,12,0.75,True,True,True,True,True
MSigDB c2,HSA00512_O_GLYCAN_BIOSYNTHESIS,30,26,0.8667,15,0.5,False,True,True,False,False
MSigDB c2,HSA00520_NUCLEOTIDE_SUGARS_METABOLISM,6,6,1.0,6,1.0,True,True,True,True,True
MSigDB c2,HSA00521_STREPTOMYCIN_BIOSYNTHESIS,10,10,1.0,8,0.8,True,True,True,True,True
MSigDB c2,HSA00530_AMINOSUGARS_METABOLISM,29,29,1.0,25,0.8621,True,True,True,True,True
MSigDB c2,HSA00531_GLYCOSAMINOGLYCAN_DEGRADATION,17,17,1.0,12,0.7059,True,True,True,True,True
MSigDB c2,HSA00532_CHONDROITIN_SULFATE_BIOSYNTHESIS,19,17,0.8947,14,0.7368,True,True,True,True,True
MSigDB c2,HSA00533_KERATAN_SULFATE_BIOSYNTHESIS,16,15,0.9375,12,0.75,True,True,True,True,True
MSigDB c2,HSA00534_HEPARAN_SULFATE_BIOSYNTHESIS,20,19,0.95,8,0.4,False,True,True,False,False
MSigDB c2,HSA00550_PEPTIDOGLYCAN_BIOSYNTHESIS,2,2,1.0,1,0.5,False,False,True,False,False
MSigDB c2,HSA00561_GLYCEROLIPID_METABOLISM,58,50,0.8621,28,0.4828,False,True,True,False,False
MSigDB c2,HSA00562_INOSITOL_PHOSPHATE_METABOLISM,48,46,0.9583,38,0.7917,True,True,True,True,True
MSigDB c2,HSA00563_GLYCOSYLPHOSPHATIDYLINOSITOL_ANCHOR_BIOSYNTHESIS,23,23,1.0,21,0.913,True,True,True,True,True
MSigDB c2,HSA00564_GLYCEROPHOSPHOLIPID_METABOLISM,67,57,0.8507,37,0.5522,False,True,True,False,False
MSigDB c2,HSA00565_ETHER_LIPID_METABOLISM,31,26,0.8387,16,0.5161,False,True,True,False,False
MSigDB c2,HSA00590_ARACHIDONIC_ACID_METABOLISM,52,51,0.9808,24,0.4615,False,True,True,False,False
MSigDB c2,HSA00591_LINOLEIC_ACID_METABOLISM,31,31,1.0,10,0.3226,False,True,True,False,False
MSigDB c2,HSA00592_ALPHA_LINOLENIC_ACID_METABOLISM,15,15,1.0,7,0.4667,False,True,True,False,False
MSigDB c2,HSA00600_SPHINGOLIPID_METABOLISM,38,32,0.8421,24,0.6316,True,True,True,True,True
MSigDB c2,HSA00601_GLYCOSPHINGOLIPID_BIOSYNTHESIS_LACTOSERIES,10,10,1.0,3,0.3,False,True,True,False,False
MSigDB c2,HSA00602_GLYCOSPHINGOLIPID_BIOSYNTHESIS_NEO_LACTOSERIES,21,20,0.9524,8,0.381,False,True,True,False,False
MSigDB c2,HSA00603_GLYCOSPHINGOLIPID_BIOSYNTHESIS_GLOBOSERIES,14,14,1.0,11,0.7857,True,True,True,True,True
MSigDB c2,HSA00604_GLYCOSPHINGOLIPID_BIOSYNTHESIS_GANGLIOSERIES,16,16,1.0,9,0.5625,False,True,True,False,False
MSigDB c2,HSA00620_PYRUVATE_METABOLISM,42,41,0.9762,33,0.7857,True,True,True,True,True
MSigDB c2,HSA00624_1_AND_2_METHYLNAPHTHALENE_DEGRADATION,25,19,0.76,9,0.36,False,True,True,False,False
MSigDB c2,HSA00625_TETRACHLOROETHENE_DEGRADATION,7,7,1.0,5,0.7143,True,True,True,True,True
MSigDB c2,HSA00626_NAPHTHALENE_AND_ANTHRACENE_DEGRADATION,18,17,0.9444,15,0.8333,True,True,True,True,True
MSigDB c2,"HSA00627_1,4_DICHLOROBENZENE_DEGRADATION",1,1,1.0,1,1.0,True,False,True,False,False
MSigDB c2,HSA00630_GLYOXYLATE_AND_DICARBOXYLATE_METABOLISM,14,13,0.9286,10,0.7143,True,True,True,True,True
MSigDB c2,HSA00632_BENZOATE_DEGRADATION_VIA_COA_LIGATION,27,20,0.7407,16,0.5926,False,True,True,False,False
MSigDB c2,HSA00640_PROPANOATE_METABOLISM,34,32,0.9412,27,0.7941,True,True,True,True,True
MSigDB c2,HSA00641_3_CHLOROACRYLIC_ACID_DEGRADATION,15,15,1.0,7,0.4667,False,True,True,False,False
MSigDB c2,HSA00642_ETHYLBENZENE_DEGRADATION,15,9,0.6,6,0.4,False,True,True,False,False
MSigDB c2,HSA00643_STYRENE_DEGRADATION,3,3,1.0,3,1.0,True,True,True,True,True
MSigDB c2,HSA00650_BUTANOATE_METABOLISM,45,45,1.0,36,0.8,True,True,True,True,True
MSigDB c2,HSA00660_C5_BRANCHED_DIBASIC_ACID_METABOLISM,2,2,1.0,2,1.0,True,False,True,False,False
MSigDB c2,HSA00670_ONE_CARBON_POOL_BY_FOLATE,16,16,1.0,12,0.75,True,True,True,True,True
MSigDB c2,HSA00680_METHANE_METABOLISM,10,10,1.0,6,0.6,True,True,True,True,True
MSigDB c2,HSA00710_CARBON_FIXATION,23,22,0.9565,15,0.6522,True,True,True,True,True
MSigDB c2,HSA00720_REDUCTIVE_CARBOXYLATE_CYCLE,12,11,0.9167,11,0.9167,True,True,True,True,True
MSigDB c2,HSA00730_THIAMINE_METABOLISM,8,8,1.0,7,0.875,True,True,True,True,True
MSigDB c2,HSA00740_RIBOFLAVIN_METABOLISM,16,14,0.875,12,0.75,True,True,True,True,True
MSigDB c2,HSA00750_VITAMIN_B6_METABOLISM,5,5,1.0,4,0.8,True,True,True,True,True
MSigDB c2,HSA00760_NICOTINATE_AND_NICOTINAMIDE_METABOLISM,23,20,0.8696,14,0.6087,True,True,True,True,True
MSigDB c2,HSA00770_PANTOTHENATE_AND_COA_BIOSYNTHESIS,16,16,1.0,11,0.6875,True,True,True,True,True
MSigDB c2,HSA00780_BIOTIN_METABOLISM,4,4,1.0,4,1.0,True,True,True,True,True
MSigDB c2,HSA00785_LIPOIC_ACID_METABOLISM,3,2,0.6667,1,0.3333,False,False,True,False,False
MSigDB c2,HSA00790_FOLATE_BIOSYNTHESIS,42,39,0.9286,33,0.7857,True,True,True,True,True
MSigDB c2,HSA00791_ATRAZINE_DEGRADATION,9,9,1.0,5,0.5556,False,True,True,False,False
MSigDB c2,HSA00830_RETINOL_METABOLISM,4,3,0.75,1,0.25,False,False,True,False,False
MSigDB c2,HSA00860_PORPHYRIN_AND_CHLOROPHYLL_METABOLISM,41,40,0.9756,20,0.4878,False,True,True,False,False
MSigDB c2,HSA00900_TERPENOID_BIOSYNTHESIS,6,6,1.0,5,0.8333,True,True,True,True,True
MSigDB c2,HSA00902_MONOTERPENOID_BIOSYNTHESIS,2,2,1.0,0,0.0,False,False,True,False,False
MSigDB c2,HSA00903_LIMONENE_AND_PINENE_DEGRADATION,29,23,0.7931,16,0.5517,False,True,True,False,False
MSigDB c2,HSA00910_NITROGEN_METABOLISM,24,24,1.0,8,0.3333,False,True,True,False,False
MSigDB c2,HSA00920_SULFUR_METABOLISM,14,14,1.0,8,0.5714,False,True,True,False,False
MSigDB c2,HSA00930_CAPROLACTAM_DEGRADATION,14,14,1.0,12,0.8571,True,True,True,True,True
MSigDB c2,HSA00940_PHENYLPROPANOID_BIOSYNTHESIS,7,7,1.0,2,0.2857,False,False,True,False,False
MSigDB c2,HSA00950_ALKALOID_BIOSYNTHESIS_I,5,5,1.0,2,0.4,False,False,True,False,False
MSigDB c2,HSA00960_ALKALOID_BIOSYNTHESIS_II,21,13,0.619,9,0.4286,False,True,True,False,False
MSigDB c2,HSA00970_AMINOACYL_TRNA_BIOSYNTHESIS,38,20,0.5263,18,0.4737,False,True,True,False,False
MSigDB c2,HSA00980_METABOLISM_OF_XENOBIOTICS_BY_CYTOCHROME_P450,70,69,0.9857,18,0.2571,False,True,True,False,False
MSigDB c2,HSA01030_GLYCAN_STRUCTURES_BIOSYNTHESIS_1,113,104,0.9204,71,0.6283,True,True,True,True,True
MSigDB c2,HSA01031_GLYCAN_STRUCTURES_BIOSYNTHESIS_2,62,59,0.9516,37,0.5968,False,True,True,False,False
MSigDB c2,HSA01032_GLYCAN_STRUCTURES_DEGRADATION,30,29,0.9667,22,0.7333,True,True,True,True,True
MSigDB c2,HSA01040_POLYUNSATURATED_FATTY_ACID_BIOSYNTHESIS,14,13,0.9286,13,0.9286,True,True,True,True,True
MSigDB c2,HSA01430_CELL_COMMUNICATION,138,137,0.9928,63,0.4565,False,True,True,False,False
MSigDB c2,HSA01510_NEURODEGENERATIVE_DISEASES,38,37,0.9737,31,0.8158,True,True,True,True,True
MSigDB c2,HSA02010_ABC_TRANSPORTERS_GENERAL,44,44,1.0,19,0.4318,False,True,True,False,False
MSigDB c2,HSA03010_RIBOSOME,97,68,0.701,62,0.6392,True,True,True,True,True
MSigDB c2,HSA03020_RNA_POLYMERASE,23,22,0.9565,21,0.913,True,True,True,True,True
MSigDB c2,HSA03022_BASAL_TRANSCRIPTION_FACTORS,34,33,0.9706,26,0.7647,True,True,True,True,True
MSigDB c2,HSA03030_DNA_POLYMERASE,25,24,0.96,22,0.88,True,True,True,True,True
MSigDB c2,HSA03050_PROTEASOME,22,22,1.0,20,0.9091,True,True,True,True,True
MSigDB c2,HSA03060_PROTEIN_EXPORT,8,7,0.875,7,0.875,True,True,True,True,True
MSigDB c2,HSA03320_PPAR_SIGNALING_PATHWAY,69,67,0.971,42,0.6087,True,True,True,True,True
MSigDB c2,HSA04010_MAPK_SIGNALING_PATHWAY,253,247,0.9763,173,0.6838,True,True,True,True,True
MSigDB c2,HSA04012_ERBB_SIGNALING_PATHWAY,86,84,0.9767,69,0.8023,True,True,True,True,True
MSigDB c2,HSA04020_CALCIUM_SIGNALING_PATHWAY,170,169,0.9941,71,0.4176,False,True,True,False,False
MSigDB c2,HSA04060_CYTOKINE_CYTOKINE_RECEPTOR_INTERACTION,257,247,0.9611,108,0.4202,False,True,True,False,False
MSigDB c2,HSA04070_PHOSPHATIDYLINOSITOL_SIGNALING_SYSTEM,74,72,0.973,56,0.7568,True,True,True,True,True
MSigDB c2,HSA04080_NEUROACTIVE_LIGAND_RECEPTOR_INTERACTION,241,238,0.9876,40,0.166,False,True,True,False,False
MSigDB c2,HSA04110_CELL_CYCLE,115,104,0.9043,98,0.8522,True,True,True,True,True
MSigDB c2,HSA04115_P53_SIGNALING_PATHWAY,67,62,0.9254,58,0.8657,True,True,True,True,True
MSigDB c2,HSA04120_UBIQUITIN_MEDIATED_PROTEOLYSIS,40,37,0.925,36,0.9,True,True,True,True,True
MSigDB c2,HSA04130_SNARE_INTERACTIONS_IN_VESICULAR_TRANSPORT,36,35,0.9722,32,0.8889,True,True,True,True,True
MSigDB c2,HSA04140_REGULATION_OF_AUTOPHAGY,29,29,1.0,13,0.4483,False,True,True,False,False
MSigDB c2,HSA04150_MTOR_SIGNALING_PATHWAY,47,43,0.9149,40,0.8511,True,True,True,True,True
MSigDB c2,HSA04210_APOPTOSIS,82,81,0.9878,69,0.8415,True,True,True,True,True
MSigDB c2,HSA04310_WNT_SIGNALING_PATHWAY,147,146,0.9932,109,0.7415,True,True,True,True,True
MSigDB c2,HSA04320_DORSO_VENTRAL_AXIS_FORMATION,28,28,1.0,22,0.7857,True,True,True,True,True
MSigDB c2,HSA04330_NOTCH_SIGNALING_PATHWAY,44,43,0.9773,39,0.8864,True,True,True,True,True
MSigDB c2,HSA04340_HEDGEHOG_SIGNALING_PATHWAY,57,57,1.0,29,0.5088,False,True,True,False,False
MSigDB c2,HSA04350_TGF_BETA_SIGNALING_PATHWAY,90,89,0.9889,67,0.7444,True,True,True,True,True
MSigDB c2,HSA04360_AXON_GUIDANCE,128,125,0.9766,94,0.7344,True,True,True,True,True
MSigDB c2,HSA04370_VEGF_SIGNALING_PATHWAY,69,68,0.9855,54,0.7826,True,True,True,True,True
MSigDB c2,HSA04510_FOCAL_ADHESION,197,190,0.9645,153,0.7766,True,True,True,True,True
MSigDB c2,HSA04512_ECM_RECEPTOR_INTERACTION,87,87,1.0,60,0.6897,True,True,True,True,True
MSigDB c2,HSA04514_CELL_ADHESION_MOLECULES,134,128,0.9552,83,0.6194,True,True,True,True,True
MSigDB c2,HSA04520_ADHERENS_JUNCTION,75,70,0.9333,64,0.8533,True,True,True,True,True
MSigDB c2,HSA04530_TIGHT_JUNCTION,135,127,0.9407,88,0.6519,True,True,True,True,True
MSigDB c2,HSA04540_GAP_JUNCTION,95,87,0.9158,53,0.5579,False,True,True,False,False
MSigDB c2,HSA04610_COMPLEMENT_AND_COAGULATION_CASCADES,69,69,1.0,39,0.5652,False,True,True,False,False
MSigDB c2,HSA04612_ANTIGEN_PROCESSING_AND_PRESENTATION,83,73,0.8795,44,0.5301,False,True,True,False,False
MSigDB c2,HSA04614_RENIN_ANGIOTENSIN_SYSTEM,17,17,1.0,10,0.5882,False,True,True,False,False
MSigDB c2,HSA04620_TOLL_LIKE_RECEPTOR_SIGNALING_PATHWAY,102,99,0.9706,69,0.6765,True,True,True,True,True
MSigDB c2,HSA04630_JAK_STAT_SIGNALING_PATHWAY,153,148,0.9673,80,0.5229,False,True,True,False,False
MSigDB c2,HSA04640_HEMATOPOIETIC_CELL_LINEAGE,88,86,0.9773,45,0.5114,False,True,True,False,False
MSigDB c2,HSA04650_NATURAL_KILLER_CELL_MEDIATED_CYTOTOXICITY,131,125,0.9542,73,0.5573,False,True,True,False,False
MSigDB c2,HSA04660_T_CELL_RECEPTOR_SIGNALING_PATHWAY,93,91,0.9785,67,0.7204,True,True,True,True,True
MSigDB c2,HSA04662_B_CELL_RECEPTOR_SIGNALING_PATHWAY,63,62,0.9841,56,0.8889,True,True,True,True,True
MSigDB c2,HSA04664_FC_EPSILON_RI_SIGNALING_PATHWAY,74,74,1.0,53,0.7162,True,True,True,True,True
MSigDB c2,HSA04670_LEUKOCYTE_TRANSENDOTHELIAL_MIGRATION,114,109,0.9561,79,0.693,True,True,True,True,True
MSigDB c2,HSA04710_CIRCADIAN_RHYTHM,13,11,0.8462,10,0.7692,True,True,True,True,True
MSigDB c2,HSA04720_LONG_TERM_POTENTIATION,68,67,0.9853,45,0.6618,True,True,True,True,True
MSigDB c2,HSA04730_LONG_TERM_DEPRESSION,74,71,0.9595,39,0.527,False,True,True,False,False
MSigDB c2,HSA04740_OLFACTORY_TRANSDUCTION,31,30,0.9677,10,0.3226,False,True,True,False,False
MSigDB c2,HSA04742_TASTE_TRANSDUCTION,53,48,0.9057,11,0.2075,False,True,True,False,False
MSigDB c2,HSA04810_REGULATION_OF_ACTIN_CYTOSKELETON,211,200,0.9479,146,0.6919,True,True,True,True,True
MSigDB c2,HSA04910_INSULIN_SIGNALING_PATHWAY,134,131,0.9776,106,0.791,True,True,True,True,True
MSigDB c2,HSA04912_GNRH_SIGNALING_PATHWAY,96,96,1.0,64,0.6667,True,True,True,True,True
MSigDB c2,HSA04916_MELANOGENESIS,100,100,1.0,63,0.63,True,True,True,True,True
MSigDB c2,HSA04920_ADIPOCYTOKINE_SIGNALING_PATHWAY,72,71,0.9861,51,0.7083,True,True,True,True,True
MSigDB c2,HSA04930_TYPE_II_DIABETES_MELLITUS,44,42,0.9545,24,0.5455,False,True,True,False,False
MSigDB c2,HSA04940_TYPE_I_DIABETES_MELLITUS,45,42,0.9333,26,0.5778,False,True,True,False,False
MSigDB c2,HSA04950_MATURITY_ONSET_DIABETES_OF_THE_YOUNG,25,24,0.96,2,0.08,False,False,True,False,False
MSigDB c2,HSA05010_ALZHEIMERS_DISEASE,28,28,1.0,25,0.8929,True,True,True,True,True
MSigDB c2,HSA05020_PARKINSONS_DISEASE,17,15,0.8824,10,0.5882,False,True,True,False,False
MSigDB c2,HSA05030_AMYOTROPHIC_LATERAL_SCLEROSIS,19,18,0.9474,14,0.7368,True,True,True,True,True
MSigDB c2,HSA05040_HUNTINGTONS_DISEASE,31,31,1.0,25,0.8065,True,True,True,True,True
MSigDB c2,HSA05050_DENTATORUBROPALLIDOLUYSIAN_ATROPHY,15,15,1.0,13,0.8667,True,True,True,True,True
MSigDB c2,HSA05060_PRION_DISEASE,14,13,0.9286,9,0.6429,True,True,True,True,True
MSigDB c2,HSA05110_CHOLERA_INFECTION,41,40,0.9756,33,0.8049,True,True,True,True,True
MSigDB c2,HSA05120_EPITHELIAL_CELL_SIGNALING_IN_HELICOBACTER_PYLORI_INFECTION,68,65,0.9559,53,0.7794,True,True,True,True,True
MSigDB c2,HSA05130_PATHOGENIC_ESCHERICHIA_COLI_INFECTION_EHEC,52,47,0.9038,38,0.7308,True,True,True,True,True
MSigDB c2,HSA05131_PATHOGENIC_ESCHERICHIA_COLI_INFECTION_EPEC,52,47,0.9038,38,0.7308,True,True,True,True,True
MSigDB c2,HSA05210_COLORECTAL_CANCER,84,84,1.0,76,0.9048,True,True,True,True,True
MSigDB c2,HSA05211_RENAL_CELL_CARCINOMA,69,65,0.942,61,0.8841,True,True,True,True,True
MSigDB c2,HSA05212_PANCREATIC_CANCER,73,72,0.9863,67,0.9178,True,True,True,True,True
MSigDB c2,HSA05213_ENDOMETRIAL_CANCER,52,52,1.0,46,0.8846,True,True,True,True,True
MSigDB c2,HSA05214_GLIOMA,63,62,0.9841,51,0.8095,True,True,True,True,True
MSigDB c2,HSA05215_PROSTATE_CANCER,87,86,0.9885,77,0.8851,True,True,True,True,True
MSigDB c2,HSA05216_THYROID_CANCER,29,29,1.0,26,0.8966,True,True,True,True,True
MSigDB c2,HSA05217_BASAL_CELL_CARCINOMA,55,55,1.0,32,0.5818,False,True,True,False,False
MSigDB c2,HSA05218_MELANOMA,71,71,1.0,47,0.662,True,True,True,True,True
MSigDB c2,HSA05219_BLADDER_CANCER,41,39,0.9512,36,0.878,True,True,True,True,True
MSigDB c2,HSA05220_CHRONIC_MYELOID_LEUKEMIA,76,75,0.9868,71,0.9342,True,True,True,True,True
MSigDB c2,HSA05221_ACUTE_MYELOID_LEUKEMIA,53,52,0.9811,48,0.9057,True,True,True,True,True
MSigDB c2,HSA05222_SMALL_CELL_LUNG_CANCER,85,85,1.0,74,0.8706,True,True,True,True,True
MSigDB c2,HSA05223_NON_SMALL_CELL_LUNG_CANCER,53,53,1.0,47,0.8868,True,True,True,True,True
